
===== BandQQ 2.28.1(vc72) 会话开始 10-06 00:38:04.679 =====
10-06 00:38:04.602 I/FileLogger: 设备: Xiaomi 22041216C (xaga)
10-06 00:38:04.634 I/FileLogger: 系统: Android 15 (SDK 35) HyperOS OS2.0
10-06 00:38:04.634 I/FileLogger: 应用: BandQQ 2.28.1(vc72)  日志目录: /storage/emulated/0/Android/data/io.github.gsjsjzhznsz.bandqq/files/logs
10-06 00:38:04.635 W/FileLogger: 小米运动健康: 未安装（互联通道必需，未安装则发现不了手环节点）
10-06 00:38:04.636 I/FileLogger: 权限-蓝牙连接: 已授权
10-06 00:38:04.637 I/FileLogger: 权限-通知: 已授权
10-06 00:38:04.640 I/FileLogger: 电池优化白名单: 未加入
10-06 00:38:04.642 I/FileLogger: 无障碍保活: 未开启
10-06 00:38:04.643 I/FileLogger: 提示: 运动健康「设备授权管理」条目在 APP 发起 DEVICE_MANAGER 授权请求后才生成，开启同步服务并连接一次即会触发
10-06 00:38:10.287 I/AstrBotEngine: 启动脚本已与 APK 资产对齐（v2.28.1 每次启动强制刷新）
10-06 00:38:10.297 I/AstrBotEngine: AstrBot 机器人开关已关闭：本次仅启动 NapCat（手环 QQ 直连），不安装/启动 AstrBot
10-06 00:38:10.299 I/AstrBotEngine: 拉起容器（proot → astrbot-startup.sh）…
10-06 00:38:10.595 I/AstrBotEngine: [AstrBot Android] resolv.conf 已重写（原: nameserver 8.8.8.8 → 公共解析器x4）
10-06 00:38:10.680 I/AstrBotEngine: [AstrBot Android] DNS 自检通过（getent 解析正常）
10-06 00:38:10.817 I/AstrBotEngine: [STAGE:5:仅 NapCat 模式（AstrBot 机器人开关已关闭）]
10-06 00:38:10.819 I/AstrBotEngine: [31m- 仅 NapCat 模式（AstrBot 机器人开关已关闭）[0m
10-06 00:38:11.067 I/AstrBotEngine: [STAGE:10:检查基础命令（git/curl）]
10-06 00:38:11.070 I/AstrBotEngine: [31m- 检查基础命令（git/curl）[0m
10-06 00:38:11.081 I/AstrBotEngine: [31m- 基础命令已安装[0m
10-06 00:38:11.212 I/AstrBotEngine: [AstrBot Android] NapCat 就绪检查未通过，缺失项：
10-06 00:38:11.367 I/AstrBotEngine:   [AstrBot Android] missing NapCat launcher: /root/launcher.sh
10-06 00:38:11.369 I/AstrBotEngine:   [AstrBot Android] missing NapCat launcher library: /root/libnapcat_launcher.so
10-06 00:38:11.370 I/AstrBotEngine:   [AstrBot Android] missing NapCat directory: /root/napcat
10-06 00:38:11.372 I/AstrBotEngine: [AstrBot Android] NapCat 框架或 LinuxQQ 缺失，走全量重装
10-06 00:38:11.373 I/AstrBotEngine: [STAGE:45:安装 NapCat（QQ↔OneBot 协议桥，含依赖，约 2~5 分钟）]
10-06 00:38:11.375 I/AstrBotEngine: [31m- 安装 NapCat（QQ↔OneBot 协议桥，含依赖，约 2~5 分钟）[0m
10-06 00:38:11.376 I/AstrBotEngine: [31m- Napcat 未安装，安装中...[0m
10-06 00:38:11.464 I/AstrBotEngine: WARNING: apt does not have a stable CLI interface. Use with caution in scripts.
10-06 00:38:11.591 I/AstrBotEngine: Reading package lists...
10-06 00:38:11.904 I/AstrBotEngine: Building dependency tree...
10-06 00:38:11.907 I/AstrBotEngine: Reading state information...
10-06 00:38:12.513 I/AstrBotEngine: 0 upgraded, 0 newly installed, 0 to remove and 102 not upgraded.
10-06 00:38:12.540 I/AstrBotEngine: LinuxQQ 已安装
10-06 00:38:12.553 I/AstrBotEngine: Napcat 未安装，安装中...
10-06 00:38:12.555 I/AstrBotEngine: 开始网络测试: Github...
10-06 00:38:15.382 I/AstrBotEngine: 将使用Github代理: https://ghfast.top（多源竞速）
10-06 00:38:15.398 I/AstrBotEngine: 下载源: https://ghfast.top → install.sh
10-06 00:38:15.434 I/AstrBotEngine:   % Total    % Received % Xferd  Average Speed   Time    Time     Time  Current
10-06 00:38:15.436 I/AstrBotEngine:                                  Dload  Upload   Total   Spent    Left  Speed
10-06 00:38:16.029 I/AstrBotEngine:   0     0    0     0    0     0      0      0 --:--:-- --:--:-- --:--:--     0
10-06 00:38:16.510 I/AstrBotEngine:   0     0    0     0    0     0      0      0 --:--:-- --:--:-- --:--:--     0
10-06 00:38:16.511 I/AstrBotEngine: 100  9610  100  9610    0     0   8925      0  0:00:01  0:00:01 --:--:--  8931
10-06 00:38:16.712 I/AstrBotEngine: [AstrBot Android] NapCat 构建依赖已齐备（跳过 apt-get update 快速通道）
10-06 00:38:17.563 I/AstrBotEngine: 检测到有效 NapCat 离线包，跳过预下载
10-06 00:38:17.619 I/AstrBotEngine: [H[2J[3J[0;1;34;94m[2026-10-06 00:38:17]: NapCat Shell 安装脚本 [0m
10-06 00:38:17.630 I/AstrBotEngine: [0;1;34;94m[2026-10-06 00:38:17]: 脚本正在以 root 权限运行。 [0m
10-06 00:38:17.639 I/AstrBotEngine: [0;1;34;94m[2026-10-06 00:38:17]: 开始更新依赖... [0m
10-06 00:38:17.651 I/AstrBotEngine: [0;1;34;94m[2026-10-06 00:38:17]: 当前高级包管理器: apt-get [0m
10-06 00:38:17.677 I/AstrBotEngine: [0;1;33;93m[2026-10-06 00:38:17]: 依赖已齐备，跳过 apt-get update（BandQQ 快速通道） [0m
10-06 00:38:18.761 I/AstrBotEngine: [0;1;32;92m[2026-10-06 00:38:18]: 依赖安装成功... [0m
10-06 00:38:18.781 I/AstrBotEngine: [0;1;33;93m[2026-10-06 00:38:18]: 检测到已下载NapCat安装包,跳过下载... [0m
10-06 00:38:18.789 I/AstrBotEngine: [0;1;34;94m[2026-10-06 00:38:18]: 正在验证 NapCat.Shell.zip... [0m
10-06 00:38:19.638 I/AstrBotEngine: [0;1;34;94m[2026-10-06 00:38:19]: 正在解压 NapCat.Shell.zip... [0m
10-06 00:38:21.595 I/AstrBotEngine: [0;1;33;93m[2026-10-06 00:38:21]: LinuxQQ 已由 AstrBot Android 安装，跳过上游重复安装 [0m
10-06 00:38:21.623 I/AstrBotEngine: [0;1;34;94m[2026-10-06 00:38:21]: 当前系统架构: arm64 [0m
10-06 00:38:21.631 I/AstrBotEngine: [0;1;34;94m[2026-10-06 00:38:21]: 开始网络测试: Github... [0m
10-06 00:38:21.637 I/AstrBotEngine: [0;1;34;94m[2026-10-06 00:38:21]: 测试代理: https://ghfast.top [0m
10-06 00:38:22.625 I/AstrBotEngine: [0;1;34;94m[2026-10-06 00:38:22]: 将使用Github代理: https://ghfast.top [0m
10-06 00:38:22.636 I/AstrBotEngine: [0;1;34;94m[2026-10-06 00:38:22]: 开始下载 launcher.cpp ... [0m
10-06 00:38:22.933 I/AstrBotEngine: #=#=#                                                                          
10-06 00:38:23.045 I/AstrBotEngine: ##O#-#                                                                         
10-06 00:38:23.232 I/AstrBotEngine: ##O=#  #                                                                       
10-06 00:38:23.412 I/AstrBotEngine: #=#=-#  #                                                                      
10-06 00:38:23.560 I/AstrBotEngine: -#O#- #   #                                                                    
10-06 00:38:23.591 I/AstrBotEngine: ######################################################################## 100.0%
10-06 00:38:23.612 I/AstrBotEngine: [0;1;32;92m[2026-10-06 00:38:23]: launcher.cpp 下载成功。 [0m
10-06 00:38:23.619 I/AstrBotEngine: [0;1;34;94m[2026-10-06 00:38:23]: 正在编译 libnapcat_launcher.so ... [0m
10-06 00:38:24.769 I/AstrBotEngine: [0;1;32;92m[2026-10-06 00:38:24]: libnapcat_launcher.so 编译成功。 [0m
10-06 00:38:24.820 I/AstrBotEngine: [0;1;34;94m[2026-10-06 00:38:24]: 启动步骤: [0m
10-06 00:38:24.827 I/AstrBotEngine: [0;1;34;94m[2026-10-06 00:38:24]: 输入 Xvfb :1 -screen 0 1x1x8 +extension GLX +render > /dev/null 2>&1 & [0m
10-06 00:38:24.835 I/AstrBotEngine: [0;1;34;94m[2026-10-06 00:38:24]: 输入 export DISPLAY=:1 [0m
10-06 00:38:24.842 I/AstrBotEngine: [0;1;34;94m[2026-10-06 00:38:24]: 输入 sudo su [0m
10-06 00:38:24.853 I/AstrBotEngine: [0;1;34;94m[2026-10-06 00:38:24]: 输入 LD_PRELOAD=./libnapcat_launcher.so qq --no-sandbox [0m
10-06 00:38:24.861 I/AstrBotEngine: [0;1;34;94m[2026-10-06 00:38:24]: 或直接运行 sudo bash ./launcher.sh 启动 NapCat Shell [0m
10-06 00:38:24.964 I/AstrBotEngine: 恢复 NapCat 配置目录...
10-06 00:38:25.126 I/AstrBotEngine: [AstrBot Android] 反检测状态：全开（hook/window/module/process/container/js 六项 + o3HookMode）
10-06 00:38:25.293 I/AstrBotEngine: 反检测已开启：napcat.json（六项 + o3HookMode）
10-06 00:38:25.484 I/AstrBotEngine: 反检测已开启：napcat_3836305211.json（六项 + o3HookMode）
10-06 00:38:25.656 I/AstrBotEngine: 反检测已开启：napcat_protocol_3836305211.json（六项 + o3HookMode）
10-06 00:38:25.660 I/AstrBotEngine: [AstrBot Android] 反检测配置已更新（重启 NapCat 生效，看门狗/启动链会自动重启）
10-06 00:38:25.989 I/AstrBotEngine: [STAGE:55:NapCat 安装完成]
10-06 00:38:25.994 I/AstrBotEngine: [31m- NapCat 安装完成[0m
10-06 00:38:25.999 I/AstrBotEngine: [31m- Napcat 已安装[0m
10-06 00:38:26.114 I/AstrBotEngine: [AstrBot Android] 反检测状态：全开（hook/window/module/process/container/js 六项 + o3HookMode）
10-06 00:38:26.597 I/AstrBotEngine: [AstrBot Android] 反检测状态：全开（hook/window/module/process/container/js 六项 + o3HookMode）
10-06 00:38:26.834 I/AstrBotEngine: [STAGE:90:启动 NapCat（首次需扫码登录 QQ，Token 在 App「密码与登录」卡复制）]
10-06 00:38:26.835 I/AstrBotEngine: [31m- 启动 NapCat（首次需扫码登录 QQ，Token 在 App「密码与登录」卡复制）[0m
10-06 00:38:26.836 I/AstrBotEngine: [31m- NapCat 启动中[0m
10-06 00:38:27.072 I/AstrBotEngine: [AstrBot Android] NapCat 已后台拉起（控制台: /root/napcat/napcat-console.log）
10-06 00:38:27.106 I/AstrBotEngine: [AstrBot Android] QQ 登录完成后 OneBot :3001/:3000 自动可用；未登录时打开 WebUI :5099 扫码
10-06 00:38:27.110 I/AstrBotEngine: [AstrBot Android] NapCat 看门狗已启动（2 分钟巡检：进程保活 + 崩溃自愈阶梯 + 版本钉扎强制执行 + 登录后配置自动升级重启）
10-06 00:38:27.112 I/AstrBotEngine: [STAGE:92:NapCat 启动中（QQ 引导完成后 :3001/:3000 生效；AstrBot 已按开关关闭）]
10-06 00:38:27.113 I/AstrBotEngine: [31m- NapCat 启动中（QQ 引导完成后 :3001/:3000 生效；AstrBot 已按开关关闭）[0m
10-06 00:38:27.637 I/AstrBotEngine: [NAPCAT] [launcher] loadNapCat.js generated in current directory
10-06 00:38:27.661 I/AstrBotEngine: [NAPCAT] not mini app. 
10-06 00:38:27.843 I/AstrBotEngine: [NAPCAT] [launcher] loadNapCat.js generated in current directory
10-06 00:38:27.866 I/AstrBotEngine: [NAPCAT] [preload] succeeded. /opt/QQ/resources/app/major.node
10-06 00:38:27.898 I/AstrBotEngine: [NAPCAT] [launcher] loadNapCat.js generated in current directory
10-06 00:38:27.940 I/AstrBotEngine: [NAPCAT] [preload] succeeded. /opt/QQ/resources/app/major.node
10-06 00:38:27.964 I/AstrBotEngine: [NAPCAT] [25072:1006/003827.842298:ERROR:base/files/file_path_watcher_inotify.cc:923] Failed to read /proc/sys/fs/inotify/max_user_watches
10-06 00:38:27.984 I/AstrBotEngine: [NAPCAT] [25071:1006/003827.842668:ERROR:base/files/file_path_watcher_inotify.cc:923] Failed to read /proc/sys/fs/inotify/max_user_watches
10-06 00:38:28.010 I/AstrBotEngine: [NAPCAT] [25024:1006/003827.885948:ERROR:dbus/bus.cc:406] Failed to connect to the bus: Failed to connect to socket /run/dbus/system_bus_socket: No such file or director
10-06 00:38:28.142 I/AstrBotEngine: [NAPCAT] resourcesPath: /opt/QQ/resources
10-06 00:38:28.172 I/AstrBotEngine: [NAPCAT] [launcher] intercepted package.json: /opt/QQ/resources/app/package.json, replacing content
10-06 00:38:28.195 I/AstrBotEngine: [NAPCAT] [launcher] Generated relative path: ../../../../root
10-06 00:38:28.226 I/AstrBotEngine: [NAPCAT] [launcher] New main field: "main": "../../../../root/loadNapCat.js"
10-06 00:38:28.268 I/AstrBotEngine: [NAPCAT] [launcher] package.json content: {
10-06 00:38:28.298 I/AstrBotEngine: [NAPCAT]   "name": "QQ",
10-06 00:38:28.321 I/AstrBotEngine: [NAPCAT]   "version": "3.2.33-52892",
10-06 00:38:28.355 I/AstrBotEngine: [NAPCAT]   "private": true,
10-06 00:38:28.381 I/AstrBotEngine: [NAPCAT]   "description": "QQ",
10-06 00:38:28.404 I/AstrBotEngine: [NAPCAT]   "productName": "QQ",
10-06 00:38:28.432 I/AstrBotEngine: [NAPCAT]   "author": {
10-06 00:38:28.476 I/AstrBotEngine: [NAPCAT]     "name": "Tencent",
10-06 00:38:28.520 I/AstrBotEngine: [NAPCAT]     "email": "QQ-Team@tencent.com"
10-06 00:38:28.543 I/AstrBotEngine: [NAPCAT]   },
10-06 00:38:28.569 I/AstrBotEngine: [NAPCAT]   "homepage": "https://im.qq.com",
10-06 00:38:28.615 I/AstrBotEngine: [NAPCAT]   "sideEffects": true,
10-06 00:38:28.647 I/AstrBotEngine: [NAPCAT]   "bin": {
10-06 00:38:28.671 I/AstrBotEngine: [NAPCAT]     "qd": "externals/devtools/cli/index.js"
10-06 00:38:28.701 I/AstrBotEngine: [NAPCAT]   },
10-06 00:38:28.723 I/AstrBotEngine: [NAPCAT]   "appid": {
10-06 00:38:28.745 I/AstrBotEngine: [NAPCAT]     "win32": "537382716",
10-06 00:38:28.772 I/AstrBotEngine: [NAPCAT]     "darwin": "537382742",
10-06 00:38:28.793 I/AstrBotEngine: [NAPCAT]     "linux": "537382753",
10-06 00:38:28.818 I/AstrBotEngine: [NAPCAT]     "ohos": "5373141859"
10-06 00:38:28.839 I/AstrBotEngine: [NAPCAT]   },
10-06 00:38:28.861 I/AstrBotEngine: [NAPCAT]   "main": "../../../../root/loadNapCat.js",
10-06 00:38:28.881 I/AstrBotEngine: [NAPCAT]   "peerDependenciesMeta": {
10-06 00:38:28.899 I/AstrBotEngine: [NAPCAT]     "*": {
10-06 00:38:28.925 I/AstrBotEngine: [NAPCAT]       "optional": true
10-06 00:38:28.951 I/AstrBotEngine: [NAPCAT]     }
10-06 00:38:28.972 I/AstrBotEngine: [NAPCAT]   },
10-06 00:38:28.994 I/AstrBotEngine: [NAPCAT]   "pnpm": {
10-06 00:38:29.021 I/AstrBotEngine: [NAPCAT]     "patchedDependencies": {
10-06 00:38:29.050 I/AstrBotEngine: [NAPCAT]       "@vue/runtime-dom@3.5.12": "patches/@vue__runtime-dom@3.5.12.patch",
10-06 00:38:29.071 I/AstrBotEngine: [NAPCAT]       "@swc/helpers@0.5.3": "patches/@swc__helpers@0.5.3.patch",
10-06 00:38:29.091 I/AstrBotEngine: [NAPCAT]       "vuex@4.1.0": "patches/vuex@4.1.0.patch",
10-06 00:38:29.126 I/AstrBotEngine: [NAPCAT]       "typescript-parser@2.6.1": "patches/typescript-parser@2.6.1.patch",
10-06 00:38:29.148 I/AstrBotEngine: [NAPCAT]       "@tencent/qqplay-downloadsdk": "patches/@tencent__qqplay-downloadsdk.patch",
10-06 00:38:29.168 I/AstrBotEngine: [NAPCAT]       "@tencent/universal-report@4.5.4": "patches/@tencent__universal-report@4.5.4.patch",
10-06 00:38:29.187 I/AstrBotEngine: [NAPCAT]       "typescript@7.0.2": "patches/typescript@7.0.2.patch"
10-06 00:38:29.204 I/AstrBotEngine: [NAPCAT]     },
10-06 00:38:29.227 I/AstrBotEngine: [NAPCAT]     "packageExtensions": {
10-06 00:38:29.247 I/AstrBotEngine: [NAPCAT]       "qute": {
10-06 00:38:29.269 I/AstrBotEngine: [NAPCAT]         "dependencies": {},
10-06 00:38:29.290 I/AstrBotEngine: [NAPCAT]         "devDependencies": {}
10-06 00:38:29.310 I/AstrBotEngine: [NAPCAT]       }
10-06 00:38:29.368 I/AstrBotEngine: [NAPCAT]     },
10-06 00:38:29.385 I/AstrBotEngine: [NAPCAT]     "overrides": {
10-06 00:38:29.417 I/AstrBotEngine: [NAPCAT]       "@types/react": "-",
10-06 00:38:29.451 I/AstrBotEngine: [NAPCAT]       "@types/react-dom": "-",
10-06 00:38:29.468 I/AstrBotEngine: [NAPCAT]       "@tencent/yuanbao-react-markdown>@types/hast": "-",
10-06 00:38:29.491 I/AstrBotEngine: [NAPCAT]       "@tencent/yuanbao-react-markdown>devlop": "-",
10-06 00:38:29.511 I/AstrBotEngine: [NAPCAT]       "@tencent/yuanbao-react-markdown>hast-util-to-jsx-runtime": "-",
10-06 00:38:29.534 I/AstrBotEngine: [NAPCAT]       "@tencent/yuanbao-react-markdown>html-url-attributes": "-",
10-06 00:38:29.555 I/AstrBotEngine: [NAPCAT]       "@tencent/yuanbao-react-markdown>mdast-util-to-hast": "-",
10-06 00:38:29.575 I/AstrBotEngine: [NAPCAT]       "@tencent/yuanbao-react-markdown>rehype-parse": "-",
10-06 00:38:29.598 I/AstrBotEngine: [NAPCAT]       "@tencent/yuanbao-react-markdown>rehype-stringify": "-",
10-06 00:38:29.635 I/AstrBotEngine: [NAPCAT]       "@tencent/yuanbao-react-markdown>remark-parse": "-",
10-06 00:38:29.661 I/AstrBotEngine: [NAPCAT]       "@tencent/yuanbao-react-markdown>remark-rehype": "-",
10-06 00:38:29.676 I/AstrBotEngine: [NAPCAT]       "@tencent/yuanbao-react-markdown>unified": "-",
10-06 00:38:29.692 I/AstrBotEngine: [NAPCAT]       "@tencent/yuanbao-react-markdown>unist-util-visit": "-",
10-06 00:38:29.721 I/AstrBotEngine: [NAPCAT]       "@tencent/yuanbao-react-markdown>vfile": "-",
10-06 00:38:29.735 I/AstrBotEngine: [NAPCAT]       "@types/d3-dispatch": "3.0.6"
10-06 00:38:29.753 I/AstrBotEngine: [NAPCAT]     }
10-06 00:38:29.768 I/AstrBotEngine: [NAPCAT]   },
10-06 00:38:29.814 I/AstrBotEngine: [NAPCAT]   "buildVersion": "52892",
10-06 00:38:29.861 I/AstrBotEngine: [NAPCAT]   "platform": "linux",
10-06 00:38:29.887 I/AstrBotEngine: [NAPCAT]   "eleArch": "arm64",
10-06 00:38:29.932 I/AstrBotEngine: [NAPCAT]   "linuxFormat": "deb"
10-06 00:38:29.981 I/AstrBotEngine: [NAPCAT] }
10-06 00:38:30.022 I/AstrBotEngine: [NAPCAT] [25024:1006/003829.772261:ERROR:dbus/bus.cc:406] Failed to connect to the bus: Could not parse server address: Unknown address type (examples of valid types are
10-06 00:38:30.086 I/AstrBotEngine: [NAPCAT] [25024:1006/003829.772328:ERROR:dbus/bus.cc:406] Failed to connect to the bus: Could not parse server address: Unknown address type (examples of valid types are
10-06 00:38:30.160 I/AstrBotEngine: [NAPCAT] [25024:1006/003829.773314:ERROR:net/base/address_tracker_linux.cc:242] Could not bind NETLINK socket: Permission denied (13)
10-06 00:38:30.263 I/AstrBotEngine: [NAPCAT] [25024:1006/003829.773590:ERROR:dbus/bus.cc:406] Failed to connect to the bus: Failed to connect to socket /run/dbus/system_bus_socket: No such file or director
10-06 00:38:30.393 I/AstrBotEngine: [NAPCAT] [25024:1006/003829.773731:ERROR:base/files/file_path_watcher_inotify.cc:923] Failed to read /proc/sys/fs/inotify/max_user_watches
10-06 00:38:30.445 I/AstrBotEngine: [NAPCAT] [25024:1006/003829.773915:ERROR:dbus/bus.cc:406] Failed to connect to the bus: Failed to connect to socket /run/dbus/system_bus_socket: No such file or director
10-06 00:38:30.494 I/AstrBotEngine: [NAPCAT] [25024:1006/003829.813359:ERROR:device/udev_linux/udev_watcher.cc:51] Failed to initialize a udev monitor.
10-06 00:38:30.546 I/AstrBotEngine: [NAPCAT] [25024:1006/003829.839447:ERROR:dbus/object_proxy.cc:573] Failed to call method: org.freedesktop.DBus.NameHasOwner: object_path= /org/freedesktop/DBus: unknown 
10-06 00:38:30.599 I/AstrBotEngine: [NAPCAT] [25024:1006/003829.839568:ERROR:dbus/object_proxy.cc:573] Failed to call method: org.freedesktop.DBus.NameHasOwner: object_path= /org/freedesktop/DBus: unknown 
10-06 00:38:30.642 I/AstrBotEngine: [NAPCAT] [25024:1006/003829.839645:ERROR:dbus/bus.cc:406] Failed to connect to the bus: Could not parse server address: Unknown address type (examples of valid types are
10-06 00:38:30.702 I/AstrBotEngine: [NAPCAT] [25024:1006/003829.839678:ERROR:dbus/bus.cc:406] Failed to connect to the bus: Could not parse server address: Unknown address type (examples of valid types are
10-06 00:38:30.722 I/AstrBotEngine: [NAPCAT] [25024:1006/003829.839705:ERROR:dbus/object_proxy.cc:573] Failed to call method: org.freedesktop.DBus.NameHasOwner: object_path= /org/freedesktop/DBus: unknown 
10-06 00:38:30.767 I/AstrBotEngine: [NAPCAT] [25024:1006/003829.857470:ERROR:dbus/object_proxy.cc:573] Failed to call method: org.freedesktop.DBus.NameHasOwner: object_path= /org/freedesktop/DBus: unknown 
10-06 00:38:30.808 I/AstrBotEngine: [NAPCAT] [25573:1006/003830.247907:ERROR:base/files/file_path_watcher_inotify.cc:923] Failed to read /proc/sys/fs/inotify/max_user_watches
10-06 00:38:30.851 I/AstrBotEngine: [NAPCAT] [launcher] loadNapCat.js generated in current directory
10-06 00:38:30.902 I/AstrBotEngine: [NAPCAT] [25572:1006/003830.372217:ERROR:base/files/file_path_watcher_inotify.cc:923] Failed to read /proc/sys/fs/inotify/max_user_watches
10-06 00:38:30.973 I/AstrBotEngine: [NAPCAT] [25572:1006/003830.386264:ERROR:net/base/address_tracker_linux.cc:242] Could not bind NETLINK socket: Permission denied (13)
10-06 00:38:31.025 I/AstrBotEngine: [NAPCAT] [25559:1006/003830.694051:ERROR:ui/gl/angle_platform_impl.cc:42] Display.cpp:1097 (initialize): ANGLE Display::initialize error 12289: GLX is not present.
10-06 00:38:31.056 I/AstrBotEngine: [NAPCAT] ERR: Display.cpp:1097 (initialize): ANGLE Display::initialize error 12289: GLX is not present.
10-06 00:38:31.088 I/AstrBotEngine: [NAPCAT] [25559:1006/003830.698195:ERROR:ui/gl/egl_util.cc:92] EGL Driver message (Critical) eglInitialize: GLX is not present.
10-06 00:38:31.131 I/AstrBotEngine: [NAPCAT] [25559:1006/003830.698553:ERROR:ui/gl/gl_display.cc:639] eglInitialize OpenGL failed with error EGL_NOT_INITIALIZED, trying next display type
10-06 00:38:31.168 I/AstrBotEngine: [NAPCAT] [25559:1006/003830.699123:ERROR:ui/gl/angle_platform_impl.cc:42] Display.cpp:1097 (initialize): ANGLE Display::initialize error 12289: GLX is not present.
10-06 00:38:31.227 I/AstrBotEngine: [NAPCAT] ERR: Display.cpp:1097 (initialize): ANGLE Display::initialize error 12289: GLX is not present.
10-06 00:38:31.260 I/AstrBotEngine: [NAPCAT] [25559:1006/003830.699394:ERROR:ui/gl/egl_util.cc:92] EGL Driver message (Critical) eglInitialize: GLX is not present.
10-06 00:38:31.290 I/AstrBotEngine: [NAPCAT] [25559:1006/003830.699755:ERROR:ui/gl/gl_display.cc:639] eglInitialize OpenGLES failed with error EGL_NOT_INITIALIZED
10-06 00:38:31.329 I/AstrBotEngine: [NAPCAT] [25559:1006/003830.700177:ERROR:ui/gl/gl_display.cc:674] Initialization of all EGL display types failed.
10-06 00:38:31.358 I/AstrBotEngine: [NAPCAT] [25559:1006/003830.700335:ERROR:ui/ozone/common/gl_ozone_egl.cc:26] GLDisplayEGL::Initialize failed.
10-06 00:38:31.409 I/AstrBotEngine: [NAPCAT] [25559:1006/003830.910411:ERROR:ui/gl/angle_platform_impl.cc:42] Display.cpp:1097 (initialize): ANGLE Display::initialize error 12289: GLX is not present.
10-06 00:38:31.437 I/AstrBotEngine: [NAPCAT] ERR: Display.cpp:1097 (initialize): ANGLE Display::initialize error 12289: GLX is not present.
10-06 00:38:31.479 I/AstrBotEngine: [NAPCAT] [25559:1006/003830.911146:ERROR:ui/gl/egl_util.cc:92] EGL Driver message (Critical) eglInitialize: GLX is not present.
10-06 00:38:31.553 I/AstrBotEngine: [NAPCAT] [25559:1006/003830.911618:ERROR:ui/gl/gl_display.cc:639] eglInitialize OpenGL failed with error EGL_NOT_INITIALIZED, trying next display type
10-06 00:38:31.578 I/AstrBotEngine: [NAPCAT] [25559:1006/003830.911942:ERROR:ui/gl/angle_platform_impl.cc:42] Display.cpp:1097 (initialize): ANGLE Display::initialize error 12289: GLX is not present.
10-06 00:38:31.604 I/AstrBotEngine: [NAPCAT] ERR: Display.cpp:1097 (initialize): ANGLE Display::initialize error 12289: GLX is not present.
10-06 00:38:31.628 I/AstrBotEngine: [NAPCAT] [25559:1006/003830.912135:ERROR:ui/gl/egl_util.cc:92] EGL Driver message (Critical) eglInitialize: GLX is not present.
10-06 00:38:31.652 I/AstrBotEngine: [NAPCAT] [25559:1006/003830.912584:ERROR:ui/gl/gl_display.cc:639] eglInitialize OpenGLES failed with error EGL_NOT_INITIALIZED
10-06 00:38:31.676 I/AstrBotEngine: [NAPCAT] [25559:1006/003830.912918:ERROR:ui/gl/gl_display.cc:674] Initialization of all EGL display types failed.
10-06 00:38:31.700 I/AstrBotEngine: [NAPCAT] [25559:1006/003830.913496:ERROR:ui/ozone/common/gl_ozone_egl.cc:26] GLDisplayEGL::Initialize failed.
10-06 00:38:31.720 I/AstrBotEngine: [NAPCAT] [25559:1006/003830.927196:ERROR:components/viz/service/main/viz_main_impl.cc:189] Exiting GPU process due to errors during initialization
10-06 00:38:31.999 I/AstrBotEngine: [NAPCAT] NapCat Shell App Loading...
10-06 00:38:32.035 I/AstrBotEngine: [NAPCAT] [launcher] intercepted package.json: /opt/QQ/resources/app/package.json, replacing content
10-06 00:38:32.074 I/AstrBotEngine: [NAPCAT] [launcher] Generated relative path: ../../../../root
10-06 00:38:32.104 I/AstrBotEngine: [NAPCAT] [launcher] New main field: "main": "../../../../root/loadNapCat.js"
10-06 00:38:32.135 I/AstrBotEngine: [NAPCAT] [launcher] package.json content: {
10-06 00:38:32.168 I/AstrBotEngine: [NAPCAT]   "name": "QQ",
10-06 00:38:32.199 I/AstrBotEngine: [NAPCAT]   "version": "3.2.33-52892",
10-06 00:38:32.225 I/AstrBotEngine: [NAPCAT]   "private": true,
10-06 00:38:32.252 I/AstrBotEngine: [NAPCAT]   "description": "QQ",
10-06 00:38:32.288 I/AstrBotEngine: [NAPCAT]   "productName": "QQ",
10-06 00:38:32.314 I/AstrBotEngine: [NAPCAT]   "author": {
10-06 00:38:32.345 I/AstrBotEngine: [NAPCAT]     "name": "Tencent",
10-06 00:38:32.367 I/AstrBotEngine: [NAPCAT]     "email": "QQ-Team@tencent.com"
10-06 00:38:32.431 I/AstrBotEngine: [NAPCAT]   },
10-06 00:38:32.480 I/AstrBotEngine: [NAPCAT]   "homepage": "https://im.qq.com",
10-06 00:38:32.495 I/AstrBotEngine: [NAPCAT]   "sideEffects": true,
10-06 00:38:32.518 I/AstrBotEngine: [NAPCAT]   "bin": {
10-06 00:38:32.540 I/AstrBotEngine: [NAPCAT]     "qd": "externals/devtools/cli/index.js"
10-06 00:38:32.556 I/AstrBotEngine: [NAPCAT]   },
10-06 00:38:32.575 I/AstrBotEngine: [NAPCAT]   "appid": {
10-06 00:38:32.599 I/AstrBotEngine: [NAPCAT]     "win32": "537382716",
10-06 00:38:32.617 I/AstrBotEngine: [NAPCAT]     "darwin": "537382742",
10-06 00:38:32.644 I/AstrBotEngine: [NAPCAT]     "linux": "537382753",
10-06 00:38:32.675 I/AstrBotEngine: [NAPCAT]     "ohos": "5373141859"
10-06 00:38:32.708 I/AstrBotEngine: [NAPCAT]   },
10-06 00:38:32.747 I/AstrBotEngine: [NAPCAT]   "main": "../../../../root/loadNapCat.js",
10-06 00:38:32.767 I/AstrBotEngine: [NAPCAT]   "peerDependenciesMeta": {
10-06 00:38:32.805 I/AstrBotEngine: [NAPCAT]     "*": {
10-06 00:38:32.830 I/AstrBotEngine: [NAPCAT]       "optional": true
10-06 00:38:32.867 I/AstrBotEngine: [NAPCAT]     }
10-06 00:38:32.906 I/AstrBotEngine: [NAPCAT]   },
10-06 00:38:32.932 I/AstrBotEngine: [NAPCAT]   "pnpm": {
10-06 00:38:32.958 I/AstrBotEngine: [NAPCAT]     "patchedDependencies": {
10-06 00:38:32.991 I/AstrBotEngine: [NAPCAT]       "@vue/runtime-dom@3.5.12": "patches/@vue__runtime-dom@3.5.12.patch",
10-06 00:38:33.023 I/AstrBotEngine: [NAPCAT]       "@swc/helpers@0.5.3": "patches/@swc__helpers@0.5.3.patch",
10-06 00:38:33.053 I/AstrBotEngine: [NAPCAT]       "vuex@4.1.0": "patches/vuex@4.1.0.patch",
10-06 00:38:33.091 I/AstrBotEngine: [NAPCAT]       "typescript-parser@2.6.1": "patches/typescript-parser@2.6.1.patch",
10-06 00:38:33.135 I/AstrBotEngine: [NAPCAT]       "@tencent/qqplay-downloadsdk": "patches/@tencent__qqplay-downloadsdk.patch",
10-06 00:38:33.157 I/AstrBotEngine: [NAPCAT]       "@tencent/universal-report@4.5.4": "patches/@tencent__universal-report@4.5.4.patch",
10-06 00:38:33.217 I/AstrBotEngine: [NAPCAT]       "typescript@7.0.2": "patches/typescript@7.0.2.patch"
10-06 00:38:33.261 I/AstrBotEngine: [NAPCAT]     },
10-06 00:38:33.297 I/AstrBotEngine: [NAPCAT]     "packageExtensions": {
10-06 00:38:33.317 I/AstrBotEngine: [NAPCAT]       "qute": {
10-06 00:38:33.338 I/AstrBotEngine: [NAPCAT]         "dependencies": {},
10-06 00:38:33.364 I/AstrBotEngine: [NAPCAT]         "devDependencies": {}
10-06 00:38:33.406 I/AstrBotEngine: [NAPCAT]       }
10-06 00:38:33.434 I/AstrBotEngine: [NAPCAT]     },
10-06 00:38:33.478 I/AstrBotEngine: [NAPCAT]     "overrides": {
10-06 00:38:33.512 I/AstrBotEngine: [NAPCAT]       "@types/react": "-",
10-06 00:38:33.541 I/AstrBotEngine: [NAPCAT]       "@types/react-dom": "-",
10-06 00:38:33.562 I/AstrBotEngine: [NAPCAT]       "@tencent/yuanbao-react-markdown>@types/hast": "-",
10-06 00:38:33.586 I/AstrBotEngine: [NAPCAT]       "@tencent/yuanbao-react-markdown>devlop": "-",
10-06 00:38:33.610 I/AstrBotEngine: [NAPCAT]       "@tencent/yuanbao-react-markdown>hast-util-to-jsx-runtime": "-",
10-06 00:38:33.631 I/AstrBotEngine: [NAPCAT]       "@tencent/yuanbao-react-markdown>html-url-attributes": "-",
10-06 00:38:33.649 I/AstrBotEngine: [NAPCAT]       "@tencent/yuanbao-react-markdown>mdast-util-to-hast": "-",
10-06 00:38:33.669 I/AstrBotEngine: [NAPCAT]       "@tencent/yuanbao-react-markdown>rehype-parse": "-",
10-06 00:38:33.704 I/AstrBotEngine: [NAPCAT]       "@tencent/yuanbao-react-markdown>rehype-stringify": "-",
10-06 00:38:33.729 I/AstrBotEngine: [NAPCAT]       "@tencent/yuanbao-react-markdown>remark-parse": "-",
10-06 00:38:33.767 I/AstrBotEngine: [NAPCAT]       "@tencent/yuanbao-react-markdown>remark-rehype": "-",
10-06 00:38:33.809 I/AstrBotEngine: [NAPCAT]       "@tencent/yuanbao-react-markdown>unified": "-",
10-06 00:38:33.883 I/AstrBotEngine: [NAPCAT]       "@tencent/yuanbao-react-markdown>unist-util-visit": "-",
10-06 00:38:33.942 I/AstrBotEngine: [NAPCAT]       "@tencent/yuanbao-react-markdown>vfile": "-",
10-06 00:38:33.976 I/AstrBotEngine: [NAPCAT]       "@types/d3-dispatch": "3.0.6"
10-06 00:38:34.029 I/AstrBotEngine: [NAPCAT]     }
10-06 00:38:34.080 I/AstrBotEngine: [NAPCAT]   },
10-06 00:38:34.124 I/AstrBotEngine: [NAPCAT]   "buildVersion": "52892",
10-06 00:38:34.148 I/AstrBotEngine: [NAPCAT]   "platform": "linux",
10-06 00:38:34.188 I/AstrBotEngine: [NAPCAT]   "eleArch": "arm64",
10-06 00:38:34.220 I/AstrBotEngine: [NAPCAT]   "linuxFormat": "deb"
10-06 00:38:34.257 I/AstrBotEngine: [NAPCAT] }
10-06 00:38:34.340 I/AstrBotEngine: [NAPCAT] prepare write and writev hooks
10-06 00:38:34.413 I/AstrBotEngine: [NAPCAT] 10-06 00:38:32 [info] [PacketHandler] 加载成功
10-06 00:38:34.460 I/AstrBotEngine: [NAPCAT] 10-06 00:38:32 [info] [Napi2NativeLoader] 加载成功
10-06 00:38:34.521 I/AstrBotEngine: [NAPCAT] 10-06 00:38:32 [info] [FFmpeg] 检查 Native Addon 可用性...
10-06 00:38:34.574 I/AstrBotEngine: [NAPCAT] 10-06 00:38:32 [info] [FFmpeg] ✓ 使用 Native Addon 适配器
10-06 00:38:34.612 I/AstrBotEngine: [NAPCAT] 10-06 00:38:32 [info] [PacketHandler] 初始化成功
10-06 00:38:34.674 I/AstrBotEngine: [NAPCAT] 10-06 00:38:32 [info] [NapCat] [Core] NapCat.Core Version: 4.18.28
10-06 00:38:34.750 I/AstrBotEngine: [NAPCAT] [I] <MemoryFile.cpp:98::open> open fd[0x24], /root/.config/QQ/nt_qq/global/nt_data/mmkv/nt_mmkv_global_misc
10-06 00:38:34.790 I/AstrBotEngine: [NAPCAT] [I] <MemoryFile.cpp:98::open> open fd[0x27], /root/.config/QQ/nt_qq/global/nt_data/mmkv/nt_mmkv_global_misc.crc
10-06 00:38:34.852 I/AstrBotEngine: [NAPCAT] [I] <MMKV_IO.cpp:213::loadMetaInfoAndCheck> meta file [nt_mmkv_global_misc] has flag [0]
10-06 00:38:34.926 I/AstrBotEngine: [NAPCAT] [I] <MMKV_IO.cpp:87::loadFromFile> loading [nt_mmkv_global_misc] with 201 actual size, file size 4096, InterProcess 1, meta info version:4
10-06 00:38:35.076 I/AstrBotEngine: [NAPCAT] [I] <MMKV_IO.cpp:92::loadFromFile> loading [nt_mmkv_global_misc] with crc 869129090 sequence 1 version 4
10-06 00:38:35.196 I/AstrBotEngine: [NAPCAT] [I] <MMKV_IO.cpp:136::loadFromFile> loaded [nt_mmkv_global_misc] with 2 key-values
10-06 00:38:35.242 I/AstrBotEngine: [NAPCAT] [I] <MMKV.cpp:233::initializeMMKV> root dir: /root/.config/QQ/nt_qq/global/nt_data/mmkv
10-06 00:38:35.295 I/AstrBotEngine: [NAPCAT] [I] <MemoryFile.cpp:98::open> open fd[0x28], /root/.config/QQ/nt_qq/global/nt_data/mmkv/nt_mmkv_o3
10-06 00:38:35.340 I/AstrBotEngine: [NAPCAT] [I] <MemoryFile.cpp:98::open> open fd[0x29], /root/.config/QQ/nt_qq/global/nt_data/mmkv/nt_mmkv_o3.crc
10-06 00:38:35.390 I/AstrBotEngine: [NAPCAT] [I] <MMKV_IO.cpp:213::loadMetaInfoAndCheck> meta file [nt_mmkv_o3] has flag [0]
10-06 00:38:35.436 I/AstrBotEngine: [NAPCAT] [I] <MMKV_IO.cpp:87::loadFromFile> loading [nt_mmkv_o3] with 183 actual size, file size 4096, InterProcess 1, meta info version:4
10-06 00:38:35.470 I/AstrBotEngine: [NAPCAT] [I] <MMKV_IO.cpp:92::loadFromFile> loading [nt_mmkv_o3] with crc 704323148 sequence 1 version 4
10-06 00:38:35.502 I/AstrBotEngine: [NAPCAT] [I] <MMKV_IO.cpp:136::loadFromFile> loaded [nt_mmkv_o3] with 2 key-values
10-06 00:38:35.534 I/AstrBotEngine: [NAPCAT] 10-06 00:38:32 [error] [NapCat] [UtilityProcess] Worker进程退出，退出码: 11
10-06 00:38:35.571 I/AstrBotEngine: [NAPCAT] 10-06 00:38:32 [warn] [NapCat] [UtilityProcess] Worker进程意外退出 (1/3)，正在尝试重新拉起...
10-06 00:38:35.601 I/AstrBotEngine: [NAPCAT] [launcher] loadNapCat.js generated in current directory
10-06 00:38:35.633 I/AstrBotEngine: [NAPCAT] [26084:1006/003832.689439:ERROR:base/files/file_path_watcher_inotify.cc:923] Failed to read /proc/sys/fs/inotify/max_user_watches
10-06 00:38:35.678 I/AstrBotEngine: [NAPCAT] [26084:1006/003832.697371:ERROR:net/base/address_tracker_linux.cc:242] Could not bind NETLINK socket: Permission denied (13)
10-06 00:38:35.733 I/AstrBotEngine: [NAPCAT] NapCat Shell App Loading...
10-06 00:38:35.789 I/AstrBotEngine: [NAPCAT] [launcher] intercepted package.json: /opt/QQ/resources/app/package.json, replacing content
10-06 00:38:35.829 I/AstrBotEngine: [NAPCAT] [launcher] Generated relative path: ../../../../root
10-06 00:38:35.870 I/AstrBotEngine: [NAPCAT] [launcher] New main field: "main": "../../../../root/loadNapCat.js"
10-06 00:38:35.910 I/AstrBotEngine: [NAPCAT] [launcher] package.json content: {
10-06 00:38:35.933 I/AstrBotEngine: [NAPCAT]   "name": "QQ",
10-06 00:38:35.971 I/AstrBotEngine: [NAPCAT]   "version": "3.2.33-52892",
10-06 00:38:36.017 I/AstrBotEngine: [NAPCAT]   "private": true,
10-06 00:38:36.076 I/AstrBotEngine: [NAPCAT]   "description": "QQ",
10-06 00:38:36.128 I/AstrBotEngine: [NAPCAT]   "productName": "QQ",
10-06 00:38:36.158 I/AstrBotEngine: [NAPCAT]   "author": {
10-06 00:38:36.194 I/AstrBotEngine: [NAPCAT]     "name": "Tencent",
10-06 00:38:36.225 I/AstrBotEngine: [NAPCAT]     "email": "QQ-Team@tencent.com"
10-06 00:38:36.262 I/AstrBotEngine: [NAPCAT]   },
10-06 00:38:36.300 I/AstrBotEngine: [NAPCAT]   "homepage": "https://im.qq.com",
10-06 00:38:36.337 I/AstrBotEngine: [NAPCAT]   "sideEffects": true,
10-06 00:38:36.372 I/AstrBotEngine: [NAPCAT]   "bin": {
10-06 00:38:36.392 I/AstrBotEngine: [NAPCAT]     "qd": "externals/devtools/cli/index.js"
10-06 00:38:36.414 I/AstrBotEngine: [NAPCAT]   },
10-06 00:38:36.432 I/AstrBotEngine: [NAPCAT]   "appid": {
10-06 00:38:36.444 I/AstrBotEngine: [NAPCAT]     "win32": "537382716",
10-06 00:38:36.458 I/AstrBotEngine: [NAPCAT]     "darwin": "537382742",
10-06 00:38:36.478 I/AstrBotEngine: [NAPCAT]     "linux": "537382753",
10-06 00:38:36.504 I/AstrBotEngine: [NAPCAT]     "ohos": "5373141859"
10-06 00:38:36.533 I/AstrBotEngine: [NAPCAT]   },
10-06 00:38:36.568 I/AstrBotEngine: [NAPCAT]   "main": "../../../../root/loadNapCat.js",
10-06 00:38:36.589 I/AstrBotEngine: [NAPCAT]   "peerDependenciesMeta": {
10-06 00:38:36.610 I/AstrBotEngine: [NAPCAT]     "*": {
10-06 00:38:36.625 I/AstrBotEngine: [NAPCAT]       "optional": true
10-06 00:38:36.639 I/AstrBotEngine: [NAPCAT]     }
10-06 00:38:36.652 I/AstrBotEngine: [NAPCAT]   },
10-06 00:38:36.683 I/AstrBotEngine: [NAPCAT]   "pnpm": {
10-06 00:38:36.697 I/AstrBotEngine: [NAPCAT]     "patchedDependencies": {
10-06 00:38:36.721 I/AstrBotEngine: [NAPCAT]       "@vue/runtime-dom@3.5.12": "patches/@vue__runtime-dom@3.5.12.patch",
10-06 00:38:36.736 I/AstrBotEngine: [NAPCAT]       "@swc/helpers@0.5.3": "patches/@swc__helpers@0.5.3.patch",
10-06 00:38:36.748 I/AstrBotEngine: [NAPCAT]       "vuex@4.1.0": "patches/vuex@4.1.0.patch",
10-06 00:38:36.767 I/AstrBotEngine: [NAPCAT]       "typescript-parser@2.6.1": "patches/typescript-parser@2.6.1.patch",
10-06 00:38:36.789 I/AstrBotEngine: [NAPCAT]       "@tencent/qqplay-downloadsdk": "patches/@tencent__qqplay-downloadsdk.patch",
10-06 00:38:36.807 I/AstrBotEngine: [NAPCAT]       "@tencent/universal-report@4.5.4": "patches/@tencent__universal-report@4.5.4.patch",
10-06 00:38:36.828 I/AstrBotEngine: [NAPCAT]       "typescript@7.0.2": "patches/typescript@7.0.2.patch"
10-06 00:38:36.842 I/AstrBotEngine: [NAPCAT]     },
10-06 00:38:36.865 I/AstrBotEngine: [NAPCAT]     "packageExtensions": {
10-06 00:38:36.888 I/AstrBotEngine: [NAPCAT]       "qute": {
10-06 00:38:36.913 I/AstrBotEngine: [NAPCAT]         "dependencies": {},
10-06 00:38:36.932 I/AstrBotEngine: [NAPCAT]         "devDependencies": {}
10-06 00:38:36.949 I/AstrBotEngine: [NAPCAT]       }
10-06 00:38:36.967 I/AstrBotEngine: [NAPCAT]     },
10-06 00:38:36.992 I/AstrBotEngine: [NAPCAT]     "overrides": {
10-06 00:38:37.005 I/AstrBotEngine: [NAPCAT]       "@types/react": "-",
10-06 00:38:37.022 I/AstrBotEngine: [NAPCAT]       "@types/react-dom": "-",
10-06 00:38:37.039 I/AstrBotEngine: [NAPCAT]       "@tencent/yuanbao-react-markdown>@types/hast": "-",
10-06 00:38:37.056 I/AstrBotEngine: [NAPCAT]       "@tencent/yuanbao-react-markdown>devlop": "-",
10-06 00:38:37.071 I/AstrBotEngine: [NAPCAT]       "@tencent/yuanbao-react-markdown>hast-util-to-jsx-runtime": "-",
10-06 00:38:37.095 I/AstrBotEngine: [NAPCAT]       "@tencent/yuanbao-react-markdown>html-url-attributes": "-",
10-06 00:38:37.111 I/AstrBotEngine: [NAPCAT]       "@tencent/yuanbao-react-markdown>mdast-util-to-hast": "-",
10-06 00:38:37.133 I/AstrBotEngine: [NAPCAT]       "@tencent/yuanbao-react-markdown>rehype-parse": "-",
10-06 00:38:37.152 I/AstrBotEngine: [NAPCAT]       "@tencent/yuanbao-react-markdown>rehype-stringify": "-",
10-06 00:38:37.173 I/AstrBotEngine: [NAPCAT]       "@tencent/yuanbao-react-markdown>remark-parse": "-",
10-06 00:38:37.200 I/AstrBotEngine: [NAPCAT]       "@tencent/yuanbao-react-markdown>remark-rehype": "-",
10-06 00:38:37.224 I/AstrBotEngine: [NAPCAT]       "@tencent/yuanbao-react-markdown>unified": "-",
10-06 00:38:37.239 I/AstrBotEngine: [NAPCAT]       "@tencent/yuanbao-react-markdown>unist-util-visit": "-",
10-06 00:38:37.255 I/AstrBotEngine: [NAPCAT]       "@tencent/yuanbao-react-markdown>vfile": "-",
10-06 00:38:37.278 I/AstrBotEngine: [NAPCAT]       "@types/d3-dispatch": "3.0.6"
10-06 00:38:37.297 I/AstrBotEngine: [NAPCAT]     }
10-06 00:38:37.319 I/AstrBotEngine: [AstrBot Android] 检测到 NapCat 崩溃（主进程退出）——立即执行自愈重启（第 1 轮；阶梯级别按崩溃计数自动升级）
10-06 00:38:37.330 I/AstrBotEngine: [NAPCAT]   },
10-06 00:38:37.369 I/AstrBotEngine: [NAPCAT]   "buildVersion": "52892",
10-06 00:38:37.390 I/AstrBotEngine: [NAPCAT]   "platform": "linux",
10-06 00:38:37.414 I/AstrBotEngine: [NAPCAT]   "eleArch": "arm64",
10-06 00:38:37.435 I/AstrBotEngine: [NAPCAT]   "linuxFormat": "deb"
10-06 00:38:37.464 I/AstrBotEngine: [NAPCAT] }
10-06 00:38:37.484 I/AstrBotEngine: [NAPCAT] prepare write and writev hooks
10-06 00:38:37.513 I/AstrBotEngine: [NAPCAT] 10-06 00:38:33 [info] [PacketHandler] 加载成功
10-06 00:38:37.542 I/AstrBotEngine: [NAPCAT] 10-06 00:38:33 [info] [Napi2NativeLoader] 加载成功
10-06 00:38:37.569 I/AstrBotEngine: [NAPCAT] 10-06 00:38:33 [info] [FFmpeg] 检查 Native Addon 可用性...
10-06 00:38:37.597 I/AstrBotEngine: [NAPCAT] 10-06 00:38:34 [info] [FFmpeg] ✓ 使用 Native Addon 适配器
10-06 00:38:37.613 I/AstrBotEngine: [NAPCAT] 10-06 00:38:34 [info] [PacketHandler] 初始化成功
10-06 00:38:37.647 I/AstrBotEngine: [NAPCAT] 10-06 00:38:34 [info] [NapCat] [Core] NapCat.Core Version: 4.18.28
10-06 00:38:37.674 I/AstrBotEngine: [NAPCAT] 10-06 00:38:34 [error] [NapCat] [UtilityProcess] Worker进程退出，退出码: 11
10-06 00:38:37.698 I/AstrBotEngine: [NAPCAT] 10-06 00:38:34 [warn] [NapCat] [UtilityProcess] Worker进程意外退出 (2/3)，正在尝试重新拉起...
10-06 00:38:37.716 I/AstrBotEngine: [NAPCAT] [launcher] loadNapCat.js generated in current directory
10-06 00:38:37.734 I/AstrBotEngine: [NAPCAT] [26422:1006/003834.275347:ERROR:base/files/file_path_watcher_inotify.cc:923] Failed to read /proc/sys/fs/inotify/max_user_watches
10-06 00:38:37.777 I/AstrBotEngine: [NAPCAT] [26422:1006/003834.277366:ERROR:net/base/address_tracker_linux.cc:242] Could not bind NETLINK socket: Permission denied (13)
10-06 00:38:37.800 I/AstrBotEngine: [NAPCAT] NapCat Shell App Loading...
10-06 00:38:37.822 I/AstrBotEngine: [NAPCAT] [launcher] intercepted package.json: /opt/QQ/resources/app/package.json, replacing content
10-06 00:38:37.846 I/AstrBotEngine: [NAPCAT] [launcher] Generated relative path: ../../../../root
10-06 00:38:37.877 I/AstrBotEngine: [NAPCAT] [launcher] New main field: "main": "../../../../root/loadNapCat.js"
10-06 00:38:37.917 I/AstrBotEngine: [NAPCAT] [launcher] package.json content: {
10-06 00:38:37.942 I/AstrBotEngine: [NAPCAT]   "name": "QQ",
10-06 00:38:37.964 I/AstrBotEngine: [NAPCAT]   "version": "3.2.33-52892",
10-06 00:38:37.985 I/AstrBotEngine: [NAPCAT]   "private": true,
10-06 00:38:38.007 I/AstrBotEngine: [NAPCAT]   "description": "QQ",
10-06 00:38:38.026 I/AstrBotEngine: [NAPCAT]   "productName": "QQ",
10-06 00:38:38.047 I/AstrBotEngine: [NAPCAT]   "author": {
10-06 00:38:38.070 I/AstrBotEngine: [NAPCAT]     "name": "Tencent",
10-06 00:38:38.092 I/AstrBotEngine: [NAPCAT]     "email": "QQ-Team@tencent.com"
10-06 00:38:38.130 I/AstrBotEngine: [NAPCAT]   },
10-06 00:38:38.149 I/AstrBotEngine: [NAPCAT]   "homepage": "https://im.qq.com",
10-06 00:38:38.193 I/AstrBotEngine: [NAPCAT]   "sideEffects": true,
10-06 00:38:38.230 I/AstrBotEngine: [NAPCAT]   "bin": {
10-06 00:38:38.259 I/AstrBotEngine: [NAPCAT]     "qd": "externals/devtools/cli/index.js"
10-06 00:38:38.279 I/AstrBotEngine: [NAPCAT]   },
10-06 00:38:38.302 I/AstrBotEngine: [NAPCAT]   "appid": {
10-06 00:38:38.321 I/AstrBotEngine: [NAPCAT]     "win32": "537382716",
10-06 00:38:38.343 I/AstrBotEngine: [NAPCAT]     "darwin": "537382742",
10-06 00:38:38.376 I/AstrBotEngine: [NAPCAT]     "linux": "537382753",
10-06 00:38:38.396 I/AstrBotEngine: [NAPCAT]     "ohos": "5373141859"
10-06 00:38:38.425 I/AstrBotEngine: [NAPCAT]   },
10-06 00:38:38.458 I/AstrBotEngine: [NAPCAT]   "main": "../../../../root/loadNapCat.js",
10-06 00:38:38.479 I/AstrBotEngine: [NAPCAT]   "peerDependenciesMeta": {
10-06 00:38:38.498 I/AstrBotEngine: [NAPCAT]     "*": {
10-06 00:38:38.521 I/AstrBotEngine: [NAPCAT]       "optional": true
10-06 00:38:38.547 I/AstrBotEngine: [NAPCAT]     }
10-06 00:38:38.569 I/AstrBotEngine: [NAPCAT]   },
10-06 00:38:38.595 I/AstrBotEngine: [NAPCAT]   "pnpm": {
10-06 00:38:38.623 I/AstrBotEngine: [NAPCAT]     "patchedDependencies": {
10-06 00:38:38.650 I/AstrBotEngine: [NAPCAT]       "@vue/runtime-dom@3.5.12": "patches/@vue__runtime-dom@3.5.12.patch",
10-06 00:38:38.677 I/AstrBotEngine: [NAPCAT]       "@swc/helpers@0.5.3": "patches/@swc__helpers@0.5.3.patch",
10-06 00:38:38.698 I/AstrBotEngine: [NAPCAT]       "vuex@4.1.0": "patches/vuex@4.1.0.patch",
10-06 00:38:38.719 I/AstrBotEngine: [NAPCAT]       "typescript-parser@2.6.1": "patches/typescript-parser@2.6.1.patch",
10-06 00:38:38.741 I/AstrBotEngine: [NAPCAT]       "@tencent/qqplay-downloadsdk": "patches/@tencent__qqplay-downloadsdk.patch",
10-06 00:38:38.759 I/AstrBotEngine: [NAPCAT]       "@tencent/universal-report@4.5.4": "patches/@tencent__universal-report@4.5.4.patch",
10-06 00:38:38.780 I/AstrBotEngine: [NAPCAT]       "typescript@7.0.2": "patches/typescript@7.0.2.patch"
10-06 00:38:38.807 I/AstrBotEngine: [NAPCAT]     },
10-06 00:38:38.852 I/AstrBotEngine: [NAPCAT]     "packageExtensions": {
10-06 00:38:38.866 I/AstrBotEngine: [NAPCAT]       "qute": {
10-06 00:38:38.885 I/AstrBotEngine: [NAPCAT]         "dependencies": {},
10-06 00:38:38.912 I/AstrBotEngine: [NAPCAT]         "devDependencies": {}
10-06 00:38:38.949 I/AstrBotEngine: [NAPCAT]       }
10-06 00:38:38.988 I/AstrBotEngine: [NAPCAT]     },
10-06 00:38:39.022 I/AstrBotEngine: [NAPCAT]     "overrides": {
10-06 00:38:39.045 I/AstrBotEngine: [NAPCAT]       "@types/react": "-",
10-06 00:38:39.071 I/AstrBotEngine: [NAPCAT]       "@types/react-dom": "-",
10-06 00:38:39.091 I/AstrBotEngine: [NAPCAT]       "@tencent/yuanbao-react-markdown>@types/hast": "-",
10-06 00:38:39.123 I/AstrBotEngine: [NAPCAT]       "@tencent/yuanbao-react-markdown>devlop": "-",
10-06 00:38:39.147 I/AstrBotEngine: [NAPCAT]       "@tencent/yuanbao-react-markdown>hast-util-to-jsx-runtime": "-",
10-06 00:38:39.177 I/AstrBotEngine: [NAPCAT]       "@tencent/yuanbao-react-markdown>html-url-attributes": "-",
10-06 00:38:39.199 I/AstrBotEngine: [NAPCAT]       "@tencent/yuanbao-react-markdown>mdast-util-to-hast": "-",
10-06 00:38:39.240 I/AstrBotEngine: cut: write error: Broken pipe
10-06 00:38:40.713 I/AstrBotEngine: [AstrBot Android] 自愈第 1 轮已执行（详见 /root/napcat/watchdog.log；若已进入禁 bypass 态，反检测将保持关闭直至手动恢复）
10-06 00:38:40.826 I/AstrBotEngine: [NAPCAT] [launcher] loadNapCat.js generated in current directory
10-06 00:38:40.845 I/AstrBotEngine: [NAPCAT] not mini app. 
10-06 00:38:40.918 I/AstrBotEngine: [NAPCAT] [launcher] loadNapCat.js generated in current directory
10-06 00:38:40.935 I/AstrBotEngine: [NAPCAT] [preload] succeeded. /opt/QQ/resources/app/major.node
10-06 00:38:40.962 I/AstrBotEngine: [NAPCAT] [27611:1006/003840.911344:ERROR:base/files/file_path_watcher_inotify.cc:923] Failed to read /proc/sys/fs/inotify/max_user_watches
10-06 00:38:40.993 I/AstrBotEngine: [NAPCAT] [launcher] loadNapCat.js generated in current directory
10-06 00:38:41.021 I/AstrBotEngine: [NAPCAT] [preload] succeeded. /opt/QQ/resources/app/major.node
10-06 00:38:41.046 I/AstrBotEngine: [NAPCAT] [27600:1006/003840.933519:ERROR:dbus/bus.cc:406] Failed to connect to the bus: Failed to connect to socket /run/dbus/system_bus_socket: No such file or director
10-06 00:38:41.075 I/AstrBotEngine: [NAPCAT] [27610:1006/003840.937995:ERROR:base/files/file_path_watcher_inotify.cc:923] Failed to read /proc/sys/fs/inotify/max_user_watches
10-06 00:38:41.103 I/AstrBotEngine: [NAPCAT] resourcesPath: /opt/QQ/resources
10-06 00:38:41.124 I/AstrBotEngine: [NAPCAT] [launcher] intercepted package.json: /opt/QQ/resources/app/package.json, replacing content
10-06 00:38:41.146 I/AstrBotEngine: [NAPCAT] [launcher] Generated relative path: ../../../../root
10-06 00:38:41.169 I/AstrBotEngine: [NAPCAT] [launcher] New main field: "main": "../../../../root/loadNapCat.js"
10-06 00:38:41.195 I/AstrBotEngine: [NAPCAT] [launcher] package.json content: {
10-06 00:38:41.219 I/AstrBotEngine: [NAPCAT]   "name": "QQ",
10-06 00:38:41.250 I/AstrBotEngine: [NAPCAT]   "version": "3.2.33-52892",
10-06 00:38:41.275 I/AstrBotEngine: [NAPCAT]   "private": true,
10-06 00:38:41.302 I/AstrBotEngine: [NAPCAT]   "description": "QQ",
10-06 00:38:41.332 I/AstrBotEngine: [NAPCAT]   "productName": "QQ",
10-06 00:38:41.355 I/AstrBotEngine: [NAPCAT]   "author": {
10-06 00:38:41.398 I/AstrBotEngine: [NAPCAT]     "name": "Tencent",
10-06 00:38:41.428 I/AstrBotEngine: [NAPCAT]     "email": "QQ-Team@tencent.com"
10-06 00:38:41.460 I/AstrBotEngine: [NAPCAT]   },
10-06 00:38:41.481 I/AstrBotEngine: [NAPCAT]   "homepage": "https://im.qq.com",
10-06 00:38:41.504 I/AstrBotEngine: [NAPCAT]   "sideEffects": true,
10-06 00:38:41.524 I/AstrBotEngine: [NAPCAT]   "bin": {
10-06 00:38:41.556 I/AstrBotEngine: [NAPCAT]     "qd": "externals/devtools/cli/index.js"
10-06 00:38:41.591 I/AstrBotEngine: [NAPCAT]   },
10-06 00:38:41.611 I/AstrBotEngine: [NAPCAT]   "appid": {
10-06 00:38:41.643 I/AstrBotEngine: [NAPCAT]     "win32": "537382716",
10-06 00:38:41.665 I/AstrBotEngine: [NAPCAT]     "darwin": "537382742",
10-06 00:38:41.689 I/AstrBotEngine: [NAPCAT]     "linux": "537382753",
10-06 00:38:41.712 I/AstrBotEngine: [NAPCAT]     "ohos": "5373141859"
10-06 00:38:41.736 I/AstrBotEngine: [NAPCAT]   },
10-06 00:38:41.758 I/AstrBotEngine: [NAPCAT]   "main": "../../../../root/loadNapCat.js",
10-06 00:38:41.781 I/AstrBotEngine: [NAPCAT]   "peerDependenciesMeta": {
10-06 00:38:41.801 I/AstrBotEngine: [NAPCAT]     "*": {
10-06 00:38:41.823 I/AstrBotEngine: [NAPCAT]       "optional": true
10-06 00:38:41.843 I/AstrBotEngine: [NAPCAT]     }
10-06 00:38:41.864 I/AstrBotEngine: [NAPCAT]   },
10-06 00:38:41.883 I/AstrBotEngine: [NAPCAT]   "pnpm": {
10-06 00:38:41.904 I/AstrBotEngine: [NAPCAT]     "patchedDependencies": {
10-06 00:38:41.927 I/AstrBotEngine: [NAPCAT]       "@vue/runtime-dom@3.5.12": "patches/@vue__runtime-dom@3.5.12.patch",
10-06 00:38:41.955 I/AstrBotEngine: [NAPCAT]       "@swc/helpers@0.5.3": "patches/@swc__helpers@0.5.3.patch",
10-06 00:38:41.977 I/AstrBotEngine: [NAPCAT]       "vuex@4.1.0": "patches/vuex@4.1.0.patch",
10-06 00:38:42.009 I/AstrBotEngine: [NAPCAT]       "typescript-parser@2.6.1": "patches/typescript-parser@2.6.1.patch",
10-06 00:38:42.050 I/AstrBotEngine: [NAPCAT]       "@tencent/qqplay-downloadsdk": "patches/@tencent__qqplay-downloadsdk.patch",
10-06 00:38:42.071 I/AstrBotEngine: [NAPCAT]       "@tencent/universal-report@4.5.4": "patches/@tencent__universal-report@4.5.4.patch",
10-06 00:38:42.094 I/AstrBotEngine: [NAPCAT]       "typescript@7.0.2": "patches/typescript@7.0.2.patch"
10-06 00:38:42.124 I/AstrBotEngine: [NAPCAT]     },
10-06 00:38:42.139 I/AstrBotEngine: [NAPCAT]     "packageExtensions": {
10-06 00:38:42.163 I/AstrBotEngine: [NAPCAT]       "qute": {
10-06 00:38:42.202 I/AstrBotEngine: [NAPCAT]         "dependencies": {},
10-06 00:38:42.229 I/AstrBotEngine: [NAPCAT]         "devDependencies": {}
10-06 00:38:42.250 I/AstrBotEngine: [NAPCAT]       }
10-06 00:38:42.276 I/AstrBotEngine: [NAPCAT]     },
10-06 00:38:42.302 I/AstrBotEngine: [NAPCAT]     "overrides": {
10-06 00:38:42.322 I/AstrBotEngine: [NAPCAT]       "@types/react": "-",
10-06 00:38:42.344 I/AstrBotEngine: [NAPCAT]       "@types/react-dom": "-",
10-06 00:38:42.366 I/AstrBotEngine: [NAPCAT]       "@tencent/yuanbao-react-markdown>@types/hast": "-",
10-06 00:38:42.390 I/AstrBotEngine: [NAPCAT]       "@tencent/yuanbao-react-markdown>devlop": "-",
10-06 00:38:42.416 I/AstrBotEngine: [NAPCAT]       "@tencent/yuanbao-react-markdown>hast-util-to-jsx-runtime": "-",
10-06 00:38:42.444 I/AstrBotEngine: [NAPCAT]       "@tencent/yuanbao-react-markdown>html-url-attributes": "-",
10-06 00:38:42.470 I/AstrBotEngine: [NAPCAT]       "@tencent/yuanbao-react-markdown>mdast-util-to-hast": "-",
10-06 00:38:42.494 I/AstrBotEngine: [NAPCAT]       "@tencent/yuanbao-react-markdown>rehype-parse": "-",
10-06 00:38:42.546 I/AstrBotEngine: [NAPCAT]       "@tencent/yuanbao-react-markdown>rehype-stringify": "-",
10-06 00:38:42.603 I/AstrBotEngine: [NAPCAT]       "@tencent/yuanbao-react-markdown>remark-parse": "-",
10-06 00:38:42.644 I/AstrBotEngine: [NAPCAT]       "@tencent/yuanbao-react-markdown>remark-rehype": "-",
10-06 00:38:42.676 I/AstrBotEngine: [NAPCAT]       "@tencent/yuanbao-react-markdown>unified": "-",
10-06 00:38:42.716 I/AstrBotEngine: [NAPCAT]       "@tencent/yuanbao-react-markdown>unist-util-visit": "-",
10-06 00:38:42.754 I/AstrBotEngine: [NAPCAT]       "@tencent/yuanbao-react-markdown>vfile": "-",
10-06 00:38:42.793 I/AstrBotEngine: [NAPCAT]       "@types/d3-dispatch": "3.0.6"
10-06 00:38:42.836 I/AstrBotEngine: [NAPCAT]     }
10-06 00:38:42.860 I/AstrBotEngine: [NAPCAT]   },
10-06 00:38:42.928 I/AstrBotEngine: [NAPCAT]   "buildVersion": "52892",
10-06 00:38:42.969 I/AstrBotEngine: [NAPCAT]   "platform": "linux",
10-06 00:38:43.003 I/AstrBotEngine: [NAPCAT]   "eleArch": "arm64",
10-06 00:38:43.045 I/AstrBotEngine: [NAPCAT]   "linuxFormat": "deb"
10-06 00:38:43.086 I/AstrBotEngine: [NAPCAT] }
10-06 00:38:43.114 I/AstrBotEngine: [NAPCAT] [27600:1006/003842.573947:ERROR:dbus/bus.cc:406] Failed to connect to the bus: Could not parse server address: Unknown address type (examples of valid types are
10-06 00:38:43.154 I/AstrBotEngine: [NAPCAT] [27600:1006/003842.574027:ERROR:dbus/bus.cc:406] Failed to connect to the bus: Could not parse server address: Unknown address type (examples of valid types are
10-06 00:38:43.185 I/AstrBotEngine: [NAPCAT] [27600:1006/003842.575280:ERROR:dbus/bus.cc:406] Failed to connect to the bus: Failed to connect to socket /run/dbus/system_bus_socket: No such file or director
10-06 00:38:43.212 I/AstrBotEngine: [NAPCAT] [27600:1006/003842.575463:ERROR:base/files/file_path_watcher_inotify.cc:923] Failed to read /proc/sys/fs/inotify/max_user_watches
10-06 00:38:43.247 I/AstrBotEngine: [NAPCAT] [27600:1006/003842.575566:ERROR:dbus/bus.cc:406] Failed to connect to the bus: Failed to connect to socket /run/dbus/system_bus_socket: No such file or director
10-06 00:38:43.280 I/AstrBotEngine: [NAPCAT] [27600:1006/003842.575574:ERROR:net/base/address_tracker_linux.cc:242] Could not bind NETLINK socket: Permission denied (13)
10-06 00:38:43.313 I/AstrBotEngine: [NAPCAT] [27600:1006/003842.591575:ERROR:device/udev_linux/udev_watcher.cc:51] Failed to initialize a udev monitor.
10-06 00:38:43.344 I/AstrBotEngine: [NAPCAT] [27600:1006/003842.608157:ERROR:dbus/object_proxy.cc:573] Failed to call method: org.freedesktop.DBus.NameHasOwner: object_path= /org/freedesktop/DBus: unknown 
10-06 00:38:43.389 I/AstrBotEngine: [NAPCAT] [27600:1006/003842.608256:ERROR:dbus/object_proxy.cc:573] Failed to call method: org.freedesktop.DBus.NameHasOwner: object_path= /org/freedesktop/DBus: unknown 
10-06 00:38:43.409 I/AstrBotEngine: [NAPCAT] [27600:1006/003842.609650:ERROR:dbus/bus.cc:406] Failed to connect to the bus: Could not parse server address: Unknown address type (examples of valid types are
10-06 00:38:43.439 I/AstrBotEngine: [NAPCAT] [27600:1006/003842.609695:ERROR:dbus/bus.cc:406] Failed to connect to the bus: Could not parse server address: Unknown address type (examples of valid types are
10-06 00:38:43.472 I/AstrBotEngine: [NAPCAT] [27600:1006/003842.609711:ERROR:dbus/object_proxy.cc:573] Failed to call method: org.freedesktop.DBus.NameHasOwner: object_path= /org/freedesktop/DBus: unknown 
10-06 00:38:43.494 I/AstrBotEngine: [NAPCAT] [27600:1006/003842.629941:ERROR:dbus/object_proxy.cc:573] Failed to call method: org.freedesktop.DBus.NameHasOwner: object_path= /org/freedesktop/DBus: unknown 
10-06 00:38:43.519 I/AstrBotEngine: [NAPCAT] [28012:1006/003842.827854:ERROR:base/files/file_path_watcher_inotify.cc:923] Failed to read /proc/sys/fs/inotify/max_user_watches
10-06 00:38:43.571 I/AstrBotEngine: [NAPCAT] [launcher] loadNapCat.js generated in current directory
10-06 00:38:43.592 I/AstrBotEngine: [NAPCAT] [28005:1006/003842.930222:ERROR:base/files/file_path_watcher_inotify.cc:923] Failed to read /proc/sys/fs/inotify/max_user_watches
10-06 00:38:43.626 I/AstrBotEngine: [NAPCAT] [28005:1006/003842.931017:ERROR:net/base/address_tracker_linux.cc:242] Could not bind NETLINK socket: Permission denied (13)
10-06 00:38:43.656 I/AstrBotEngine: [NAPCAT] [28001:1006/003843.146479:ERROR:ui/gl/angle_platform_impl.cc:42] Display.cpp:1097 (initialize): ANGLE Display::initialize error 12289: GLX is not present.
10-06 00:38:43.683 I/AstrBotEngine: [NAPCAT] ERR: Display.cpp:1097 (initialize): ANGLE Display::initialize error 12289: GLX is not present.
10-06 00:38:43.720 I/AstrBotEngine: [NAPCAT] [28001:1006/003843.148365:ERROR:ui/gl/egl_util.cc:92] EGL Driver message (Critical) eglInitialize: GLX is not present.
10-06 00:38:43.752 I/AstrBotEngine: [NAPCAT] [28001:1006/003843.148789:ERROR:ui/gl/gl_display.cc:639] eglInitialize OpenGL failed with error EGL_NOT_INITIALIZED, trying next display type
10-06 00:38:43.777 I/AstrBotEngine: [NAPCAT] [28001:1006/003843.149455:ERROR:ui/gl/angle_platform_impl.cc:42] Display.cpp:1097 (initialize): ANGLE Display::initialize error 12289: GLX is not present.
10-06 00:38:43.809 I/AstrBotEngine: [NAPCAT] ERR: Display.cpp:1097 (initialize): ANGLE Display::initialize error 12289: GLX is not present.
10-06 00:38:43.836 I/AstrBotEngine: [NAPCAT] [28001:1006/003843.149707:ERROR:ui/gl/egl_util.cc:92] EGL Driver message (Critical) eglInitialize: GLX is not present.
10-06 00:38:43.865 I/AstrBotEngine: [NAPCAT] [28001:1006/003843.149950:ERROR:ui/gl/gl_display.cc:639] eglInitialize OpenGLES failed with error EGL_NOT_INITIALIZED
10-06 00:38:43.896 I/AstrBotEngine: [NAPCAT] [28001:1006/003843.150174:ERROR:ui/gl/gl_display.cc:674] Initialization of all EGL display types failed.
10-06 00:38:43.921 I/AstrBotEngine: [NAPCAT] [28001:1006/003843.150518:ERROR:ui/ozone/common/gl_ozone_egl.cc:26] GLDisplayEGL::Initialize failed.
10-06 00:38:43.948 I/AstrBotEngine: [NAPCAT] [28001:1006/003843.326673:ERROR:ui/gl/angle_platform_impl.cc:42] Display.cpp:1097 (initialize): ANGLE Display::initialize error 12289: GLX is not present.
10-06 00:38:43.975 I/AstrBotEngine: [NAPCAT] ERR: Display.cpp:1097 (initialize): ANGLE Display::initialize error 12289: GLX is not present.
10-06 00:38:44.006 I/AstrBotEngine: [NAPCAT] [28001:1006/003843.327244:ERROR:ui/gl/egl_util.cc:92] EGL Driver message (Critical) eglInitialize: GLX is not present.
10-06 00:38:44.041 I/AstrBotEngine: [NAPCAT] [28001:1006/003843.329206:ERROR:ui/gl/gl_display.cc:639] eglInitialize OpenGL failed with error EGL_NOT_INITIALIZED, trying next display type
10-06 00:38:44.066 I/AstrBotEngine: [NAPCAT] [28001:1006/003843.329845:ERROR:ui/gl/angle_platform_impl.cc:42] Display.cpp:1097 (initialize): ANGLE Display::initialize error 12289: GLX is not present.
10-06 00:38:44.110 I/AstrBotEngine: [NAPCAT] ERR: Display.cpp:1097 (initialize): ANGLE Display::initialize error 12289: GLX is not present.
10-06 00:38:44.161 I/AstrBotEngine: [NAPCAT] [28001:1006/003843.330595:ERROR:ui/gl/egl_util.cc:92] EGL Driver message (Critical) eglInitialize: GLX is not present.
10-06 00:38:44.202 I/AstrBotEngine: [NAPCAT] [28001:1006/003843.331546:ERROR:ui/gl/gl_display.cc:639] eglInitialize OpenGLES failed with error EGL_NOT_INITIALIZED
10-06 00:38:44.228 I/AstrBotEngine: [NAPCAT] [28001:1006/003843.334899:ERROR:ui/gl/gl_display.cc:674] Initialization of all EGL display types failed.
10-06 00:38:44.259 I/AstrBotEngine: [NAPCAT] [28001:1006/003843.335480:ERROR:ui/ozone/common/gl_ozone_egl.cc:26] GLDisplayEGL::Initialize failed.
10-06 00:38:44.290 I/AstrBotEngine: [NAPCAT] [28001:1006/003843.345874:ERROR:components/viz/service/main/viz_main_impl.cc:189] Exiting GPU process due to errors during initialization
10-06 00:38:44.349 I/AstrBotEngine: [NAPCAT] NapCat Shell App Loading...
10-06 00:38:44.373 I/AstrBotEngine: [NAPCAT] [launcher] intercepted package.json: /opt/QQ/resources/app/package.json, replacing content
10-06 00:38:44.395 I/AstrBotEngine: [NAPCAT] [launcher] Generated relative path: ../../../../root
10-06 00:38:44.414 I/AstrBotEngine: [NAPCAT] [launcher] New main field: "main": "../../../../root/loadNapCat.js"
10-06 00:38:44.434 I/AstrBotEngine: [NAPCAT] [launcher] package.json content: {
10-06 00:38:44.483 I/AstrBotEngine: [NAPCAT]   "name": "QQ",
10-06 00:38:44.512 I/AstrBotEngine: [NAPCAT]   "version": "3.2.33-52892",
10-06 00:38:44.547 I/AstrBotEngine: [NAPCAT]   "private": true,
10-06 00:38:44.590 I/AstrBotEngine: [NAPCAT]   "description": "QQ",
10-06 00:38:44.630 I/AstrBotEngine: [NAPCAT]   "productName": "QQ",
10-06 00:38:44.673 I/AstrBotEngine: [NAPCAT]   "author": {
10-06 00:38:44.717 I/AstrBotEngine: [NAPCAT]     "name": "Tencent",
10-06 00:38:44.740 I/AstrBotEngine: [NAPCAT]     "email": "QQ-Team@tencent.com"
10-06 00:38:44.765 I/AstrBotEngine: [NAPCAT]   },
10-06 00:38:44.814 I/AstrBotEngine: [NAPCAT]   "homepage": "https://im.qq.com",
10-06 00:38:44.860 I/AstrBotEngine: [NAPCAT]   "sideEffects": true,
10-06 00:38:44.893 I/AstrBotEngine: [NAPCAT]   "bin": {
10-06 00:38:44.928 I/AstrBotEngine: [NAPCAT]     "qd": "externals/devtools/cli/index.js"
10-06 00:38:44.960 I/AstrBotEngine: [NAPCAT]   },
10-06 00:38:44.985 I/AstrBotEngine: [NAPCAT]   "appid": {
10-06 00:38:45.019 I/AstrBotEngine: [NAPCAT]     "win32": "537382716",
10-06 00:38:45.065 I/AstrBotEngine: [NAPCAT]     "darwin": "537382742",
10-06 00:38:45.109 I/AstrBotEngine: [NAPCAT]     "linux": "537382753",
10-06 00:38:45.148 I/AstrBotEngine: [NAPCAT]     "ohos": "5373141859"
10-06 00:38:45.184 I/AstrBotEngine: [NAPCAT]   },
10-06 00:38:45.237 I/AstrBotEngine: [NAPCAT]   "main": "../../../../root/loadNapCat.js",
10-06 00:38:45.278 I/AstrBotEngine: [NAPCAT]   "peerDependenciesMeta": {
10-06 00:38:45.303 I/AstrBotEngine: [NAPCAT]     "*": {
10-06 00:38:45.341 I/AstrBotEngine: [NAPCAT]       "optional": true
10-06 00:38:45.366 I/AstrBotEngine: [NAPCAT]     }
10-06 00:38:45.394 I/AstrBotEngine: [NAPCAT]   },
10-06 00:38:45.433 I/AstrBotEngine: [NAPCAT]   "pnpm": {
10-06 00:38:45.484 I/AstrBotEngine: [NAPCAT]     "patchedDependencies": {
10-06 00:38:45.510 I/AstrBotEngine: [NAPCAT]       "@vue/runtime-dom@3.5.12": "patches/@vue__runtime-dom@3.5.12.patch",
10-06 00:38:45.548 I/AstrBotEngine: [NAPCAT]       "@swc/helpers@0.5.3": "patches/@swc__helpers@0.5.3.patch",
10-06 00:38:45.578 I/AstrBotEngine: [NAPCAT]       "vuex@4.1.0": "patches/vuex@4.1.0.patch",
10-06 00:38:45.625 I/AstrBotEngine: [NAPCAT]       "typescript-parser@2.6.1": "patches/typescript-parser@2.6.1.patch",
10-06 00:38:45.654 I/AstrBotEngine: [NAPCAT]       "@tencent/qqplay-downloadsdk": "patches/@tencent__qqplay-downloadsdk.patch",
10-06 00:38:45.694 I/AstrBotEngine: [NAPCAT]       "@tencent/universal-report@4.5.4": "patches/@tencent__universal-report@4.5.4.patch",
10-06 00:38:45.724 I/AstrBotEngine: [NAPCAT]       "typescript@7.0.2": "patches/typescript@7.0.2.patch"
10-06 00:38:45.763 I/AstrBotEngine: [NAPCAT]     },
10-06 00:38:45.785 I/AstrBotEngine: [NAPCAT]     "packageExtensions": {
10-06 00:38:45.806 I/AstrBotEngine: [NAPCAT]       "qute": {
10-06 00:38:45.835 I/AstrBotEngine: [NAPCAT]         "dependencies": {},
10-06 00:38:45.872 I/AstrBotEngine: [NAPCAT]         "devDependencies": {}
10-06 00:38:45.901 I/AstrBotEngine: [NAPCAT]       }
10-06 00:38:45.944 I/AstrBotEngine: [NAPCAT]     },
10-06 00:38:45.988 I/AstrBotEngine: [NAPCAT]     "overrides": {
10-06 00:38:46.017 I/AstrBotEngine: [NAPCAT]       "@types/react": "-",
10-06 00:38:46.050 I/AstrBotEngine: [NAPCAT]       "@types/react-dom": "-",
10-06 00:38:46.085 I/AstrBotEngine: [NAPCAT]       "@tencent/yuanbao-react-markdown>@types/hast": "-",
10-06 00:38:46.157 I/AstrBotEngine: [NAPCAT]       "@tencent/yuanbao-react-markdown>devlop": "-",
10-06 00:38:46.192 I/AstrBotEngine: [NAPCAT]       "@tencent/yuanbao-react-markdown>hast-util-to-jsx-runtime": "-",
10-06 00:38:46.231 I/AstrBotEngine: [NAPCAT]       "@tencent/yuanbao-react-markdown>html-url-attributes": "-",
10-06 00:38:46.269 I/AstrBotEngine: [NAPCAT]       "@tencent/yuanbao-react-markdown>mdast-util-to-hast": "-",
10-06 00:38:46.301 I/AstrBotEngine: [NAPCAT]       "@tencent/yuanbao-react-markdown>rehype-parse": "-",
10-06 00:38:46.352 I/AstrBotEngine: [NAPCAT]       "@tencent/yuanbao-react-markdown>rehype-stringify": "-",
10-06 00:38:46.403 I/AstrBotEngine: [NAPCAT]       "@tencent/yuanbao-react-markdown>remark-parse": "-",
10-06 00:38:46.444 I/AstrBotEngine: [NAPCAT]       "@tencent/yuanbao-react-markdown>remark-rehype": "-",
10-06 00:38:46.484 I/AstrBotEngine: [NAPCAT]       "@tencent/yuanbao-react-markdown>unified": "-",
10-06 00:38:46.517 I/AstrBotEngine: [NAPCAT]       "@tencent/yuanbao-react-markdown>unist-util-visit": "-",
10-06 00:38:46.557 I/AstrBotEngine: [NAPCAT]       "@tencent/yuanbao-react-markdown>vfile": "-",
10-06 00:38:46.596 I/AstrBotEngine: [NAPCAT]       "@types/d3-dispatch": "3.0.6"
10-06 00:38:46.629 I/AstrBotEngine: [NAPCAT]     }
10-06 00:38:46.660 I/AstrBotEngine: [NAPCAT]   },
10-06 00:38:46.688 I/AstrBotEngine: [NAPCAT]   "buildVersion": "52892",
10-06 00:38:46.734 I/AstrBotEngine: [NAPCAT]   "platform": "linux",
10-06 00:38:46.787 I/AstrBotEngine: [NAPCAT]   "eleArch": "arm64",
10-06 00:38:46.865 I/AstrBotEngine: [NAPCAT]   "linuxFormat": "deb"
10-06 00:38:46.939 I/AstrBotEngine: [NAPCAT] }
10-06 00:38:47.013 I/AstrBotEngine: [NAPCAT] prepare write and writev hooks
10-06 00:38:47.103 I/AstrBotEngine: [NAPCAT] 10-06 00:38:44 [info] [PacketHandler] 加载成功
10-06 00:38:47.145 I/AstrBotEngine: [NAPCAT] 10-06 00:38:44 [info] [Napi2NativeLoader] 加载成功
10-06 00:38:47.194 I/AstrBotEngine: [NAPCAT] 10-06 00:38:44 [info] [FFmpeg] 检查 Native Addon 可用性...
10-06 00:38:47.236 I/AstrBotEngine: [NAPCAT] 10-06 00:38:44 [info] [FFmpeg] ✓ 使用 Native Addon 适配器
10-06 00:38:47.271 I/AstrBotEngine: [NAPCAT] 10-06 00:38:44 [info] [PacketHandler] 初始化成功
10-06 00:38:47.300 I/AstrBotEngine: [NAPCAT] 10-06 00:38:44 [info] [NapCat] [Core] NapCat.Core Version: 4.18.28
10-06 00:38:47.371 I/AstrBotEngine: [NAPCAT] [I] <MemoryFile.cpp:98::open> open fd[0x27], /root/.config/QQ/nt_qq/global/nt_data/mmkv/nt_mmkv_global_misc.crc
10-06 00:38:47.412 I/AstrBotEngine: [NAPCAT] [I] <MMKV_IO.cpp:213::loadMetaInfoAndCheck> meta file [nt_mmkv_global_misc] has flag [0]
10-06 00:38:47.455 I/AstrBotEngine: [NAPCAT] [I] <MMKV_IO.cpp:87::loadFromFile> loading [nt_mmkv_global_misc] with 201 actual size, file size 4096, InterProcess 1, meta info version:4
10-06 00:38:47.527 I/AstrBotEngine: [NAPCAT] [I] <MMKV_IO.cpp:92::loadFromFile> loading [nt_mmkv_global_misc] with crc 869129090 sequence 1 version 4
10-06 00:38:47.622 I/AstrBotEngine: [NAPCAT] [I] <MMKV_IO.cpp:136::loadFromFile> loaded [nt_mmkv_global_misc] with 2 key-values
10-06 00:38:47.719 I/AstrBotEngine: [NAPCAT] [I] <MMKV.cpp:233::initializeMMKV> root dir: /root/.config/QQ/nt_qq/global/nt_data/mmkv
10-06 00:38:47.797 I/AstrBotEngine: [NAPCAT] [I] <MemoryFile.cpp:98::open> open fd[0x28], /root/.config/QQ/nt_qq/global/nt_data/mmkv/nt_mmkv_o3
10-06 00:38:47.881 I/AstrBotEngine: [NAPCAT] [I] <MemoryFile.cpp:98::open> open fd[0x29], /root/.config/QQ/nt_qq/global/nt_data/mmkv/nt_mmkv_o3.crc
10-06 00:38:47.961 I/AstrBotEngine: [NAPCAT] [I] <MMKV_IO.cpp:213::loadMetaInfoAndCheck> meta file [nt_mmkv_o3] has flag [0]
10-06 00:38:48.004 I/AstrBotEngine: [NAPCAT] [I] <MMKV_IO.cpp:87::loadFromFile> loading [nt_mmkv_o3] with 183 actual size, file size 4096, InterProcess 1, meta info version:4
10-06 00:38:48.047 I/AstrBotEngine: [NAPCAT] [I] <MMKV_IO.cpp:92::loadFromFile> loading [nt_mmkv_o3] with crc 704323148 sequence 1 version 4
10-06 00:38:48.082 I/AstrBotEngine: [NAPCAT] [I] <MMKV_IO.cpp:136::loadFromFile> loaded [nt_mmkv_o3] with 2 key-values
10-06 00:38:48.137 I/AstrBotEngine: [NAPCAT] 10-06 00:38:44 [error] [NapCat] [UtilityProcess] Worker进程退出，退出码: 11
10-06 00:38:48.182 I/AstrBotEngine: [NAPCAT] 10-06 00:38:44 [warn] [NapCat] [UtilityProcess] Worker进程意外退出 (1/3)，正在尝试重新拉起...
10-06 00:38:48.239 I/AstrBotEngine: [NAPCAT] [launcher] loadNapCat.js generated in current directory
10-06 00:38:48.289 I/AstrBotEngine: [NAPCAT] [28412:1006/003844.828212:ERROR:base/files/file_path_watcher_inotify.cc:923] Failed to read /proc/sys/fs/inotify/max_user_watches
10-06 00:38:48.361 I/AstrBotEngine: [NAPCAT] [28412:1006/003844.830688:ERROR:net/base/address_tracker_linux.cc:242] Could not bind NETLINK socket: Permission denied (13)
10-06 00:38:48.414 I/AstrBotEngine: [NAPCAT] NapCat Shell App Loading...
10-06 00:38:48.455 I/AstrBotEngine: [NAPCAT] [launcher] intercepted package.json: /opt/QQ/resources/app/package.json, replacing content
10-06 00:38:48.551 I/AstrBotEngine: [NAPCAT] [launcher] Generated relative path: ../../../../root
10-06 00:38:48.691 I/AstrBotEngine: [NAPCAT] [launcher] New main field: "main": "../../../../root/loadNapCat.js"
10-06 00:38:48.722 I/AstrBotEngine: [NAPCAT] [launcher] package.json content: {
10-06 00:38:48.766 I/AstrBotEngine: [NAPCAT]   "name": "QQ",
10-06 00:38:48.809 I/AstrBotEngine: [NAPCAT]   "version": "3.2.33-52892",
10-06 00:38:48.842 I/AstrBotEngine: [NAPCAT]   "private": true,
10-06 00:38:48.884 I/AstrBotEngine: [NAPCAT]   "description": "QQ",
10-06 00:38:48.921 I/AstrBotEngine: [NAPCAT]   "productName": "QQ",
10-06 00:38:48.968 I/AstrBotEngine: [NAPCAT]   "author": {
10-06 00:38:49.001 I/AstrBotEngine: [NAPCAT]     "name": "Tencent",
10-06 00:38:49.036 I/AstrBotEngine: [NAPCAT]     "email": "QQ-Team@tencent.com"
10-06 00:38:49.068 I/AstrBotEngine: [NAPCAT]   },
10-06 00:38:49.095 I/AstrBotEngine: [NAPCAT]   "homepage": "https://im.qq.com",
10-06 00:38:49.123 I/AstrBotEngine: [NAPCAT]   "sideEffects": true,
10-06 00:38:49.139 I/AstrBotEngine: [NAPCAT]   "bin": {
10-06 00:38:49.167 I/AstrBotEngine: [NAPCAT]     "qd": "externals/devtools/cli/index.js"
10-06 00:38:49.190 I/AstrBotEngine: [NAPCAT]   },
10-06 00:38:49.212 I/AstrBotEngine: [NAPCAT]   "appid": {
10-06 00:38:49.242 I/AstrBotEngine: [NAPCAT]     "win32": "537382716",
10-06 00:38:49.273 I/AstrBotEngine: [NAPCAT]     "darwin": "537382742",
10-06 00:38:49.310 I/AstrBotEngine: [NAPCAT]     "linux": "537382753",
10-06 00:38:49.352 I/AstrBotEngine: [NAPCAT]     "ohos": "5373141859"
10-06 00:38:49.393 I/AstrBotEngine: [NAPCAT]   },
10-06 00:38:49.414 I/AstrBotEngine: [NAPCAT]   "main": "../../../../root/loadNapCat.js",
10-06 00:38:49.437 I/AstrBotEngine: [NAPCAT]   "peerDependenciesMeta": {
10-06 00:38:49.457 I/AstrBotEngine: [NAPCAT]     "*": {
10-06 00:38:49.483 I/AstrBotEngine: [NAPCAT]       "optional": true
10-06 00:38:49.519 I/AstrBotEngine: [NAPCAT]     }
10-06 00:38:49.544 I/AstrBotEngine: [NAPCAT]   },
10-06 00:38:49.579 I/AstrBotEngine: [NAPCAT]   "pnpm": {
10-06 00:38:49.595 I/AstrBotEngine: [NAPCAT]     "patchedDependencies": {
10-06 00:38:49.618 I/AstrBotEngine: [NAPCAT]       "@vue/runtime-dom@3.5.12": "patches/@vue__runtime-dom@3.5.12.patch",
10-06 00:38:49.649 I/AstrBotEngine: [NAPCAT]       "@swc/helpers@0.5.3": "patches/@swc__helpers@0.5.3.patch",
10-06 00:38:49.674 I/AstrBotEngine: [NAPCAT]       "vuex@4.1.0": "patches/vuex@4.1.0.patch",
10-06 00:38:49.703 I/AstrBotEngine: [NAPCAT]       "typescript-parser@2.6.1": "patches/typescript-parser@2.6.1.patch",
10-06 00:38:49.735 I/AstrBotEngine: [NAPCAT]       "@tencent/qqplay-downloadsdk": "patches/@tencent__qqplay-downloadsdk.patch",
10-06 00:38:49.756 I/AstrBotEngine: [NAPCAT]       "@tencent/universal-report@4.5.4": "patches/@tencent__universal-report@4.5.4.patch",
10-06 00:38:49.781 I/AstrBotEngine: [NAPCAT]       "typescript@7.0.2": "patches/typescript@7.0.2.patch"
10-06 00:38:49.812 I/AstrBotEngine: [NAPCAT]     },
10-06 00:38:49.856 I/AstrBotEngine: [NAPCAT]     "packageExtensions": {
10-06 00:38:49.887 I/AstrBotEngine: [NAPCAT]       "qute": {
10-06 00:38:49.912 I/AstrBotEngine: [NAPCAT]         "dependencies": {},
10-06 00:38:49.949 I/AstrBotEngine: [NAPCAT]         "devDependencies": {}
10-06 00:38:49.974 I/AstrBotEngine: [NAPCAT]       }
10-06 00:38:49.998 I/AstrBotEngine: [NAPCAT]     },
10-06 00:38:50.023 I/AstrBotEngine: [NAPCAT]     "overrides": {
10-06 00:38:50.051 I/AstrBotEngine: [NAPCAT]       "@types/react": "-",
10-06 00:38:50.078 I/AstrBotEngine: [NAPCAT]       "@types/react-dom": "-",
10-06 00:38:50.102 I/AstrBotEngine: [NAPCAT]       "@tencent/yuanbao-react-markdown>@types/hast": "-",
10-06 00:38:50.132 I/AstrBotEngine: [NAPCAT]       "@tencent/yuanbao-react-markdown>devlop": "-",
10-06 00:38:50.156 I/AstrBotEngine: [NAPCAT]       "@tencent/yuanbao-react-markdown>hast-util-to-jsx-runtime": "-",
10-06 00:38:50.175 I/AstrBotEngine: [NAPCAT]       "@tencent/yuanbao-react-markdown>html-url-attributes": "-",
10-06 00:38:50.198 I/AstrBotEngine: [NAPCAT]       "@tencent/yuanbao-react-markdown>mdast-util-to-hast": "-",
10-06 00:38:50.225 I/AstrBotEngine: [NAPCAT]       "@tencent/yuanbao-react-markdown>rehype-parse": "-",
10-06 00:38:50.250 I/AstrBotEngine: [NAPCAT]       "@tencent/yuanbao-react-markdown>rehype-stringify": "-",
10-06 00:38:50.295 I/AstrBotEngine: [NAPCAT]       "@tencent/yuanbao-react-markdown>remark-parse": "-",
10-06 00:38:50.312 I/AstrBotEngine: [NAPCAT]       "@tencent/yuanbao-react-markdown>remark-rehype": "-",
10-06 00:38:50.335 I/AstrBotEngine: [NAPCAT]       "@tencent/yuanbao-react-markdown>unified": "-",
10-06 00:38:50.356 I/AstrBotEngine: [NAPCAT]       "@tencent/yuanbao-react-markdown>unist-util-visit": "-",
10-06 00:38:50.386 I/AstrBotEngine: [NAPCAT]       "@tencent/yuanbao-react-markdown>vfile": "-",
10-06 00:38:50.414 I/AstrBotEngine: [NAPCAT]       "@types/d3-dispatch": "3.0.6"
10-06 00:38:50.440 I/AstrBotEngine: [NAPCAT]     }
10-06 00:38:50.483 I/AstrBotEngine: [NAPCAT]   },
10-06 00:38:50.508 I/AstrBotEngine: [NAPCAT]   "buildVersion": "52892",
10-06 00:38:50.523 I/AstrBotEngine: [NAPCAT]   "platform": "linux",
10-06 00:38:50.543 I/AstrBotEngine: [NAPCAT]   "eleArch": "arm64",
10-06 00:38:50.574 I/AstrBotEngine: [NAPCAT]   "linuxFormat": "deb"
10-06 00:38:50.603 I/AstrBotEngine: [NAPCAT] }
10-06 00:38:50.625 I/AstrBotEngine: [NAPCAT] prepare write and writev hooks
10-06 00:38:50.653 I/AstrBotEngine: [NAPCAT] 10-06 00:38:46 [info] [PacketHandler] 加载成功
10-06 00:38:50.678 I/AstrBotEngine: [NAPCAT] 10-06 00:38:46 [info] [Napi2NativeLoader] 加载成功
10-06 00:38:50.704 I/AstrBotEngine: [NAPCAT] 10-06 00:38:46 [info] [FFmpeg] 检查 Native Addon 可用性...
10-06 00:38:50.732 I/AstrBotEngine: [NAPCAT] 10-06 00:38:46 [info] [FFmpeg] ✓ 使用 Native Addon 适配器
10-06 00:38:50.756 I/AstrBotEngine: [AstrBot Android] 检测到 NapCat 崩溃（主进程退出）——立即执行自愈重启（第 2 轮；阶梯级别按崩溃计数自动升级）
10-06 00:38:50.771 I/AstrBotEngine: [NAPCAT] 10-06 00:38:46 [info] [PacketHandler] 初始化成功
10-06 00:38:50.807 I/AstrBotEngine: [NAPCAT] 10-06 00:38:46 [info] [NapCat] [Core] NapCat.Core Version: 4.18.28
10-06 00:38:50.831 I/AstrBotEngine: [NAPCAT] [I] <MemoryFile.cpp:98::open> open fd[0x26], /root/.config/QQ/nt_qq/global/nt_data/mmkv/nt_mmkv_global_misc
10-06 00:38:50.854 I/AstrBotEngine: [NAPCAT] [I] <MemoryFile.cpp:98::open> open fd[0x28], /root/.config/QQ/nt_qq/global/nt_data/mmkv/nt_mmkv_global_misc.crc
10-06 00:38:50.883 I/AstrBotEngine: [NAPCAT] [I] <MMKV_IO.cpp:213::loadMetaInfoAndCheck> meta file [nt_mmkv_global_misc] has flag [0]
10-06 00:38:50.916 I/AstrBotEngine: [NAPCAT] [I] <MMKV_IO.cpp:87::loadFromFile> loading [nt_mmkv_global_misc] with 201 actual size, file size 4096, InterProcess 1, meta info version:4
10-06 00:38:50.937 I/AstrBotEngine: [NAPCAT] [I] <MMKV_IO.cpp:92::loadFromFile> loading [nt_mmkv_global_misc] with crc 869129090 sequence 1 version 4
10-06 00:38:50.965 I/AstrBotEngine: [NAPCAT] [I] <MMKV_IO.cpp:136::loadFromFile> loaded [nt_mmkv_global_misc] with 2 key-values
10-06 00:38:50.985 I/AstrBotEngine: [NAPCAT] [I] <MMKV.cpp:233::initializeMMKV> root dir: /root/.config/QQ/nt_qq/global/nt_data/mmkv
10-06 00:38:51.011 I/AstrBotEngine: [NAPCAT] [I] <MemoryFile.cpp:98::open> open fd[0x27], /root/.config/QQ/nt_qq/global/nt_data/mmkv/nt_mmkv_o3
10-06 00:38:51.037 I/AstrBotEngine: [NAPCAT] [I] <MemoryFile.cpp:98::open> open fd[0x29], /root/.config/QQ/nt_qq/global/nt_data/mmkv/nt_mmkv_o3.crc
10-06 00:38:51.069 I/AstrBotEngine: [NAPCAT] [I] <MMKV_IO.cpp:213::loadMetaInfoAndCheck> meta file [nt_mmkv_o3] has flag [0]
10-06 00:38:51.087 I/AstrBotEngine: [NAPCAT] [I] <MMKV_IO.cpp:87::loadFromFile> loading [nt_mmkv_o3] with 183 actual size, file size 4096, InterProcess 1, meta info version:4
10-06 00:38:51.110 I/AstrBotEngine: [NAPCAT] [I] <MMKV_IO.cpp:92::loadFromFile> loading [nt_mmkv_o3] with crc 704323148 sequence 1 version 4
10-06 00:38:51.140 I/AstrBotEngine: [NAPCAT] [I] <MMKV_IO.cpp:136::loadFromFile> loaded [nt_mmkv_o3] with 2 key-values
10-06 00:38:51.163 I/AstrBotEngine: [NAPCAT] 10-06 00:38:46 [error] [NapCat] [UtilityProcess] Worker进程退出，退出码: 11
10-06 00:38:51.198 I/AstrBotEngine: [NAPCAT] 10-06 00:38:46 [warn] [NapCat] [UtilityProcess] Worker进程意外退出 (2/3)，正在尝试重新拉起...
10-06 00:38:51.228 I/AstrBotEngine: [NAPCAT] [launcher] loadNapCat.js generated in current directory
10-06 00:38:51.269 I/AstrBotEngine: [NAPCAT] [28718:1006/003846.596165:ERROR:base/files/file_path_watcher_inotify.cc:923] Failed to read /proc/sys/fs/inotify/max_user_watches
10-06 00:38:51.292 I/AstrBotEngine: [NAPCAT] [28718:1006/003846.597900:ERROR:net/base/address_tracker_linux.cc:242] Could not bind NETLINK socket: Permission denied (13)
10-06 00:38:51.314 I/AstrBotEngine: [NAPCAT] NapCat Shell App Loading...
10-06 00:38:51.350 I/AstrBotEngine: [NAPCAT] [launcher] intercepted package.json: /opt/QQ/resources/app/package.json, replacing content
10-06 00:38:51.387 I/AstrBotEngine: [NAPCAT] [launcher] Generated relative path: ../../../../root
10-06 00:38:51.410 I/AstrBotEngine: [NAPCAT] [launcher] New main field: "main": "../../../../root/loadNapCat.js"
10-06 00:38:51.437 I/AstrBotEngine: [NAPCAT] [launcher] package.json content: {
10-06 00:38:51.455 I/AstrBotEngine: [NAPCAT]   "name": "QQ",
10-06 00:38:51.477 I/AstrBotEngine: [NAPCAT]   "version": "3.2.33-52892",
10-06 00:38:51.500 I/AstrBotEngine: [NAPCAT]   "private": true,
10-06 00:38:51.539 I/AstrBotEngine: [NAPCAT]   "description": "QQ",
10-06 00:38:51.564 I/AstrBotEngine: [NAPCAT]   "productName": "QQ",
10-06 00:38:51.589 I/AstrBotEngine: [NAPCAT]   "author": {
10-06 00:38:51.610 I/AstrBotEngine: [NAPCAT]     "name": "Tencent",
10-06 00:38:51.633 I/AstrBotEngine: [NAPCAT]     "email": "QQ-Team@tencent.com"
10-06 00:38:51.652 I/AstrBotEngine: [NAPCAT]   },
10-06 00:38:51.674 I/AstrBotEngine: [NAPCAT]   "homepage": "https://im.qq.com",
10-06 00:38:51.691 I/AstrBotEngine: [NAPCAT]   "sideEffects": true,
10-06 00:38:51.720 I/AstrBotEngine: [NAPCAT]   "bin": {
10-06 00:38:51.741 I/AstrBotEngine: [NAPCAT]     "qd": "externals/devtools/cli/index.js"
10-06 00:38:51.757 I/AstrBotEngine: [NAPCAT]   },
10-06 00:38:51.774 I/AstrBotEngine: [NAPCAT]   "appid": {
10-06 00:38:51.793 I/AstrBotEngine: [NAPCAT]     "win32": "537382716",
10-06 00:38:51.817 I/AstrBotEngine: [NAPCAT]     "darwin": "537382742",
10-06 00:38:51.841 I/AstrBotEngine: [NAPCAT]     "linux": "537382753",
10-06 00:38:51.860 I/AstrBotEngine: [NAPCAT]     "ohos": "5373141859"
10-06 00:38:51.876 I/AstrBotEngine: [NAPCAT]   },
10-06 00:38:51.897 I/AstrBotEngine: [NAPCAT]   "main": "../../../../root/loadNapCat.js",
10-06 00:38:51.920 I/AstrBotEngine: [NAPCAT]   "peerDependenciesMeta": {
10-06 00:38:51.937 I/AstrBotEngine: [NAPCAT]     "*": {
10-06 00:38:51.956 I/AstrBotEngine: [NAPCAT]       "optional": true
10-06 00:38:51.976 I/AstrBotEngine: [NAPCAT]     }
10-06 00:38:51.997 I/AstrBotEngine: [NAPCAT]   },
10-06 00:38:52.018 I/AstrBotEngine: [NAPCAT]   "pnpm": {
10-06 00:38:52.038 I/AstrBotEngine: [NAPCAT]     "patchedDependencies": {
10-06 00:38:52.059 I/AstrBotEngine: [NAPCAT]       "@vue/runtime-dom@3.5.12": "patches/@vue__runtime-dom@3.5.12.patch",
10-06 00:38:52.081 I/AstrBotEngine: [NAPCAT]       "@swc/helpers@0.5.3": "patches/@swc__helpers@0.5.3.patch",
10-06 00:38:52.102 I/AstrBotEngine: [NAPCAT]       "vuex@4.1.0": "patches/vuex@4.1.0.patch",
10-06 00:38:52.126 I/AstrBotEngine: [NAPCAT]       "typescript-parser@2.6.1": "patches/typescript-parser@2.6.1.patch",
10-06 00:38:52.146 I/AstrBotEngine: [NAPCAT]       "@tencent/qqplay-downloadsdk": "patches/@tencent__qqplay-downloadsdk.patch",
10-06 00:38:52.171 I/AstrBotEngine: [NAPCAT]       "@tencent/universal-report@4.5.4": "patches/@tencent__universal-report@4.5.4.patch",
10-06 00:38:52.189 I/AstrBotEngine: [NAPCAT]       "typescript@7.0.2": "patches/typescript@7.0.2.patch"
10-06 00:38:52.214 I/AstrBotEngine: [NAPCAT]     },
10-06 00:38:52.242 I/AstrBotEngine: [NAPCAT]     "packageExtensions": {
10-06 00:38:52.259 I/AstrBotEngine: [NAPCAT]       "qute": {
10-06 00:38:52.283 I/AstrBotEngine: [NAPCAT]         "dependencies": {},
10-06 00:38:52.332 I/AstrBotEngine: [NAPCAT]         "devDependencies": {}
10-06 00:38:52.356 I/AstrBotEngine: [NAPCAT]       }
10-06 00:38:52.378 I/AstrBotEngine: [NAPCAT]     },
10-06 00:38:52.396 I/AstrBotEngine: [NAPCAT]     "overrides": {
10-06 00:38:52.414 I/AstrBotEngine: [NAPCAT]       "@types/react": "-",
10-06 00:38:52.434 I/AstrBotEngine: [NAPCAT]       "@types/react-dom": "-",
10-06 00:38:52.456 I/AstrBotEngine: [NAPCAT]       "@tencent/yuanbao-react-markdown>@types/hast": "-",
10-06 00:38:52.474 I/AstrBotEngine: [NAPCAT]       "@tencent/yuanbao-react-markdown>devlop": "-",
10-06 00:38:52.493 I/AstrBotEngine: [NAPCAT]       "@tencent/yuanbao-react-markdown>hast-util-to-jsx-runtime": "-",
10-06 00:38:52.521 I/AstrBotEngine: [NAPCAT]       "@tencent/yuanbao-react-markdown>html-url-attributes": "-",
10-06 00:38:52.540 I/AstrBotEngine: [NAPCAT]       "@tencent/yuanbao-react-markdown>mdast-util-to-hast": "-",
10-06 00:38:52.562 I/AstrBotEngine: [NAPCAT]       "@tencent/yuanbao-react-markdown>rehype-parse": "-",
10-06 00:38:52.582 I/AstrBotEngine: [NAPCAT]       "@tencent/yuanbao-react-markdown>rehype-stringify": "-",
10-06 00:38:52.614 I/AstrBotEngine: [NAPCAT]       "@tencent/yuanbao-react-markdown>remark-parse": "-",
10-06 00:38:52.645 I/AstrBotEngine: [NAPCAT]       "@tencent/yuanbao-react-markdown>remark-rehype": "-",
10-06 00:38:52.662 I/AstrBotEngine: [NAPCAT]       "@tencent/yuanbao-react-markdown>unified": "-",
10-06 00:38:52.681 I/AstrBotEngine: [NAPCAT]       "@tencent/yuanbao-react-markdown>unist-util-visit": "-",
10-06 00:38:54.292 I/AstrBotEngine: [AstrBot Android] 自愈第 2 轮已执行（详见 /root/napcat/watchdog.log；若已进入禁 bypass 态，反检测将保持关闭直至手动恢复）
10-06 00:38:54.406 I/AstrBotEngine: [NAPCAT] [launcher] loadNapCat.js generated in current directory
10-06 00:38:54.424 I/AstrBotEngine: [NAPCAT] not mini app. 
10-06 00:38:54.511 I/AstrBotEngine: [NAPCAT] [launcher] loadNapCat.js generated in current directory
10-06 00:38:54.535 I/AstrBotEngine: [NAPCAT] [preload] succeeded. /opt/QQ/resources/app/major.node
10-06 00:38:54.553 I/AstrBotEngine: [NAPCAT] [launcher] loadNapCat.js generated in current directory
10-06 00:38:54.575 I/AstrBotEngine: [NAPCAT] [preload] succeeded. /opt/QQ/resources/app/major.node
10-06 00:38:54.597 I/AstrBotEngine: [NAPCAT] [29998:1006/003854.503182:ERROR:base/files/file_path_watcher_inotify.cc:923] Failed to read /proc/sys/fs/inotify/max_user_watches
10-06 00:38:54.621 I/AstrBotEngine: [NAPCAT] [29996:1006/003854.507502:ERROR:base/files/file_path_watcher_inotify.cc:923] Failed to read /proc/sys/fs/inotify/max_user_watches
10-06 00:38:54.643 I/AstrBotEngine: [NAPCAT] [29976:1006/003854.529543:ERROR:dbus/bus.cc:406] Failed to connect to the bus: Failed to connect to socket /run/dbus/system_bus_socket: No such file or director
10-06 00:38:54.697 I/AstrBotEngine: [NAPCAT] resourcesPath: /opt/QQ/resources
10-06 00:38:54.722 I/AstrBotEngine: [NAPCAT] [launcher] intercepted package.json: /opt/QQ/resources/app/package.json, replacing content
10-06 00:38:54.752 I/AstrBotEngine: [NAPCAT] [launcher] Generated relative path: ../../../../root
10-06 00:38:54.773 I/AstrBotEngine: [NAPCAT] [launcher] New main field: "main": "../../../../root/loadNapCat.js"
10-06 00:38:54.797 I/AstrBotEngine: [NAPCAT] [launcher] package.json content: {
10-06 00:38:54.818 I/AstrBotEngine: [NAPCAT]   "name": "QQ",
10-06 00:38:54.842 I/AstrBotEngine: [NAPCAT]   "version": "3.2.33-52892",
10-06 00:38:54.869 I/AstrBotEngine: [NAPCAT]   "private": true,
10-06 00:38:54.891 I/AstrBotEngine: [NAPCAT]   "description": "QQ",
10-06 00:38:54.913 I/AstrBotEngine: [NAPCAT]   "productName": "QQ",
10-06 00:38:54.936 I/AstrBotEngine: [NAPCAT]   "author": {
10-06 00:38:54.957 I/AstrBotEngine: [NAPCAT]     "name": "Tencent",
10-06 00:38:54.982 I/AstrBotEngine: [NAPCAT]     "email": "QQ-Team@tencent.com"
10-06 00:38:55.014 I/AstrBotEngine: [NAPCAT]   },
10-06 00:38:55.033 I/AstrBotEngine: [NAPCAT]   "homepage": "https://im.qq.com",
10-06 00:38:55.055 I/AstrBotEngine: [NAPCAT]   "sideEffects": true,
10-06 00:38:55.074 I/AstrBotEngine: [NAPCAT]   "bin": {
10-06 00:38:55.099 I/AstrBotEngine: [NAPCAT]     "qd": "externals/devtools/cli/index.js"
10-06 00:38:55.121 I/AstrBotEngine: [NAPCAT]   },
10-06 00:38:55.143 I/AstrBotEngine: [NAPCAT]   "appid": {
10-06 00:38:55.162 I/AstrBotEngine: [NAPCAT]     "win32": "537382716",
10-06 00:38:55.181 I/AstrBotEngine: [NAPCAT]     "darwin": "537382742",
10-06 00:38:55.201 I/AstrBotEngine: [NAPCAT]     "linux": "537382753",
10-06 00:38:55.221 I/AstrBotEngine: [NAPCAT]     "ohos": "5373141859"
10-06 00:38:55.245 I/AstrBotEngine: [NAPCAT]   },
10-06 00:38:55.267 I/AstrBotEngine: [NAPCAT]   "main": "../../../../root/loadNapCat.js",
10-06 00:38:55.284 I/AstrBotEngine: [NAPCAT]   "peerDependenciesMeta": {
10-06 00:38:55.306 I/AstrBotEngine: [NAPCAT]     "*": {
10-06 00:38:55.327 I/AstrBotEngine: [NAPCAT]       "optional": true
10-06 00:38:55.353 I/AstrBotEngine: [NAPCAT]     }
10-06 00:38:55.373 I/AstrBotEngine: [NAPCAT]   },
10-06 00:38:55.393 I/AstrBotEngine: [NAPCAT]   "pnpm": {
10-06 00:38:55.415 I/AstrBotEngine: [NAPCAT]     "patchedDependencies": {
10-06 00:38:55.438 I/AstrBotEngine: [NAPCAT]       "@vue/runtime-dom@3.5.12": "patches/@vue__runtime-dom@3.5.12.patch",
10-06 00:38:55.465 I/AstrBotEngine: [NAPCAT]       "@swc/helpers@0.5.3": "patches/@swc__helpers@0.5.3.patch",
10-06 00:38:55.484 I/AstrBotEngine: [NAPCAT]       "vuex@4.1.0": "patches/vuex@4.1.0.patch",
10-06 00:38:55.504 I/AstrBotEngine: [NAPCAT]       "typescript-parser@2.6.1": "patches/typescript-parser@2.6.1.patch",
10-06 00:38:55.525 I/AstrBotEngine: [NAPCAT]       "@tencent/qqplay-downloadsdk": "patches/@tencent__qqplay-downloadsdk.patch",
10-06 00:38:55.547 I/AstrBotEngine: [NAPCAT]       "@tencent/universal-report@4.5.4": "patches/@tencent__universal-report@4.5.4.patch",
10-06 00:38:55.569 I/AstrBotEngine: [NAPCAT]       "typescript@7.0.2": "patches/typescript@7.0.2.patch"
10-06 00:38:55.596 I/AstrBotEngine: [NAPCAT]     },
10-06 00:38:55.623 I/AstrBotEngine: [NAPCAT]     "packageExtensions": {
10-06 00:38:55.643 I/AstrBotEngine: [NAPCAT]       "qute": {
10-06 00:38:55.662 I/AstrBotEngine: [NAPCAT]         "dependencies": {},
10-06 00:38:55.684 I/AstrBotEngine: [NAPCAT]         "devDependencies": {}
10-06 00:38:55.704 I/AstrBotEngine: [NAPCAT]       }
10-06 00:38:55.727 I/AstrBotEngine: [NAPCAT]     },
10-06 00:38:55.747 I/AstrBotEngine: [NAPCAT]     "overrides": {
10-06 00:38:55.766 I/AstrBotEngine: [NAPCAT]       "@types/react": "-",
10-06 00:38:55.789 I/AstrBotEngine: [NAPCAT]       "@types/react-dom": "-",
10-06 00:38:55.806 I/AstrBotEngine: [NAPCAT]       "@tencent/yuanbao-react-markdown>@types/hast": "-",
10-06 00:38:55.825 I/AstrBotEngine: [NAPCAT]       "@tencent/yuanbao-react-markdown>devlop": "-",
10-06 00:38:55.844 I/AstrBotEngine: [NAPCAT]       "@tencent/yuanbao-react-markdown>hast-util-to-jsx-runtime": "-",
10-06 00:38:55.864 I/AstrBotEngine: [NAPCAT]       "@tencent/yuanbao-react-markdown>html-url-attributes": "-",
10-06 00:38:55.885 I/AstrBotEngine: [NAPCAT]       "@tencent/yuanbao-react-markdown>mdast-util-to-hast": "-",
10-06 00:38:55.905 I/AstrBotEngine: [NAPCAT]       "@tencent/yuanbao-react-markdown>rehype-parse": "-",
10-06 00:38:55.927 I/AstrBotEngine: [NAPCAT]       "@tencent/yuanbao-react-markdown>rehype-stringify": "-",
10-06 00:38:55.959 I/AstrBotEngine: [NAPCAT]       "@tencent/yuanbao-react-markdown>remark-parse": "-",
10-06 00:38:55.986 I/AstrBotEngine: [NAPCAT]       "@tencent/yuanbao-react-markdown>remark-rehype": "-",
10-06 00:38:56.006 I/AstrBotEngine: [NAPCAT]       "@tencent/yuanbao-react-markdown>unified": "-",
10-06 00:38:56.028 I/AstrBotEngine: [NAPCAT]       "@tencent/yuanbao-react-markdown>unist-util-visit": "-",
10-06 00:38:56.052 I/AstrBotEngine: [NAPCAT]       "@tencent/yuanbao-react-markdown>vfile": "-",
10-06 00:38:56.072 I/AstrBotEngine: [NAPCAT]       "@types/d3-dispatch": "3.0.6"
10-06 00:38:56.094 I/AstrBotEngine: [NAPCAT]     }
10-06 00:38:56.123 I/AstrBotEngine: [NAPCAT]   },
10-06 00:38:56.155 I/AstrBotEngine: [NAPCAT]   "buildVersion": "52892",
10-06 00:38:56.192 I/AstrBotEngine: [NAPCAT]   "platform": "linux",
10-06 00:38:56.219 I/AstrBotEngine: [NAPCAT]   "eleArch": "arm64",
10-06 00:38:56.239 I/AstrBotEngine: [NAPCAT]   "linuxFormat": "deb"
10-06 00:38:56.264 I/AstrBotEngine: [NAPCAT] }
10-06 00:38:56.374 I/AstrBotEngine: [NAPCAT] [29976:1006/003856.350060:ERROR:dbus/bus.cc:406] Failed to connect to the bus: Could not parse server address: Unknown address type (examples of valid types are
10-06 00:38:56.416 I/AstrBotEngine: [NAPCAT] [29976:1006/003856.350132:ERROR:dbus/bus.cc:406] Failed to connect to the bus: Could not parse server address: Unknown address type (examples of valid types are
10-06 00:38:56.447 I/AstrBotEngine: [NAPCAT] [29976:1006/003856.350954:ERROR:dbus/bus.cc:406] Failed to connect to the bus: Failed to connect to socket /run/dbus/system_bus_socket: No such file or director
10-06 00:38:56.475 I/AstrBotEngine: [NAPCAT] [29976:1006/003856.351335:ERROR:base/files/file_path_watcher_inotify.cc:923] Failed to read /proc/sys/fs/inotify/max_user_watches
10-06 00:38:56.531 I/AstrBotEngine: [NAPCAT] [29976:1006/003856.351434:ERROR:net/base/address_tracker_linux.cc:242] Could not bind NETLINK socket: Permission denied (13)
10-06 00:38:56.590 I/AstrBotEngine: [NAPCAT] [29976:1006/003856.351623:ERROR:dbus/bus.cc:406] Failed to connect to the bus: Failed to connect to socket /run/dbus/system_bus_socket: No such file or director
10-06 00:38:56.706 I/AstrBotEngine: [NAPCAT] [29976:1006/003856.371486:ERROR:device/udev_linux/udev_watcher.cc:51] Failed to initialize a udev monitor.
10-06 00:38:56.774 I/AstrBotEngine: [NAPCAT] [29976:1006/003856.394273:ERROR:dbus/object_proxy.cc:573] Failed to call method: org.freedesktop.DBus.NameHasOwner: object_path= /org/freedesktop/DBus: unknown 
10-06 00:38:56.808 I/AstrBotEngine: [NAPCAT] [29976:1006/003856.394503:ERROR:dbus/object_proxy.cc:573] Failed to call method: org.freedesktop.DBus.NameHasOwner: object_path= /org/freedesktop/DBus: unknown 
10-06 00:38:56.876 I/AstrBotEngine: [NAPCAT] [29976:1006/003856.394916:ERROR:dbus/bus.cc:406] Failed to connect to the bus: Could not parse server address: Unknown address type (examples of valid types are
10-06 00:38:56.920 I/AstrBotEngine: [NAPCAT] [29976:1006/003856.394995:ERROR:dbus/bus.cc:406] Failed to connect to the bus: Could not parse server address: Unknown address type (examples of valid types are
10-06 00:38:56.950 I/AstrBotEngine: [NAPCAT] [29976:1006/003856.395016:ERROR:dbus/object_proxy.cc:573] Failed to call method: org.freedesktop.DBus.NameHasOwner: object_path= /org/freedesktop/DBus: unknown 
10-06 00:38:56.979 I/AstrBotEngine: [NAPCAT] [29976:1006/003856.413891:ERROR:dbus/object_proxy.cc:573] Failed to call method: org.freedesktop.DBus.NameHasOwner: object_path= /org/freedesktop/DBus: unknown 
10-06 00:38:57.021 I/AstrBotEngine: [NAPCAT] [30481:1006/003856.597530:ERROR:base/files/file_path_watcher_inotify.cc:923] Failed to read /proc/sys/fs/inotify/max_user_watches
10-06 00:38:57.062 I/AstrBotEngine: [NAPCAT] [launcher] loadNapCat.js generated in current directory
10-06 00:38:57.091 I/AstrBotEngine: [NAPCAT] [30480:1006/003856.689914:ERROR:base/files/file_path_watcher_inotify.cc:923] Failed to read /proc/sys/fs/inotify/max_user_watches
10-06 00:38:57.119 I/AstrBotEngine: [NAPCAT] [30480:1006/003856.699017:ERROR:net/base/address_tracker_linux.cc:242] Could not bind NETLINK socket: Permission denied (13)
10-06 00:38:57.166 I/AstrBotEngine: [NAPCAT] [30468:1006/003857.012805:ERROR:ui/gl/angle_platform_impl.cc:42] Display.cpp:1097 (initialize): ANGLE Display::initialize error 12289: GLX is not present.
10-06 00:38:57.211 I/AstrBotEngine: [NAPCAT] ERR: Display.cpp:1097 (initialize): ANGLE Display::initialize error 12289: GLX is not present.
10-06 00:38:57.235 I/AstrBotEngine: [NAPCAT] [30468:1006/003857.013958:ERROR:ui/gl/egl_util.cc:92] EGL Driver message (Critical) eglInitialize: GLX is not present.
10-06 00:38:57.284 I/AstrBotEngine: [NAPCAT] [30468:1006/003857.014405:ERROR:ui/gl/gl_display.cc:639] eglInitialize OpenGL failed with error EGL_NOT_INITIALIZED, trying next display type
10-06 00:38:57.303 I/AstrBotEngine: [NAPCAT] [30468:1006/003857.014901:ERROR:ui/gl/angle_platform_impl.cc:42] Display.cpp:1097 (initialize): ANGLE Display::initialize error 12289: GLX is not present.
10-06 00:38:57.322 I/AstrBotEngine: [NAPCAT] ERR: Display.cpp:1097 (initialize): ANGLE Display::initialize error 12289: GLX is not present.
10-06 00:38:57.341 I/AstrBotEngine: [NAPCAT] [30468:1006/003857.015159:ERROR:ui/gl/egl_util.cc:92] EGL Driver message (Critical) eglInitialize: GLX is not present.
10-06 00:38:57.369 I/AstrBotEngine: [NAPCAT] [30468:1006/003857.015349:ERROR:ui/gl/gl_display.cc:639] eglInitialize OpenGLES failed with error EGL_NOT_INITIALIZED
10-06 00:38:57.390 I/AstrBotEngine: [NAPCAT] [30468:1006/003857.015517:ERROR:ui/gl/gl_display.cc:674] Initialization of all EGL display types failed.
10-06 00:38:57.410 I/AstrBotEngine: [NAPCAT] [30468:1006/003857.015806:ERROR:ui/ozone/common/gl_ozone_egl.cc:26] GLDisplayEGL::Initialize failed.
10-06 00:38:57.433 I/AstrBotEngine: [NAPCAT] [30468:1006/003857.182952:ERROR:ui/gl/angle_platform_impl.cc:42] Display.cpp:1097 (initialize): ANGLE Display::initialize error 12289: GLX is not present.
10-06 00:38:57.459 I/AstrBotEngine: [NAPCAT] ERR: Display.cpp:1097 (initialize): ANGLE Display::initialize error 12289: GLX is not present.
10-06 00:38:57.488 I/AstrBotEngine: [NAPCAT] [30468:1006/003857.183344:ERROR:ui/gl/egl_util.cc:92] EGL Driver message (Critical) eglInitialize: GLX is not present.
10-06 00:38:57.513 I/AstrBotEngine: [NAPCAT] [30468:1006/003857.183626:ERROR:ui/gl/gl_display.cc:639] eglInitialize OpenGL failed with error EGL_NOT_INITIALIZED, trying next display type
10-06 00:38:57.534 I/AstrBotEngine: [NAPCAT] [30468:1006/003857.184195:ERROR:ui/gl/angle_platform_impl.cc:42] Display.cpp:1097 (initialize): ANGLE Display::initialize error 12289: GLX is not present.
10-06 00:38:57.562 I/AstrBotEngine: [NAPCAT] ERR: Display.cpp:1097 (initialize): ANGLE Display::initialize error 12289: GLX is not present.
10-06 00:38:57.592 I/AstrBotEngine: [NAPCAT] [30468:1006/003857.185276:ERROR:ui/gl/egl_util.cc:92] EGL Driver message (Critical) eglInitialize: GLX is not present.
10-06 00:38:57.615 I/AstrBotEngine: [NAPCAT] [30468:1006/003857.185709:ERROR:ui/gl/gl_display.cc:639] eglInitialize OpenGLES failed with error EGL_NOT_INITIALIZED
10-06 00:38:57.640 I/AstrBotEngine: [NAPCAT] [30468:1006/003857.186857:ERROR:ui/gl/gl_display.cc:674] Initialization of all EGL display types failed.
10-06 00:38:57.658 I/AstrBotEngine: [NAPCAT] [30468:1006/003857.187434:ERROR:ui/ozone/common/gl_ozone_egl.cc:26] GLDisplayEGL::Initialize failed.
10-06 00:38:57.683 I/AstrBotEngine: [NAPCAT] [30468:1006/003857.207628:ERROR:components/viz/service/main/viz_main_impl.cc:189] Exiting GPU process due to errors during initialization
10-06 00:38:57.966 I/AstrBotEngine: [NAPCAT] NapCat Shell App Loading...
10-06 00:38:58.007 I/AstrBotEngine: [NAPCAT] [launcher] intercepted package.json: /opt/QQ/resources/app/package.json, replacing content
10-06 00:38:58.044 I/AstrBotEngine: [NAPCAT] [launcher] Generated relative path: ../../../../root
10-06 00:38:58.066 I/AstrBotEngine: [NAPCAT] [launcher] New main field: "main": "../../../../root/loadNapCat.js"
10-06 00:38:58.099 I/AstrBotEngine: [NAPCAT] [launcher] package.json content: {
10-06 00:38:58.120 I/AstrBotEngine: [NAPCAT]   "name": "QQ",
10-06 00:38:58.148 I/AstrBotEngine: [NAPCAT]   "version": "3.2.33-52892",
10-06 00:38:58.172 I/AstrBotEngine: [NAPCAT]   "private": true,
10-06 00:38:58.193 I/AstrBotEngine: [NAPCAT]   "description": "QQ",
10-06 00:38:58.213 I/AstrBotEngine: [NAPCAT]   "productName": "QQ",
10-06 00:38:58.234 I/AstrBotEngine: [NAPCAT]   "author": {
10-06 00:38:58.257 I/AstrBotEngine: [NAPCAT]     "name": "Tencent",
10-06 00:38:58.284 I/AstrBotEngine: [NAPCAT]     "email": "QQ-Team@tencent.com"
10-06 00:38:58.306 I/AstrBotEngine: [NAPCAT]   },
10-06 00:38:58.334 I/AstrBotEngine: [NAPCAT]   "homepage": "https://im.qq.com",
10-06 00:38:58.362 I/AstrBotEngine: [NAPCAT]   "sideEffects": true,
10-06 00:38:58.386 I/AstrBotEngine: [NAPCAT]   "bin": {
10-06 00:38:58.413 I/AstrBotEngine: [NAPCAT]     "qd": "externals/devtools/cli/index.js"
10-06 00:38:58.440 I/AstrBotEngine: [NAPCAT]   },
10-06 00:38:58.468 I/AstrBotEngine: [NAPCAT]   "appid": {
10-06 00:38:58.497 I/AstrBotEngine: [NAPCAT]     "win32": "537382716",
10-06 00:38:58.524 I/AstrBotEngine: [NAPCAT]     "darwin": "537382742",
10-06 00:38:58.545 I/AstrBotEngine: [NAPCAT]     "linux": "537382753",
10-06 00:38:58.564 I/AstrBotEngine: [NAPCAT]     "ohos": "5373141859"
10-06 00:38:58.593 I/AstrBotEngine: [NAPCAT]   },
10-06 00:38:58.621 I/AstrBotEngine: [NAPCAT]   "main": "../../../../root/loadNapCat.js",
10-06 00:38:58.649 I/AstrBotEngine: [NAPCAT]   "peerDependenciesMeta": {
10-06 00:38:58.677 I/AstrBotEngine: [NAPCAT]     "*": {
10-06 00:38:58.698 I/AstrBotEngine: [NAPCAT]       "optional": true
10-06 00:38:58.722 I/AstrBotEngine: [NAPCAT]     }
10-06 00:38:58.745 I/AstrBotEngine: [NAPCAT]   },
10-06 00:38:58.772 I/AstrBotEngine: [NAPCAT]   "pnpm": {
10-06 00:38:58.792 I/AstrBotEngine: [NAPCAT]     "patchedDependencies": {
10-06 00:38:58.824 I/AstrBotEngine: [NAPCAT]       "@vue/runtime-dom@3.5.12": "patches/@vue__runtime-dom@3.5.12.patch",
10-06 00:38:58.844 I/AstrBotEngine: [NAPCAT]       "@swc/helpers@0.5.3": "patches/@swc__helpers@0.5.3.patch",
10-06 00:38:58.870 I/AstrBotEngine: [NAPCAT]       "vuex@4.1.0": "patches/vuex@4.1.0.patch",
10-06 00:38:58.900 I/AstrBotEngine: [NAPCAT]       "typescript-parser@2.6.1": "patches/typescript-parser@2.6.1.patch",
10-06 00:38:58.929 I/AstrBotEngine: [NAPCAT]       "@tencent/qqplay-downloadsdk": "patches/@tencent__qqplay-downloadsdk.patch",
10-06 00:38:58.961 I/AstrBotEngine: [NAPCAT]       "@tencent/universal-report@4.5.4": "patches/@tencent__universal-report@4.5.4.patch",
10-06 00:38:58.979 I/AstrBotEngine: [NAPCAT]       "typescript@7.0.2": "patches/typescript@7.0.2.patch"
10-06 00:38:59.014 I/AstrBotEngine: [NAPCAT]     },
10-06 00:38:59.045 I/AstrBotEngine: [NAPCAT]     "packageExtensions": {
10-06 00:38:59.070 I/AstrBotEngine: [NAPCAT]       "qute": {
10-06 00:38:59.101 I/AstrBotEngine: [NAPCAT]         "dependencies": {},
10-06 00:38:59.132 I/AstrBotEngine: [NAPCAT]         "devDependencies": {}
10-06 00:38:59.157 I/AstrBotEngine: [NAPCAT]       }
10-06 00:38:59.186 I/AstrBotEngine: [NAPCAT]     },
10-06 00:38:59.211 I/AstrBotEngine: [NAPCAT]     "overrides": {
10-06 00:38:59.240 I/AstrBotEngine: [NAPCAT]       "@types/react": "-",
10-06 00:38:59.262 I/AstrBotEngine: [NAPCAT]       "@types/react-dom": "-",
10-06 00:38:59.287 I/AstrBotEngine: [NAPCAT]       "@tencent/yuanbao-react-markdown>@types/hast": "-",
10-06 00:38:59.312 I/AstrBotEngine: [NAPCAT]       "@tencent/yuanbao-react-markdown>devlop": "-",
10-06 00:38:59.338 I/AstrBotEngine: [NAPCAT]       "@tencent/yuanbao-react-markdown>hast-util-to-jsx-runtime": "-",
10-06 00:38:59.360 I/AstrBotEngine: [NAPCAT]       "@tencent/yuanbao-react-markdown>html-url-attributes": "-",
10-06 00:38:59.384 I/AstrBotEngine: [NAPCAT]       "@tencent/yuanbao-react-markdown>mdast-util-to-hast": "-",
10-06 00:38:59.408 I/AstrBotEngine: [NAPCAT]       "@tencent/yuanbao-react-markdown>rehype-parse": "-",
10-06 00:38:59.433 I/AstrBotEngine: [NAPCAT]       "@tencent/yuanbao-react-markdown>rehype-stringify": "-",
10-06 00:38:59.458 I/AstrBotEngine: [NAPCAT]       "@tencent/yuanbao-react-markdown>remark-parse": "-",
10-06 00:38:59.496 I/AstrBotEngine: [NAPCAT]       "@tencent/yuanbao-react-markdown>remark-rehype": "-",
10-06 00:38:59.521 I/AstrBotEngine: [NAPCAT]       "@tencent/yuanbao-react-markdown>unified": "-",
10-06 00:38:59.548 I/AstrBotEngine: [NAPCAT]       "@tencent/yuanbao-react-markdown>unist-util-visit": "-",
10-06 00:38:59.578 I/AstrBotEngine: [NAPCAT]       "@tencent/yuanbao-react-markdown>vfile": "-",
10-06 00:38:59.617 I/AstrBotEngine: [NAPCAT]       "@types/d3-dispatch": "3.0.6"
10-06 00:38:59.642 I/AstrBotEngine: [NAPCAT]     }
10-06 00:38:59.665 I/AstrBotEngine: [NAPCAT]   },
10-06 00:38:59.687 I/AstrBotEngine: [NAPCAT]   "buildVersion": "52892",
10-06 00:38:59.708 I/AstrBotEngine: [NAPCAT]   "platform": "linux",
10-06 00:38:59.733 I/AstrBotEngine: [NAPCAT]   "eleArch": "arm64",
10-06 00:38:59.755 I/AstrBotEngine: [NAPCAT]   "linuxFormat": "deb"
10-06 00:38:59.774 I/AstrBotEngine: [NAPCAT] }
10-06 00:38:59.796 I/AstrBotEngine: [NAPCAT] prepare write and writev hooks
10-06 00:38:59.819 I/AstrBotEngine: [NAPCAT] 10-06 00:38:57 [info] [PacketHandler] 加载成功
10-06 00:38:59.867 I/AstrBotEngine: [NAPCAT] 10-06 00:38:57 [info] [Napi2NativeLoader] 加载成功
10-06 00:38:59.885 I/AstrBotEngine: [NAPCAT] 10-06 00:38:57 [info] [FFmpeg] 检查 Native Addon 可用性...
10-06 00:38:59.907 I/AstrBotEngine: [NAPCAT] 10-06 00:38:57 [info] [FFmpeg] ✓ 使用 Native Addon 适配器
10-06 00:38:59.931 I/AstrBotEngine: [NAPCAT] 10-06 00:38:58 [info] [PacketHandler] 初始化成功
10-06 00:38:59.957 I/AstrBotEngine: [NAPCAT] 10-06 00:38:58 [info] [NapCat] [Core] NapCat.Core Version: 4.18.28
10-06 00:38:59.977 I/AstrBotEngine: [NAPCAT] [I] <MemoryFile.cpp:98::open> open fd[0x27], /root/.config/QQ/nt_qq/global/nt_data/mmkv/nt_mmkv_global_misc
10-06 00:39:00.005 I/AstrBotEngine: [NAPCAT] [I] <MemoryFile.cpp:98::open> open fd[0x28], /root/.config/QQ/nt_qq/global/nt_data/mmkv/nt_mmkv_global_misc.crc
10-06 00:39:00.035 I/AstrBotEngine: [NAPCAT] [I] <MMKV.cpp:233::initializeMMKV> root dir: /root/.config/QQ/nt_qq/global/nt_data/mmkv
10-06 00:39:00.068 I/AstrBotEngine: [NAPCAT] [I] <MMKV_IO.cpp:213::loadMetaInfoAndCheck> meta file [nt_mmkv_global_misc] has flag [0]
10-06 00:39:00.090 I/AstrBotEngine: [NAPCAT] [I] <MMKV_IO.cpp:87::loadFromFile> loading [nt_mmkv_global_misc] with 201 actual size, file size 4096, InterProcess 1, meta info version:4
10-06 00:39:00.117 I/AstrBotEngine: [NAPCAT] [I] <MMKV_IO.cpp:92::loadFromFile> loading [nt_mmkv_global_misc] with crc 869129090 sequence 1 version 4
10-06 00:39:00.142 I/AstrBotEngine: [NAPCAT] [I] <MMKV_IO.cpp:136::loadFromFile> loaded [nt_mmkv_global_misc] with 2 key-values
10-06 00:39:00.168 I/AstrBotEngine: [NAPCAT] [I] <MemoryFile.cpp:98::open> open fd[0x26], /root/.config/QQ/nt_qq/global/nt_data/mmkv/nt_mmkv_o3
10-06 00:39:00.189 I/AstrBotEngine: [NAPCAT] [I] <MemoryFile.cpp:98::open> open fd[0x29], /root/.config/QQ/nt_qq/global/nt_data/mmkv/nt_mmkv_o3.crc
10-06 00:39:00.209 I/AstrBotEngine: [NAPCAT] [I] <MMKV_IO.cpp:213::loadMetaInfoAndCheck> meta file [nt_mmkv_o3] has flag [0]
10-06 00:39:00.233 I/AstrBotEngine: [NAPCAT] [I] <MMKV_IO.cpp:87::loadFromFile> loading [nt_mmkv_o3] with 183 actual size, file size 4096, InterProcess 1, meta info version:4
10-06 00:39:00.254 I/AstrBotEngine: [NAPCAT] [I] <MMKV_IO.cpp:92::loadFromFile> loading [nt_mmkv_o3] with crc 704323148 sequence 1 version 4
10-06 00:39:00.278 I/AstrBotEngine: [NAPCAT] [I] <MMKV_IO.cpp:136::loadFromFile> loaded [nt_mmkv_o3] with 2 key-values
10-06 00:39:00.300 I/AstrBotEngine: [NAPCAT] 10-06 00:38:58 [error] [NapCat] [UtilityProcess] Worker进程退出，退出码: 11
10-06 00:39:00.322 I/AstrBotEngine: [NAPCAT] 10-06 00:38:58 [warn] [NapCat] [UtilityProcess] Worker进程意外退出 (1/3)，正在尝试重新拉起...
10-06 00:39:00.356 I/AstrBotEngine: [NAPCAT] [launcher] loadNapCat.js generated in current directory
10-06 00:39:00.382 I/AstrBotEngine: [NAPCAT] [30859:1006/003858.397600:ERROR:base/files/file_path_watcher_inotify.cc:923] Failed to read /proc/sys/fs/inotify/max_user_watches
10-06 00:39:00.402 I/AstrBotEngine: [NAPCAT] [30859:1006/003858.397863:ERROR:net/base/address_tracker_linux.cc:242] Could not bind NETLINK socket: Permission denied (13)
10-06 00:39:00.424 I/AstrBotEngine: [NAPCAT] NapCat Shell App Loading...
10-06 00:39:00.447 I/AstrBotEngine: [NAPCAT] [launcher] intercepted package.json: /opt/QQ/resources/app/package.json, replacing content
10-06 00:39:00.472 I/AstrBotEngine: [NAPCAT] [launcher] Generated relative path: ../../../../root
10-06 00:39:00.495 I/AstrBotEngine: [NAPCAT] [launcher] New main field: "main": "../../../../root/loadNapCat.js"
10-06 00:39:00.521 I/AstrBotEngine: [NAPCAT] [launcher] package.json content: {
10-06 00:39:00.542 I/AstrBotEngine: [NAPCAT]   "name": "QQ",
10-06 00:39:00.571 I/AstrBotEngine: [NAPCAT]   "version": "3.2.33-52892",
10-06 00:39:00.595 I/AstrBotEngine: [NAPCAT]   "private": true,
10-06 00:39:00.619 I/AstrBotEngine: [NAPCAT]   "description": "QQ",
10-06 00:39:00.642 I/AstrBotEngine: [NAPCAT]   "productName": "QQ",
10-06 00:39:00.664 I/AstrBotEngine: [NAPCAT]   "author": {
10-06 00:39:00.688 I/AstrBotEngine: [NAPCAT]     "name": "Tencent",
10-06 00:39:00.712 I/AstrBotEngine: [NAPCAT]     "email": "QQ-Team@tencent.com"
10-06 00:39:00.743 I/AstrBotEngine: [NAPCAT]   },
10-06 00:39:00.769 I/AstrBotEngine: [NAPCAT]   "homepage": "https://im.qq.com",
10-06 00:39:00.792 I/AstrBotEngine: [NAPCAT]   "sideEffects": true,
10-06 00:39:00.810 I/AstrBotEngine: [NAPCAT]   "bin": {
10-06 00:39:00.830 I/AstrBotEngine: [NAPCAT]     "qd": "externals/devtools/cli/index.js"
10-06 00:39:00.853 I/AstrBotEngine: [NAPCAT]   },
10-06 00:39:00.876 I/AstrBotEngine: [NAPCAT]   "appid": {
10-06 00:39:00.898 I/AstrBotEngine: [NAPCAT]     "win32": "537382716",
10-06 00:39:00.920 I/AstrBotEngine: [NAPCAT]     "darwin": "537382742",
10-06 00:39:00.945 I/AstrBotEngine: [NAPCAT]     "linux": "537382753",
10-06 00:39:00.968 I/AstrBotEngine: [NAPCAT]     "ohos": "5373141859"
10-06 00:39:00.991 I/AstrBotEngine: [NAPCAT]   },
10-06 00:39:01.015 I/AstrBotEngine: [NAPCAT]   "main": "../../../../root/loadNapCat.js",
10-06 00:39:01.036 I/AstrBotEngine: [NAPCAT]   "peerDependenciesMeta": {
10-06 00:39:01.056 I/AstrBotEngine: [NAPCAT]     "*": {
10-06 00:39:01.077 I/AstrBotEngine: [NAPCAT]       "optional": true
10-06 00:39:01.103 I/AstrBotEngine: [NAPCAT]     }
10-06 00:39:01.136 I/AstrBotEngine: [NAPCAT]   },
10-06 00:39:01.162 I/AstrBotEngine: [NAPCAT]   "pnpm": {
10-06 00:39:01.184 I/AstrBotEngine: [NAPCAT]     "patchedDependencies": {
10-06 00:39:01.213 I/AstrBotEngine: [NAPCAT]       "@vue/runtime-dom@3.5.12": "patches/@vue__runtime-dom@3.5.12.patch",
10-06 00:39:01.238 I/AstrBotEngine: [NAPCAT]       "@swc/helpers@0.5.3": "patches/@swc__helpers@0.5.3.patch",
10-06 00:39:01.264 I/AstrBotEngine: [NAPCAT]       "vuex@4.1.0": "patches/vuex@4.1.0.patch",
10-06 00:39:01.287 I/AstrBotEngine: [NAPCAT]       "typescript-parser@2.6.1": "patches/typescript-parser@2.6.1.patch",
10-06 00:39:01.313 I/AstrBotEngine: [NAPCAT]       "@tencent/qqplay-downloadsdk": "patches/@tencent__qqplay-downloadsdk.patch",
10-06 00:39:01.334 I/AstrBotEngine: [NAPCAT]       "@tencent/universal-report@4.5.4": "patches/@tencent__universal-report@4.5.4.patch",
10-06 00:39:01.353 I/AstrBotEngine: [NAPCAT]       "typescript@7.0.2": "patches/typescript@7.0.2.patch"
10-06 00:39:01.377 I/AstrBotEngine: [NAPCAT]     },
10-06 00:39:01.415 I/AstrBotEngine: [NAPCAT]     "packageExtensions": {
10-06 00:39:01.445 I/AstrBotEngine: [NAPCAT]       "qute": {
10-06 00:39:01.466 I/AstrBotEngine: [NAPCAT]         "dependencies": {},
10-06 00:39:01.491 I/AstrBotEngine: [NAPCAT]         "devDependencies": {}
10-06 00:39:01.520 I/AstrBotEngine: [NAPCAT]       }
10-06 00:39:01.552 I/AstrBotEngine: [NAPCAT]     },
10-06 00:39:01.577 I/AstrBotEngine: [NAPCAT]     "overrides": {
10-06 00:39:01.606 I/AstrBotEngine: [NAPCAT]       "@types/react": "-",
10-06 00:39:01.623 I/AstrBotEngine: [NAPCAT]       "@types/react-dom": "-",
10-06 00:39:01.646 I/AstrBotEngine: [NAPCAT]       "@tencent/yuanbao-react-markdown>@types/hast": "-",
10-06 00:39:01.675 I/AstrBotEngine: [NAPCAT]       "@tencent/yuanbao-react-markdown>devlop": "-",
10-06 00:39:01.698 I/AstrBotEngine: [NAPCAT]       "@tencent/yuanbao-react-markdown>hast-util-to-jsx-runtime": "-",
10-06 00:39:01.721 I/AstrBotEngine: [NAPCAT]       "@tencent/yuanbao-react-markdown>html-url-attributes": "-",
10-06 00:39:01.747 I/AstrBotEngine: [NAPCAT]       "@tencent/yuanbao-react-markdown>mdast-util-to-hast": "-",
10-06 00:39:01.771 I/AstrBotEngine: [NAPCAT]       "@tencent/yuanbao-react-markdown>rehype-parse": "-",
10-06 00:39:01.788 I/AstrBotEngine: [NAPCAT]       "@tencent/yuanbao-react-markdown>rehype-stringify": "-",
10-06 00:39:01.805 I/AstrBotEngine: [NAPCAT]       "@tencent/yuanbao-react-markdown>remark-parse": "-",
10-06 00:39:01.829 I/AstrBotEngine: [NAPCAT]       "@tencent/yuanbao-react-markdown>remark-rehype": "-",
10-06 00:39:01.858 I/AstrBotEngine: [NAPCAT]       "@tencent/yuanbao-react-markdown>unified": "-",
10-06 00:39:01.881 I/AstrBotEngine: [NAPCAT]       "@tencent/yuanbao-react-markdown>unist-util-visit": "-",
10-06 00:39:01.902 I/AstrBotEngine: [NAPCAT]       "@tencent/yuanbao-react-markdown>vfile": "-",
10-06 00:39:01.922 I/AstrBotEngine: [NAPCAT]       "@types/d3-dispatch": "3.0.6"
10-06 00:39:01.945 I/AstrBotEngine: [NAPCAT]     }
10-06 00:39:01.966 I/AstrBotEngine: [NAPCAT]   },
10-06 00:39:01.989 I/AstrBotEngine: [NAPCAT]   "buildVersion": "52892",
10-06 00:39:02.007 I/AstrBotEngine: [NAPCAT]   "platform": "linux",
10-06 00:39:02.034 I/AstrBotEngine: [NAPCAT]   "eleArch": "arm64",
10-06 00:39:02.050 I/AstrBotEngine: [NAPCAT]   "linuxFormat": "deb"
10-06 00:39:02.074 I/AstrBotEngine: [NAPCAT] }
10-06 00:39:02.108 I/AstrBotEngine: [NAPCAT] prepare write and writev hooks
10-06 00:39:02.138 I/AstrBotEngine: [NAPCAT] 10-06 00:38:59 [info] [PacketHandler] 加载成功
10-06 00:39:02.160 I/AstrBotEngine: [NAPCAT] 10-06 00:38:59 [info] [Napi2NativeLoader] 加载成功
10-06 00:39:02.181 I/AstrBotEngine: [NAPCAT] 10-06 00:38:59 [info] [FFmpeg] 检查 Native Addon 可用性...
10-06 00:39:02.205 I/AstrBotEngine: [NAPCAT] 10-06 00:38:59 [info] [FFmpeg] ✓ 使用 Native Addon 适配器
10-06 00:39:02.238 I/AstrBotEngine: [NAPCAT] 10-06 00:38:59 [info] [PacketHandler] 初始化成功
10-06 00:39:02.265 I/AstrBotEngine: [NAPCAT] 10-06 00:38:59 [info] [NapCat] [Core] NapCat.Core Version: 4.18.28
10-06 00:39:02.296 I/AstrBotEngine: [NAPCAT] [I] <MemoryFile.cpp:98::open> open fd[0x27], /root/.config/QQ/nt_qq/global/nt_data/mmkv/nt_mmkv_global_misc
10-06 00:39:02.324 I/AstrBotEngine: [NAPCAT] [I] <MemoryFile.cpp:98::open> open fd[0x24], /root/.config/QQ/nt_qq/global/nt_data/mmkv/nt_mmkv_global_misc.crc
10-06 00:39:02.348 I/AstrBotEngine: [NAPCAT] [I] <MMKV.cpp:233::initializeMMKV> root dir: /root/.config/QQ/nt_qq/global/nt_data/mmkv
10-06 00:39:02.376 I/AstrBotEngine: [NAPCAT] [I] <MMKV_IO.cpp:213::loadMetaInfoAndCheck> meta file [nt_mmkv_global_misc] has flag [0]
10-06 00:39:02.402 I/AstrBotEngine: [NAPCAT] [I] <MMKV_IO.cpp:87::loadFromFile> loading [nt_mmkv_global_misc] with 201 actual size, file size 4096, InterProcess 1, meta info version:4
10-06 00:39:02.430 I/AstrBotEngine: [NAPCAT] [I] <MMKV_IO.cpp:92::loadFromFile> loading [nt_mmkv_global_misc] with crc 869129090 sequence 1 version 4
10-06 00:39:02.457 I/AstrBotEngine: [NAPCAT] [I] <MMKV_IO.cpp:136::loadFromFile> loaded [nt_mmkv_global_misc] with 2 key-values
10-06 00:39:02.476 I/AstrBotEngine: [NAPCAT] [I] <MemoryFile.cpp:98::open> open fd[0x28], /root/.config/QQ/nt_qq/global/nt_data/mmkv/nt_mmkv_o3
10-06 00:39:02.499 I/AstrBotEngine: [NAPCAT] [I] <MemoryFile.cpp:98::open> open fd[0x29], /root/.config/QQ/nt_qq/global/nt_data/mmkv/nt_mmkv_o3.crc
10-06 00:39:02.520 I/AstrBotEngine: [NAPCAT] [I] <MMKV_IO.cpp:213::loadMetaInfoAndCheck> meta file [nt_mmkv_o3] has flag [0]
10-06 00:39:02.545 I/AstrBotEngine: [NAPCAT] [I] <MMKV_IO.cpp:87::loadFromFile> loading [nt_mmkv_o3] with 183 actual size, file size 4096, InterProcess 1, meta info version:4
10-06 00:39:02.570 I/AstrBotEngine: [NAPCAT] [I] <MMKV_IO.cpp:92::loadFromFile> loading [nt_mmkv_o3] with crc 704323148 sequence 1 version 4
10-06 00:39:02.591 I/AstrBotEngine: [NAPCAT] [I] <MMKV_IO.cpp:136::loadFromFile> loaded [nt_mmkv_o3] with 2 key-values
10-06 00:39:02.614 I/AstrBotEngine: [NAPCAT] 10-06 00:38:59 [error] [NapCat] [UtilityProcess] Worker进程退出，退出码: 11
10-06 00:39:02.637 I/AstrBotEngine: [NAPCAT] 10-06 00:38:59 [warn] [NapCat] [UtilityProcess] Worker进程意外退出 (2/3)，正在尝试重新拉起...
10-06 00:39:02.669 I/AstrBotEngine: [NAPCAT] [launcher] loadNapCat.js generated in current directory
10-06 00:39:02.691 I/AstrBotEngine: [NAPCAT] [31241:1006/003900.087492:ERROR:base/files/file_path_watcher_inotify.cc:923] Failed to read /proc/sys/fs/inotify/max_user_watches
10-06 00:39:02.715 I/AstrBotEngine: [NAPCAT] [31241:1006/003900.088356:ERROR:net/base/address_tracker_linux.cc:242] Could not bind NETLINK socket: Permission denied (13)
10-06 00:39:02.740 I/AstrBotEngine: [NAPCAT] NapCat Shell App Loading...
10-06 00:39:02.763 I/AstrBotEngine: [NAPCAT] [launcher] intercepted package.json: /opt/QQ/resources/app/package.json, replacing content
10-06 00:39:02.783 I/AstrBotEngine: [NAPCAT] [launcher] Generated relative path: ../../../../root
10-06 00:39:02.806 I/AstrBotEngine: [NAPCAT] [launcher] New main field: "main": "../../../../root/loadNapCat.js"
10-06 00:39:02.833 I/AstrBotEngine: [NAPCAT] [launcher] package.json content: {
10-06 00:39:02.854 I/AstrBotEngine: [NAPCAT]   "name": "QQ",
10-06 00:39:02.875 I/AstrBotEngine: [NAPCAT]   "version": "3.2.33-52892",
10-06 00:39:02.892 I/AstrBotEngine: [NAPCAT]   "private": true,
10-06 00:39:02.910 I/AstrBotEngine: [NAPCAT]   "description": "QQ",
10-06 00:39:02.936 I/AstrBotEngine: [NAPCAT]   "productName": "QQ",
10-06 00:39:02.966 I/AstrBotEngine: [NAPCAT]   "author": {
10-06 00:39:02.994 I/AstrBotEngine: [NAPCAT]     "name": "Tencent",
10-06 00:39:03.016 I/AstrBotEngine: [NAPCAT]     "email": "QQ-Team@tencent.com"
10-06 00:39:03.051 I/AstrBotEngine: [NAPCAT]   },
10-06 00:39:03.079 I/AstrBotEngine: [NAPCAT]   "homepage": "https://im.qq.com",
10-06 00:39:03.102 I/AstrBotEngine: [NAPCAT]   "sideEffects": true,
10-06 00:39:03.122 I/AstrBotEngine: [NAPCAT]   "bin": {
10-06 00:39:03.149 I/AstrBotEngine: [NAPCAT]     "qd": "externals/devtools/cli/index.js"
10-06 00:39:03.175 I/AstrBotEngine: [NAPCAT]   },
10-06 00:39:03.195 I/AstrBotEngine: [NAPCAT]   "appid": {
10-06 00:39:03.218 I/AstrBotEngine: [NAPCAT]     "win32": "537382716",
10-06 00:39:03.240 I/AstrBotEngine: [NAPCAT]     "darwin": "537382742",
10-06 00:39:03.259 I/AstrBotEngine: [NAPCAT]     "linux": "537382753",
10-06 00:39:03.276 I/AstrBotEngine: [NAPCAT]     "ohos": "5373141859"
10-06 00:39:03.290 I/AstrBotEngine: [NAPCAT]   },
10-06 00:39:03.319 I/AstrBotEngine: [NAPCAT]   "main": "../../../../root/loadNapCat.js",
10-06 00:39:03.336 I/AstrBotEngine: [NAPCAT]   "peerDependenciesMeta": {
10-06 00:39:03.356 I/AstrBotEngine: [NAPCAT]     "*": {
10-06 00:39:03.377 I/AstrBotEngine: [NAPCAT]       "optional": true
10-06 00:39:03.405 I/AstrBotEngine: [NAPCAT]     }
10-06 00:39:03.429 I/AstrBotEngine: [NAPCAT]   },
10-06 00:39:03.450 I/AstrBotEngine: [NAPCAT]   "pnpm": {
10-06 00:39:03.469 I/AstrBotEngine: [NAPCAT]     "patchedDependencies": {
10-06 00:39:03.492 I/AstrBotEngine: [NAPCAT]       "@vue/runtime-dom@3.5.12": "patches/@vue__runtime-dom@3.5.12.patch",
10-06 00:39:03.512 I/AstrBotEngine: [NAPCAT]       "@swc/helpers@0.5.3": "patches/@swc__helpers@0.5.3.patch",
10-06 00:39:03.554 I/AstrBotEngine: [NAPCAT]       "vuex@4.1.0": "patches/vuex@4.1.0.patch",
10-06 00:39:03.581 I/AstrBotEngine: [NAPCAT]       "typescript-parser@2.6.1": "patches/typescript-parser@2.6.1.patch",
10-06 00:39:03.611 I/AstrBotEngine: [NAPCAT]       "@tencent/qqplay-downloadsdk": "patches/@tencent__qqplay-downloadsdk.patch",
10-06 00:39:03.633 I/AstrBotEngine: [NAPCAT]       "@tencent/universal-report@4.5.4": "patches/@tencent__universal-report@4.5.4.patch",
10-06 00:39:03.668 I/AstrBotEngine: [NAPCAT]       "typescript@7.0.2": "patches/typescript@7.0.2.patch"
10-06 00:39:03.686 I/AstrBotEngine: [NAPCAT]     },
10-06 00:39:03.708 I/AstrBotEngine: [NAPCAT]     "packageExtensions": {
10-06 00:39:03.732 I/AstrBotEngine: [NAPCAT]       "qute": {
10-06 00:39:03.756 I/AstrBotEngine: [NAPCAT]         "dependencies": {},
10-06 00:39:03.777 I/AstrBotEngine: [NAPCAT]         "devDependencies": {}
10-06 00:39:03.794 I/AstrBotEngine: [NAPCAT]       }
10-06 00:39:03.816 I/AstrBotEngine: [NAPCAT]     },
10-06 00:39:03.841 I/AstrBotEngine: [NAPCAT]     "overrides": {
10-06 00:39:03.867 I/AstrBotEngine: [NAPCAT]       "@types/react": "-",
10-06 00:39:03.889 I/AstrBotEngine: [NAPCAT]       "@types/react-dom": "-",
10-06 00:39:03.922 I/AstrBotEngine: [NAPCAT]       "@tencent/yuanbao-react-markdown>@types/hast": "-",
10-06 00:39:03.953 I/AstrBotEngine: [NAPCAT]       "@tencent/yuanbao-react-markdown>devlop": "-",
10-06 00:39:03.973 I/AstrBotEngine: [NAPCAT]       "@tencent/yuanbao-react-markdown>hast-util-to-jsx-runtime": "-",
10-06 00:39:04.016 I/AstrBotEngine: [NAPCAT]       "@tencent/yuanbao-react-markdown>html-url-attributes": "-",
10-06 00:39:04.037 I/AstrBotEngine: [NAPCAT]       "@tencent/yuanbao-react-markdown>mdast-util-to-hast": "-",
10-06 00:39:04.061 I/AstrBotEngine: [NAPCAT]       "@tencent/yuanbao-react-markdown>rehype-parse": "-",
10-06 00:39:04.087 I/AstrBotEngine: [NAPCAT]       "@tencent/yuanbao-react-markdown>rehype-stringify": "-",
10-06 00:39:04.105 I/AstrBotEngine: [NAPCAT]       "@tencent/yuanbao-react-markdown>remark-parse": "-",
10-06 00:39:04.126 I/AstrBotEngine: [NAPCAT]       "@tencent/yuanbao-react-markdown>remark-rehype": "-",
10-06 00:39:04.147 I/AstrBotEngine: [NAPCAT]       "@tencent/yuanbao-react-markdown>unified": "-",
10-06 00:39:04.171 I/AstrBotEngine: [NAPCAT]       "@tencent/yuanbao-react-markdown>unist-util-visit": "-",
10-06 00:39:04.204 I/AstrBotEngine: [NAPCAT]       "@tencent/yuanbao-react-markdown>vfile": "-",
10-06 00:39:04.227 I/AstrBotEngine: [NAPCAT]       "@types/d3-dispatch": "3.0.6"
10-06 00:39:04.252 I/AstrBotEngine: [NAPCAT]     }
10-06 00:39:04.276 I/AstrBotEngine: [NAPCAT]   },
10-06 00:39:04.298 I/AstrBotEngine: [NAPCAT]   "buildVersion": "52892",
10-06 00:39:04.328 I/AstrBotEngine: [NAPCAT]   "platform": "linux",
10-06 00:39:04.332 I/AstrBotEngine: [AstrBot Android] 检测到 NapCat 崩溃（主进程退出）——立即执行自愈重启（第 3 轮；阶梯级别按崩溃计数自动升级）
10-06 00:39:04.356 I/AstrBotEngine: [NAPCAT]   "eleArch": "arm64",
10-06 00:39:04.377 I/AstrBotEngine: [NAPCAT]   "linuxFormat": "deb"
10-06 00:39:04.396 I/AstrBotEngine: [NAPCAT] }
10-06 00:39:04.422 I/AstrBotEngine: [NAPCAT] prepare write and writev hooks
10-06 00:39:04.446 I/AstrBotEngine: [NAPCAT] 10-06 00:39:01 [info] [PacketHandler] 加载成功
10-06 00:39:04.465 I/AstrBotEngine: [NAPCAT] 10-06 00:39:01 [info] [Napi2NativeLoader] 加载成功
10-06 00:39:04.484 I/AstrBotEngine: [NAPCAT] 10-06 00:39:01 [info] [FFmpeg] 检查 Native Addon 可用性...
10-06 00:39:04.502 I/AstrBotEngine: [NAPCAT] 10-06 00:39:01 [info] [FFmpeg] ✓ 使用 Native Addon 适配器
10-06 00:39:04.523 I/AstrBotEngine: [NAPCAT] 10-06 00:39:01 [info] [PacketHandler] 初始化成功
10-06 00:39:04.546 I/AstrBotEngine: [NAPCAT] 10-06 00:39:01 [info] [NapCat] [Core] NapCat.Core Version: 4.18.28
10-06 00:39:04.566 I/AstrBotEngine: [NAPCAT] [I] <MemoryFile.cpp:98::open> open fd[0x27], /root/.config/QQ/nt_qq/global/nt_data/mmkv/nt_mmkv_global_misc.crc
10-06 00:39:04.585 I/AstrBotEngine: [NAPCAT] [I] <MMKV_IO.cpp:213::loadMetaInfoAndCheck> meta file [nt_mmkv_global_misc] has flag [0]
10-06 00:39:04.603 I/AstrBotEngine: [NAPCAT] [I] <MMKV_IO.cpp:87::loadFromFile> loading [nt_mmkv_global_misc] with 201 actual size, file size 4096, InterProcess 1, meta info version:4
10-06 00:39:04.629 I/AstrBotEngine: [NAPCAT] [I] <MMKV_IO.cpp:92::loadFromFile> loading [nt_mmkv_global_misc] with crc 869129090 sequence 1 version 4
10-06 00:39:04.652 I/AstrBotEngine: [NAPCAT] [I] <MMKV_IO.cpp:136::loadFromFile> loaded [nt_mmkv_global_misc] with 2 key-values
10-06 00:39:04.668 I/AstrBotEngine: [NAPCAT] [I] <MMKV.cpp:233::initializeMMKV> root dir: /root/.config/QQ/nt_qq/global/nt_data/mmkv
10-06 00:39:04.685 I/AstrBotEngine: [NAPCAT] [I] <MemoryFile.cpp:98::open> open fd[0x28], /root/.config/QQ/nt_qq/global/nt_data/mmkv/nt_mmkv_o3
10-06 00:39:04.701 I/AstrBotEngine: [NAPCAT] [I] <MemoryFile.cpp:98::open> open fd[0x29], /root/.config/QQ/nt_qq/global/nt_data/mmkv/nt_mmkv_o3.crc
10-06 00:39:04.724 I/AstrBotEngine: [NAPCAT] [I] <MMKV_IO.cpp:213::loadMetaInfoAndCheck> meta file [nt_mmkv_o3] has flag [0]
10-06 00:39:04.751 I/AstrBotEngine: [NAPCAT] [I] <MMKV_IO.cpp:87::loadFromFile> loading [nt_mmkv_o3] with 183 actual size, file size 4096, InterProcess 1, meta info version:4
10-06 00:39:04.778 I/AstrBotEngine: [NAPCAT] [I] <MMKV_IO.cpp:92::loadFromFile> loading [nt_mmkv_o3] with crc 704323148 sequence 1 version 4
10-06 00:39:04.802 I/AstrBotEngine: [NAPCAT] [I] <MMKV_IO.cpp:136::loadFromFile> loaded [nt_mmkv_o3] with 2 key-values
10-06 00:39:04.823 I/AstrBotEngine: [NAPCAT] 10-06 00:39:01 [error] [NapCat] [UtilityProcess] Worker进程退出，退出码: 11
10-06 00:39:04.848 I/AstrBotEngine: [NAPCAT] 10-06 00:39:01 [error] [NapCat] [UtilityProcess] Worker进程在 10 秒内异常退出 3 次，主进程退出
10-06 00:39:04.872 I/AstrBotEngine: [NAPCAT] 10-06 00:39:01 [warn] [NapCat] [UtilityProcess] Worker进程意外退出 (3/3)，正在尝试重新拉起...
10-06 00:39:04.892 I/AstrBotEngine: [NAPCAT] [launcher] loadNapCat.js generated in current directory
10-06 00:39:40.728 I/AstrBotEngine: [AstrBot Android] 自愈第 3 轮已执行（详见 /root/napcat/watchdog.log；若已进入禁 bypass 态，反检测将保持关闭直至手动恢复）
10-06 00:39:40.843 I/AstrBotEngine: [NAPCAT] [launcher] loadNapCat.js generated in current directory
10-06 00:39:40.868 I/AstrBotEngine: [NAPCAT] not mini app. 
10-06 00:39:40.957 I/AstrBotEngine: [NAPCAT] [launcher] loadNapCat.js generated in current directory
10-06 00:39:40.978 I/AstrBotEngine: [NAPCAT] [preload] succeeded. /opt/QQ/resources/app/major.node
10-06 00:39:40.998 I/AstrBotEngine: [NAPCAT] [738:1006/003940.951619:ERROR:base/files/file_path_watcher_inotify.cc:923] Failed to read /proc/sys/fs/inotify/max_user_watches
10-06 00:39:41.021 I/AstrBotEngine: [NAPCAT] [launcher] loadNapCat.js generated in current directory
10-06 00:39:41.037 I/AstrBotEngine: [NAPCAT] [preload] succeeded. /opt/QQ/resources/app/major.node
10-06 00:39:41.066 I/AstrBotEngine: [NAPCAT] [739:1006/003940.977030:ERROR:base/files/file_path_watcher_inotify.cc:923] Failed to read /proc/sys/fs/inotify/max_user_watches
10-06 00:39:41.087 I/AstrBotEngine: [NAPCAT] [727:1006/003940.997076:ERROR:dbus/bus.cc:406] Failed to connect to the bus: Failed to connect to socket /run/dbus/system_bus_socket: No such file or directory
10-06 00:39:41.165 I/AstrBotEngine: [NAPCAT] resourcesPath: /opt/QQ/resources
10-06 00:39:41.187 I/AstrBotEngine: [NAPCAT] [launcher] intercepted package.json: /opt/QQ/resources/app/package.json, replacing content
10-06 00:39:41.208 I/AstrBotEngine: [NAPCAT] [launcher] Generated relative path: ../../../../root
10-06 00:39:41.225 I/AstrBotEngine: [NAPCAT] [launcher] New main field: "main": "../../../../root/loadNapCat.js"
10-06 00:39:41.247 I/AstrBotEngine: [NAPCAT] [launcher] package.json content: {
10-06 00:39:41.262 I/AstrBotEngine: [NAPCAT]   "name": "QQ",
10-06 00:39:41.281 I/AstrBotEngine: [NAPCAT]   "version": "3.2.33-52892",
10-06 00:39:41.301 I/AstrBotEngine: [NAPCAT]   "private": true,
10-06 00:39:41.321 I/AstrBotEngine: [NAPCAT]   "description": "QQ",
10-06 00:39:41.341 I/AstrBotEngine: [NAPCAT]   "productName": "QQ",
10-06 00:39:41.361 I/AstrBotEngine: [NAPCAT]   "author": {
10-06 00:39:41.381 I/AstrBotEngine: [NAPCAT]     "name": "Tencent",
10-06 00:39:41.404 I/AstrBotEngine: [NAPCAT]     "email": "QQ-Team@tencent.com"
10-06 00:39:41.429 I/AstrBotEngine: [NAPCAT]   },
10-06 00:39:41.455 I/AstrBotEngine: [NAPCAT]   "homepage": "https://im.qq.com",
10-06 00:39:41.480 I/AstrBotEngine: [NAPCAT]   "sideEffects": true,
10-06 00:39:41.501 I/AstrBotEngine: [NAPCAT]   "bin": {
10-06 00:39:41.521 I/AstrBotEngine: [NAPCAT]     "qd": "externals/devtools/cli/index.js"
10-06 00:39:41.537 I/AstrBotEngine: [NAPCAT]   },
10-06 00:39:41.555 I/AstrBotEngine: [NAPCAT]   "appid": {
10-06 00:39:41.572 I/AstrBotEngine: [NAPCAT]     "win32": "537382716",
10-06 00:39:41.592 I/AstrBotEngine: [NAPCAT]     "darwin": "537382742",
10-06 00:39:41.620 I/AstrBotEngine: [NAPCAT]     "linux": "537382753",
10-06 00:39:41.640 I/AstrBotEngine: [NAPCAT]     "ohos": "5373141859"
10-06 00:39:41.668 I/AstrBotEngine: [NAPCAT]   },
10-06 00:39:41.691 I/AstrBotEngine: [NAPCAT]   "main": "../../../../root/loadNapCat.js",
10-06 00:39:41.712 I/AstrBotEngine: [NAPCAT]   "peerDependenciesMeta": {
10-06 00:39:41.736 I/AstrBotEngine: [NAPCAT]     "*": {
10-06 00:39:41.756 I/AstrBotEngine: [NAPCAT]       "optional": true
10-06 00:39:41.778 I/AstrBotEngine: [NAPCAT]     }
10-06 00:39:41.800 I/AstrBotEngine: [NAPCAT]   },
10-06 00:39:41.828 I/AstrBotEngine: [NAPCAT]   "pnpm": {
10-06 00:39:41.857 I/AstrBotEngine: [NAPCAT]     "patchedDependencies": {
10-06 00:39:41.881 I/AstrBotEngine: [NAPCAT]       "@vue/runtime-dom@3.5.12": "patches/@vue__runtime-dom@3.5.12.patch",
10-06 00:39:41.900 I/AstrBotEngine: [NAPCAT]       "@swc/helpers@0.5.3": "patches/@swc__helpers@0.5.3.patch",
10-06 00:39:41.918 I/AstrBotEngine: [NAPCAT]       "vuex@4.1.0": "patches/vuex@4.1.0.patch",
10-06 00:39:41.936 I/AstrBotEngine: [NAPCAT]       "typescript-parser@2.6.1": "patches/typescript-parser@2.6.1.patch",
10-06 00:39:41.955 I/AstrBotEngine: [NAPCAT]       "@tencent/qqplay-downloadsdk": "patches/@tencent__qqplay-downloadsdk.patch",
10-06 00:39:41.981 I/AstrBotEngine: [NAPCAT]       "@tencent/universal-report@4.5.4": "patches/@tencent__universal-report@4.5.4.patch",
10-06 00:39:41.998 I/AstrBotEngine: [NAPCAT]       "typescript@7.0.2": "patches/typescript@7.0.2.patch"
10-06 00:39:42.018 I/AstrBotEngine: [NAPCAT]     },
10-06 00:39:42.040 I/AstrBotEngine: [NAPCAT]     "packageExtensions": {
10-06 00:39:42.060 I/AstrBotEngine: [NAPCAT]       "qute": {
10-06 00:39:42.079 I/AstrBotEngine: [NAPCAT]         "dependencies": {},
10-06 00:39:42.103 I/AstrBotEngine: [NAPCAT]         "devDependencies": {}
10-06 00:39:42.120 I/AstrBotEngine: [NAPCAT]       }
10-06 00:39:42.145 I/AstrBotEngine: [NAPCAT]     },
10-06 00:39:42.163 I/AstrBotEngine: [NAPCAT]     "overrides": {
10-06 00:39:42.186 I/AstrBotEngine: [NAPCAT]       "@types/react": "-",
10-06 00:39:42.207 I/AstrBotEngine: [NAPCAT]       "@types/react-dom": "-",
10-06 00:39:42.225 I/AstrBotEngine: [NAPCAT]       "@tencent/yuanbao-react-markdown>@types/hast": "-",
10-06 00:39:42.245 I/AstrBotEngine: [NAPCAT]       "@tencent/yuanbao-react-markdown>devlop": "-",
10-06 00:39:42.265 I/AstrBotEngine: [NAPCAT]       "@tencent/yuanbao-react-markdown>hast-util-to-jsx-runtime": "-",
10-06 00:39:42.283 I/AstrBotEngine: [NAPCAT]       "@tencent/yuanbao-react-markdown>html-url-attributes": "-",
10-06 00:39:42.303 I/AstrBotEngine: [NAPCAT]       "@tencent/yuanbao-react-markdown>mdast-util-to-hast": "-",
10-06 00:39:42.341 I/AstrBotEngine: [NAPCAT]       "@tencent/yuanbao-react-markdown>rehype-parse": "-",
10-06 00:39:42.363 I/AstrBotEngine: [NAPCAT]       "@tencent/yuanbao-react-markdown>rehype-stringify": "-",
10-06 00:39:42.385 I/AstrBotEngine: [NAPCAT]       "@tencent/yuanbao-react-markdown>remark-parse": "-",
10-06 00:39:42.408 I/AstrBotEngine: [NAPCAT]       "@tencent/yuanbao-react-markdown>remark-rehype": "-",
10-06 00:39:42.428 I/AstrBotEngine: [NAPCAT]       "@tencent/yuanbao-react-markdown>unified": "-",
10-06 00:39:42.448 I/AstrBotEngine: [NAPCAT]       "@tencent/yuanbao-react-markdown>unist-util-visit": "-",
10-06 00:39:42.468 I/AstrBotEngine: [NAPCAT]       "@tencent/yuanbao-react-markdown>vfile": "-",
10-06 00:39:42.486 I/AstrBotEngine: [NAPCAT]       "@types/d3-dispatch": "3.0.6"
10-06 00:39:42.504 I/AstrBotEngine: [NAPCAT]     }
10-06 00:39:42.521 I/AstrBotEngine: [NAPCAT]   },
10-06 00:39:42.541 I/AstrBotEngine: [NAPCAT]   "buildVersion": "52892",
10-06 00:39:42.559 I/AstrBotEngine: [NAPCAT]   "platform": "linux",
10-06 00:39:42.576 I/AstrBotEngine: [NAPCAT]   "eleArch": "arm64",
10-06 00:39:42.593 I/AstrBotEngine: [NAPCAT]   "linuxFormat": "deb"
10-06 00:39:42.611 I/AstrBotEngine: [NAPCAT] }
10-06 00:39:42.692 I/AstrBotEngine: [NAPCAT] [727:1006/003942.663657:ERROR:dbus/bus.cc:406] Failed to connect to the bus: Could not parse server address: Unknown address type (examples of valid types are "
10-06 00:39:42.730 I/AstrBotEngine: [NAPCAT] [727:1006/003942.663788:ERROR:dbus/bus.cc:406] Failed to connect to the bus: Could not parse server address: Unknown address type (examples of valid types are "
10-06 00:39:42.765 I/AstrBotEngine: [NAPCAT] [727:1006/003942.664756:ERROR:dbus/bus.cc:406] Failed to connect to the bus: Failed to connect to socket /run/dbus/system_bus_socket: No such file or directory
10-06 00:39:42.784 I/AstrBotEngine: [NAPCAT] [727:1006/003942.664987:ERROR:dbus/bus.cc:406] Failed to connect to the bus: Failed to connect to socket /run/dbus/system_bus_socket: No such file or directory
10-06 00:39:42.813 I/AstrBotEngine: [NAPCAT] [727:1006/003942.665451:ERROR:base/files/file_path_watcher_inotify.cc:923] Failed to read /proc/sys/fs/inotify/max_user_watches
10-06 00:39:42.835 I/AstrBotEngine: [NAPCAT] [727:1006/003942.665960:ERROR:net/base/address_tracker_linux.cc:242] Could not bind NETLINK socket: Permission denied (13)
10-06 00:39:42.859 I/AstrBotEngine: [NAPCAT] [727:1006/003942.689765:ERROR:device/udev_linux/udev_watcher.cc:51] Failed to initialize a udev monitor.
10-06 00:39:42.884 I/AstrBotEngine: [NAPCAT] [727:1006/003942.702849:ERROR:dbus/object_proxy.cc:573] Failed to call method: org.freedesktop.DBus.NameHasOwner: object_path= /org/freedesktop/DBus: unknown er
10-06 00:39:42.913 I/AstrBotEngine: [NAPCAT] [727:1006/003942.702973:ERROR:dbus/object_proxy.cc:573] Failed to call method: org.freedesktop.DBus.NameHasOwner: object_path= /org/freedesktop/DBus: unknown er
10-06 00:39:42.946 I/AstrBotEngine: [NAPCAT] [727:1006/003942.703048:ERROR:dbus/bus.cc:406] Failed to connect to the bus: Could not parse server address: Unknown address type (examples of valid types are "
10-06 00:39:42.972 I/AstrBotEngine: [NAPCAT] [727:1006/003942.703084:ERROR:dbus/bus.cc:406] Failed to connect to the bus: Could not parse server address: Unknown address type (examples of valid types are "
10-06 00:39:42.996 I/AstrBotEngine: [NAPCAT] [727:1006/003942.703103:ERROR:dbus/object_proxy.cc:573] Failed to call method: org.freedesktop.DBus.NameHasOwner: object_path= /org/freedesktop/DBus: unknown er
10-06 00:39:43.020 I/AstrBotEngine: [NAPCAT] [727:1006/003942.706334:ERROR:dbus/object_proxy.cc:573] Failed to call method: org.freedesktop.DBus.NameHasOwner: object_path= /org/freedesktop/DBus: unknown er
10-06 00:39:43.044 I/AstrBotEngine: [NAPCAT] [1939:1006/003942.851994:ERROR:base/files/file_path_watcher_inotify.cc:923] Failed to read /proc/sys/fs/inotify/max_user_watches
10-06 00:39:43.067 I/AstrBotEngine: [NAPCAT] [launcher] loadNapCat.js generated in current directory
10-06 00:39:43.089 I/AstrBotEngine: [NAPCAT] [1936:1006/003942.909009:ERROR:base/files/file_path_watcher_inotify.cc:923] Failed to read /proc/sys/fs/inotify/max_user_watches
10-06 00:39:43.119 I/AstrBotEngine: [NAPCAT] [1936:1006/003942.910380:ERROR:net/base/address_tracker_linux.cc:242] Could not bind NETLINK socket: Permission denied (13)
10-06 00:39:43.142 I/AstrBotEngine: [NAPCAT] [1924:1006/003943.101020:ERROR:ui/gl/angle_platform_impl.cc:42] Display.cpp:1097 (initialize): ANGLE Display::initialize error 12289: GLX is not present.
10-06 00:39:43.164 I/AstrBotEngine: [NAPCAT] ERR: Display.cpp:1097 (initialize): ANGLE Display::initialize error 12289: GLX is not present.
10-06 00:39:43.189 I/AstrBotEngine: [NAPCAT] [1924:1006/003943.102273:ERROR:ui/gl/egl_util.cc:92] EGL Driver message (Critical) eglInitialize: GLX is not present.
10-06 00:39:43.212 I/AstrBotEngine: [NAPCAT] [1924:1006/003943.103443:ERROR:ui/gl/gl_display.cc:639] eglInitialize OpenGL failed with error EGL_NOT_INITIALIZED, trying next display type
10-06 00:39:43.233 I/AstrBotEngine: [NAPCAT] [1924:1006/003943.104251:ERROR:ui/gl/angle_platform_impl.cc:42] Display.cpp:1097 (initialize): ANGLE Display::initialize error 12289: GLX is not present.
10-06 00:39:43.260 I/AstrBotEngine: [NAPCAT] ERR: Display.cpp:1097 (initialize): ANGLE Display::initialize error 12289: GLX is not present.
10-06 00:39:43.286 I/AstrBotEngine: [NAPCAT] [1924:1006/003943.109892:ERROR:ui/gl/egl_util.cc:92] EGL Driver message (Critical) eglInitialize: GLX is not present.
10-06 00:39:43.326 I/AstrBotEngine: [NAPCAT] [1924:1006/003943.111483:ERROR:ui/gl/gl_display.cc:639] eglInitialize OpenGLES failed with error EGL_NOT_INITIALIZED
10-06 00:39:43.347 I/AstrBotEngine: [NAPCAT] [1924:1006/003943.112115:ERROR:ui/gl/gl_display.cc:674] Initialization of all EGL display types failed.
10-06 00:39:43.369 I/AstrBotEngine: [NAPCAT] [1924:1006/003943.112457:ERROR:ui/ozone/common/gl_ozone_egl.cc:26] GLDisplayEGL::Initialize failed.
10-06 00:39:43.393 I/AstrBotEngine: [NAPCAT] [1924:1006/003943.369995:ERROR:ui/gl/angle_platform_impl.cc:42] Display.cpp:1097 (initialize): ANGLE Display::initialize error 12289: GLX is not present.
10-06 00:39:43.417 I/AstrBotEngine: [NAPCAT] ERR: Display.cpp:1097 (initialize): ANGLE Display::initialize error 12289: GLX is not present.
10-06 00:39:43.435 I/AstrBotEngine: [NAPCAT] [1924:1006/003943.370400:ERROR:ui/gl/egl_util.cc:92] EGL Driver message (Critical) eglInitialize: GLX is not present.
10-06 00:39:43.454 I/AstrBotEngine: [NAPCAT] [1924:1006/003943.370594:ERROR:ui/gl/gl_display.cc:639] eglInitialize OpenGL failed with error EGL_NOT_INITIALIZED, trying next display type
10-06 00:39:43.473 I/AstrBotEngine: [NAPCAT] [1924:1006/003943.371084:ERROR:ui/gl/angle_platform_impl.cc:42] Display.cpp:1097 (initialize): ANGLE Display::initialize error 12289: GLX is not present.
10-06 00:39:43.496 I/AstrBotEngine: [NAPCAT] ERR: Display.cpp:1097 (initialize): ANGLE Display::initialize error 12289: GLX is not present.
10-06 00:39:43.520 I/AstrBotEngine: [NAPCAT] [1924:1006/003943.371505:ERROR:ui/gl/egl_util.cc:92] EGL Driver message (Critical) eglInitialize: GLX is not present.
10-06 00:39:43.542 I/AstrBotEngine: [NAPCAT] [1924:1006/003943.371739:ERROR:ui/gl/gl_display.cc:639] eglInitialize OpenGLES failed with error EGL_NOT_INITIALIZED
10-06 00:39:43.564 I/AstrBotEngine: [NAPCAT] [1924:1006/003943.373192:ERROR:ui/gl/gl_display.cc:674] Initialization of all EGL display types failed.
10-06 00:39:43.579 I/AstrBotEngine: [NAPCAT] [1924:1006/003943.375132:ERROR:ui/ozone/common/gl_ozone_egl.cc:26] GLDisplayEGL::Initialize failed.
10-06 00:39:43.596 I/AstrBotEngine: [NAPCAT] [1924:1006/003943.381652:ERROR:components/viz/service/main/viz_main_impl.cc:189] Exiting GPU process due to errors during initialization
10-06 00:39:44.154 I/AstrBotEngine: [NAPCAT] NapCat Shell App Loading...
10-06 00:39:44.171 I/AstrBotEngine: [NAPCAT] [launcher] intercepted package.json: /opt/QQ/resources/app/package.json, replacing content
10-06 00:39:44.189 I/AstrBotEngine: [NAPCAT] [launcher] Generated relative path: ../../../../root
10-06 00:39:44.216 I/AstrBotEngine: [NAPCAT] [launcher] New main field: "main": "../../../../root/loadNapCat.js"
10-06 00:39:44.237 I/AstrBotEngine: [NAPCAT] [launcher] package.json content: {
10-06 00:39:44.253 I/AstrBotEngine: [NAPCAT]   "name": "QQ",
10-06 00:39:44.272 I/AstrBotEngine: [NAPCAT]   "version": "3.2.33-52892",
10-06 00:39:44.290 I/AstrBotEngine: [NAPCAT]   "private": true,
10-06 00:39:44.312 I/AstrBotEngine: [NAPCAT]   "description": "QQ",
10-06 00:39:44.335 I/AstrBotEngine: [NAPCAT]   "productName": "QQ",
10-06 00:39:44.360 I/AstrBotEngine: [NAPCAT]   "author": {
10-06 00:39:44.382 I/AstrBotEngine: [NAPCAT]     "name": "Tencent",
10-06 00:39:44.423 I/AstrBotEngine: [NAPCAT]     "email": "QQ-Team@tencent.com"
10-06 00:39:44.440 I/AstrBotEngine: [NAPCAT]   },
10-06 00:39:44.453 I/AstrBotEngine: [NAPCAT]   "homepage": "https://im.qq.com",
10-06 00:39:44.477 I/AstrBotEngine: [NAPCAT]   "sideEffects": true,
10-06 00:39:44.497 I/AstrBotEngine: [NAPCAT]   "bin": {
10-06 00:39:44.516 I/AstrBotEngine: [NAPCAT]     "qd": "externals/devtools/cli/index.js"
10-06 00:39:44.530 I/AstrBotEngine: [NAPCAT]   },
10-06 00:39:44.553 I/AstrBotEngine: [NAPCAT]   "appid": {
10-06 00:39:44.573 I/AstrBotEngine: [NAPCAT]     "win32": "537382716",
10-06 00:39:44.589 I/AstrBotEngine: [NAPCAT]     "darwin": "537382742",
10-06 00:39:44.610 I/AstrBotEngine: [NAPCAT]     "linux": "537382753",
10-06 00:39:44.625 I/AstrBotEngine: [NAPCAT]     "ohos": "5373141859"
10-06 00:39:44.647 I/AstrBotEngine: [NAPCAT]   },
10-06 00:39:44.664 I/AstrBotEngine: [NAPCAT]   "main": "../../../../root/loadNapCat.js",
10-06 00:39:44.685 I/AstrBotEngine: [NAPCAT]   "peerDependenciesMeta": {
10-06 00:39:44.703 I/AstrBotEngine: [NAPCAT]     "*": {
10-06 00:39:44.734 I/AstrBotEngine: [NAPCAT]       "optional": true
10-06 00:39:44.755 I/AstrBotEngine: [NAPCAT]     }
10-06 00:39:44.774 I/AstrBotEngine: [NAPCAT]   },
10-06 00:39:44.798 I/AstrBotEngine: [NAPCAT]   "pnpm": {
10-06 00:39:44.810 I/AstrBotEngine: [NAPCAT]     "patchedDependencies": {
10-06 00:39:44.828 I/AstrBotEngine: [NAPCAT]       "@vue/runtime-dom@3.5.12": "patches/@vue__runtime-dom@3.5.12.patch",
10-06 00:39:44.850 I/AstrBotEngine: [NAPCAT]       "@swc/helpers@0.5.3": "patches/@swc__helpers@0.5.3.patch",
10-06 00:39:44.872 I/AstrBotEngine: [NAPCAT]       "vuex@4.1.0": "patches/vuex@4.1.0.patch",
10-06 00:39:44.884 I/AstrBotEngine: [NAPCAT]       "typescript-parser@2.6.1": "patches/typescript-parser@2.6.1.patch",
10-06 00:39:44.908 I/AstrBotEngine: [NAPCAT]       "@tencent/qqplay-downloadsdk": "patches/@tencent__qqplay-downloadsdk.patch",
10-06 00:39:44.929 I/AstrBotEngine: [NAPCAT]       "@tencent/universal-report@4.5.4": "patches/@tencent__universal-report@4.5.4.patch",
10-06 00:39:44.946 I/AstrBotEngine: [NAPCAT]       "typescript@7.0.2": "patches/typescript@7.0.2.patch"
10-06 00:39:44.967 I/AstrBotEngine: [NAPCAT]     },
10-06 00:39:44.984 I/AstrBotEngine: [NAPCAT]     "packageExtensions": {
10-06 00:39:45.007 I/AstrBotEngine: [NAPCAT]       "qute": {
10-06 00:39:45.025 I/AstrBotEngine: [NAPCAT]         "dependencies": {},
10-06 00:39:45.055 I/AstrBotEngine: [NAPCAT]         "devDependencies": {}
10-06 00:39:45.087 I/AstrBotEngine: [NAPCAT]       }
10-06 00:39:45.113 I/AstrBotEngine: [NAPCAT]     },
10-06 00:39:45.131 I/AstrBotEngine: [NAPCAT]     "overrides": {
10-06 00:39:45.147 I/AstrBotEngine: [NAPCAT]       "@types/react": "-",
10-06 00:39:45.165 I/AstrBotEngine: [NAPCAT]       "@types/react-dom": "-",
10-06 00:39:45.181 I/AstrBotEngine: [NAPCAT]       "@tencent/yuanbao-react-markdown>@types/hast": "-",
10-06 00:39:45.198 I/AstrBotEngine: [NAPCAT]       "@tencent/yuanbao-react-markdown>devlop": "-",
10-06 00:39:45.213 I/AstrBotEngine: [NAPCAT]       "@tencent/yuanbao-react-markdown>hast-util-to-jsx-runtime": "-",
10-06 00:39:45.234 I/AstrBotEngine: [NAPCAT]       "@tencent/yuanbao-react-markdown>html-url-attributes": "-",
10-06 00:39:45.252 I/AstrBotEngine: [NAPCAT]       "@tencent/yuanbao-react-markdown>mdast-util-to-hast": "-",
10-06 00:39:45.276 I/AstrBotEngine: [NAPCAT]       "@tencent/yuanbao-react-markdown>rehype-parse": "-",
10-06 00:39:45.298 I/AstrBotEngine: [NAPCAT]       "@tencent/yuanbao-react-markdown>rehype-stringify": "-",
10-06 00:39:45.342 I/AstrBotEngine: [NAPCAT]       "@tencent/yuanbao-react-markdown>remark-parse": "-",
10-06 00:39:45.370 I/AstrBotEngine: [NAPCAT]       "@tencent/yuanbao-react-markdown>remark-rehype": "-",
10-06 00:39:45.390 I/AstrBotEngine: [NAPCAT]       "@tencent/yuanbao-react-markdown>unified": "-",
10-06 00:39:45.408 I/AstrBotEngine: [NAPCAT]       "@tencent/yuanbao-react-markdown>unist-util-visit": "-",
10-06 00:39:45.423 I/AstrBotEngine: [NAPCAT]       "@tencent/yuanbao-react-markdown>vfile": "-",
10-06 00:39:45.441 I/AstrBotEngine: [NAPCAT]       "@types/d3-dispatch": "3.0.6"
10-06 00:39:45.458 I/AstrBotEngine: [NAPCAT]     }
10-06 00:39:45.474 I/AstrBotEngine: [NAPCAT]   },
10-06 00:39:45.495 I/AstrBotEngine: [NAPCAT]   "buildVersion": "52892",
10-06 00:39:45.514 I/AstrBotEngine: [NAPCAT]   "platform": "linux",
10-06 00:39:45.534 I/AstrBotEngine: [NAPCAT]   "eleArch": "arm64",
10-06 00:39:45.558 I/AstrBotEngine: [NAPCAT]   "linuxFormat": "deb"
10-06 00:39:45.577 I/AstrBotEngine: [NAPCAT] }
10-06 00:39:45.597 I/AstrBotEngine: [NAPCAT] prepare write and writev hooks
10-06 00:39:45.620 I/AstrBotEngine: [NAPCAT] 10-06 00:39:44 [info] [PacketHandler] 加载成功
10-06 00:39:45.639 I/AstrBotEngine: [NAPCAT] 10-06 00:39:44 [info] [Napi2NativeLoader] 加载成功
10-06 00:39:45.660 I/AstrBotEngine: [NAPCAT] 10-06 00:39:44 [info] [FFmpeg] 检查 Native Addon 可用性...
10-06 00:39:45.681 I/AstrBotEngine: [NAPCAT] 10-06 00:39:44 [info] [FFmpeg] ✓ 使用 Native Addon 适配器
10-06 00:39:45.700 I/AstrBotEngine: [NAPCAT] 10-06 00:39:44 [info] [PacketHandler] 初始化成功
10-06 00:39:45.716 I/AstrBotEngine: [NAPCAT] 10-06 00:39:44 [info] [NapCat] Napi2NativeLoader: Bypass已通过环境变量禁用
10-06 00:39:45.737 I/AstrBotEngine: [NAPCAT] 10-06 00:39:44 [info] [NapCat] [Core] NapCat.Core Version: 4.18.28
10-06 00:39:45.756 I/AstrBotEngine: [NAPCAT] [I] <MemoryFile.cpp:98::open> open fd[0x26], /root/.config/QQ/nt_qq/global/nt_data/mmkv/nt_mmkv_global_misc.crc
10-06 00:39:45.775 I/AstrBotEngine: [NAPCAT] [I] <MMKV_IO.cpp:213::loadMetaInfoAndCheck> meta file [nt_mmkv_global_misc] has flag [0]
10-06 00:39:45.792 I/AstrBotEngine: [NAPCAT] [I] <MMKV_IO.cpp:87::loadFromFile> loading [nt_mmkv_global_misc] with 201 actual size, file size 4096, InterProcess 1, meta info version:4
10-06 00:39:45.823 I/AstrBotEngine: [NAPCAT] [I] <MMKV_IO.cpp:92::loadFromFile> loading [nt_mmkv_global_misc] with crc 869129090 sequence 1 version 4
10-06 00:39:45.843 I/AstrBotEngine: [NAPCAT] [I] <MMKV_IO.cpp:136::loadFromFile> loaded [nt_mmkv_global_misc] with 2 key-values
10-06 00:39:45.863 I/AstrBotEngine: [NAPCAT] [I] <MMKV.cpp:233::initializeMMKV> root dir: /root/.config/QQ/nt_qq/global/nt_data/mmkv
10-06 00:39:45.881 I/AstrBotEngine: [NAPCAT] [I] <MemoryFile.cpp:98::open> open fd[0x27], /root/.config/QQ/nt_qq/global/nt_data/mmkv/nt_mmkv_o3
10-06 00:39:45.905 I/AstrBotEngine: [NAPCAT] [I] <MemoryFile.cpp:98::open> open fd[0x28], /root/.config/QQ/nt_qq/global/nt_data/mmkv/nt_mmkv_o3.crc
10-06 00:39:45.924 I/AstrBotEngine: [NAPCAT] [I] <MMKV_IO.cpp:213::loadMetaInfoAndCheck> meta file [nt_mmkv_o3] has flag [0]
10-06 00:39:45.940 I/AstrBotEngine: [NAPCAT] [I] <MMKV_IO.cpp:87::loadFromFile> loading [nt_mmkv_o3] with 183 actual size, file size 4096, InterProcess 1, meta info version:4
10-06 00:39:45.957 I/AstrBotEngine: [NAPCAT] [I] <MMKV_IO.cpp:92::loadFromFile> loading [nt_mmkv_o3] with crc 704323148 sequence 1 version 4
10-06 00:39:45.975 I/AstrBotEngine: [NAPCAT] [I] <MMKV_IO.cpp:136::loadFromFile> loaded [nt_mmkv_o3] with 2 key-values
10-06 00:39:45.997 I/AstrBotEngine: [NAPCAT] 10-06 00:39:44 [info] [NapCat] [WebUi] WebUi Token: bandqq-napcat
10-06 00:39:46.018 I/AstrBotEngine: [NAPCAT] 10-06 00:39:44 [info] [NapCat] [WebUi] WebUi User Panel Url: http://127.0.0.1:5099/webui?token=bandqq-napcat
10-06 00:39:46.038 I/AstrBotEngine: [NAPCAT] 10-06 00:39:44 [info] [NapCat] [WebUi] WebUi User Panel Url: http://[::]:5099/webui?token=bandqq-napcat
10-06 00:39:46.055 I/AstrBotEngine: [NAPCAT] 10-06 00:39:44 [info] 等待网络连接...
10-06 00:39:46.070 I/AstrBotEngine: [NAPCAT] 10-06 00:39:45 [info] 网络已连接
10-06 00:39:46.093 I/AstrBotEngine: [NAPCAT] 10-06 00:39:45 [info] 没有 -q 指令指定快速登录，将使用二维码登录方式
10-06 00:39:46.113 I/AstrBotEngine: [NAPCAT] 10-06 00:39:45 [info] 可用于快速登录 of QQ：
10-06 00:39:46.136 I/AstrBotEngine: [NAPCAT] 1. 3836305211 一秋呀(小号)大号2308534727
10-06 00:39:46.159 I/AstrBotEngine: [NAPCAT] 10-06 00:39:45 [warn] 请扫描下面的二维码，然后在手Q上授权登录：
10-06 00:39:46.177 I/AstrBotEngine: [NAPCAT] 10-06 00:39:45 [warn] 
10-06 00:39:46.215 I/AstrBotEngine: [NAPCAT] ▄▄▄▄▄▄▄▄▄▄▄▄▄▄▄▄▄▄▄▄▄▄▄▄▄▄▄▄▄▄▄▄▄▄▄
10-06 00:39:46.239 I/AstrBotEngine: [NAPCAT] █ ▄▄▄▄▄ █▄▄▄ ▀▄██ ▀▀ ██ ▄▀█ ▄▄▄▄▄ █
10-06 00:39:46.260 I/AstrBotEngine: [NAPCAT] █ █   █ ██▄▀ █ ▀▄▄█▄█▀▄█ ▀█ █   █ █
10-06 00:39:46.276 I/AstrBotEngine: [NAPCAT] █ █▄▄▄█ ██▀▄ ▄████▀▀▄█▀█▀██ █▄▄▄█ █
10-06 00:39:46.292 I/AstrBotEngine: [NAPCAT] █▄▄▄▄▄▄▄█ ▀▄█ ▀ █ █ █▄█▄█▄█▄▄▄▄▄▄▄█
10-06 00:39:46.310 I/AstrBotEngine: [NAPCAT] █  ▀ ▄▀▄▀█▄▀█▄██▀▀▀█▄▄█▄███▄▀▀█▀▀▄█
10-06 00:39:46.329 I/AstrBotEngine: [NAPCAT] ██▀ █ █▄▀▀▄██▄█▄ █▀ ██▄ ▄▀▀  ▄▀▀▄▄█
10-06 00:39:46.353 I/AstrBotEngine: [NAPCAT] ████▄▄▀▄▀▄▄ █▀▀▄  █▀██▄▀ ▄▀▄▄███▄▄█
10-06 00:39:46.369 I/AstrBotEngine: [NAPCAT] █  ▄▄█ ▄ ▄▄▄█▀▄▀ ▄██ ▄█▄█▄▀▄█ █▀█▀█
10-06 00:39:46.388 I/AstrBotEngine: [NAPCAT] █ █▄▄▄▀▄▀ ▀█ ▄▄  ▀ ▀█ █▄█▄▄ ▀ ▄█  █
10-06 00:39:46.408 I/AstrBotEngine: [NAPCAT] ██▀ ▄█▄▄ ▄█▀▀▄  ▄▀██ █▄█▄██▀█▄█▀▀ █
10-06 00:39:46.421 I/AstrBotEngine: [NAPCAT] █▀▄▄█ ▄▄█▀  ▄▀██▄▄█▀▄▄ █ ▀▄█▀▀▀█▀██
10-06 00:39:46.439 I/AstrBotEngine: [NAPCAT] █ █ ███▄ ▀█  ▀█  ▄ ▀███▀▄▀ ▀ ▄█▀▄▄█
10-06 00:39:46.456 I/AstrBotEngine: [NAPCAT] █▄▄███▄▄▄▀ █▄▄▀▄█ █▀▄██▀█ ▄▄▄ ▀▀ ██
10-06 00:39:46.473 I/AstrBotEngine: [NAPCAT] █ ▄▄▄▄▄ ██▀▄ ▄█ ▄ ▄▄  ▄   █▄█ ▀ █▀█
10-06 00:39:46.493 I/AstrBotEngine: [NAPCAT] █ █   █ █  ▀▀ ▄ █▄▀▀▄ █▄▄▄ ▄▄▄▀█▄▄█
10-06 00:39:46.517 I/AstrBotEngine: [NAPCAT] █ █▄▄▄█ █▀█▀▄█ ▄▄▀█▄ ███▀█▀▀▄   ▀ █
10-06 00:39:46.534 I/AstrBotEngine: [NAPCAT] █▄▄▄▄▄▄▄█▄██████▄█▄▄▄▄▄██▄▄█▄█▄████
10-06 00:39:46.569 I/AstrBotEngine: [NAPCAT] 二维码解码URL: https://txz.qq.com/p?k=lcUnMN4StZpvUKqUGyVcZXZeGDcc5XOE&f=1600001615
10-06 00:39:46.589 I/AstrBotEngine: [NAPCAT] 如果控制台二维码无法扫码，可以复制解码url到二维码生成网站生成二维码再扫码，也可以打开下方的二维码路径图片进�
10-06 00:39:46.601 I/AstrBotEngine: [NAPCAT] 10-06 00:39:45 [warn] 二维码已保存到 /root/napcat/cache/qrcode.png
10-06 00:39:50.744 I/AstrBotEngine: [AstrBot Android] NapCat 启动中…（已等待 30 秒，QQ 首次引导较慢）
10-06 00:40:20.626 I/AstrBotEngine: [NAPCAT] 10-06 00:40:20 [info] [Core] [Login] 二维码已被扫描，等待确认...
10-06 00:40:20.936 I/AstrBotEngine: [AstrBot Android] NapCat 启动中…（已等待 60 秒，QQ 首次引导较慢）
10-06 00:40:23.981 I/AstrBotEngine: [NAPCAT] linux-bugly: init bugly ...
10-06 00:40:24.031 I/AstrBotEngine: [NAPCAT] [BuglyManager.cpp][InitBuglyManager][198]InitBuglyManager path: /root/.config/QQ/crash_files/
10-06 00:40:24.080 I/AstrBotEngine: [NAPCAT] [BuglyService.cpp][registBugly][589]set signal stack
10-06 00:40:24.112 I/AstrBotEngine: [NAPCAT] [BuglyService.cpp][registSignalHandler][520]regist native handler
10-06 00:40:24.139 I/AstrBotEngine: [NAPCAT] [BuglyService.cpp][setParam][618]setParam, key:appVersion, value:3.2.33-52892..
10-06 00:40:24.221 I/AstrBotEngine: [NAPCAT] linux-bugly: init bugly done.
10-06 00:40:24.474 I/AstrBotEngine: [NAPCAT] 10-06 00:40:24 [info] [NapCat] 已启用数据库辅助支持能力
10-06 00:40:24.580 I/AstrBotEngine: [NAPCAT] [I] <MMKV.cpp:260::mmkvWithID> prepare to load nt_recent_emoji_mmkv (id 4d09ada208e1df49389b85b8d4dc11d8) from rootPath /root/.config/QQ/nt_qq_0d0741be72783462f
10-06 00:40:24.613 I/AstrBotEngine: [NAPCAT] [I] <MemoryFile.cpp:98::open> open fd[0x57], /root/.config/QQ/nt_qq_0d0741be72783462f580b59d95c70ea4/nt_data/mmkv/nt_recent_emoji_mmkv
10-06 00:40:24.675 I/AstrBotEngine: [NAPCAT] [I] <MemoryFile.cpp:98::open> open fd[0x58], /root/.config/QQ/nt_qq_0d0741be72783462f580b59d95c70ea4/nt_data/mmkv/nt_recent_emoji_mmkv.crc
10-06 00:40:24.725 I/AstrBotEngine: [NAPCAT] [I] <MMKV_IO.cpp:213::loadMetaInfoAndCheck> meta file [nt_recent_emoji_mmkv] has flag [0]
10-06 00:40:24.762 I/AstrBotEngine: [NAPCAT] [I] <MMKV_IO.cpp:87::loadFromFile> loading [nt_recent_emoji_mmkv] with 0 actual size, file size 4096, InterProcess 0, meta info version:4
10-06 00:40:24.802 I/AstrBotEngine: [NAPCAT] [I] <MMKV_IO.cpp:136::loadFromFile> loaded [nt_recent_emoji_mmkv] with 0 key-values
10-06 00:40:24.845 I/AstrBotEngine: [NAPCAT] [I] <MMKV.cpp:260::mmkvWithID> prepare to load nt_mmkv_united_config_no_login_v3 (id nt_mmkv_united_config_no_login_v3) from rootPath /root/.config/QQ/nt_qq/glo
10-06 00:40:24.881 I/AstrBotEngine: [NAPCAT] [I] <MemoryFile.cpp:98::open> open fd[0x64], /root/.config/QQ/nt_qq/global/nt_data/mmkv/nt_mmkv_united_config_no_login_v3
10-06 00:40:24.965 I/AstrBotEngine: [NAPCAT] [I] <MemoryFile.cpp:98::open> open fd[0x66], /root/.config/QQ/nt_qq/global/nt_data/mmkv/nt_mmkv_united_config_no_login_v3.crc
10-06 00:40:25.016 I/AstrBotEngine: [NAPCAT] [I] <MMKV_IO.cpp:213::loadMetaInfoAndCheck> meta file [nt_mmkv_united_config_no_login_v3] has flag [0]
10-06 00:40:25.123 I/AstrBotEngine: [NAPCAT] [I] <MMKV_IO.cpp:87::loadFromFile> loading [nt_mmkv_united_config_no_login_v3] with 17422 actual size, file size 32768, InterProcess 1, meta info version:4
10-06 00:40:25.210 I/AstrBotEngine: [NAPCAT] [I] <MMKV_IO.cpp:92::loadFromFile> loading [nt_mmkv_united_config_no_login_v3] with crc 4133400471 sequence 4 version 4
10-06 00:40:25.284 I/AstrBotEngine: [NAPCAT] [I] <MMKV_IO.cpp:136::loadFromFile> loaded [nt_mmkv_united_config_no_login_v3] with 392 key-values
10-06 00:40:25.320 I/AstrBotEngine: [NAPCAT] [I] <MMKV.cpp:260::mmkvWithID> prepare to load nt_mmkv_flash_transfer (id 2c205ab7ef22e396d3aa9169b0203f14) from rootPath /root/.config/QQ/nt_qq_0d0741be7278346
10-06 00:40:25.351 I/AstrBotEngine: [NAPCAT] [I] <MemoryFile.cpp:98::open> open fd[0xbe], /root/.config/QQ/nt_qq_0d0741be72783462f580b59d95c70ea4/nt_data/mmkv/nt_mmkv_flash_transfer
10-06 00:40:25.403 I/AstrBotEngine: [NAPCAT] [I] <MemoryFile.cpp:98::open> open fd[0xbf], /root/.config/QQ/nt_qq_0d0741be72783462f580b59d95c70ea4/nt_data/mmkv/nt_mmkv_flash_transfer.crc
10-06 00:40:25.465 I/AstrBotEngine: [NAPCAT] [I] <MMKV_IO.cpp:213::loadMetaInfoAndCheck> meta file [nt_mmkv_flash_transfer] has flag [0]
10-06 00:40:25.504 I/AstrBotEngine: [NAPCAT] [I] <MMKV_IO.cpp:87::loadFromFile> loading [nt_mmkv_flash_transfer] with 742 actual size, file size 4096, InterProcess 0, meta info version:4
10-06 00:40:25.530 I/AstrBotEngine: [NAPCAT] [I] <MMKV_IO.cpp:92::loadFromFile> loading [nt_mmkv_flash_transfer] with crc 21980072 sequence 1 version 4
10-06 00:40:25.555 I/AstrBotEngine: [NAPCAT] 10-06 00:40:24 [debug] 本账号数据/缓存目录： /root/.config/QQ/NapCat/data
10-06 00:40:25.590 I/AstrBotEngine: [NAPCAT] [I] <MMKV_IO.cpp:136::loadFromFile> loaded [nt_mmkv_flash_transfer] with 2 key-values
10-06 00:40:25.633 I/AstrBotEngine: [NAPCAT] 10-06 00:40:24 [debug] [Core] [Config] 配置文件/root/napcat/config/napcat_3836305211.json加载 {"fileLog":true,"consoleLog":true,"fileLogLevel":"debug","co
10-06 00:40:25.670 I/AstrBotEngine: [NAPCAT] 10-06 00:40:24 [info] [ServerTime] 时间同步完成，偏差 -912ms
10-06 00:40:25.702 I/AstrBotEngine: [NAPCAT] 10-06 00:40:24 [info] [Core] [Packet] 使用 NativePacketClient 作为后端
10-06 00:40:25.763 I/AstrBotEngine: [NAPCAT] 10-06 00:40:24 [info] [Core] [Packet] [PacketClient] NativePacketClient Hook 初始化成功 platform=linux.arm64
10-06 00:40:25.923 I/AstrBotEngine: [NAPCAT] [I] <MemoryFile.cpp:98::open> open fd[0xc0], /root/.config/QQ/nt_qq/global/nt_data/mmkv/mmkv.default
10-06 00:40:26.013 I/AstrBotEngine: [NAPCAT] [I] <MemoryFile.cpp:98::open> open fd[0xc1], /root/.config/QQ/nt_qq/global/nt_data/mmkv/mmkv.default.crc
10-06 00:40:26.106 I/AstrBotEngine: [AstrBot Android] NapCat 端口已监听，自愈计数清零
10-06 00:40:26.109 I/AstrBotEngine: [STAGE:100:NapCat 已就绪（:3001/:3000 可连，手环消息链路可用）]
10-06 00:40:26.111 I/AstrBotEngine: [31m- NapCat 已就绪（:3001/:3000 可连，手环消息链路可用）[0m
10-06 00:40:26.118 I/AstrBotEngine: [31m- NapCat 运行中（仅 NapCat 模式）[0m
10-06 00:40:26.121 I/AstrBotEngine: [NAPCAT] [I] <MMKV_IO.cpp:213::loadMetaInfoAndCheck> meta file [mmkv.default] has flag [0]
10-06 00:40:26.202 I/AstrBotEngine: [NAPCAT] [I] <MMKV_IO.cpp:87::loadFromFile> loading [mmkv.default] with 28 actual size, file size 4096, InterProcess 0, meta info version:4
10-06 00:40:26.415 I/AstrBotEngine: [NAPCAT] [I] <MMKV_IO.cpp:92::loadFromFile> loading [mmkv.default] with crc 1670258981 sequence 1 version 4
10-06 00:40:26.491 I/AstrBotEngine: [NAPCAT] [I] <MMKV_IO.cpp:136::loadFromFile> loaded [mmkv.default] with 1 key-values
10-06 00:40:26.599 I/AstrBotEngine: [NAPCAT] 10-06 00:40:25 [info] [AdapterManager] 开始初始化协议适配器...
10-06 00:40:26.706 I/AstrBotEngine: [NAPCAT] 10-06 00:40:25 [info] [Notice] [OneBot11] [network] 配置加载
10-06 00:40:26.809 I/AstrBotEngine: [NAPCAT] HTTP服务: 127.0.0.1:3000, : 已启动
10-06 00:40:26.890 I/AstrBotEngine: [NAPCAT] WebSocket服务: 127.0.0.1:3001, : 已启动
10-06 00:40:27.021 I/AstrBotEngine: [NAPCAT] 10-06 00:40:25 [info] [OneBot] [WebSocket Server] Server Started undefined:undefined
10-06 00:40:27.078 I/AstrBotEngine: [NAPCAT] 10-06 00:40:25 [info] [AdapterManager] OneBot11 适配器初始化完成
10-06 00:40:27.153 I/AstrBotEngine: [NAPCAT] 10-06 00:40:25 [info] [AdapterManager] NapCat Protocol 适配器未启用，跳过初始化
10-06 00:40:27.245 I/AstrBotEngine: [NAPCAT] 10-06 00:40:25 [info] [AdapterManager] 协议适配器初始化完成，已加载 2 个适配器
10-06 00:40:27.294 I/AstrBotEngine: [NAPCAT] 10-06 00:40:25 [info] [OneBot] [HTTP Server Adapter] Start On 127.0.0.1:3000
10-06 00:40:27.324 I/AstrBotEngine: [NAPCAT] 10-06 00:40:25 [info] 一秋呀(小号)大号2308534727 | 接收 <- 群聊 [华强北安卓手表交流极(1031894167)] [su8/m53/m99/s100/m89h(已出)m89(手持
10-06 00:40:27.354 I/AstrBotEngine: [NAPCAT] 10-06 00:40:25 [info] 一秋呀(小号)大号2308534727 | 接收 <- 群聊 [华强北安卓手表交流极(1031894167)] [su8/m53/m99/s100/m89h(已出)m89(手持
10-06 00:40:27.382 I/AstrBotEngine: [NAPCAT] 10-06 00:40:25 [info] 一秋呀(小号)大号2308534727 | 接收 <- 群聊 [华强北安卓手表交流极(1031894167)] [🍥Mozhuyi@uws6152_1h10(2307890046)] [
10-06 00:40:27.417 I/AstrBotEngine: [NAPCAT] 10-06 00:40:25 [info] 一秋呀(小号)大号2308534727 | 接收 <- 群聊 [华强北安卓手表交流极(1031894167)] [IRIS Ciallo～(∠・ω＜ )⌒☆(1220
10-06 00:40:27.439 I/AstrBotEngine: [NAPCAT] 10-06 00:40:25 [info] 一秋呀(小号)大号2308534727 | 接收 <- 群聊 [华强北安卓手表交流极(1031894167)] [IRIS Ciallo～(∠・ω＜ )⌒☆(1220
10-06 00:40:27.464 I/AstrBotEngine: [NAPCAT] 10-06 00:40:25 [info] 一秋呀(小号)大号2308534727 | 接收 <- 群聊 [华强北安卓手表交流极(1031894167)] [🍥Mozhuyi@uws6152_1h10(2307890046)] �
10-06 00:40:27.500 I/AstrBotEngine: [NAPCAT] 10-06 00:40:25 [info] 一秋呀(小号)大号2308534727 | 接收 <- 群聊 [华强北安卓手表交流极(1031894167)] [🍥Mozhuyi@uws6152_1h10(2307890046)] �
10-06 00:40:27.528 I/AstrBotEngine: [NAPCAT] 10-06 00:40:25 [info] 一秋呀(小号)大号2308534727 | 接收 <- 群聊 [华强北安卓手表交流极(1031894167)] [沐华(3028117934)] 先把容量搞起�
10-06 00:40:27.553 I/AstrBotEngine: [NAPCAT] 10-06 00:40:25 [info] 一秋呀(小号)大号2308534727 | 接收 <- 群聊 [华强北安卓手表交流极(1031894167)] [Bun.H4X(208364332)] 买了还能卖
10-06 00:40:27.578 I/AstrBotEngine: [NAPCAT] 10-06 00:40:25 [info] 一秋呀(小号)大号2308534727 | 接收 <- 群聊 [华强北安卓手表交流极(1031894167)] [沐华(3028117934)] 一根d3 16g amd专
10-06 00:40:27.618 I/AstrBotEngine: [NAPCAT] 10-06 00:40:25 [info] 一秋呀(小号)大号2308534727 | 接收 <- 群聊 [华强北安卓手表交流极(1031894167)]
10-06 00:40:27.669 I/AstrBotEngine: [NAPCAT] 10-06 00:40:25 [info] 一秋呀(小号)大号2308534727 | 接收 <- 群聊 [华强北安卓手表交流极(1031894167)] [Bun.H4X(208364332)] 配d4
10-06 00:40:27.725 I/AstrBotEngine: [NAPCAT] 10-06 00:40:25 [info] 一秋呀(小号)大号2308534727 | 接收 <- 群聊 [华强北安卓手表交流极(1031894167)] [群npc(3985561369)] 马上突破十个�
10-06 00:40:27.786 I/AstrBotEngine: [NAPCAT] 10-06 00:40:25 [info] 一秋呀(小号)大号2308534727 | 接收 <- 群聊 [华强北安卓手表交流极(1031894167)] [JM(3096841433)] [视频]
10-06 00:40:27.848 I/AstrBotEngine: [NAPCAT] 10-06 00:40:25 [info] 一秋呀(小号)大号2308534727 | 接收 <- 群聊 [华强北安卓手表交流极(1031894167)] [Bun.H4X(208364332)] 这私人电脑什�
10-06 00:40:27.896 I/AstrBotEngine: [NAPCAT] 10-06 00:40:25 [info] 一秋呀(小号)大号2308534727 | 接收 <- 群聊 [华强北安卓手表交流极(1031894167)] [Bun.H4X(208364332)] 我想再配台都�
10-06 00:40:27.986 I/AstrBotEngine: [NAPCAT] 10-06 00:40:25 [info] 一秋呀(小号)大号2308534727 | 接收 <- 群聊 [华强北安卓手表交流极(1031894167)] [群npc(3985561369)] [回复消息 [Bun.
10-06 00:40:28.061 I/AstrBotEngine: [NAPCAT] 10-06 00:40:25 [info] 一秋呀(小号)大号2308534727 | 接收 <- 群聊 [华强北安卓手表交流极(1031894167)] [Bun.H4X(208364332)] 还好之前整了�
10-06 00:40:28.131 I/AstrBotEngine: [NAPCAT] 10-06 00:40:25 [info] 一秋呀(小号)大号2308534727 | 接收 <- 群聊 [华强北安卓手表交流极(1031894167)] [Bun.H4X(208364332)] [图片]
10-06 00:40:28.201 I/AstrBotEngine: [NAPCAT] 10-06 00:40:25 [info] 一秋呀(小号)大号2308534727 | 接收 <- 群聊 [华强北安卓手表交流极(1031894167)] [IRIS Ciallo～(∠・ω＜ )⌒☆(1220
10-06 00:40:28.297 I/AstrBotEngine: [NAPCAT] 10-06 00:40:25 [info] 一秋呀(小号)大号2308534727 | 接收 <- 群聊 [华强北安卓手表交流极(1031894167)] [IRIS Ciallo～(∠・ω＜ )⌒☆(1220
10-06 00:40:28.332 I/AstrBotEngine: [NAPCAT] 10-06 00:40:25 [info] 一秋呀(小号)大号2308534727 | 接收 <- 群聊 [华强北安卓手表交流极(1031894167)] [群npc(3985561369)] [图片]
10-06 00:40:28.376 I/AstrBotEngine: [NAPCAT] 10-06 00:40:25 [info] 一秋呀(小号)大号2308534727 | 接收 <- 群聊 [华强北安卓手表交流极(1031894167)] [Bun.H4X(208364332)] 怀念600块钱32g6
10-06 00:40:28.419 I/AstrBotEngine: [NAPCAT] 10-06 00:40:25 [info] 一秋呀(小号)大号2308534727 | 接收 <- 群聊 [华强北安卓手表交流极(1031894167)] [Bun.H4X(208364332)] 现在这内存比u
10-06 00:40:28.495 I/AstrBotEngine: [NAPCAT] 10-06 00:40:25 [info] 一秋呀(小号)大号2308534727 | 接收 <- 群聊 [华强北安卓手表交流极(1031894167)] [Bun.H4X(208364332)] 真的搞不起
10-06 00:40:28.586 I/AstrBotEngine: [NAPCAT] 10-06 00:40:25 [info] 一秋呀(小号)大号2308534727 | 接收 <- 群聊 [华强北安卓手表交流极(1031894167)] [su8/m53/m99/s100/m89h(已出)m89(手持
10-06 00:40:28.633 I/AstrBotEngine: [NAPCAT] 10-06 00:40:25 [info] 一秋呀(小号)大号2308534727 | 接收 <- 群聊 [华强北安卓手表交流极(1031894167)] [Bun.H4X(208364332)] 电脑圈现在没�
10-06 00:40:28.653 I/AstrBotEngine: [NAPCAT] 10-06 00:40:25 [info] 一秋呀(小号)大号2308534727 | 接收 <- 群聊 [华强北安卓手表交流极(1031894167)] [Bun.H4X(208364332)] [图片]
10-06 00:40:28.685 I/AstrBotEngine: [NAPCAT] 10-06 00:40:25 [info] 一秋呀(小号)大号2308534727 | 接收 <- 群聊 [华强北安卓手表交流极(1031894167)] [沐华(3028117934)] 我朋友在涨价�
10-06 00:40:28.711 I/AstrBotEngine: [NAPCAT] 10-06 00:40:25 [info] 一秋呀(小号)大号2308534727 | 接收 <- 群聊 [华强北安卓手表交流极(1031894167)] [沐华(3028117934)] 特别爽 还能跑
10-06 00:40:28.730 I/AstrBotEngine: [NAPCAT] 10-06 00:40:25 [info] 一秋呀(小号)大号2308534727 | 接收 <- 群聊 [AstrBot Android 2群(952573476)] [Lotus(1740746743)] [图片]
10-06 00:40:28.750 I/AstrBotEngine: [NAPCAT] 10-06 00:40:25 [info] 一秋呀(小号)大号2308534727 | 接收 <- 群聊 [AstrBot Android 2群(952573476)] [Lotus(1740746743)] [图片]
10-06 00:40:28.764 I/AstrBotEngine: [NAPCAT] 10-06 00:40:25 [info] 一秋呀(小号)大号2308534727 | 接收 <- 群聊 [AstrBot Android 2群(952573476)] [Lotus(1740746743)] [图片]
10-06 00:40:28.777 I/AstrBotEngine: [NAPCAT] 10-06 00:40:25 [info] 一秋呀(小号)大号2308534727 | 接收 <- 群聊 [AstrBot Android 2群(952573476)] [Lotus(1740746743)] ？？？？？
10-06 00:40:28.790 I/AstrBotEngine: [NAPCAT] 10-06 00:40:25 [info] 一秋呀(小号)大号2308534727 | 接收 <- 群聊 [AstrBot Android 2群(952573476)] [Lotus(1740746743)] 都被关了它为什么还能�
10-06 00:40:28.805 I/AstrBotEngine: [NAPCAT] 10-06 00:40:25 [info] 一秋呀(小号)大号2308534727 | 接收 <- 群聊 [AstrBot Android 2群(952573476)] [等花落(3803781470)] 老bug了
10-06 00:40:28.821 I/AstrBotEngine: [NAPCAT] 10-06 00:40:25 [info] 一秋呀(小号)大号2308534727 | 接收 <- 群聊 [AstrBot Android 2群(952573476)] [等花落(3803781470)] 看起来关了，其实没
10-06 00:40:28.833 I/AstrBotEngine: [NAPCAT] 10-06 00:40:25 [info] 一秋呀(小号)大号2308534727 | 接收 <- 群聊 [AstrBot Android 2群(952573476)] [等花落(3803781470)] 假死
10-06 00:40:28.845 I/AstrBotEngine: [NAPCAT] 10-06 00:40:25 [info] 一秋呀(小号)大号2308534727 | 接收 <- 群聊 [AstrBot Android 2群(952573476)] [Lotus(1740746743)] [回复消息 [Lotus(1740746743
10-06 00:40:28.859 I/AstrBotEngine: [NAPCAT] 10-06 00:40:25 [info] 一秋呀(小号)大号2308534727 | 接收 <- 群聊 [AstrBot Android 2群(952573476)] [等花落(3803781470)] 我前几个月反馈过，
10-06 00:40:28.875 I/AstrBotEngine: [NAPCAT] 10-06 00:40:25 [info] 一秋呀(小号)大号2308534727 | 接收 <- 群聊 [AstrBot Android 2群(952573476)] [Lotus(1740746743)] [图片]
10-06 00:40:28.890 I/AstrBotEngine: [NAPCAT] 10-06 00:40:25 [info] 一秋呀(小号)大号2308534727 | 接收 <- 群聊 [AstrBot Android 2群(952573476)] [等花落(3803781470)] [回复消息 [Lotus(174074
10-06 00:40:28.902 I/AstrBotEngine: [NAPCAT] 10-06 00:40:25 [info] 一秋呀(小号)大号2308534727 | 接收 <- 群聊 [AstrBot Android 2群(952573476)] [Lotus(1740746743)] 所以实际上还是6149在运
10-06 00:40:28.918 I/AstrBotEngine: [NAPCAT] 10-06 00:40:25 [info] 一秋呀(小号)大号2308534727 | 接收 <- 群聊 [AstrBot Android 2群(952573476)] [等花落(3803781470)] 删后台重新启动就行
10-06 00:40:28.930 I/AstrBotEngine: [NAPCAT] 10-06 00:40:25 [info] 一秋呀(小号)大号2308534727 | 接收 <- 群聊 [AstrBot Android 2群(952573476)] [等花落(3803781470)] 对
10-06 00:40:28.944 I/AstrBotEngine: [NAPCAT] 10-06 00:40:25 [info] 一秋呀(小号)大号2308534727 | 接收 <- 群聊 [AstrBot Android 2群(952573476)] [Lotus(1740746743)] [图片]
10-06 00:40:28.960 I/AstrBotEngine: [NAPCAT] 10-06 00:40:25 [info] 一秋呀(小号)大号2308534727 | 接收 <- 群聊 [AstrBot Android 2群(952573476)] [Lotus(1740746743)] 吓我一跳
10-06 00:40:28.976 I/AstrBotEngine: [NAPCAT] 10-06 00:40:25 [info] 一秋呀(小号)大号2308534727 | 接收 <- 群聊 [AstrBot Android 2群(952573476)] [霏榭Frica(3428524820)] [图片]
10-06 00:40:28.990 I/AstrBotEngine: [NAPCAT] 10-06 00:40:25 [info] 一秋呀(小号)大号2308534727 | 接收 <- 群聊 [AstrBot Android 2群(952573476)] [霏榭Frica(3428524820)] 纯保底这一块
10-06 00:40:29.004 I/AstrBotEngine: [NAPCAT] 10-06 00:40:25 [info] 一秋呀(小号)大号2308534727 | 接收 <- 群聊 [AstrBot Android 2群(952573476)] [等花落(3803781470)] 我威龙红皮还有两发
10-06 00:40:29.020 I/AstrBotEngine: [NAPCAT] 10-06 00:40:25 [info] 一秋呀(小号)大号2308534727 | 接收 <- 群聊 [AstrBot Android 2群(952573476)] [烛心(2382936609)] 各位群友： ...
10-06 00:40:29.035 I/AstrBotEngine: [NAPCAT] 10-06 00:40:25 [info] 一秋呀(小号)大号2308534727 | 接收 <- 群聊 [AstrBot Android 2群(952573476)] [悬浮の呆毛(762710241)] 什么玩意
10-06 00:40:29.049 I/AstrBotEngine: [NAPCAT] 10-06 00:40:25 [info] 一秋呀(小号)大号2308534727 | 接收 <- 群聊 [AstrBot Android 2群(952573476)] [霏榭Frica(3428524820)] 前几天群u做的优化
10-06 00:40:29.063 I/AstrBotEngine: [NAPCAT] 10-06 00:40:25 [info] 一秋呀(小号)大号2308534727 | 接收 <- 群聊 [AstrBot Android 2群(952573476)] [霏榭Frica(3428524820)] 详细问原作者
10-06 00:40:29.080 I/AstrBotEngine: [NAPCAT] 10-06 00:40:25 [info] 一秋呀(小号)大号2308534727 | 接收 <- 群聊 [AstrBot Android 2群(952573476)] [等花落(3803781470)] 666
10-06 00:40:29.094 I/AstrBotEngine: [NAPCAT] 10-06 00:40:25 [info] 一秋呀(小号)大号2308534727 | 接收 <- 群聊 [AstrBot Android 2群(952573476)] [凌(3100496382)] [图片]
10-06 00:40:29.107 I/AstrBotEngine: [NAPCAT] 10-06 00:40:25 [info] 一秋呀(小号)大号2308534727 | 接收 <- 群聊 [AstrBot Android 2群(952573476)] [秋天总多离别(1910777434)] [图片]
10-06 00:40:29.123 I/AstrBotEngine: [NAPCAT] 10-06 00:40:25 [info] 一秋呀(小号)大号2308534727 | 接收 <- 群聊 [AstrBot Android 2群(952573476)] [霏榭Frica(3428524820)] [图片]
10-06 00:40:29.138 I/AstrBotEngine: [NAPCAT] 10-06 00:40:25 [info] 一秋呀(小号)大号2308534727 | 接收 <- 群聊 [AstrBot Android 2群(952573476)] [霏榭Frica(3428524820)] zdjd
10-06 00:40:29.155 I/AstrBotEngine: [NAPCAT] 10-06 00:40:25 [info] 一秋呀(小号)大号2308534727 | 接收 <- 群聊 [AstrBot Android 2群(952573476)] [等花落(3803781470)] 不知道
10-06 00:40:29.174 I/AstrBotEngine: [NAPCAT] 10-06 00:40:25 [info] 一秋呀(小号)大号2308534727 | 接收 <- 群聊 [[TLD]长途旅行-交流群-1�(802072961)] [拼装爱好者Peter(544197959)] [刚�
10-06 00:40:29.199 I/AstrBotEngine: [NAPCAT] 10-06 00:40:25 [info] 一秋呀(小号)大号2308534727 | 接收 <- 群聊 [[TLD]长途旅行-交流群-1�(802072961)] [阿式boy(3380556650)] [视频]
10-06 00:40:29.221 I/AstrBotEngine: [NAPCAT] 10-06 00:40:25 [info] 一秋呀(小号)大号2308534727 | 接收 <- 群聊 [[TLD]长途旅行-交流群-1�(802072961)] [阿式boy(3380556650)] 吓哭了
10-06 00:40:29.245 I/AstrBotEngine: [NAPCAT] 10-06 00:40:25 [info] 一秋呀(小号)大号2308534727 | 接收 <- 群聊 [小米Vela交流群②(1124665323)] [星烬 StarAshes(1761964381)] [回复消息 未
10-06 00:40:29.264 I/AstrBotEngine: [NAPCAT] 10-06 00:40:25 [info] 一秋呀(小号)大号2308534727 | 发送 -> 群聊 [小米Vela交流群②(1124665323)] [一秋呀(小号)大号2308534727(3836305211)] 
10-06 00:40:29.279 I/AstrBotEngine: [NAPCAT] 10-06 00:40:25 [info] 一秋呀(小号)大号2308534727 | 发送 -> 群聊 [小米Vela交流群②(1124665323)] [一秋呀(小号)大号2308534727(3836305211)] 
10-06 00:40:29.298 I/AstrBotEngine: [NAPCAT] 10-06 00:40:25 [info] 一秋呀(小号)大号2308534727 | 发送 -> 群聊 [小米Vela交流群②(1124665323)] [一秋呀(小号)大号2308534727(3836305211)] 
10-06 00:40:29.319 I/AstrBotEngine: [NAPCAT] 10-06 00:40:25 [info] 一秋呀(小号)大号2308534727 | 发送 -> 群聊 [小米Vela交流群②(1124665323)] [一秋呀(小号)大号2308534727(3836305211)] 
10-06 00:40:29.342 I/AstrBotEngine: [NAPCAT] 10-06 00:40:26 [info] 一秋呀(小号)大号2308534727 | 接收 <- 群聊 [小米Vela交流群②(1124665323)] [星烬 StarAshes(1761964381)] [回复消息 [�
10-06 00:40:29.359 I/AstrBotEngine: [NAPCAT] 10-06 00:40:26 [info] 一秋呀(小号)大号2308534727 | 发送 -> 群聊 [小米Vela交流群②(1124665323)] [一秋呀(小号)大号2308534727(3836305211)] 
10-06 00:40:29.383 I/AstrBotEngine: [NAPCAT] 10-06 00:40:26 [info] 一秋呀(小号)大号2308534727 | 接收 <- 群聊 [小米Vela交流群②(1124665323)] [星烬 StarAshes(1761964381)] 等一下
10-06 00:40:29.399 I/AstrBotEngine: [NAPCAT] 10-06 00:40:26 [info] 一秋呀(小号)大号2308534727 | 接收 <- 群聊 [小米Vela交流群②(1124665323)] [星烬 StarAshes(1761964381)] QQ的这个WebVie
10-06 00:40:29.417 I/AstrBotEngine: [NAPCAT] 10-06 00:40:26 [info] 一秋呀(小号)大号2308534727 | 发送 -> 群聊 [小米Vela交流群②(1124665323)] [一秋呀(小号)大号2308534727(3836305211)] 
10-06 00:40:29.431 I/AstrBotEngine: [NAPCAT] 10-06 00:40:26 [info] 一秋呀(小号)大号2308534727 | 接收 <- 群聊 [小米Vela交流群②(1124665323)] [星烬 StarAshes(1761964381)] [回复消息 [�
10-06 00:40:29.447 I/AstrBotEngine: [NAPCAT] 10-06 00:40:26 [info] 一秋呀(小号)大号2308534727 | 接收 <- 群聊 [小米Vela交流群②(1124665323)] [星烬 StarAshes(1761964381)] 一些网站根�
10-06 00:40:29.469 I/AstrBotEngine: [NAPCAT] 10-06 00:40:26 [info] 一秋呀(小号)大号2308534727 | 接收 <- 群聊 [小米Vela交流群②(1124665323)] [星烬 StarAshes(1761964381)] 已经加了
10-06 00:40:29.491 I/AstrBotEngine: [NAPCAT] 10-06 00:40:26 [info] 一秋呀(小号)大号2308534727 | 接收 <- 群聊 [小米Vela交流群②(1124665323)] [123456(3444677332)] [图片]
10-06 00:40:29.509 I/AstrBotEngine: [NAPCAT] 10-06 00:40:26 [info] 一秋呀(小号)大号2308534727 | 接收 <- 群聊 [小米Vela交流群②(1124665323)] [123456(3444677332)] 这个密码到底在哪啊
10-06 00:40:29.539 I/AstrBotEngine: [NAPCAT] 10-06 00:40:26 [info] 一秋呀(小号)大号2308534727 | 发送 -> 群聊 [小米Vela交流群②(1124665323)] [一秋呀(小号)大号2308534727(3836305211)] 
10-06 00:40:29.567 I/AstrBotEngine: [NAPCAT] 10-06 00:40:26 [info] 一秋呀(小号)大号2308534727 | 发送 -> 群聊 [小米Vela交流群②(1124665323)] [一秋呀(小号)大号2308534727(3836305211)] 
10-06 00:40:29.588 I/AstrBotEngine: [NAPCAT] 10-06 00:40:26 [info] 一秋呀(小号)大号2308534727 | 接收 <- 群聊 [小米Vela交流群②(1124665323)] [星月枫(1704103336)] [图片]
10-06 00:40:29.642 I/AstrBotEngine: [NAPCAT] 10-06 00:40:26 [info] 一秋呀(小号)大号2308534727 | 接收 <- 群聊 [小米Vela交流群②(1124665323)] [123456(3444677332)] 好像不是
10-06 00:40:29.677 I/AstrBotEngine: [NAPCAT] 10-06 00:40:26 [info] 一秋呀(小号)大号2308534727 | 接收 <- 群聊 [小米Vela交流群②(1124665323)] [123456(3444677332)] [图片]
10-06 00:40:29.725 I/AstrBotEngine: [NAPCAT] 10-06 00:40:26 [info] 一秋呀(小号)大号2308534727 | 发送 -> 群聊 [小米Vela交流群②(1124665323)] [一秋呀(小号)大号2308534727(3836305211)] 
10-06 00:40:29.764 I/AstrBotEngine: [NAPCAT] 10-06 00:40:26 [info] 一秋呀(小号)大号2308534727 | 接收 <- 群聊 [小米Vela交流群②(1124665323)] [Q群管家(2854196310)] @wik. (3213049289)   �
10-06 00:40:29.798 I/AstrBotEngine: [NAPCAT] 10-06 00:40:26 [info] 一秋呀(小号)大号2308534727 | 接收 <- 群聊 [小米Vela交流群②(1124665323)] [123456(3444677332)] [图片]
10-06 00:40:29.825 I/AstrBotEngine: [NAPCAT] 10-06 00:40:26 [info] 一秋呀(小号)大号2308534727 | 接收 <- 群聊 [小米Vela交流群②(1124665323)] [123456(3444677332)] 刚知道
10-06 00:40:29.847 I/AstrBotEngine: [NAPCAT] 10-06 00:40:26 [info] 一秋呀(小号)大号2308534727 | 接收 <- 群聊 [小米Vela交流群②(1124665323)] [wik.(3213049289)] [图片]
10-06 00:40:29.863 I/AstrBotEngine: [NAPCAT] 10-06 00:40:26 [info] 一秋呀(小号)大号2308534727 | 接收 <- 群聊 [小米Vela交流群②(1124665323)] [wik.(3213049289)] @一秋呀(小号)大号23085
10-06 00:40:29.891 I/AstrBotEngine: [NAPCAT] 10-06 00:40:26 [info] 一秋呀(小号)大号2308534727 | 发送 -> 群聊 [小米Vela交流群②(1124665323)] [一秋呀(小号)大号2308534727(3836305211)] 
10-06 00:40:29.913 I/AstrBotEngine: [NAPCAT] 10-06 00:40:26 [info] 一秋呀(小号)大号2308534727 | 接收 <- 群聊 [小米Vela交流群②(1124665323)] [wik.(3213049289)] 好
10-06 00:40:29.941 I/AstrBotEngine: [NAPCAT] 10-06 00:40:26 [info] 一秋呀(小号)大号2308534727 | 接收 <- 群聊 [小米Vela交流群②(1124665323)] [Q群管家(2854196310)] @　 (3237369317)   欢
10-06 00:40:29.969 I/AstrBotEngine: [NAPCAT] 10-06 00:40:26 [info] 一秋呀(小号)大号2308534727 | 接收 <- 群聊 [小米Vela交流群②(1124665323)] [　(3237369317)] 这个怎么添加联系人啊
10-06 00:40:29.993 I/AstrBotEngine: [NAPCAT] 10-06 00:40:26 [info] 一秋呀(小号)大号2308534727 | 接收 <- 群聊 [Zundamon Kernel Release(720726952)] [果果果果(811825523)] 挂狗
10-06 00:40:30.013 I/AstrBotEngine: [NAPCAT] 10-06 00:40:26 [info] 一秋呀(小号)大号2308534727 | 接收 <- 群聊 [Zundamon Kernel Release(720726952)] [小周子(2302956352)] [回复消息 [果果果
10-06 00:40:30.034 I/AstrBotEngine: [NAPCAT] 10-06 00:40:26 [info] 一秋呀(小号)大号2308534727 | 接收 <- 群聊 [Zundamon Kernel Release(720726952)] [胡董(2057436414)] [回复消息 未找到消�
10-06 00:40:30.057 I/AstrBotEngine: [NAPCAT] 10-06 00:40:26 [info] 一秋呀(小号)大号2308534727 | 接收 <- 群聊 [Zundamon Kernel Release(720726952)] [小周子(2302956352)] [图片]
10-06 00:40:30.072 I/AstrBotEngine: [NAPCAT] 10-06 00:40:26 [info] 一秋呀(小号)大号2308534727 | 接收 <- 群聊 [Zundamon Kernel Release(720726952)] [胡董(2057436414)] [回复消息 [小周子(23
10-06 00:40:30.097 I/AstrBotEngine: [NAPCAT] 10-06 00:40:26 [info] 一秋呀(小号)大号2308534727 | 接收 <- 群聊 [小米vela交流群(群满加(885186458)] [Q群管家(2854196310)] @㤅修 (23170857
10-06 00:40:30.129 I/AstrBotEngine: [NAPCAT] 10-06 00:40:26 [info] 一秋呀(小号)大号2308534727 | 接收 <- 群聊 [小米vela交流群(群满加(885186458)] [㤅修(2317085760)] @Q群管家 (28541963
10-06 00:40:30.171 I/AstrBotEngine: [NAPCAT] 10-06 00:40:26 [info] 一秋呀(小号)大号2308534727 | 接收 <- 群聊 [小米vela交流群(群满加(885186458)] [Q群管家(2854196310)] [卡片消息]
10-06 00:40:30.192 I/AstrBotEngine: [NAPCAT] 10-06 00:40:26 [info] 一秋呀(小号)大号2308534727 | 接收 <- 群聊 [小米vela交流群(群满加(885186458)] [Q群管家(2854196310)] @㤅修 (23170857
10-06 00:40:30.227 I/AstrBotEngine: [NAPCAT] 10-06 00:40:26 [info] 一秋呀(小号)大号2308534727 | 接收 <- 群聊 [小米vela交流群(群满加(885186458)] [Q群管家(2854196310)] @敏. (1487560462
10-06 00:40:30.245 I/AstrBotEngine: [NAPCAT] 10-06 00:40:26 [info] 一秋呀(小号)大号2308534727 | 接收 <- 群聊 [小米vela交流群(群满加(885186458)] [Q群管家(2854196310)] @我总泪眼萌�
10-06 00:40:30.265 I/AstrBotEngine: [NAPCAT] 10-06 00:40:26 [info] 一秋呀(小号)大号2308534727 | 接收 <- 群聊 [小米vela交流群(群满加(885186458)] [Q群管家(2854196310)] @我总泪眼萌�
10-06 00:40:30.284 I/AstrBotEngine: [NAPCAT] 10-06 00:40:26 [info] 一秋呀(小号)大号2308534727 | 接收 <- 群聊 [小米vela交流群(群满加(885186458)] [Q群管家(2854196310)] @我总泪眼萌�
10-06 00:40:30.313 I/AstrBotEngine: [NAPCAT] 10-06 00:40:26 [info] 一秋呀(小号)大号2308534727 | 接收 <- 群聊 [小米vela交流群(群满加(885186458)] [我总泪眼萌萌(3813609036)] 这个咋
10-06 00:40:30.340 I/AstrBotEngine: [NAPCAT] 10-06 00:40:26 [info] 一秋呀(小号)大号2308534727 | 接收 <- 群聊 [小米vela交流群(群满加(885186458)] [Q群管家(2854196310)] @我总泪眼萌�
10-06 00:40:30.364 I/AstrBotEngine: [NAPCAT] 10-06 00:40:26 [info] 一秋呀(小号)大号2308534727 | 接收 <- 群聊 [长途旅行交流群2(692938133)] [Q群管家(2854196310)] @𝓓𝓮𝓮𝓹𝓱�
10-06 00:40:30.385 I/AstrBotEngine: [NAPCAT] 10-06 00:40:26 [info] 一秋呀(小号)大号2308534727 | 接收 <- 群聊 [长途旅行交流群2(692938133)] [𝓓𝓮𝓮𝓹𝓱𝓾(3935226401)] [图片]
10-06 00:40:30.416 I/AstrBotEngine: [NAPCAT] 10-06 00:40:26 [info] 一秋呀(小号)大号2308534727 | 接收 <- 群聊 [Air启动器交流群(966475918)] [铭（开学了）(3656417554)]  
10-06 00:40:30.444 I/AstrBotEngine: [NAPCAT] 10-06 00:40:26 [info] 一秋呀(小号)大号2308534727 | 接收 <- 群聊 [Air启动器交流群(966475918)] [15 17.0.2(2265208929)] [回复消息 未找到消
10-06 00:40:30.477 I/AstrBotEngine: [NAPCAT] 10-06 00:40:26 [info] 一秋呀(小号)大号2308534727 | 接收 <- 群聊 [Air启动器交流群(966475918)] [15 17.0.2(2265208929)] @雨中漫步 (3671795001)
10-06 00:40:33.987 I/AstrBotEngine: [NAPCAT] [BuglyManager.cpp][UploadBugly][107]!!!in UploadBugly.
10-06 00:40:34.018 I/AstrBotEngine: [NAPCAT] [NativeCrashHandler.cpp][getCrashDetailBeanFromRecord][52]!!!! in NativeCrashHandler getCrashDetailBeanFromRecord, open file error!!!,dumpFilePath:/root/.config
10-06 00:40:34.053 I/AstrBotEngine: [NAPCAT] [NativeCrashHandler.cpp][uploadCrashEvent][331]get null crashDetailBean, return!
10-06 00:40:42.300 I/AstrBotEngine: [NAPCAT] 10-06 00:40:42 [info] 一秋呀(小号)大号2308534727 | [NapCat Update] Target version: v4.18.30
10-06 00:40:42.321 I/AstrBotEngine: [NAPCAT] 10-06 00:40:42 [info] 一秋呀(小号)大号2308534727 | [NapCat Update] Current version: 4.18.28, Target version: v4.18.30
10-06 00:40:42.363 I/AstrBotEngine: [NAPCAT] 10-06 00:40:42 [info] 一秋呀(小号)大号2308534727 | [NapCat Update] Updating to version: v4.18.30
10-06 00:40:42.422 I/AstrBotEngine: [NAPCAT] 10-06 00:40:42 [info] 一秋呀(小号)大号2308534727 | [NapCat Update] Using download URL: https://gh-proxy.com/https://github.com/NapNeko/NapCatQQ/releases/
10-06 00:40:42.454 I/AstrBotEngine: [NAPCAT] 10-06 00:40:42 [info] 一秋呀(小号)大号2308534727 | [NapCat Update] Saving to: /root/napcat/temp/napcat-latest.zip
10-06 00:40:42.486 I/AstrBotEngine: [NAPCAT] 10-06 00:40:42 [info] 一秋呀(小号)大号2308534727 | [NapCat Update] Starting download from: https://gh-proxy.com/https://github.com/NapNeko/NapCatQQ/relea
10-06 00:40:42.511 I/AstrBotEngine: [NAPCAT] 10-06 00:40:42 [info] 一秋呀(小号)大号2308534727 | [NapCat Update] Response status: 200
10-06 00:40:42.534 I/AstrBotEngine: [NAPCAT] 10-06 00:40:42 [info] 一秋呀(小号)大号2308534727 | [NapCat Update] Content-Type: application/octet-stream
10-06 00:40:44.689 I/AstrBotEngine: [NAPCAT] 10-06 00:40:44 [info] 一秋呀(小号)大号2308534727 | [NapCat Update] Download completed
10-06 00:40:44.732 I/AstrBotEngine: [NAPCAT] 10-06 00:40:44 [info] 一秋呀(小号)大号2308534727 | [NapCat Update] Downloaded file size: 29500098 bytes
10-06 00:40:44.768 I/AstrBotEngine: [NAPCAT] 10-06 00:40:44 [info] 一秋呀(小号)大号2308534727 | [NapCat Update] Extracting to: /root/napcat/temp/napcat-extract
10-06 00:40:56.509 I/AstrBotEngine: [NAPCAT] 10-06 00:40:56 [info] 一秋呀(小号)大号2308534727 | [NapCat Update] Skipping update for NapCatWinBootHook.dll
10-06 00:40:56.535 I/AstrBotEngine: [NAPCAT] 10-06 00:40:56 [info] 一秋呀(小号)大号2308534727 | [NapCat Update] Skipping update for NapCatWinBootMain.exe
10-06 00:40:56.562 I/AstrBotEngine: [NAPCAT] 10-06 00:40:56 [info] 一秋呀(小号)大号2308534727 | [NapCat Update] Preserving existing user config: config/napcat.json
10-06 00:40:58.020 I/AstrBotEngine: [NAPCAT] 10-06 00:40:57 [info] 一秋呀(小号)大号2308534727 | [NapCat Update] Skipping update for quickLoginExample.bat
10-06 00:40:59.772 I/AstrBotEngine: [NAPCAT] 10-06 00:40:59 [warn] [NapCat] [Process] 进程 1936 仍在运行，尝试强制杀掉
10-06 00:41:03.835 I/AstrBotEngine: [NAPCAT] 10-06 00:41:03 [info] [NapCat] [Process] 已清理残留进程: PID 1939 (Utility)
10-06 00:41:03.873 I/AstrBotEngine: [NAPCAT] 10-06 00:41:03 [info] [NapCat] [Process] 已清理残留进程: PID 2278 (GPU)
10-06 00:41:03.905 I/AstrBotEngine: [NAPCAT] [727:1006/004103.824197:ERROR:content/browser/gpu/gpu_process_host.cc:1003] GPU process exited unexpectedly: exit_code=15
10-06 00:41:03.933 I/AstrBotEngine: [NAPCAT] [727:1006/004103.843560:ERROR:content/browser/network_service_instance_impl.cc:610] Network service crashed or was terminated, restarting service.
10-06 00:41:04.086 I/AstrBotEngine: [NAPCAT] [6673:1006/004104.068704:ERROR:base/files/file_path_watcher_inotify.cc:923] Failed to read /proc/sys/fs/inotify/max_user_watches
10-06 00:41:04.120 I/AstrBotEngine: [NAPCAT] [launcher] loadNapCat.js generated in current directory
10-06 00:41:04.142 I/AstrBotEngine: [NAPCAT] [6658:1006/004104.114291:ERROR:net/base/address_tracker_linux.cc:242] Could not bind NETLINK socket: Permission denied (13)
10-06 00:41:04.162 I/AstrBotEngine: [NAPCAT] [6658:1006/004104.114541:ERROR:base/files/file_path_watcher_inotify.cc:923] Failed to read /proc/sys/fs/inotify/max_user_watches
10-06 00:41:05.120 I/AstrBotEngine: [NAPCAT] NapCat Shell App Loading...
10-06 00:41:05.138 I/AstrBotEngine: [NAPCAT] [launcher] intercepted package.json: /opt/QQ/resources/app/package.json, replacing content
10-06 00:41:05.157 I/AstrBotEngine: [NAPCAT] [launcher] Generated relative path: ../../../../root
10-06 00:41:05.180 I/AstrBotEngine: [NAPCAT] [launcher] New main field: "main": "../../../../root/loadNapCat.js"
10-06 00:41:05.195 I/AstrBotEngine: [NAPCAT] [launcher] package.json content: {
10-06 00:41:05.216 I/AstrBotEngine: [NAPCAT]   "name": "QQ",
10-06 00:41:05.235 I/AstrBotEngine: [NAPCAT]   "version": "3.2.33-52892",
10-06 00:41:05.265 I/AstrBotEngine: [NAPCAT]   "private": true,
10-06 00:41:05.286 I/AstrBotEngine: [NAPCAT]   "description": "QQ",
10-06 00:41:05.302 I/AstrBotEngine: [NAPCAT]   "productName": "QQ",
10-06 00:41:05.344 I/AstrBotEngine: [NAPCAT]   "author": {
10-06 00:41:05.366 I/AstrBotEngine: [NAPCAT]     "name": "Tencent",
10-06 00:41:05.387 I/AstrBotEngine: [NAPCAT]     "email": "QQ-Team@tencent.com"
10-06 00:41:05.405 I/AstrBotEngine: [NAPCAT]   },
10-06 00:41:05.420 I/AstrBotEngine: [NAPCAT]   "homepage": "https://im.qq.com",
10-06 00:41:05.437 I/AstrBotEngine: [NAPCAT]   "sideEffects": true,
10-06 00:41:05.450 I/AstrBotEngine: [NAPCAT]   "bin": {
10-06 00:41:05.467 I/AstrBotEngine: [NAPCAT]     "qd": "externals/devtools/cli/index.js"
10-06 00:41:05.482 I/AstrBotEngine: [NAPCAT]   },
10-06 00:41:05.499 I/AstrBotEngine: [NAPCAT]   "appid": {
10-06 00:41:05.515 I/AstrBotEngine: [NAPCAT]     "win32": "537382716",
10-06 00:41:05.532 I/AstrBotEngine: [NAPCAT]     "darwin": "537382742",
10-06 00:41:05.552 I/AstrBotEngine: [NAPCAT]     "linux": "537382753",
10-06 00:41:05.573 I/AstrBotEngine: [NAPCAT]     "ohos": "5373141859"
10-06 00:41:05.590 I/AstrBotEngine: [NAPCAT]   },
10-06 00:41:05.607 I/AstrBotEngine: [NAPCAT]   "main": "../../../../root/loadNapCat.js",
10-06 00:41:05.623 I/AstrBotEngine: [NAPCAT]   "peerDependenciesMeta": {
10-06 00:41:05.642 I/AstrBotEngine: [NAPCAT]     "*": {
10-06 00:41:05.661 I/AstrBotEngine: [NAPCAT]       "optional": true
10-06 00:41:05.681 I/AstrBotEngine: [NAPCAT]     }
10-06 00:41:05.700 I/AstrBotEngine: [NAPCAT]   },
10-06 00:41:05.715 I/AstrBotEngine: [NAPCAT]   "pnpm": {
10-06 00:41:05.731 I/AstrBotEngine: [NAPCAT]     "patchedDependencies": {
10-06 00:41:05.749 I/AstrBotEngine: [NAPCAT]       "@vue/runtime-dom@3.5.12": "patches/@vue__runtime-dom@3.5.12.patch",
10-06 00:41:05.765 I/AstrBotEngine: [NAPCAT]       "@swc/helpers@0.5.3": "patches/@swc__helpers@0.5.3.patch",
10-06 00:41:05.781 I/AstrBotEngine: [NAPCAT]       "vuex@4.1.0": "patches/vuex@4.1.0.patch",
10-06 00:41:05.797 I/AstrBotEngine: [NAPCAT]       "typescript-parser@2.6.1": "patches/typescript-parser@2.6.1.patch",
10-06 00:41:05.814 I/AstrBotEngine: [NAPCAT]       "@tencent/qqplay-downloadsdk": "patches/@tencent__qqplay-downloadsdk.patch",
10-06 00:41:05.830 I/AstrBotEngine: [NAPCAT]       "@tencent/universal-report@4.5.4": "patches/@tencent__universal-report@4.5.4.patch",
10-06 00:41:05.849 I/AstrBotEngine: [NAPCAT]       "typescript@7.0.2": "patches/typescript@7.0.2.patch"
10-06 00:41:05.864 I/AstrBotEngine: [NAPCAT]     },
10-06 00:41:05.882 I/AstrBotEngine: [NAPCAT]     "packageExtensions": {
10-06 00:41:05.902 I/AstrBotEngine: [NAPCAT]       "qute": {
10-06 00:41:05.940 I/AstrBotEngine: [NAPCAT]         "dependencies": {},
10-06 00:41:05.960 I/AstrBotEngine: [NAPCAT]         "devDependencies": {}
10-06 00:41:05.979 I/AstrBotEngine: [NAPCAT]       }
10-06 00:41:05.995 I/AstrBotEngine: [NAPCAT]     },
10-06 00:41:06.008 I/AstrBotEngine: [NAPCAT]     "overrides": {
10-06 00:41:06.026 I/AstrBotEngine: [NAPCAT]       "@types/react": "-",
10-06 00:41:06.047 I/AstrBotEngine: [NAPCAT]       "@types/react-dom": "-",
10-06 00:41:06.066 I/AstrBotEngine: [NAPCAT]       "@tencent/yuanbao-react-markdown>@types/hast": "-",
10-06 00:41:06.092 I/AstrBotEngine: [NAPCAT]       "@tencent/yuanbao-react-markdown>devlop": "-",
10-06 00:41:06.116 I/AstrBotEngine: [NAPCAT]       "@tencent/yuanbao-react-markdown>hast-util-to-jsx-runtime": "-",
10-06 00:41:06.136 I/AstrBotEngine: [NAPCAT]       "@tencent/yuanbao-react-markdown>html-url-attributes": "-",
10-06 00:41:06.155 I/AstrBotEngine: [NAPCAT]       "@tencent/yuanbao-react-markdown>mdast-util-to-hast": "-",
10-06 00:41:06.171 I/AstrBotEngine: [NAPCAT]       "@tencent/yuanbao-react-markdown>rehype-parse": "-",
10-06 00:41:06.188 I/AstrBotEngine: [NAPCAT]       "@tencent/yuanbao-react-markdown>rehype-stringify": "-",
10-06 00:41:06.207 I/AstrBotEngine: [NAPCAT]       "@tencent/yuanbao-react-markdown>remark-parse": "-",
10-06 00:41:06.221 I/AstrBotEngine: [NAPCAT]       "@tencent/yuanbao-react-markdown>remark-rehype": "-",
10-06 00:41:06.237 I/AstrBotEngine: [NAPCAT]       "@tencent/yuanbao-react-markdown>unified": "-",
10-06 00:41:06.253 I/AstrBotEngine: [NAPCAT]       "@tencent/yuanbao-react-markdown>unist-util-visit": "-",
10-06 00:41:06.269 I/AstrBotEngine: [NAPCAT]       "@tencent/yuanbao-react-markdown>vfile": "-",
10-06 00:41:06.285 I/AstrBotEngine: [NAPCAT]       "@types/d3-dispatch": "3.0.6"
10-06 00:41:06.307 I/AstrBotEngine: [NAPCAT]     }
10-06 00:41:06.325 I/AstrBotEngine: [NAPCAT]   },
10-06 00:41:06.348 I/AstrBotEngine: [NAPCAT]   "buildVersion": "52892",
10-06 00:41:06.361 I/AstrBotEngine: [NAPCAT]   "platform": "linux",
10-06 00:41:06.376 I/AstrBotEngine: [NAPCAT]   "eleArch": "arm64",
10-06 00:41:06.394 I/AstrBotEngine: [NAPCAT]   "linuxFormat": "deb"
10-06 00:41:06.418 I/AstrBotEngine: [NAPCAT] }
10-06 00:41:06.432 I/AstrBotEngine: [NAPCAT] prepare write and writev hooks
10-06 00:41:06.456 I/AstrBotEngine: [NAPCAT] 10-06 00:41:05 [info] [PacketHandler] 加载成功
10-06 00:41:06.473 I/AstrBotEngine: [NAPCAT] 10-06 00:41:05 [info] [Napi2NativeLoader] 加载成功
10-06 00:41:06.490 I/AstrBotEngine: [NAPCAT] 10-06 00:41:05 [info] [FFmpeg] 检查 Native Addon 可用性...
10-06 00:41:06.514 I/AstrBotEngine: [NAPCAT] 10-06 00:41:05 [info] [FFmpeg] ✓ 使用 Native Addon 适配器
10-06 00:41:06.532 I/AstrBotEngine: [NAPCAT] 10-06 00:41:05 [info] [PacketHandler] 初始化成功
10-06 00:41:06.555 I/AstrBotEngine: [NAPCAT] 10-06 00:41:05 [info] [NapCat] Napi2NativeLoader: Bypass已通过环境变量禁用
10-06 00:41:06.572 I/AstrBotEngine: [NAPCAT] 10-06 00:41:05 [info] [NapCat] [Core] NapCat.Core Version: 4.18.30
10-06 00:41:06.587 I/AstrBotEngine: [NAPCAT] [I] <MemoryFile.cpp:98::open> open fd[0x24], /root/.config/QQ/nt_qq/global/nt_data/mmkv/nt_mmkv_global_misc
10-06 00:41:06.602 I/AstrBotEngine: [NAPCAT] [I] <MemoryFile.cpp:98::open> open fd[0x25], /root/.config/QQ/nt_qq/global/nt_data/mmkv/nt_mmkv_global_misc.crc
10-06 00:41:06.619 I/AstrBotEngine: [NAPCAT] [I] <MMKV_IO.cpp:213::loadMetaInfoAndCheck> meta file [nt_mmkv_global_misc] has flag [0]
10-06 00:41:06.636 I/AstrBotEngine: [NAPCAT] [I] <MMKV_IO.cpp:87::loadFromFile> loading [nt_mmkv_global_misc] with 263 actual size, file size 4096, InterProcess 1, meta info version:4
10-06 00:41:06.652 I/AstrBotEngine: [NAPCAT] [I] <MMKV_IO.cpp:92::loadFromFile> loading [nt_mmkv_global_misc] with crc 79280446 sequence 1 version 4
10-06 00:41:06.670 I/AstrBotEngine: [NAPCAT] [I] <MMKV.cpp:233::initializeMMKV> root dir: /root/.config/QQ/nt_qq/global/nt_data/mmkv
10-06 00:41:06.690 I/AstrBotEngine: [NAPCAT] [I] <MMKV_IO.cpp:136::loadFromFile> loaded [nt_mmkv_global_misc] with 2 key-values
10-06 00:41:06.704 I/AstrBotEngine: [NAPCAT] [I] <MemoryFile.cpp:98::open> open fd[0x26], /root/.config/QQ/nt_qq/global/nt_data/mmkv/nt_mmkv_o3
10-06 00:41:06.726 I/AstrBotEngine: [NAPCAT] [I] <MemoryFile.cpp:98::open> open fd[0x27], /root/.config/QQ/nt_qq/global/nt_data/mmkv/nt_mmkv_o3.crc
10-06 00:41:06.746 I/AstrBotEngine: [NAPCAT] [I] <MMKV_IO.cpp:213::loadMetaInfoAndCheck> meta file [nt_mmkv_o3] has flag [0]
10-06 00:41:06.767 I/AstrBotEngine: [NAPCAT] [I] <MMKV_IO.cpp:87::loadFromFile> loading [nt_mmkv_o3] with 219 actual size, file size 4096, InterProcess 1, meta info version:4
10-06 00:41:06.784 I/AstrBotEngine: [NAPCAT] [I] <MMKV_IO.cpp:92::loadFromFile> loading [nt_mmkv_o3] with crc 1173198917 sequence 1 version 4
10-06 00:41:06.801 I/AstrBotEngine: [NAPCAT] [I] <MMKV_IO.cpp:136::loadFromFile> loaded [nt_mmkv_o3] with 2 key-values
10-06 00:41:06.816 I/AstrBotEngine: [NAPCAT] 10-06 00:41:05 [info] [NapCat] [WebUi] WebUi Token: bandqq-napcat
10-06 00:41:06.834 I/AstrBotEngine: [NAPCAT] 10-06 00:41:05 [info] [NapCat] [WebUi] WebUi User Panel Url: http://127.0.0.1:5099/webui?token=bandqq-napcat
10-06 00:41:06.852 I/AstrBotEngine: [NAPCAT] 10-06 00:41:05 [info] [NapCat] [WebUi] WebUi User Panel Url: http://[::]:5099/webui?token=bandqq-napcat
10-06 00:41:06.874 I/AstrBotEngine: [NAPCAT] 10-06 00:41:05 [info] 等待网络连接...
10-06 00:41:06.891 I/AstrBotEngine: [NAPCAT] 10-06 00:41:05 [info] 网络已连接
10-06 00:41:06.905 I/AstrBotEngine: [NAPCAT] 10-06 00:41:05 [info] 没有 -q 指令指定快速登录，将使用二维码登录方式
10-06 00:41:06.920 I/AstrBotEngine: [NAPCAT] 10-06 00:41:05 [info] 可用于快速登录 of QQ：
10-06 00:41:06.937 I/AstrBotEngine: [NAPCAT] 1. 3836305211 一秋呀(小号)大号2308534727
10-06 00:41:06.953 I/AstrBotEngine: [NAPCAT] 10-06 00:41:06 [warn] 请扫描下面的二维码，然后在手Q上授权登录：
10-06 00:41:06.967 I/AstrBotEngine: [NAPCAT] 10-06 00:41:06 [warn] 
10-06 00:41:07.000 I/AstrBotEngine: [NAPCAT] ▄▄▄▄▄▄▄▄▄▄▄▄▄▄▄▄▄▄▄▄▄▄▄▄▄▄▄▄▄▄▄▄▄▄▄
10-06 00:41:07.017 I/AstrBotEngine: [NAPCAT] █ ▄▄▄▄▄ █▄▄███▀▄█▀  █ ▄▄▀██ ▄▄▄▄▄ █
10-06 00:41:07.035 I/AstrBotEngine: [NAPCAT] █ █   █ █ ▀█ ▄ █▀ ▀██▀██▄▄█ █   █ █
10-06 00:41:07.050 I/AstrBotEngine: [NAPCAT] █ █▄▄▄█ █▄ ▄▄▀▀█▄█▄▄▀▀█ ███ █▄▄▄█ █
10-06 00:41:07.067 I/AstrBotEngine: [NAPCAT] █▄▄▄▄▄▄▄█▄▀▄▀▄█ █ ▀▄█▄█ ▀▄█▄▄▄▄▄▄▄█
10-06 00:41:07.090 I/AstrBotEngine: [NAPCAT] █▄▄  █▀▄▀▄▀████▀▄██▄  ▀█▀▄▄▀█▄▄ ▀ █
10-06 00:41:07.104 I/AstrBotEngine: [NAPCAT] █▄█▀█▄▄▄█ ██▀▀▀▄▀██▀▀▄██▄▄█ ▀▄█▄ ▄█
10-06 00:41:07.124 I/AstrBotEngine: [NAPCAT] █  ▀▀▄█▄ ▀ ▀ █▄█ ▀▄█▀▄▀▄█ ▄█▄▄ ▀▀██
10-06 00:41:07.144 I/AstrBotEngine: [NAPCAT] ██  ▄ ▀▄█▄▀▄█ ▄██ ▄█ █ ██▄▀  ▄█ ███
10-06 00:41:07.157 I/AstrBotEngine: [NAPCAT] ██▀█▀ █▄ ██▀▄▀  ▀▀█▀▄▄  ▀▀      ▄ █
10-06 00:41:07.177 I/AstrBotEngine: [NAPCAT] █▀▀█▀▄▀▄ ▀▄█▄ █▀▄▄▀▄█ ▄▀▀▀  ██ █▄▀█
10-06 00:41:07.195 I/AstrBotEngine: [NAPCAT] █▀▀██ █▄█▄█ ▄ █▀█▀█▄▄ ██  ▄▀▄█▀▄▀▀█
10-06 00:41:07.215 I/AstrBotEngine: [NAPCAT] ██▀ ██▀▄█▄ ▄▄▄▀ ▀▄█ ▀▀▄▄ ▄▄▀▀▄▀▄ ▄█
10-06 00:41:07.231 I/AstrBotEngine: [NAPCAT] █▄█▄▄█▄▄▄▀▄ ▀ ▄█  ▄ ▀▄▀▄  ▄▄▄ ▄██▄█
10-06 00:41:07.247 I/AstrBotEngine: [NAPCAT] █ ▄▄▄▄▄ ██▄▀ ██▄▀██▀   ▄  █▄█ ▀▀███
10-06 00:41:07.262 I/AstrBotEngine: [NAPCAT] █ █   █ █▀▄▄██   █  █▀▀   ▄▄▄▄█  ▄█
10-06 00:41:07.277 I/AstrBotEngine: [NAPCAT] █ █▄▄▄█ █ █▀▀▀██▄█▀ █▀▄ ▄▀▄ ▄▀█▄▄▀█
10-06 00:41:07.297 I/AstrBotEngine: [NAPCAT] █▄▄▄▄▄▄▄█▄▄██▄██▄▄█▄▄▄▄▄██▄███▄▄███
10-06 00:41:07.327 I/AstrBotEngine: [NAPCAT] 二维码解码URL: https://txz.qq.com/p?k=map6Q1AniOjM0wuQ*puRLpSk0W8YHiwq&f=1600001615
10-06 00:41:07.345 I/AstrBotEngine: [NAPCAT] 如果控制台二维码无法扫码，可以复制解码url到二维码生成网站生成二维码再扫码，也可以打开下方的二维码路径图片进�
10-06 00:41:07.363 I/AstrBotEngine: [NAPCAT] 10-06 00:41:06 [warn] 二维码已保存到 /root/napcat/cache/qrcode.png
10-06 00:41:27.294 I/AstrBotEngine: [NAPCAT] 10-06 00:41:27 [info] [Core] [Login] 二维码已被扫描，等待确认...
10-06 00:41:30.458 I/AstrBotEngine: [NAPCAT] linux-bugly: init bugly ...
10-06 00:41:30.486 I/AstrBotEngine: [NAPCAT] [BuglyManager.cpp][InitBuglyManager][198]InitBuglyManager path: /root/.config/QQ/crash_files/
10-06 00:41:30.508 I/AstrBotEngine: [NAPCAT] [BuglyService.cpp][registBugly][589]set signal stack
10-06 00:41:30.541 I/AstrBotEngine: [NAPCAT] [BuglyService.cpp][registSignalHandler][520]regist native handler
10-06 00:41:30.575 I/AstrBotEngine: [NAPCAT] [BuglyService.cpp][setParam][618]setParam, key:appVersion, value:3.2.33-52892..
10-06 00:41:30.604 I/AstrBotEngine: [NAPCAT] linux-bugly: init bugly done.
10-06 00:41:30.786 I/AstrBotEngine: [NAPCAT] 10-06 00:41:30 [info] [NapCat] 已启用数据库辅助支持能力
10-06 00:41:30.911 I/AstrBotEngine: [NAPCAT] [I] <MMKV.cpp:260::mmkvWithID> prepare to load nt_recent_emoji_mmkv (id 4d09ada208e1df49389b85b8d4dc11d8) from rootPath /root/.config/QQ/nt_qq_0d0741be72783462f
10-06 00:41:30.930 I/AstrBotEngine: [NAPCAT] [I] <MemoryFile.cpp:98::open> open fd[0x57], /root/.config/QQ/nt_qq_0d0741be72783462f580b59d95c70ea4/nt_data/mmkv/nt_recent_emoji_mmkv
10-06 00:41:30.949 I/AstrBotEngine: [NAPCAT] [I] <MemoryFile.cpp:98::open> open fd[0x58], /root/.config/QQ/nt_qq_0d0741be72783462f580b59d95c70ea4/nt_data/mmkv/nt_recent_emoji_mmkv.crc
10-06 00:41:30.963 I/AstrBotEngine: [NAPCAT] [I] <MMKV_IO.cpp:213::loadMetaInfoAndCheck> meta file [nt_recent_emoji_mmkv] has flag [0]
10-06 00:41:30.995 I/AstrBotEngine: [NAPCAT] [I] <MMKV_IO.cpp:87::loadFromFile> loading [nt_recent_emoji_mmkv] with 0 actual size, file size 4096, InterProcess 0, meta info version:4
10-06 00:41:31.029 I/AstrBotEngine: [NAPCAT] [I] <MMKV_IO.cpp:136::loadFromFile> loaded [nt_recent_emoji_mmkv] with 0 key-values
10-06 00:41:31.082 I/AstrBotEngine: [NAPCAT] [I] <MMKV.cpp:260::mmkvWithID> prepare to load nt_mmkv_united_config_no_login_v3 (id nt_mmkv_united_config_no_login_v3) from rootPath /root/.config/QQ/nt_qq/glo
10-06 00:41:31.118 I/AstrBotEngine: [NAPCAT] [I] <MemoryFile.cpp:98::open> open fd[0x65], /root/.config/QQ/nt_qq/global/nt_data/mmkv/nt_mmkv_united_config_no_login_v3
10-06 00:41:31.154 I/AstrBotEngine: [NAPCAT] [I] <MemoryFile.cpp:98::open> open fd[0x66], /root/.config/QQ/nt_qq/global/nt_data/mmkv/nt_mmkv_united_config_no_login_v3.crc
10-06 00:41:31.187 I/AstrBotEngine: [NAPCAT] [I] <MMKV_IO.cpp:213::loadMetaInfoAndCheck> meta file [nt_mmkv_united_config_no_login_v3] has flag [0]
10-06 00:41:31.264 I/AstrBotEngine: [NAPCAT] [I] <MMKV_IO.cpp:87::loadFromFile> loading [nt_mmkv_united_config_no_login_v3] with 19040 actual size, file size 32768, InterProcess 1, meta info version:4
10-06 00:41:31.327 I/AstrBotEngine: [NAPCAT] [I] <MMKV_IO.cpp:92::loadFromFile> loading [nt_mmkv_united_config_no_login_v3] with crc 787807985 sequence 4 version 4
10-06 00:41:31.579 I/AstrBotEngine: [NAPCAT] [I] <MMKV_IO.cpp:136::loadFromFile> loaded [nt_mmkv_united_config_no_login_v3] with 392 key-values
10-06 00:41:31.660 I/AstrBotEngine: [NAPCAT] [I] <MMKV.cpp:260::mmkvWithID> prepare to load nt_mmkv_flash_transfer (id 2c205ab7ef22e396d3aa9169b0203f14) from rootPath /root/.config/QQ/nt_qq_0d0741be7278346
10-06 00:41:31.701 I/AstrBotEngine: [NAPCAT] [I] <MemoryFile.cpp:98::open> open fd[0xae], /root/.config/QQ/nt_qq_0d0741be72783462f580b59d95c70ea4/nt_data/mmkv/nt_mmkv_flash_transfer
10-06 00:41:31.745 I/AstrBotEngine: [NAPCAT] [I] <MemoryFile.cpp:98::open> open fd[0xb0], /root/.config/QQ/nt_qq_0d0741be72783462f580b59d95c70ea4/nt_data/mmkv/nt_mmkv_flash_transfer.crc
10-06 00:41:31.788 I/AstrBotEngine: [NAPCAT] [I] <MMKV_IO.cpp:213::loadMetaInfoAndCheck> meta file [nt_mmkv_flash_transfer] has flag [0]
10-06 00:41:31.822 I/AstrBotEngine: [NAPCAT] [I] <MMKV_IO.cpp:87::loadFromFile> loading [nt_mmkv_flash_transfer] with 988 actual size, file size 4096, InterProcess 0, meta info version:4
10-06 00:41:31.874 I/AstrBotEngine: [NAPCAT] [I] <MMKV_IO.cpp:92::loadFromFile> loading [nt_mmkv_flash_transfer] with crc 1018154534 sequence 1 version 4
10-06 00:41:31.941 I/AstrBotEngine: [NAPCAT] [I] <MMKV_IO.cpp:136::loadFromFile> loaded [nt_mmkv_flash_transfer] with 2 key-values
10-06 00:41:32.026 I/AstrBotEngine: [NAPCAT] 10-06 00:41:31 [debug] 本账号数据/缓存目录： /root/.config/QQ/NapCat/data
10-06 00:41:32.064 I/AstrBotEngine: [NAPCAT] 10-06 00:41:31 [debug] [Core] [Config] 配置文件/root/napcat/config/napcat_3836305211.json加载 {"fileLog":true,"consoleLog":true,"fileLogLevel":"debug","co
10-06 00:41:32.108 I/AstrBotEngine: [NAPCAT] 10-06 00:41:31 [info] [ServerTime] 时间同步完成，偏差 -756ms
10-06 00:41:32.158 I/AstrBotEngine: [NAPCAT] 10-06 00:41:31 [info] [Core] [Packet] 使用 NativePacketClient 作为后端
10-06 00:41:32.202 I/AstrBotEngine: [NAPCAT] [I] <MemoryFile.cpp:98::open> open fd[0xb1], /root/.config/QQ/nt_qq/global/nt_data/mmkv/mmkv.default
10-06 00:41:32.284 I/AstrBotEngine: [NAPCAT] [I] <MemoryFile.cpp:98::open> open fd[0xb2], /root/.config/QQ/nt_qq/global/nt_data/mmkv/mmkv.default.crc
10-06 00:41:32.394 I/AstrBotEngine: [NAPCAT] 10-06 00:41:31 [info] [Core] [Packet] [PacketClient] NativePacketClient Hook 初始化成功 platform=linux.arm64
10-06 00:41:32.494 I/AstrBotEngine: [NAPCAT] [I] <MMKV_IO.cpp:213::loadMetaInfoAndCheck> meta file [mmkv.default] has flag [0]
10-06 00:41:32.576 I/AstrBotEngine: [NAPCAT] [I] <MMKV_IO.cpp:87::loadFromFile> loading [mmkv.default] with 28 actual size, file size 4096, InterProcess 0, meta info version:4
10-06 00:41:32.636 I/AstrBotEngine: [NAPCAT] [I] <MMKV_IO.cpp:92::loadFromFile> loading [mmkv.default] with crc 1670258981 sequence 1 version 4
10-06 00:41:32.696 I/AstrBotEngine: [NAPCAT] [I] <MMKV_IO.cpp:136::loadFromFile> loaded [mmkv.default] with 1 key-values
10-06 00:41:32.740 I/AstrBotEngine: [NAPCAT] 10-06 00:41:31 [info] [AdapterManager] 开始初始化协议适配器...
10-06 00:41:32.772 I/AstrBotEngine: [NAPCAT] 10-06 00:41:31 [info] [Notice] [OneBot11] [network] 配置加载
10-06 00:41:32.849 I/AstrBotEngine: [NAPCAT] HTTP服务: 127.0.0.1:3000, : 已启动
10-06 00:41:32.902 I/AstrBotEngine: [NAPCAT] WebSocket服务: 127.0.0.1:3001, : 已启动
10-06 00:41:33.083 I/AstrBotEngine: [NAPCAT] 10-06 00:41:31 [info] [OneBot] [WebSocket Server] Server Started undefined:undefined
10-06 00:41:33.155 I/AstrBotEngine: [NAPCAT] 10-06 00:41:31 [info] [AdapterManager] OneBot11 适配器初始化完成
10-06 00:41:33.195 I/AstrBotEngine: [NAPCAT] 10-06 00:41:31 [info] [AdapterManager] NapCat Protocol 适配器未启用，跳过初始化
10-06 00:41:33.227 I/AstrBotEngine: [NAPCAT] 10-06 00:41:31 [info] [AdapterManager] 协议适配器初始化完成，已加载 2 个适配器
10-06 00:41:33.261 I/AstrBotEngine: [NAPCAT] 10-06 00:41:31 [info] [OneBot] [HTTP Server Adapter] Start On 127.0.0.1:3000
10-06 00:41:33.288 I/AstrBotEngine: [NAPCAT] 10-06 00:41:32 [info] 一秋呀(小号)大号2308534727 | 接收 <- 群聊 [华强北安卓手表交流极(1031894167)] [Bun.H4X(208364332)] 这是真爽
10-06 00:41:40.455 I/AstrBotEngine: [NAPCAT] [BuglyManager.cpp][UploadBugly][107]!!!in UploadBugly.
10-06 00:41:40.472 I/AstrBotEngine: [NAPCAT] [NativeCrashHandler.cpp][getCrashDetailBeanFromRecord][52]!!!! in NativeCrashHandler getCrashDetailBeanFromRecord, open file error!!!,dumpFilePath:/root/.config
10-06 00:41:40.490 I/AstrBotEngine: [NAPCAT] [NativeCrashHandler.cpp][uploadCrashEvent][331]get null crashDetailBean, return!
10-06 00:41:51.225 I/AstrBotEngine: [NAPCAT] 10-06 00:41:51 [info] 一秋呀(小号)大号2308534727 | 接收 <- 群聊 [华强北安卓手表交流极客联盟(1031894167)] [Bun.H4X(208364332)] 不过有3
10-06 00:41:51.321 I/SyncService: BandQQ 同步器 v2.28.1 (vc72) 启动
10-06 00:41:51.362 W/InterconnectBridge: reconnect: no node, retry connect (no launch)
10-06 00:41:51.363 E/InterconnectBridge: connect: not initialized
10-06 00:41:51.433 D/OneBotClient: WS onOpen, connected=true
10-06 00:41:51.434 D/OneBotClient: WS identify sent (echo=bandqq-2.28.1)
10-06 00:41:51.438 E/InterconnectBridge: sendToBand skipped: no connected node. frame={"type":"connect_state","seq":0,"state":"disconnected","band":false,"protocol":t
10-06 00:41:51.440 D/InterconnectBridge: connect: found device REDMI Watch 5 eSIM   
10-06 00:41:51.443 D/OneBotClient: WS recv: {"time":1791218511,"self_id":3836305211,"post_type":"meta_event","meta_event_type":"lifecycle","sub_type":"connect"}
10-06 00:41:51.444 D/OneBotClient: WS non-message frame (meta/action response)
10-06 00:41:51.444 D/OneBotClient: WS recv: {"status":"ok","retcode":0,"data":{"app_name":"NapCat.Onebot","protocol_version":"v11","app_version":"4.18.30"},"message":"","wording":"","echo":"bandqq-2.28.1","stream":"normal-action"}
10-06 00:41:51.444 D/OneBotClient: WS non-message frame (meta/action response)
10-06 00:41:51.469 D/OneBotClient: api get_group_list http ok
10-06 00:41:51.489 E/InterconnectBridge: auth check failed: com.xiaomi.xms.wearable.exception.SignatureVerifyFailedException: fingerprint verify failed
10-06 00:41:51.515 E/InterconnectBridge: openApp failed: com.xiaomi.xms.wearable.exception.SignatureVerifyFailedException: fingerprint verify failed
10-06 00:41:51.532 E/InterconnectBridge: registerListener failed: com.xiaomi.xms.wearable.exception.SignatureVerifyFailedException: fingerprint verify failed
10-06 00:41:51.849 D/OneBotClient: api get_friend_list http ok
10-06 00:41:56.364 W/InterconnectBridge: reconnect: re-auth node 881371088 (no launch)
10-06 00:41:56.367 E/InterconnectBridge: auth check failed: com.xiaomi.xms.wearable.exception.SignatureVerifyFailedException: fingerprint verify failed
10-06 00:41:56.367 D/InterconnectBridge: openApp: skip launchWearApp (auto reconnect), register listener anyway
10-06 00:41:56.375 E/InterconnectBridge: registerListener failed: com.xiaomi.xms.wearable.exception.SignatureVerifyFailedException: fingerprint verify failed
10-06 00:41:58.089 D/InterconnectBridge: connect: found device REDMI Watch 5 eSIM   
10-06 00:41:58.099 E/InterconnectBridge: auth check failed: com.xiaomi.xms.wearable.exception.SignatureVerifyFailedException: fingerprint verify failed
10-06 00:41:58.110 E/InterconnectBridge: openApp failed: com.xiaomi.xms.wearable.exception.SignatureVerifyFailedException: fingerprint verify failed
10-06 00:41:58.112 E/InterconnectBridge: registerListener failed: com.xiaomi.xms.wearable.exception.SignatureVerifyFailedException: fingerprint verify failed
10-06 00:42:00.158 D/OneBotClient: WS recv: {"self_id":3836305211,"user_id":3028117934,"time":1791218519,"message_id":1291139807,"message_seq":1291139807,"real_id":1291139807,"real_seq":"1433360","message_type":"group","sender":{"user_id":3028117934,"nickname":"沐华","card":"","role":"member"},"raw_message":"有啊","font":14,"sub_type":"normal","m
10-06 00:42:00.163 D/InterconnectBridge: sendToBand frame bytes=281: {"type":"push_message","seq":0,"message_type":"group","target_id":"1031894167","
10-06 00:42:00.179 E/InterconnectBridge: sendToBand failed (281B): fingerprint verify failed
10-06 00:42:00.192 I/AstrBotEngine: [NAPCAT] 10-06 00:42:00 [info] 一秋呀(小号)大号2308534727 | 接收 <- 群聊 [华强北安卓手表交流极客联盟(1031894167)] [沐华(3028117934)] 有啊
10-06 00:42:01.366 W/InterconnectBridge: reconnect: re-auth node 881371088 (no launch)
10-06 00:42:01.371 E/InterconnectBridge: auth check failed: com.xiaomi.xms.wearable.exception.SignatureVerifyFailedException: fingerprint verify failed
10-06 00:42:01.372 D/InterconnectBridge: openApp: skip launchWearApp (auto reconnect), register listener anyway
10-06 00:42:01.384 E/InterconnectBridge: registerListener failed: com.xiaomi.xms.wearable.exception.SignatureVerifyFailedException: fingerprint verify failed
10-06 00:42:06.368 W/InterconnectBridge: reconnect: re-auth node 881371088 (no launch)
10-06 00:42:06.469 E/InterconnectBridge: auth check failed: com.xiaomi.xms.wearable.exception.SignatureVerifyFailedException: fingerprint verify failed
10-06 00:42:06.470 D/InterconnectBridge: openApp: skip launchWearApp (auto reconnect), register listener anyway
10-06 00:42:06.499 E/InterconnectBridge: registerListener failed: com.xiaomi.xms.wearable.exception.SignatureVerifyFailedException: fingerprint verify failed
10-06 00:42:07.104 D/OneBotClient: WS recv: {"self_id":3836305211,"user_id":208364332,"time":1791218526,"message_id":1759308566,"message_seq":1759308566,"real_id":1759308566,"real_seq":"1433361","message_type":"group","sender":{"user_id":208364332,"nickname":"Bun.H4X","card":"","role":"member"},"raw_message":"[CQ:image,summary=&#91;动画表情&#93;,
10-06 00:42:07.109 D/InterconnectBridge: sendToBand frame bytes=283: {"type":"push_message","seq":0,"message_type":"group","target_id":"1031894167","
10-06 00:42:07.332 E/InterconnectBridge: sendToBand failed (283B): fingerprint verify failed
10-06 00:42:07.364 I/AstrBotEngine: [NAPCAT] 10-06 00:42:06 [info] 一秋呀(小号)大号2308534727 | 接收 <- 群聊 [华强北安卓手表交流极客联盟(1031894167)] [Bun.H4X(208364332)] [图片]
10-06 00:42:09.582 D/OneBotClient: WS recv: {"self_id":3836305211,"user_id":3028117934,"time":1791218529,"message_id":260199690,"message_seq":260199690,"real_id":260199690,"real_seq":"1433362","message_type":"group","sender":{"user_id":3028117934,"nickname":"沐华","card":"","role":"member"},"raw_message":"魔改的","font":14,"sub_type":"normal","mes
10-06 00:42:09.594 D/InterconnectBridge: sendToBand frame bytes=283: {"type":"push_message","seq":0,"message_type":"group","target_id":"1031894167","
10-06 00:42:09.667 E/InterconnectBridge: sendToBand failed (283B): fingerprint verify failed
10-06 00:42:09.824 I/AstrBotEngine: [NAPCAT] 10-06 00:42:09 [info] 一秋呀(小号)大号2308534727 | 接收 <- 群聊 [华强北安卓手表交流极客联盟(1031894167)] [沐华(3028117934)] 魔改的
10-06 00:42:11.371 W/InterconnectBridge: reconnect: re-auth node 881371088 (no launch)
10-06 00:42:11.397 E/InterconnectBridge: auth check failed: com.xiaomi.xms.wearable.exception.SignatureVerifyFailedException: fingerprint verify failed
10-06 00:42:11.397 D/InterconnectBridge: openApp: skip launchWearApp (auto reconnect), register listener anyway
10-06 00:42:11.409 E/InterconnectBridge: registerListener failed: com.xiaomi.xms.wearable.exception.SignatureVerifyFailedException: fingerprint verify failed
10-06 00:42:11.451 W/OneBotClient: WS failure: EOFException: null
10-06 00:42:11.457 D/InterconnectBridge: sendToBand frame bytes=85: {"type":"connect_state","seq":0,"state":"disconnected","band":false,"protocol":f
10-06 00:42:11.485 E/InterconnectBridge: sendToBand failed (85B): fingerprint verify failed
10-06 00:42:12.133 D/OneBotClient: WS onOpen, connected=true
10-06 00:42:12.134 D/OneBotClient: WS identify sent (echo=bandqq-2.28.1)
10-06 00:42:12.134 D/InterconnectBridge: sendToBand frame bytes=84: {"type":"connect_state","seq":0,"state":"disconnected","band":false,"protocol":t
10-06 00:42:12.134 D/OneBotClient: WS recv: {"time":1791218532,"self_id":3836305211,"post_type":"meta_event","meta_event_type":"lifecycle","sub_type":"connect"}
10-06 00:42:12.135 D/OneBotClient: WS non-message frame (meta/action response)
10-06 00:42:12.164 D/OneBotClient: WS recv: {"status":"ok","retcode":0,"data":{"app_name":"NapCat.Onebot","protocol_version":"v11","app_version":"4.18.30"},"message":"","wording":"","echo":"bandqq-2.28.1","stream":"normal-action"}
10-06 00:42:12.166 D/OneBotClient: WS non-message frame (meta/action response)
10-06 00:42:12.211 E/InterconnectBridge: sendToBand failed (84B): fingerprint verify failed
10-06 00:42:16.379 W/InterconnectBridge: reconnect: re-auth node 881371088 (no launch)
10-06 00:42:16.398 E/InterconnectBridge: auth check failed: com.xiaomi.xms.wearable.exception.SignatureVerifyFailedException: fingerprint verify failed
10-06 00:42:16.398 D/InterconnectBridge: openApp: skip launchWearApp (auto reconnect), register listener anyway
10-06 00:42:16.424 E/InterconnectBridge: registerListener failed: com.xiaomi.xms.wearable.exception.SignatureVerifyFailedException: fingerprint verify failed
10-06 00:42:21.380 W/InterconnectBridge: reconnect: re-auth node 881371088 (no launch)
10-06 00:42:21.458 E/InterconnectBridge: auth check failed: com.xiaomi.xms.wearable.exception.SignatureVerifyFailedException: fingerprint verify failed
10-06 00:42:21.459 D/InterconnectBridge: openApp: skip launchWearApp (auto reconnect), register listener anyway
10-06 00:42:21.593 E/InterconnectBridge: registerListener failed: com.xiaomi.xms.wearable.exception.SignatureVerifyFailedException: fingerprint verify failed
10-06 00:42:26.392 W/InterconnectBridge: reconnect: re-auth node 881371088 (no launch)
10-06 00:42:26.422 E/InterconnectBridge: auth check failed: com.xiaomi.xms.wearable.exception.SignatureVerifyFailedException: fingerprint verify failed
10-06 00:42:26.423 D/InterconnectBridge: openApp: skip launchWearApp (auto reconnect), register listener anyway
10-06 00:42:26.444 E/InterconnectBridge: registerListener failed: com.xiaomi.xms.wearable.exception.SignatureVerifyFailedException: fingerprint verify failed
10-06 00:42:31.393 W/InterconnectBridge: reconnect: re-auth node 881371088 (no launch)
10-06 00:42:31.523 E/InterconnectBridge: auth check failed: com.xiaomi.xms.wearable.exception.SignatureVerifyFailedException: fingerprint verify failed
10-06 00:42:31.523 D/InterconnectBridge: openApp: skip launchWearApp (auto reconnect), register listener anyway
10-06 00:42:31.626 E/InterconnectBridge: registerListener failed: com.xiaomi.xms.wearable.exception.SignatureVerifyFailedException: fingerprint verify failed
10-06 00:42:32.191 W/OneBotClient: WS failure: EOFException: null
10-06 00:42:32.197 D/InterconnectBridge: sendToBand frame bytes=85: {"type":"connect_state","seq":0,"state":"disconnected","band":false,"protocol":f
10-06 00:42:32.219 E/InterconnectBridge: sendToBand failed (85B): fingerprint verify failed
10-06 00:42:33.173 D/OneBotClient: WS onOpen, connected=true
10-06 00:42:33.174 D/OneBotClient: WS identify sent (echo=bandqq-2.28.1)
10-06 00:42:33.174 D/InterconnectBridge: sendToBand frame bytes=84: {"type":"connect_state","seq":0,"state":"disconnected","band":false,"protocol":t
10-06 00:42:33.190 D/OneBotClient: WS recv: {"time":1791218553,"self_id":3836305211,"post_type":"meta_event","meta_event_type":"lifecycle","sub_type":"connect"}
10-06 00:42:33.206 D/OneBotClient: WS non-message frame (meta/action response)
10-06 00:42:33.213 E/InterconnectBridge: sendToBand failed (84B): fingerprint verify failed
10-06 00:42:33.220 D/OneBotClient: WS recv: {"status":"ok","retcode":0,"data":{"app_name":"NapCat.Onebot","protocol_version":"v11","app_version":"4.18.30"},"message":"","wording":"","echo":"bandqq-2.28.1","stream":"normal-action"}
10-06 00:42:33.220 D/OneBotClient: WS non-message frame (meta/action response)
10-06 00:42:36.424 W/InterconnectBridge: reconnect: re-auth node 881371088 (no launch)
10-06 00:42:36.483 E/InterconnectBridge: auth check failed: com.xiaomi.xms.wearable.exception.SignatureVerifyFailedException: fingerprint verify failed
10-06 00:42:36.483 D/InterconnectBridge: openApp: skip launchWearApp (auto reconnect), register listener anyway
10-06 00:42:36.494 E/InterconnectBridge: registerListener failed: com.xiaomi.xms.wearable.exception.SignatureVerifyFailedException: fingerprint verify failed
10-06 00:42:41.427 W/InterconnectBridge: reconnect: re-auth node 881371088 (no launch)
10-06 00:42:41.451 E/InterconnectBridge: auth check failed: com.xiaomi.xms.wearable.exception.SignatureVerifyFailedException: fingerprint verify failed
10-06 00:42:41.451 D/InterconnectBridge: openApp: skip launchWearApp (auto reconnect), register listener anyway
10-06 00:42:41.475 E/InterconnectBridge: registerListener failed: com.xiaomi.xms.wearable.exception.SignatureVerifyFailedException: fingerprint verify failed
10-06 00:42:46.428 W/InterconnectBridge: reconnect: re-auth node 881371088 (no launch)
10-06 00:42:46.463 E/InterconnectBridge: auth check failed: com.xiaomi.xms.wearable.exception.SignatureVerifyFailedException: fingerprint verify failed
10-06 00:42:46.464 D/InterconnectBridge: openApp: skip launchWearApp (auto reconnect), register listener anyway
10-06 00:42:46.484 E/InterconnectBridge: registerListener failed: com.xiaomi.xms.wearable.exception.SignatureVerifyFailedException: fingerprint verify failed
10-06 00:42:51.430 W/InterconnectBridge: reconnect: re-auth node 881371088 (no launch)
10-06 00:42:51.531 E/InterconnectBridge: auth check failed: com.xiaomi.xms.wearable.exception.SignatureVerifyFailedException: fingerprint verify failed
10-06 00:42:51.531 D/InterconnectBridge: openApp: skip launchWearApp (auto reconnect), register listener anyway
10-06 00:42:51.828 E/InterconnectBridge: registerListener failed: com.xiaomi.xms.wearable.exception.SignatureVerifyFailedException: fingerprint verify failed
10-06 00:42:53.378 W/OneBotClient: WS failure: EOFException: null
10-06 00:42:53.379 D/InterconnectBridge: sendToBand frame bytes=85: {"type":"connect_state","seq":0,"state":"disconnected","band":false,"protocol":f
10-06 00:42:53.568 E/InterconnectBridge: sendToBand failed (85B): fingerprint verify failed
10-06 00:42:54.419 D/OneBotClient: WS onOpen, connected=true
10-06 00:42:54.420 D/OneBotClient: WS identify sent (echo=bandqq-2.28.1)
10-06 00:42:54.420 D/InterconnectBridge: sendToBand frame bytes=84: {"type":"connect_state","seq":0,"state":"disconnected","band":false,"protocol":t
10-06 00:42:54.420 D/OneBotClient: WS recv: {"time":1791218574,"self_id":3836305211,"post_type":"meta_event","meta_event_type":"lifecycle","sub_type":"connect"}
10-06 00:42:54.421 D/OneBotClient: WS non-message frame (meta/action response)
10-06 00:42:54.439 D/OneBotClient: WS recv: {"status":"ok","retcode":0,"data":{"app_name":"NapCat.Onebot","protocol_version":"v11","app_version":"4.18.30"},"message":"","wording":"","echo":"bandqq-2.28.1","stream":"normal-action"}
10-06 00:42:54.441 D/OneBotClient: WS non-message frame (meta/action response)
10-06 00:42:54.463 E/InterconnectBridge: sendToBand failed (84B): fingerprint verify failed
10-06 00:42:56.431 W/InterconnectBridge: reconnect: re-auth node 881371088 (no launch)
10-06 00:42:56.480 E/InterconnectBridge: auth check failed: com.xiaomi.xms.wearable.exception.SignatureVerifyFailedException: fingerprint verify failed
10-06 00:42:56.480 D/InterconnectBridge: openApp: skip launchWearApp (auto reconnect), register listener anyway
10-06 00:42:56.544 E/InterconnectBridge: registerListener failed: com.xiaomi.xms.wearable.exception.SignatureVerifyFailedException: fingerprint verify failed
10-06 00:43:01.432 W/InterconnectBridge: reconnect: re-auth node 881371088 (no launch)
10-06 00:43:01.483 E/InterconnectBridge: auth check failed: com.xiaomi.xms.wearable.exception.SignatureVerifyFailedException: fingerprint verify failed
10-06 00:43:01.484 D/InterconnectBridge: openApp: skip launchWearApp (auto reconnect), register listener anyway
10-06 00:43:01.506 E/InterconnectBridge: registerListener failed: com.xiaomi.xms.wearable.exception.SignatureVerifyFailedException: fingerprint verify failed
10-06 00:43:06.437 W/InterconnectBridge: reconnect: re-auth node 881371088 (no launch)
10-06 00:43:06.449 E/InterconnectBridge: auth check failed: com.xiaomi.xms.wearable.exception.SignatureVerifyFailedException: fingerprint verify failed
10-06 00:43:06.449 D/InterconnectBridge: openApp: skip launchWearApp (auto reconnect), register listener anyway
10-06 00:43:06.454 E/InterconnectBridge: registerListener failed: com.xiaomi.xms.wearable.exception.SignatureVerifyFailedException: fingerprint verify failed
10-06 00:43:11.441 W/InterconnectBridge: reconnect: re-auth node 881371088 (no launch)
10-06 00:43:11.456 E/InterconnectBridge: auth check failed: com.xiaomi.xms.wearable.exception.SignatureVerifyFailedException: fingerprint verify failed
10-06 00:43:11.456 D/InterconnectBridge: openApp: skip launchWearApp (auto reconnect), register listener anyway
10-06 00:43:11.473 E/InterconnectBridge: registerListener failed: com.xiaomi.xms.wearable.exception.SignatureVerifyFailedException: fingerprint verify failed
10-06 00:43:14.459 W/OneBotClient: WS failure: EOFException: null
10-06 00:43:14.465 D/InterconnectBridge: sendToBand frame bytes=85: {"type":"connect_state","seq":0,"state":"disconnected","band":false,"protocol":f
10-06 00:43:14.659 E/InterconnectBridge: sendToBand failed (85B): fingerprint verify failed
10-06 00:43:15.473 D/OneBotClient: WS onOpen, connected=true
10-06 00:43:15.473 D/OneBotClient: WS identify sent (echo=bandqq-2.28.1)
10-06 00:43:15.475 D/InterconnectBridge: sendToBand frame bytes=84: {"type":"connect_state","seq":0,"state":"disconnected","band":false,"protocol":t
10-06 00:43:15.487 D/OneBotClient: WS recv: {"time":1791218595,"self_id":3836305211,"post_type":"meta_event","meta_event_type":"lifecycle","sub_type":"connect"}
10-06 00:43:15.487 D/OneBotClient: WS non-message frame (meta/action response)
10-06 00:43:15.513 E/InterconnectBridge: sendToBand failed (84B): fingerprint verify failed
10-06 00:43:15.515 D/OneBotClient: WS recv: {"status":"ok","retcode":0,"data":{"app_name":"NapCat.Onebot","protocol_version":"v11","app_version":"4.18.30"},"message":"","wording":"","echo":"bandqq-2.28.1","stream":"normal-action"}
10-06 00:43:15.515 D/OneBotClient: WS non-message frame (meta/action response)
10-06 00:43:16.445 W/InterconnectBridge: reconnect: re-auth node 881371088 (no launch)
10-06 00:43:16.524 E/InterconnectBridge: auth check failed: com.xiaomi.xms.wearable.exception.SignatureVerifyFailedException: fingerprint verify failed
10-06 00:43:16.524 D/InterconnectBridge: openApp: skip launchWearApp (auto reconnect), register listener anyway
10-06 00:43:16.965 E/InterconnectBridge: registerListener failed: com.xiaomi.xms.wearable.exception.SignatureVerifyFailedException: fingerprint verify failed
10-06 00:43:21.447 W/InterconnectBridge: reconnect: re-auth node 881371088 (no launch)
10-06 00:43:21.453 E/InterconnectBridge: auth check failed: com.xiaomi.xms.wearable.exception.SignatureVerifyFailedException: fingerprint verify failed
10-06 00:43:21.453 D/InterconnectBridge: openApp: skip launchWearApp (auto reconnect), register listener anyway
10-06 00:43:21.460 E/InterconnectBridge: registerListener failed: com.xiaomi.xms.wearable.exception.SignatureVerifyFailedException: fingerprint verify failed
10-06 00:43:26.448 W/InterconnectBridge: reconnect: re-auth node 881371088 (no launch)
10-06 00:43:26.452 E/InterconnectBridge: auth check failed: com.xiaomi.xms.wearable.exception.SignatureVerifyFailedException: fingerprint verify failed
10-06 00:43:26.453 D/InterconnectBridge: openApp: skip launchWearApp (auto reconnect), register listener anyway
10-06 00:43:26.461 E/InterconnectBridge: registerListener failed: com.xiaomi.xms.wearable.exception.SignatureVerifyFailedException: fingerprint verify failed
10-06 00:43:31.450 W/InterconnectBridge: reconnect: re-auth node 881371088 (no launch)
10-06 00:43:31.460 E/InterconnectBridge: auth check failed: com.xiaomi.xms.wearable.exception.SignatureVerifyFailedException: fingerprint verify failed
10-06 00:43:31.460 D/InterconnectBridge: openApp: skip launchWearApp (auto reconnect), register listener anyway
10-06 00:43:31.473 E/InterconnectBridge: registerListener failed: com.xiaomi.xms.wearable.exception.SignatureVerifyFailedException: fingerprint verify failed
10-06 00:43:35.489 W/OneBotClient: WS failure: EOFException: null
10-06 00:43:35.491 D/InterconnectBridge: sendToBand frame bytes=85: {"type":"connect_state","seq":0,"state":"disconnected","band":false,"protocol":f
10-06 00:43:35.503 E/InterconnectBridge: sendToBand failed (85B): fingerprint verify failed
10-06 00:43:36.358 D/OneBotClient: WS onOpen, connected=true
10-06 00:43:36.370 D/OneBotClient: WS identify sent (echo=bandqq-2.28.1)
10-06 00:43:36.370 D/InterconnectBridge: sendToBand frame bytes=84: {"type":"connect_state","seq":0,"state":"disconnected","band":false,"protocol":t
10-06 00:43:36.373 D/OneBotClient: WS recv: {"time":1791218616,"self_id":3836305211,"post_type":"meta_event","meta_event_type":"lifecycle","sub_type":"connect"}
10-06 00:43:36.373 D/OneBotClient: WS non-message frame (meta/action response)
10-06 00:43:36.424 E/InterconnectBridge: sendToBand failed (84B): fingerprint verify failed
10-06 00:43:36.436 D/OneBotClient: WS recv: {"status":"ok","retcode":0,"data":{"app_name":"NapCat.Onebot","protocol_version":"v11","app_version":"4.18.30"},"message":"","wording":"","echo":"bandqq-2.28.1","stream":"normal-action"}
10-06 00:43:36.436 D/OneBotClient: WS non-message frame (meta/action response)
10-06 00:43:36.452 W/InterconnectBridge: reconnect: re-auth node 881371088 (no launch)
10-06 00:43:36.469 E/InterconnectBridge: auth check failed: com.xiaomi.xms.wearable.exception.SignatureVerifyFailedException: fingerprint verify failed
10-06 00:43:36.469 D/InterconnectBridge: openApp: skip launchWearApp (auto reconnect), register listener anyway
10-06 00:43:36.480 E/InterconnectBridge: registerListener failed: com.xiaomi.xms.wearable.exception.SignatureVerifyFailedException: fingerprint verify failed
10-06 00:43:41.455 W/InterconnectBridge: reconnect: re-auth node 881371088 (no launch)
10-06 00:43:41.462 E/InterconnectBridge: auth check failed: com.xiaomi.xms.wearable.exception.SignatureVerifyFailedException: fingerprint verify failed
10-06 00:43:41.462 D/InterconnectBridge: openApp: skip launchWearApp (auto reconnect), register listener anyway
10-06 00:43:41.469 E/InterconnectBridge: registerListener failed: com.xiaomi.xms.wearable.exception.SignatureVerifyFailedException: fingerprint verify failed
10-06 00:43:42.765 D/OneBotClient: WS recv: {"self_id":3836305211,"user_id":3428524820,"time":1791218622,"message_id":1426950888,"message_seq":1426950888,"real_id":1426950888,"real_seq":"67886","message_type":"group","sender":{"user_id":3428524820,"nickname":"霏榭Frica","card":"","role":"member"},"raw_message":"[CQ:image,file=8F188AFF4E48CC2A4A
10-06 00:43:42.771 D/InterconnectBridge: sendToBand frame bytes=268: {"type":"push_message","seq":0,"message_type":"group","target_id":"952573476","s
10-06 00:43:42.779 E/InterconnectBridge: sendToBand failed (268B): fingerprint verify failed
10-06 00:43:42.836 I/AstrBotEngine: [NAPCAT] 10-06 00:43:42 [info] 一秋呀(小号)大号2308534727 | 接收 <- 群聊 [AstrBot Android 2群(952573476)] [霏榭Frica(3428524820)] [图片]
10-06 00:43:46.456 W/InterconnectBridge: reconnect: re-auth node 881371088 (no launch)
10-06 00:43:46.466 E/InterconnectBridge: auth check failed: com.xiaomi.xms.wearable.exception.SignatureVerifyFailedException: fingerprint verify failed
10-06 00:43:46.467 D/InterconnectBridge: openApp: skip launchWearApp (auto reconnect), register listener anyway
10-06 00:43:46.470 E/InterconnectBridge: registerListener failed: com.xiaomi.xms.wearable.exception.SignatureVerifyFailedException: fingerprint verify failed
10-06 00:43:47.878 D/OneBotClient: WS recv: {"time":1791218627,"self_id":3836305211,"post_type":"notice","notice_type":"notify","sub_type":"poke","target_id":3428524820,"user_id":3803781470,"group_id":952573476,"raw_info":[{"col":"1","nm":"","type":"qq","uid":"u_8meAUCvvBgu5JGg1F870zA"},{"jp":"https://zb.vip.qq.com/v2/pages/nudgeMall?_wv=2&ac
10-06 00:43:51.457 W/InterconnectBridge: reconnect: re-auth node 881371088 (no launch)
10-06 00:43:51.466 E/InterconnectBridge: auth check failed: com.xiaomi.xms.wearable.exception.SignatureVerifyFailedException: fingerprint verify failed
10-06 00:43:51.466 D/InterconnectBridge: openApp: skip launchWearApp (auto reconnect), register listener anyway
10-06 00:43:51.474 E/InterconnectBridge: registerListener failed: com.xiaomi.xms.wearable.exception.SignatureVerifyFailedException: fingerprint verify failed
10-06 00:43:56.373 W/OneBotClient: WS failure: EOFException: null
10-06 00:43:56.374 D/InterconnectBridge: sendToBand frame bytes=85: {"type":"connect_state","seq":0,"state":"disconnected","band":false,"protocol":f
10-06 00:43:56.398 E/InterconnectBridge: sendToBand failed (85B): fingerprint verify failed
10-06 00:43:56.458 W/InterconnectBridge: reconnect: re-auth node 881371088 (no launch)
10-06 00:43:56.475 E/InterconnectBridge: auth check failed: com.xiaomi.xms.wearable.exception.SignatureVerifyFailedException: fingerprint verify failed
10-06 00:43:56.476 D/InterconnectBridge: openApp: skip launchWearApp (auto reconnect), register listener anyway
10-06 00:43:56.616 E/InterconnectBridge: registerListener failed: com.xiaomi.xms.wearable.exception.SignatureVerifyFailedException: fingerprint verify failed
10-06 00:43:57.442 D/OneBotClient: WS onOpen, connected=true
10-06 00:43:57.446 D/OneBotClient: WS identify sent (echo=bandqq-2.28.1)
10-06 00:43:57.447 D/InterconnectBridge: sendToBand frame bytes=84: {"type":"connect_state","seq":0,"state":"disconnected","band":false,"protocol":t
10-06 00:43:57.448 D/OneBotClient: WS recv: {"time":1791218637,"self_id":3836305211,"post_type":"meta_event","meta_event_type":"lifecycle","sub_type":"connect"}
10-06 00:43:57.449 D/OneBotClient: WS non-message frame (meta/action response)
10-06 00:43:57.467 D/OneBotClient: WS recv: {"status":"ok","retcode":0,"data":{"app_name":"NapCat.Onebot","protocol_version":"v11","app_version":"4.18.30"},"message":"","wording":"","echo":"bandqq-2.28.1","stream":"normal-action"}
10-06 00:43:57.469 D/OneBotClient: WS non-message frame (meta/action response)
10-06 00:43:57.555 E/InterconnectBridge: sendToBand failed (84B): fingerprint verify failed
10-06 00:44:01.460 W/InterconnectBridge: reconnect: re-auth node 881371088 (no launch)
10-06 00:44:01.564 E/InterconnectBridge: auth check failed: com.xiaomi.xms.wearable.exception.SignatureVerifyFailedException: fingerprint verify failed
10-06 00:44:01.564 D/InterconnectBridge: openApp: skip launchWearApp (auto reconnect), register listener anyway
10-06 00:44:01.626 E/InterconnectBridge: registerListener failed: com.xiaomi.xms.wearable.exception.SignatureVerifyFailedException: fingerprint verify failed
10-06 00:44:06.462 W/InterconnectBridge: reconnect: re-auth node 881371088 (no launch)
10-06 00:44:06.488 E/InterconnectBridge: auth check failed: com.xiaomi.xms.wearable.exception.SignatureVerifyFailedException: fingerprint verify failed
10-06 00:44:06.488 D/InterconnectBridge: openApp: skip launchWearApp (auto reconnect), register listener anyway
10-06 00:44:06.536 E/InterconnectBridge: registerListener failed: com.xiaomi.xms.wearable.exception.SignatureVerifyFailedException: fingerprint verify failed
10-06 00:44:07.586 D/OneBotClient: WS recv: {"self_id":3836305211,"user_id":3803781470,"time":1791218647,"message_id":1108687773,"message_seq":1108687773,"real_id":1108687773,"real_seq":"67887","message_type":"group","sender":{"user_id":3803781470,"nickname":"等花落","card":"","role":"member"},"raw_message":"我居然看懂了下面那行英文","font":14,"sub_type":"n
10-06 00:44:07.646 D/InterconnectBridge: sendToBand frame bytes=294: {"type":"push_message","seq":0,"message_type":"group","target_id":"952573476","s
10-06 00:44:07.673 E/InterconnectBridge: sendToBand failed (294B): fingerprint verify failed
10-06 00:44:07.727 I/AstrBotEngine: [NAPCAT] 10-06 00:44:07 [info] 一秋呀(小号)大号2308534727 | 接收 <- 群聊 [AstrBot Android 2群(952573476)] [等花落(3803781470)] 我居然看懂了下面那
10-06 00:44:11.463 W/InterconnectBridge: reconnect: re-auth node 881371088 (no launch)
10-06 00:44:11.470 E/InterconnectBridge: auth check failed: com.xiaomi.xms.wearable.exception.SignatureVerifyFailedException: fingerprint verify failed
10-06 00:44:11.470 D/InterconnectBridge: openApp: skip launchWearApp (auto reconnect), register listener anyway
10-06 00:44:11.493 E/InterconnectBridge: registerListener failed: com.xiaomi.xms.wearable.exception.SignatureVerifyFailedException: fingerprint verify failed
10-06 00:44:15.418 D/OneBotClient: WS recv: {"self_id":3836305211,"user_id":2307890046,"time":1791218654,"message_id":1464562569,"message_seq":1464562569,"real_id":1464562569,"real_seq":"1433363","message_type":"group","sender":{"user_id":2307890046,"nickname":"Mozhuyi🍥","card":"🍥Mozhuyi@uws6152_1h10","role":"admin"},"raw_message":"魔改","fon
10-06 00:44:15.428 D/InterconnectBridge: sendToBand frame bytes=282: {"type":"push_message","seq":0,"message_type":"group","target_id":"1031894167","
10-06 00:44:15.459 E/InterconnectBridge: sendToBand failed (282B): fingerprint verify failed
10-06 00:44:15.582 I/AstrBotEngine: [NAPCAT] 10-06 00:44:15 [info] 一秋呀(小号)大号2308534727 | 接收 <- 群聊 [华强北安卓手表交流极客联盟(1031894167)] [🍥Mozhuyi@uws6152_1h10(23078
10-06 00:44:16.466 W/InterconnectBridge: reconnect: re-auth node 881371088 (no launch)
10-06 00:44:16.512 E/InterconnectBridge: auth check failed: com.xiaomi.xms.wearable.exception.SignatureVerifyFailedException: fingerprint verify failed
10-06 00:44:16.512 D/InterconnectBridge: openApp: skip launchWearApp (auto reconnect), register listener anyway
10-06 00:44:16.544 E/InterconnectBridge: registerListener failed: com.xiaomi.xms.wearable.exception.SignatureVerifyFailedException: fingerprint verify failed
10-06 00:44:17.516 W/OneBotClient: WS failure: EOFException: null
10-06 00:44:17.519 D/InterconnectBridge: sendToBand frame bytes=85: {"type":"connect_state","seq":0,"state":"disconnected","band":false,"protocol":f
10-06 00:44:17.631 E/InterconnectBridge: sendToBand failed (85B): fingerprint verify failed
10-06 00:44:18.688 D/OneBotClient: WS onOpen, connected=true
10-06 00:44:18.688 D/OneBotClient: WS identify sent (echo=bandqq-2.28.1)
10-06 00:44:18.689 D/InterconnectBridge: sendToBand frame bytes=84: {"type":"connect_state","seq":0,"state":"disconnected","band":false,"protocol":t
10-06 00:44:18.724 D/OneBotClient: WS recv: {"time":1791218658,"self_id":3836305211,"post_type":"meta_event","meta_event_type":"lifecycle","sub_type":"connect"}
10-06 00:44:18.724 D/OneBotClient: WS non-message frame (meta/action response)
10-06 00:44:18.786 E/InterconnectBridge: sendToBand failed (84B): fingerprint verify failed
10-06 00:44:18.826 D/OneBotClient: WS recv: {"status":"ok","retcode":0,"data":{"app_name":"NapCat.Onebot","protocol_version":"v11","app_version":"4.18.30"},"message":"","wording":"","echo":"bandqq-2.28.1","stream":"normal-action"}
10-06 00:44:18.828 D/OneBotClient: WS non-message frame (meta/action response)
10-06 00:44:19.003 I/AstrBotEngine: [NAPCAT] 10-06 00:44:17 [info] 一秋呀(小号)大号2308534727 | 接收 <- 群聊 [华强北安卓手表交流极客联盟(1031894167)] [🍥Mozhuyi@uws6152_1h10(23078
10-06 00:44:21.467 W/InterconnectBridge: reconnect: re-auth node 881371088 (no launch)
10-06 00:44:21.588 E/InterconnectBridge: auth check failed: com.xiaomi.xms.wearable.exception.SignatureVerifyFailedException: fingerprint verify failed
10-06 00:44:21.590 D/InterconnectBridge: openApp: skip launchWearApp (auto reconnect), register listener anyway
10-06 00:44:21.721 E/InterconnectBridge: registerListener failed: com.xiaomi.xms.wearable.exception.SignatureVerifyFailedException: fingerprint verify failed
10-06 00:44:22.028 D/OneBotClient: WS recv: {"self_id":3836305211,"user_id":2307890046,"time":1791218661,"message_id":603976646,"message_seq":603976646,"real_id":603976646,"real_seq":"1433365","message_type":"group","sender":{"user_id":2307890046,"nickname":"Mozhuyi🍥","card":"🍥Mozhuyi@uws6152_1h10","role":"admin"},"raw_message":"还有4090 48G"
10-06 00:44:22.037 D/InterconnectBridge: sendToBand frame bytes=289: {"type":"push_message","seq":0,"message_type":"group","target_id":"1031894167","
10-06 00:44:22.264 I/AstrBotEngine: [NAPCAT] 10-06 00:44:21 [info] 一秋呀(小号)大号2308534727 | 接收 <- 群聊 [华强北安卓手表交流极客联盟(1031894167)] [🍥Mozhuyi@uws6152_1h10(23078
10-06 00:44:22.672 E/InterconnectBridge: sendToBand failed (289B): fingerprint verify failed
10-06 00:44:24.199 D/InterconnectBridge: connect: found device REDMI Watch 5 eSIM   
10-06 00:44:24.228 E/InterconnectBridge: auth check failed: com.xiaomi.xms.wearable.exception.SignatureVerifyFailedException: fingerprint verify failed
10-06 00:44:24.241 E/InterconnectBridge: openApp failed: com.xiaomi.xms.wearable.exception.SignatureVerifyFailedException: fingerprint verify failed
10-06 00:44:24.274 E/InterconnectBridge: registerListener failed: com.xiaomi.xms.wearable.exception.SignatureVerifyFailedException: fingerprint verify failed
10-06 00:44:26.468 W/InterconnectBridge: reconnect: re-auth node 881371088 (no launch)
10-06 00:44:26.488 E/InterconnectBridge: auth check failed: com.xiaomi.xms.wearable.exception.SignatureVerifyFailedException: fingerprint verify failed
10-06 00:44:26.488 D/InterconnectBridge: openApp: skip launchWearApp (auto reconnect), register listener anyway
10-06 00:44:26.514 E/InterconnectBridge: registerListener failed: com.xiaomi.xms.wearable.exception.SignatureVerifyFailedException: fingerprint verify failed
10-06 00:44:28.314 D/InterconnectBridge: connect: found device REDMI Watch 5 eSIM   
10-06 00:44:28.328 E/InterconnectBridge: auth check failed: com.xiaomi.xms.wearable.exception.SignatureVerifyFailedException: fingerprint verify failed
10-06 00:44:28.354 E/InterconnectBridge: openApp failed: com.xiaomi.xms.wearable.exception.SignatureVerifyFailedException: fingerprint verify failed
10-06 00:44:28.387 E/InterconnectBridge: registerListener failed: com.xiaomi.xms.wearable.exception.SignatureVerifyFailedException: fingerprint verify failed
10-06 00:44:31.469 W/InterconnectBridge: reconnect: re-auth node 881371088 (no launch)
10-06 00:44:31.473 E/InterconnectBridge: auth check failed: com.xiaomi.xms.wearable.exception.SignatureVerifyFailedException: fingerprint verify failed
10-06 00:44:31.473 D/InterconnectBridge: openApp: skip launchWearApp (auto reconnect), register listener anyway
10-06 00:44:31.475 E/InterconnectBridge: registerListener failed: com.xiaomi.xms.wearable.exception.SignatureVerifyFailedException: fingerprint verify failed
10-06 00:44:31.809 D/OneBotClient: WS recv: {"self_id":3836305211,"user_id":2307890046,"time":1791218671,"message_id":217630363,"message_seq":217630363,"real_id":217630363,"real_seq":"1433366","message_type":"group","sender":{"user_id":2307890046,"nickname":"Mozhuyi🍥","card":"🍥Mozhuyi@uws6152_1h10","role":"admin"},"raw_message":"魔改卡之王","fon
10-06 00:44:31.811 D/InterconnectBridge: sendToBand frame bytes=290: {"type":"push_message","seq":0,"message_type":"group","target_id":"1031894167","
10-06 00:44:31.841 I/AstrBotEngine: [NAPCAT] 10-06 00:44:31 [info] 一秋呀(小号)大号2308534727 | 接收 <- 群聊 [华强北安卓手表交流极客联盟(1031894167)] [🍥Mozhuyi@uws6152_1h10(23078
10-06 00:44:32.425 E/InterconnectBridge: sendToBand failed (290B): fingerprint verify failed
10-06 00:44:36.470 W/InterconnectBridge: reconnect: re-auth node 881371088 (no launch)
10-06 00:44:36.484 E/InterconnectBridge: auth check failed: com.xiaomi.xms.wearable.exception.SignatureVerifyFailedException: fingerprint verify failed
10-06 00:44:36.485 D/InterconnectBridge: openApp: skip launchWearApp (auto reconnect), register listener anyway
10-06 00:44:36.507 E/InterconnectBridge: registerListener failed: com.xiaomi.xms.wearable.exception.SignatureVerifyFailedException: fingerprint verify failed
10-06 00:44:36.952 D/InterconnectBridge: sendToBand frame bytes=85: {"type":"connect_state","seq":0,"state":"disconnected","band":false,"protocol":f
10-06 00:44:36.979 E/InterconnectBridge: sendToBand failed (85B): fingerprint verify failed
10-06 00:44:42.200 I/AstrBotEngine: 引擎输出读取结束（主动停止）
