
===== BandQQ 2.25.1(vc67) 会话开始 10-05 07:21:34.703 =====
10-05 07:21:34.700 I/FileLogger: 设备: Xiaomi 22041216C (xaga)
10-05 07:21:34.701 I/FileLogger: 系统: Android 15 (SDK 35) HyperOS OS2.0
10-05 07:21:34.701 I/FileLogger: 应用: BandQQ 2.25.1(vc67)  日志目录: /storage/emulated/0/Android/data/io.github.gsjsjzhznsz.bandqq/files/logs
10-05 07:21:34.702 W/FileLogger: 小米运动健康: 未安装（互联通道必需，未安装则发现不了手环节点）
10-05 07:21:34.702 I/FileLogger: 权限-蓝牙连接: 已授权
10-05 07:21:34.703 I/FileLogger: 权限-通知: 已授权
10-05 07:21:34.706 I/FileLogger: 电池优化白名单: 未加入
10-05 07:21:34.737 I/FileLogger: 无障碍保活: 未开启
10-05 07:21:34.737 I/FileLogger: 提示: 运动健康「设备授权管理」条目在 APP 发起 DEVICE_MANAGER 授权请求后才生成，开启同步服务并连接一次即会触发
10-05 07:21:54.999 I/AstrBotEngine: 启动脚本已与 APK 资产对齐（v2.18 每次启动强制刷新）
10-05 07:21:55.002 I/AstrBotEngine: AstrBot 机器人开关已关闭：本次仅启动 NapCat（手环 QQ 直连），不安装/启动 AstrBot
10-05 07:21:55.003 I/AstrBotEngine: 拉起容器（proot → astrbot-startup.sh）…
10-05 07:21:55.110 I/AstrBotEngine: [AstrBot Android] resolv.conf 已重写（原: nameserver 8.8.8.8 → 公共解析器x4）
10-05 07:21:55.171 I/AstrBotEngine: [AstrBot Android] DNS 自检通过（getent 解析正常）
10-05 07:21:55.173 I/AstrBotEngine: [STAGE:5:仅 NapCat 模式（AstrBot 机器人开关已关闭）]
10-05 07:21:55.175 I/AstrBotEngine: [31m- 仅 NapCat 模式（AstrBot 机器人开关已关闭）[0m
10-05 07:21:55.373 I/AstrBotEngine: 已按「仅 NapCat 模式」更新 onebot11.json（停用 AstrBot 桥 :6199 反向连接）
10-05 07:21:55.435 I/AstrBotEngine: 已按「仅 NapCat 模式」更新 onebot11_3836305211.json（停用 AstrBot 桥 :6199 反向连接）
10-05 07:21:55.459 I/AstrBotEngine: [AstrBot Android] 反检测自动开启失败（node 不可用），请手动开启：打开 NapCat WebUI :5099 → 反检测开关配置 → 全部开关打开并保存
10-05 07:21:55.714 I/AstrBotEngine: [AstrBot Android] 反检测自动开启失败（node 不可用），请手动开启：打开 NapCat WebUI :5099 → 反检测开关配置 → 全部开关打开并保存
10-05 07:21:55.769 I/AstrBotEngine: [AstrBot Android] 检测到上次 NapCat 异常退出，清理缓存与残锁后重启（登录态不受影响）
10-05 07:21:55.977 I/AstrBotEngine: [STAGE:90:启动 NapCat（首次需扫码登录 QQ，Token 在 App「密码与登录」卡复制）]
10-05 07:21:55.979 I/AstrBotEngine: [31m- 启动 NapCat（首次需扫码登录 QQ，Token 在 App「密码与登录」卡复制）[0m
10-05 07:21:55.980 I/AstrBotEngine: [31m- NapCat 启动中[0m
10-05 07:21:56.186 I/AstrBotEngine: [AstrBot Android] NapCat 已后台拉起（控制台: /root/napcat/napcat-console.log）
10-05 07:21:56.213 I/AstrBotEngine: [AstrBot Android] QQ 登录完成后 OneBot :3001/:3000 自动可用；未登录时打开 WebUI :5099 扫码
10-05 07:21:56.215 I/AstrBotEngine: [AstrBot Android] NapCat 看门狗已启动（5 分钟巡检：进程保活 + 崩溃自愈清理 + 登录后配置自动升级重启）
10-05 07:21:56.222 I/AstrBotEngine: [STAGE:92:NapCat 启动中（QQ 引导完成后 :3001/:3000 生效；AstrBot 已按开关关闭）]
10-05 07:21:56.223 I/AstrBotEngine: [31m- NapCat 启动中（QQ 引导完成后 :3001/:3000 生效；AstrBot 已按开关关闭）[0m
10-05 07:21:56.548 I/AstrBotEngine: [NAPCAT] [launcher] loadNapCat.js generated in current directory
10-05 07:21:56.563 I/AstrBotEngine: [NAPCAT] not mini app. 
10-05 07:21:56.673 I/AstrBotEngine: [NAPCAT] [launcher] loadNapCat.js generated in current directory
10-05 07:21:56.689 I/AstrBotEngine: [NAPCAT] [preload] succeeded. /opt/QQ/resources/app/major.node
10-05 07:21:56.701 I/AstrBotEngine: [NAPCAT] [launcher] loadNapCat.js generated in current directory
10-05 07:21:56.712 I/AstrBotEngine: [NAPCAT] [preload] succeeded. /opt/QQ/resources/app/major.node
10-05 07:21:56.727 I/AstrBotEngine: [NAPCAT] [18567:1005/072156.682184:ERROR:base/files/file_path_watcher_inotify.cc:923] Failed to read /proc/sys/fs/inotify/max_user_watches
10-05 07:21:56.739 I/AstrBotEngine: [NAPCAT] [18566:1005/072156.687048:ERROR:base/files/file_path_watcher_inotify.cc:923] Failed to read /proc/sys/fs/inotify/max_user_watches
10-05 07:21:56.753 I/AstrBotEngine: [NAPCAT] [18544:1005/072156.714510:ERROR:dbus/bus.cc:406] Failed to connect to the bus: Failed to connect to socket /run/dbus/system_bus_socket: No such file or director
10-05 07:21:56.862 I/AstrBotEngine: [NAPCAT] resourcesPath: /opt/QQ/resources
10-05 07:21:56.875 I/AstrBotEngine: [NAPCAT] [launcher] intercepted package.json: /opt/QQ/resources/app/package.json, replacing content
10-05 07:21:56.887 I/AstrBotEngine: [NAPCAT] [launcher] Generated relative path: ../../../../root
10-05 07:21:56.903 I/AstrBotEngine: [NAPCAT] [launcher] New main field: "main": "../../../../root/loadNapCat.js"
10-05 07:21:56.917 I/AstrBotEngine: [NAPCAT] [launcher] package.json content: {
10-05 07:21:56.929 I/AstrBotEngine: [NAPCAT]   "name": "QQ",
10-05 07:21:56.945 I/AstrBotEngine: [NAPCAT]   "version": "3.2.33-52892",
10-05 07:21:56.968 I/AstrBotEngine: [NAPCAT]   "private": true,
10-05 07:21:56.999 I/AstrBotEngine: [NAPCAT]   "description": "QQ",
10-05 07:21:57.009 I/AstrBotEngine: [NAPCAT]   "productName": "QQ",
10-05 07:21:57.024 I/AstrBotEngine: [NAPCAT]   "author": {
10-05 07:21:57.038 I/AstrBotEngine: [NAPCAT]     "name": "Tencent",
10-05 07:21:57.057 I/AstrBotEngine: [NAPCAT]     "email": "QQ-Team@tencent.com"
10-05 07:21:57.068 I/AstrBotEngine: [NAPCAT]   },
10-05 07:21:57.087 I/AstrBotEngine: [NAPCAT]   "homepage": "https://im.qq.com",
10-05 07:21:57.105 I/AstrBotEngine: [NAPCAT]   "sideEffects": true,
10-05 07:21:57.126 I/AstrBotEngine: [NAPCAT]   "bin": {
10-05 07:21:57.144 I/AstrBotEngine: [NAPCAT]     "qd": "externals/devtools/cli/index.js"
10-05 07:21:57.161 I/AstrBotEngine: [NAPCAT]   },
10-05 07:21:57.178 I/AstrBotEngine: [NAPCAT]   "appid": {
10-05 07:21:57.200 I/AstrBotEngine: [NAPCAT]     "win32": "537382716",
10-05 07:21:57.224 I/AstrBotEngine: [NAPCAT]     "darwin": "537382742",
10-05 07:21:57.243 I/AstrBotEngine: [NAPCAT]     "linux": "537382753",
10-05 07:21:57.258 I/AstrBotEngine: [NAPCAT]     "ohos": "5373141859"
10-05 07:21:57.272 I/AstrBotEngine: [NAPCAT]   },
10-05 07:21:57.290 I/AstrBotEngine: [NAPCAT]   "main": "../../../../root/loadNapCat.js",
10-05 07:21:57.306 I/AstrBotEngine: [NAPCAT]   "peerDependenciesMeta": {
10-05 07:21:57.323 I/AstrBotEngine: [NAPCAT]     "*": {
10-05 07:21:57.336 I/AstrBotEngine: [NAPCAT]       "optional": true
10-05 07:21:57.356 I/AstrBotEngine: [NAPCAT]     }
10-05 07:21:57.372 I/AstrBotEngine: [NAPCAT]   },
10-05 07:21:57.392 I/AstrBotEngine: [NAPCAT]   "pnpm": {
10-05 07:21:57.411 I/AstrBotEngine: [NAPCAT]     "patchedDependencies": {
10-05 07:21:57.431 I/AstrBotEngine: [NAPCAT]       "@vue/runtime-dom@3.5.12": "patches/@vue__runtime-dom@3.5.12.patch",
10-05 07:21:57.448 I/AstrBotEngine: [NAPCAT]       "@swc/helpers@0.5.3": "patches/@swc__helpers@0.5.3.patch",
10-05 07:21:57.463 I/AstrBotEngine: [NAPCAT]       "vuex@4.1.0": "patches/vuex@4.1.0.patch",
10-05 07:21:57.484 I/AstrBotEngine: [NAPCAT]       "typescript-parser@2.6.1": "patches/typescript-parser@2.6.1.patch",
10-05 07:21:57.504 I/AstrBotEngine: [NAPCAT]       "@tencent/qqplay-downloadsdk": "patches/@tencent__qqplay-downloadsdk.patch",
10-05 07:21:57.518 I/AstrBotEngine: [NAPCAT]       "@tencent/universal-report@4.5.4": "patches/@tencent__universal-report@4.5.4.patch",
10-05 07:21:57.537 I/AstrBotEngine: [NAPCAT]       "typescript@7.0.2": "patches/typescript@7.0.2.patch"
10-05 07:21:57.548 I/AstrBotEngine: [NAPCAT]     },
10-05 07:21:57.568 I/AstrBotEngine: [NAPCAT]     "packageExtensions": {
10-05 07:21:57.583 I/AstrBotEngine: [NAPCAT]       "qute": {
10-05 07:21:57.598 I/AstrBotEngine: [NAPCAT]         "dependencies": {},
10-05 07:21:57.614 I/AstrBotEngine: [NAPCAT]         "devDependencies": {}
10-05 07:21:57.630 I/AstrBotEngine: [NAPCAT]       }
10-05 07:21:57.645 I/AstrBotEngine: [NAPCAT]     },
10-05 07:21:57.663 I/AstrBotEngine: [NAPCAT]     "overrides": {
10-05 07:21:57.678 I/AstrBotEngine: [NAPCAT]       "@types/react": "-",
10-05 07:21:57.694 I/AstrBotEngine: [NAPCAT]       "@types/react-dom": "-",
10-05 07:21:57.710 I/AstrBotEngine: [NAPCAT]       "@tencent/yuanbao-react-markdown>@types/hast": "-",
10-05 07:21:57.726 I/AstrBotEngine: [NAPCAT]       "@tencent/yuanbao-react-markdown>devlop": "-",
10-05 07:21:57.743 I/AstrBotEngine: [NAPCAT]       "@tencent/yuanbao-react-markdown>hast-util-to-jsx-runtime": "-",
10-05 07:21:57.759 I/AstrBotEngine: [NAPCAT]       "@tencent/yuanbao-react-markdown>html-url-attributes": "-",
10-05 07:21:57.775 I/AstrBotEngine: [NAPCAT]       "@tencent/yuanbao-react-markdown>mdast-util-to-hast": "-",
10-05 07:21:57.787 I/AstrBotEngine: [NAPCAT]       "@tencent/yuanbao-react-markdown>rehype-parse": "-",
10-05 07:21:57.807 I/AstrBotEngine: [NAPCAT]       "@tencent/yuanbao-react-markdown>rehype-stringify": "-",
10-05 07:21:57.828 I/AstrBotEngine: [NAPCAT]       "@tencent/yuanbao-react-markdown>remark-parse": "-",
10-05 07:21:57.871 I/AstrBotEngine: [NAPCAT]       "@tencent/yuanbao-react-markdown>remark-rehype": "-",
10-05 07:21:57.893 I/AstrBotEngine: [NAPCAT]       "@tencent/yuanbao-react-markdown>unified": "-",
10-05 07:21:57.921 I/AstrBotEngine: [NAPCAT]       "@tencent/yuanbao-react-markdown>unist-util-visit": "-",
10-05 07:21:57.953 I/AstrBotEngine: [NAPCAT]       "@tencent/yuanbao-react-markdown>vfile": "-",
10-05 07:21:57.985 I/AstrBotEngine: [NAPCAT]       "@types/d3-dispatch": "3.0.6"
10-05 07:21:57.999 I/AstrBotEngine: [NAPCAT]     }
10-05 07:21:58.018 I/AstrBotEngine: [NAPCAT]   },
10-05 07:21:58.035 I/AstrBotEngine: [NAPCAT]   "buildVersion": "52892",
10-05 07:21:58.052 I/AstrBotEngine: [NAPCAT]   "platform": "linux",
10-05 07:21:58.068 I/AstrBotEngine: [NAPCAT]   "eleArch": "arm64",
10-05 07:21:58.085 I/AstrBotEngine: [NAPCAT]   "linuxFormat": "deb"
10-05 07:21:58.100 I/AstrBotEngine: [NAPCAT] }
10-05 07:21:58.246 I/AstrBotEngine: [NAPCAT] [18544:1005/072158.210322:ERROR:dbus/bus.cc:406] Failed to connect to the bus: Could not parse server address: Unknown address type (examples of valid types are
10-05 07:21:58.285 I/AstrBotEngine: [NAPCAT] [18544:1005/072158.210391:ERROR:dbus/bus.cc:406] Failed to connect to the bus: Could not parse server address: Unknown address type (examples of valid types are
10-05 07:21:58.307 I/AstrBotEngine: [NAPCAT] [18544:1005/072158.211782:ERROR:base/files/file_path_watcher_inotify.cc:923] Failed to read /proc/sys/fs/inotify/max_user_watches
10-05 07:21:58.323 I/AstrBotEngine: [NAPCAT] [18544:1005/072158.212163:ERROR:dbus/bus.cc:406] Failed to connect to the bus: Failed to connect to socket /run/dbus/system_bus_socket: No such file or director
10-05 07:21:58.349 I/AstrBotEngine: [NAPCAT] [18544:1005/072158.212500:ERROR:dbus/bus.cc:406] Failed to connect to the bus: Failed to connect to socket /run/dbus/system_bus_socket: No such file or director
10-05 07:21:58.377 I/AstrBotEngine: [NAPCAT] [18544:1005/072158.212445:ERROR:net/base/address_tracker_linux.cc:242] Could not bind NETLINK socket: Permission denied (13)
10-05 07:21:58.416 I/AstrBotEngine: [NAPCAT] [18544:1005/072158.242590:ERROR:device/udev_linux/udev_watcher.cc:51] Failed to initialize a udev monitor.
10-05 07:21:58.446 I/AstrBotEngine: [NAPCAT] [18544:1005/072158.269888:ERROR:dbus/object_proxy.cc:573] Failed to call method: org.freedesktop.DBus.NameHasOwner: object_path= /org/freedesktop/DBus: unknown 
10-05 07:21:58.492 I/AstrBotEngine: [NAPCAT] [18544:1005/072158.269996:ERROR:dbus/object_proxy.cc:573] Failed to call method: org.freedesktop.DBus.NameHasOwner: object_path= /org/freedesktop/DBus: unknown 
10-05 07:21:58.524 I/AstrBotEngine: [NAPCAT] [18544:1005/072158.270067:ERROR:dbus/bus.cc:406] Failed to connect to the bus: Could not parse server address: Unknown address type (examples of valid types are
10-05 07:21:58.555 I/AstrBotEngine: [NAPCAT] [18544:1005/072158.270265:ERROR:dbus/bus.cc:406] Failed to connect to the bus: Could not parse server address: Unknown address type (examples of valid types are
10-05 07:21:58.582 I/AstrBotEngine: [NAPCAT] [18544:1005/072158.270290:ERROR:dbus/object_proxy.cc:573] Failed to call method: org.freedesktop.DBus.NameHasOwner: object_path= /org/freedesktop/DBus: unknown 
10-05 07:21:58.599 I/AstrBotEngine: [NAPCAT] [18544:1005/072158.286286:ERROR:dbus/object_proxy.cc:573] Failed to call method: org.freedesktop.DBus.NameHasOwner: object_path= /org/freedesktop/DBus: unknown 
10-05 07:21:58.621 I/AstrBotEngine: [NAPCAT] [19049:1005/072158.404442:ERROR:base/files/file_path_watcher_inotify.cc:923] Failed to read /proc/sys/fs/inotify/max_user_watches
10-05 07:21:58.638 I/AstrBotEngine: [NAPCAT] [launcher] loadNapCat.js generated in current directory
10-05 07:21:58.662 I/AstrBotEngine: [NAPCAT] [19045:1005/072158.481057:ERROR:base/files/file_path_watcher_inotify.cc:923] Failed to read /proc/sys/fs/inotify/max_user_watches
10-05 07:21:58.689 I/AstrBotEngine: [NAPCAT] [19045:1005/072158.488408:ERROR:net/base/address_tracker_linux.cc:242] Could not bind NETLINK socket: Permission denied (13)
10-05 07:21:58.754 I/AstrBotEngine: [NAPCAT] [19020:1005/072158.731725:ERROR:ui/gl/angle_platform_impl.cc:42] Display.cpp:1097 (initialize): ANGLE Display::initialize error 12289: GLX is not present.
10-05 07:21:58.780 I/AstrBotEngine: [NAPCAT] ERR: Display.cpp:1097 (initialize): ANGLE Display::initialize error 12289: GLX is not present.
10-05 07:21:58.802 I/AstrBotEngine: [NAPCAT] [19020:1005/072158.732006:ERROR:ui/gl/egl_util.cc:92] EGL Driver message (Critical) eglInitialize: GLX is not present.
10-05 07:21:58.829 I/AstrBotEngine: 手动探测：本机 NapCat 未就绪（3001/3000 均未监听；容器可能仍在安装/启动）
10-05 07:21:58.852 I/AstrBotEngine: [NAPCAT] [19020:1005/072158.732484:ERROR:ui/gl/gl_display.cc:639] eglInitialize OpenGL failed with error EGL_NOT_INITIALIZED, trying next display type
10-05 07:21:58.903 I/AstrBotEngine: [NAPCAT] [19020:1005/072158.733080:ERROR:ui/gl/angle_platform_impl.cc:42] Display.cpp:1097 (initialize): ANGLE Display::initialize error 12289: GLX is not present.
10-05 07:21:58.921 I/AstrBotEngine: [NAPCAT] ERR: Display.cpp:1097 (initialize): ANGLE Display::initialize error 12289: GLX is not present.
10-05 07:21:58.956 I/AstrBotEngine: [NAPCAT] [19020:1005/072158.733585:ERROR:ui/gl/egl_util.cc:92] EGL Driver message (Critical) eglInitialize: GLX is not present.
10-05 07:21:58.979 I/AstrBotEngine: [NAPCAT] [19020:1005/072158.733834:ERROR:ui/gl/gl_display.cc:639] eglInitialize OpenGLES failed with error EGL_NOT_INITIALIZED
10-05 07:21:59.007 I/AstrBotEngine: [NAPCAT] [19020:1005/072158.734152:ERROR:ui/gl/gl_display.cc:674] Initialization of all EGL display types failed.
10-05 07:21:59.040 I/AstrBotEngine: [NAPCAT] [19020:1005/072158.735893:ERROR:ui/ozone/common/gl_ozone_egl.cc:26] GLDisplayEGL::Initialize failed.
10-05 07:21:59.071 I/AstrBotEngine: [NAPCAT] [19020:1005/072159.015598:ERROR:ui/gl/angle_platform_impl.cc:42] Display.cpp:1097 (initialize): ANGLE Display::initialize error 12289: GLX is not present.
10-05 07:21:59.092 I/AstrBotEngine: [NAPCAT] ERR: Display.cpp:1097 (initialize): ANGLE Display::initialize error 12289: GLX is not present.
10-05 07:21:59.118 I/AstrBotEngine: [NAPCAT] [19020:1005/072159.016349:ERROR:ui/gl/egl_util.cc:92] EGL Driver message (Critical) eglInitialize: GLX is not present.
10-05 07:21:59.145 I/AstrBotEngine: [NAPCAT] [19020:1005/072159.017069:ERROR:ui/gl/gl_display.cc:639] eglInitialize OpenGL failed with error EGL_NOT_INITIALIZED, trying next display type
10-05 07:21:59.203 I/AstrBotEngine: [NAPCAT] [19020:1005/072159.018268:ERROR:ui/gl/angle_platform_impl.cc:42] Display.cpp:1097 (initialize): ANGLE Display::initialize error 12289: GLX is not present.
10-05 07:21:59.230 I/AstrBotEngine: [NAPCAT] ERR: Display.cpp:1097 (initialize): ANGLE Display::initialize error 12289: GLX is not present.
10-05 07:21:59.251 I/AstrBotEngine: [NAPCAT] [19020:1005/072159.019256:ERROR:ui/gl/egl_util.cc:92] EGL Driver message (Critical) eglInitialize: GLX is not present.
10-05 07:21:59.272 I/AstrBotEngine: [NAPCAT] [19020:1005/072159.020381:ERROR:ui/gl/gl_display.cc:639] eglInitialize OpenGLES failed with error EGL_NOT_INITIALIZED
10-05 07:21:59.293 I/AstrBotEngine: [NAPCAT] [19020:1005/072159.020665:ERROR:ui/gl/gl_display.cc:674] Initialization of all EGL display types failed.
10-05 07:21:59.313 I/AstrBotEngine: [NAPCAT] [19020:1005/072159.021779:ERROR:ui/ozone/common/gl_ozone_egl.cc:26] GLDisplayEGL::Initialize failed.
10-05 07:21:59.333 I/AstrBotEngine: [NAPCAT] [19020:1005/072159.026032:ERROR:components/viz/service/main/viz_main_impl.cc:189] Exiting GPU process due to errors during initialization
10-05 07:21:59.552 I/AstrBotEngine: [NAPCAT] NapCat Shell App Loading...
10-05 07:21:59.575 I/AstrBotEngine: [NAPCAT] [launcher] intercepted package.json: /opt/QQ/resources/app/package.json, replacing content
10-05 07:21:59.597 I/AstrBotEngine: [NAPCAT] [launcher] Generated relative path: ../../../../root
10-05 07:21:59.615 I/AstrBotEngine: [NAPCAT] [launcher] New main field: "main": "../../../../root/loadNapCat.js"
10-05 07:21:59.663 I/AstrBotEngine: [NAPCAT] [launcher] package.json content: {
10-05 07:21:59.699 I/AstrBotEngine: [NAPCAT]   "name": "QQ",
10-05 07:21:59.726 I/AstrBotEngine: [NAPCAT]   "version": "3.2.33-52892",
10-05 07:21:59.763 I/AstrBotEngine: [NAPCAT]   "private": true,
10-05 07:21:59.795 I/AstrBotEngine: [NAPCAT]   "description": "QQ",
10-05 07:21:59.828 I/AstrBotEngine: [NAPCAT]   "productName": "QQ",
10-05 07:21:59.855 I/AstrBotEngine: [NAPCAT]   "author": {
10-05 07:21:59.883 I/AstrBotEngine: [NAPCAT]     "name": "Tencent",
10-05 07:21:59.910 I/AstrBotEngine: [NAPCAT]     "email": "QQ-Team@tencent.com"
10-05 07:21:59.963 I/AstrBotEngine: [NAPCAT]   },
10-05 07:22:00.007 I/AstrBotEngine: [NAPCAT]   "homepage": "https://im.qq.com",
10-05 07:22:00.020 I/AstrBotEngine: [NAPCAT]   "sideEffects": true,
10-05 07:22:00.043 I/AstrBotEngine: [NAPCAT]   "bin": {
10-05 07:22:00.061 I/AstrBotEngine: [NAPCAT]     "qd": "externals/devtools/cli/index.js"
10-05 07:22:00.074 I/AstrBotEngine: [NAPCAT]   },
10-05 07:22:00.091 I/AstrBotEngine: [NAPCAT]   "appid": {
10-05 07:22:00.115 I/AstrBotEngine: [NAPCAT]     "win32": "537382716",
10-05 07:22:00.127 I/AstrBotEngine: [NAPCAT]     "darwin": "537382742",
10-05 07:22:00.149 I/AstrBotEngine: [NAPCAT]     "linux": "537382753",
10-05 07:22:00.164 I/AstrBotEngine: [NAPCAT]     "ohos": "5373141859"
10-05 07:22:00.186 I/AstrBotEngine: [NAPCAT]   },
10-05 07:22:00.200 I/AstrBotEngine: [NAPCAT]   "main": "../../../../root/loadNapCat.js",
10-05 07:22:00.216 I/AstrBotEngine: [NAPCAT]   "peerDependenciesMeta": {
10-05 07:22:00.238 I/AstrBotEngine: [NAPCAT]     "*": {
10-05 07:22:00.255 I/AstrBotEngine: [NAPCAT]       "optional": true
10-05 07:22:00.271 I/AstrBotEngine: [NAPCAT]     }
10-05 07:22:00.290 I/AstrBotEngine: [NAPCAT]   },
10-05 07:22:00.304 I/AstrBotEngine: [NAPCAT]   "pnpm": {
10-05 07:22:00.328 I/AstrBotEngine: [NAPCAT]     "patchedDependencies": {
10-05 07:22:00.352 I/AstrBotEngine: [NAPCAT]       "@vue/runtime-dom@3.5.12": "patches/@vue__runtime-dom@3.5.12.patch",
10-05 07:22:00.373 I/AstrBotEngine: [NAPCAT]       "@swc/helpers@0.5.3": "patches/@swc__helpers@0.5.3.patch",
10-05 07:22:00.393 I/AstrBotEngine: [NAPCAT]       "vuex@4.1.0": "patches/vuex@4.1.0.patch",
10-05 07:22:00.417 I/AstrBotEngine: [NAPCAT]       "typescript-parser@2.6.1": "patches/typescript-parser@2.6.1.patch",
10-05 07:22:00.451 I/AstrBotEngine: [NAPCAT]       "@tencent/qqplay-downloadsdk": "patches/@tencent__qqplay-downloadsdk.patch",
10-05 07:22:00.490 I/AstrBotEngine: [NAPCAT]       "@tencent/universal-report@4.5.4": "patches/@tencent__universal-report@4.5.4.patch",
10-05 07:22:00.507 I/AstrBotEngine: [NAPCAT]       "typescript@7.0.2": "patches/typescript@7.0.2.patch"
10-05 07:22:00.529 I/AstrBotEngine: [NAPCAT]     },
10-05 07:22:00.546 I/AstrBotEngine: [NAPCAT]     "packageExtensions": {
10-05 07:22:00.573 I/AstrBotEngine: [NAPCAT]       "qute": {
10-05 07:22:00.588 I/AstrBotEngine: [NAPCAT]         "dependencies": {},
10-05 07:22:00.605 I/AstrBotEngine: [NAPCAT]         "devDependencies": {}
10-05 07:22:00.623 I/AstrBotEngine: [NAPCAT]       }
10-05 07:22:00.646 I/AstrBotEngine: [NAPCAT]     },
10-05 07:22:00.668 I/AstrBotEngine: [NAPCAT]     "overrides": {
10-05 07:22:00.699 I/AstrBotEngine: [NAPCAT]       "@types/react": "-",
10-05 07:22:00.723 I/AstrBotEngine: [NAPCAT]       "@types/react-dom": "-",
10-05 07:22:00.746 I/AstrBotEngine: [NAPCAT]       "@tencent/yuanbao-react-markdown>@types/hast": "-",
10-05 07:22:00.762 I/AstrBotEngine: [NAPCAT]       "@tencent/yuanbao-react-markdown>devlop": "-",
10-05 07:22:00.781 I/AstrBotEngine: [NAPCAT]       "@tencent/yuanbao-react-markdown>hast-util-to-jsx-runtime": "-",
10-05 07:22:00.803 I/AstrBotEngine: [NAPCAT]       "@tencent/yuanbao-react-markdown>html-url-attributes": "-",
10-05 07:22:00.818 I/AstrBotEngine: [NAPCAT]       "@tencent/yuanbao-react-markdown>mdast-util-to-hast": "-",
10-05 07:22:00.852 I/AstrBotEngine: [NAPCAT]       "@tencent/yuanbao-react-markdown>rehype-parse": "-",
10-05 07:22:00.876 I/AstrBotEngine: [NAPCAT]       "@tencent/yuanbao-react-markdown>rehype-stringify": "-",
10-05 07:22:00.900 I/AstrBotEngine: [NAPCAT]       "@tencent/yuanbao-react-markdown>remark-parse": "-",
10-05 07:22:00.930 I/AstrBotEngine: [NAPCAT]       "@tencent/yuanbao-react-markdown>remark-rehype": "-",
10-05 07:22:00.955 I/AstrBotEngine: [NAPCAT]       "@tencent/yuanbao-react-markdown>unified": "-",
10-05 07:22:00.968 I/AstrBotEngine: [NAPCAT]       "@tencent/yuanbao-react-markdown>unist-util-visit": "-",
10-05 07:22:01.002 I/AstrBotEngine: [NAPCAT]       "@tencent/yuanbao-react-markdown>vfile": "-",
10-05 07:22:01.022 I/AstrBotEngine: [NAPCAT]       "@types/d3-dispatch": "3.0.6"
10-05 07:22:01.055 I/AstrBotEngine: [NAPCAT]     }
10-05 07:22:01.087 I/AstrBotEngine: [NAPCAT]   },
10-05 07:22:01.114 I/AstrBotEngine: [NAPCAT]   "buildVersion": "52892",
10-05 07:22:01.144 I/AstrBotEngine: [NAPCAT]   "platform": "linux",
10-05 07:22:01.167 I/AstrBotEngine: [NAPCAT]   "eleArch": "arm64",
10-05 07:22:01.190 I/AstrBotEngine: [NAPCAT]   "linuxFormat": "deb"
10-05 07:22:01.214 I/AstrBotEngine: [NAPCAT] }
10-05 07:22:01.231 I/AstrBotEngine: [NAPCAT] prepare write and writev hooks
10-05 07:22:01.267 I/AstrBotEngine: [NAPCAT] 10-05 07:21:59 [info] [PacketHandler] 加载成功
10-05 07:22:01.317 I/AstrBotEngine: [NAPCAT] 10-05 07:21:59 [info] [Napi2NativeLoader] 加载成功
10-05 07:22:01.347 I/AstrBotEngine: [NAPCAT] 10-05 07:21:59 [info] [FFmpeg] 检查 Native Addon 可用性...
10-05 07:22:01.388 I/AstrBotEngine: [NAPCAT] 10-05 07:21:59 [info] [FFmpeg] ✓ 使用 Native Addon 适配器
10-05 07:22:01.421 I/AstrBotEngine: [NAPCAT] 10-05 07:21:59 [info] [PacketHandler] 初始化成功
10-05 07:22:01.446 I/AstrBotEngine: [NAPCAT] 10-05 07:21:59 [info] [NapCat] [Core] NapCat.Core Version: 4.18.29
10-05 07:22:01.487 I/AstrBotEngine: [NAPCAT] [I] <MemoryFile.cpp:98::open> open fd[0x24], /root/.config/QQ/nt_qq/global/nt_data/mmkv/nt_mmkv_global_misc
10-05 07:22:01.517 I/AstrBotEngine: [NAPCAT] [I] <MemoryFile.cpp:98::open> open fd[0x27], /root/.config/QQ/nt_qq/global/nt_data/mmkv/nt_mmkv_global_misc.crc
10-05 07:22:01.548 I/AstrBotEngine: [NAPCAT] [I] <MMKV_IO.cpp:213::loadMetaInfoAndCheck> meta file [nt_mmkv_global_misc] has flag [0]
10-05 07:22:01.572 I/AstrBotEngine: [NAPCAT] [I] <MMKV_IO.cpp:87::loadFromFile> loading [nt_mmkv_global_misc] with 77 actual size, file size 4096, InterProcess 1, meta info version:4
10-05 07:22:01.602 I/AstrBotEngine: [NAPCAT] [I] <MMKV_IO.cpp:92::loadFromFile> loading [nt_mmkv_global_misc] with crc 1813886533 sequence 1 version 4
10-05 07:22:01.621 I/AstrBotEngine: [NAPCAT] [I] <MMKV_IO.cpp:136::loadFromFile> loaded [nt_mmkv_global_misc] with 2 key-values
10-05 07:22:01.644 I/AstrBotEngine: [NAPCAT] [I] <MMKV.cpp:233::initializeMMKV> root dir: /root/.config/QQ/nt_qq/global/nt_data/mmkv
10-05 07:22:01.665 I/AstrBotEngine: [NAPCAT] [I] <MemoryFile.cpp:98::open> open fd[0x28], /root/.config/QQ/nt_qq/global/nt_data/mmkv/nt_mmkv_o3
10-05 07:22:01.689 I/AstrBotEngine: [NAPCAT] [I] <MemoryFile.cpp:98::open> open fd[0x29], /root/.config/QQ/nt_qq/global/nt_data/mmkv/nt_mmkv_o3.crc
10-05 07:22:01.717 I/AstrBotEngine: [NAPCAT] [I] <MMKV_IO.cpp:213::loadMetaInfoAndCheck> meta file [nt_mmkv_o3] has flag [0]
10-05 07:22:01.742 I/AstrBotEngine: [NAPCAT] [I] <MMKV_IO.cpp:87::loadFromFile> loading [nt_mmkv_o3] with 111 actual size, file size 4096, InterProcess 1, meta info version:4
10-05 07:22:01.772 I/AstrBotEngine: [NAPCAT] [I] <MMKV_IO.cpp:92::loadFromFile> loading [nt_mmkv_o3] with crc 3792612646 sequence 1 version 4
10-05 07:22:01.801 I/AstrBotEngine: [NAPCAT] [I] <MMKV_IO.cpp:136::loadFromFile> loaded [nt_mmkv_o3] with 2 key-values
10-05 07:22:01.819 I/AstrBotEngine: [NAPCAT] 10-05 07:21:59 [error] [NapCat] [UtilityProcess] Worker进程退出，退出码: 11
10-05 07:22:01.847 I/AstrBotEngine: [NAPCAT] 10-05 07:21:59 [warn] [NapCat] [UtilityProcess] Worker进程意外退出 (1/3)，正在尝试重新拉起...
10-05 07:22:01.890 I/AstrBotEngine: [NAPCAT] [launcher] loadNapCat.js generated in current directory
10-05 07:22:01.915 I/AstrBotEngine: [NAPCAT] [19649:1005/072200.164730:ERROR:base/files/file_path_watcher_inotify.cc:923] Failed to read /proc/sys/fs/inotify/max_user_watches
10-05 07:22:01.940 I/AstrBotEngine: [NAPCAT] [19649:1005/072200.165723:ERROR:net/base/address_tracker_linux.cc:242] Could not bind NETLINK socket: Permission denied (13)
10-05 07:22:01.962 I/AstrBotEngine: [NAPCAT] NapCat Shell App Loading...
10-05 07:22:01.985 I/AstrBotEngine: [NAPCAT] [launcher] intercepted package.json: /opt/QQ/resources/app/package.json, replacing content
10-05 07:22:02.002 I/AstrBotEngine: [NAPCAT] [launcher] Generated relative path: ../../../../root
10-05 07:22:02.021 I/AstrBotEngine: [NAPCAT] [launcher] New main field: "main": "../../../../root/loadNapCat.js"
10-05 07:22:02.044 I/AstrBotEngine: [NAPCAT] [launcher] package.json content: {
10-05 07:22:02.060 I/AstrBotEngine: [NAPCAT]   "name": "QQ",
10-05 07:22:02.084 I/AstrBotEngine: [NAPCAT]   "version": "3.2.33-52892",
10-05 07:22:02.116 I/AstrBotEngine: [NAPCAT]   "private": true,
10-05 07:22:02.152 I/AstrBotEngine: [NAPCAT]   "description": "QQ",
10-05 07:22:02.180 I/AstrBotEngine: [NAPCAT]   "productName": "QQ",
10-05 07:22:02.201 I/AstrBotEngine: [NAPCAT]   "author": {
10-05 07:22:02.216 I/AstrBotEngine: [NAPCAT]     "name": "Tencent",
10-05 07:22:02.237 I/AstrBotEngine: [NAPCAT]     "email": "QQ-Team@tencent.com"
10-05 07:22:02.257 I/AstrBotEngine: [NAPCAT]   },
10-05 07:22:02.272 I/AstrBotEngine: [NAPCAT]   "homepage": "https://im.qq.com",
10-05 07:22:02.295 I/AstrBotEngine: [NAPCAT]   "sideEffects": true,
10-05 07:22:02.314 I/AstrBotEngine: [NAPCAT]   "bin": {
10-05 07:22:02.334 I/AstrBotEngine: [NAPCAT]     "qd": "externals/devtools/cli/index.js"
10-05 07:22:02.349 I/AstrBotEngine: [NAPCAT]   },
10-05 07:22:02.364 I/AstrBotEngine: [NAPCAT]   "appid": {
10-05 07:22:02.381 I/AstrBotEngine: [NAPCAT]     "win32": "537382716",
10-05 07:22:02.394 I/AstrBotEngine: [NAPCAT]     "darwin": "537382742",
10-05 07:22:02.412 I/AstrBotEngine: [NAPCAT]     "linux": "537382753",
10-05 07:22:02.426 I/AstrBotEngine: [NAPCAT]     "ohos": "5373141859"
10-05 07:22:02.449 I/AstrBotEngine: [NAPCAT]   },
10-05 07:22:02.469 I/AstrBotEngine: [NAPCAT]   "main": "../../../../root/loadNapCat.js",
10-05 07:22:02.490 I/AstrBotEngine: [NAPCAT]   "peerDependenciesMeta": {
10-05 07:22:02.507 I/AstrBotEngine: [NAPCAT]     "*": {
10-05 07:22:02.524 I/AstrBotEngine: [NAPCAT]       "optional": true
10-05 07:22:02.540 I/AstrBotEngine: [NAPCAT]     }
10-05 07:22:02.553 I/AstrBotEngine: [NAPCAT]   },
10-05 07:22:02.573 I/AstrBotEngine: [NAPCAT]   "pnpm": {
10-05 07:22:02.585 I/AstrBotEngine: [NAPCAT]     "patchedDependencies": {
10-05 07:22:02.609 I/AstrBotEngine: [NAPCAT]       "@vue/runtime-dom@3.5.12": "patches/@vue__runtime-dom@3.5.12.patch",
10-05 07:22:02.624 I/AstrBotEngine: [NAPCAT]       "@swc/helpers@0.5.3": "patches/@swc__helpers@0.5.3.patch",
10-05 07:22:02.647 I/AstrBotEngine: [NAPCAT]       "vuex@4.1.0": "patches/vuex@4.1.0.patch",
10-05 07:22:02.658 I/AstrBotEngine: [NAPCAT]       "typescript-parser@2.6.1": "patches/typescript-parser@2.6.1.patch",
10-05 07:22:02.675 I/AstrBotEngine: [NAPCAT]       "@tencent/qqplay-downloadsdk": "patches/@tencent__qqplay-downloadsdk.patch",
10-05 07:22:02.694 I/AstrBotEngine: [NAPCAT]       "@tencent/universal-report@4.5.4": "patches/@tencent__universal-report@4.5.4.patch",
10-05 07:22:02.712 I/AstrBotEngine: [NAPCAT]       "typescript@7.0.2": "patches/typescript@7.0.2.patch"
10-05 07:22:02.723 I/AstrBotEngine: [NAPCAT]     },
10-05 07:22:02.744 I/AstrBotEngine: [NAPCAT]     "packageExtensions": {
10-05 07:22:02.758 I/AstrBotEngine: [NAPCAT]       "qute": {
10-05 07:22:02.775 I/AstrBotEngine: [NAPCAT]         "dependencies": {},
10-05 07:22:02.788 I/AstrBotEngine: [NAPCAT]         "devDependencies": {}
10-05 07:22:02.803 I/AstrBotEngine: [NAPCAT]       }
10-05 07:22:02.821 I/AstrBotEngine: [NAPCAT]     },
10-05 07:22:02.839 I/AstrBotEngine: [NAPCAT]     "overrides": {
10-05 07:22:02.852 I/AstrBotEngine: [NAPCAT]       "@types/react": "-",
10-05 07:22:02.885 I/AstrBotEngine: [NAPCAT]       "@types/react-dom": "-",
10-05 07:22:02.912 I/AstrBotEngine: [NAPCAT]       "@tencent/yuanbao-react-markdown>@types/hast": "-",
10-05 07:22:02.948 I/AstrBotEngine: [NAPCAT]       "@tencent/yuanbao-react-markdown>devlop": "-",
10-05 07:22:02.973 I/AstrBotEngine: [NAPCAT]       "@tencent/yuanbao-react-markdown>hast-util-to-jsx-runtime": "-",
10-05 07:22:02.998 I/AstrBotEngine: [NAPCAT]       "@tencent/yuanbao-react-markdown>html-url-attributes": "-",
10-05 07:22:03.022 I/AstrBotEngine: [NAPCAT]       "@tencent/yuanbao-react-markdown>mdast-util-to-hast": "-",
10-05 07:22:03.048 I/AstrBotEngine: [NAPCAT]       "@tencent/yuanbao-react-markdown>rehype-parse": "-",
10-05 07:22:03.079 I/AstrBotEngine: [NAPCAT]       "@tencent/yuanbao-react-markdown>rehype-stringify": "-",
10-05 07:22:03.108 I/AstrBotEngine: [NAPCAT]       "@tencent/yuanbao-react-markdown>remark-parse": "-",
10-05 07:22:03.126 I/AstrBotEngine: [NAPCAT]       "@tencent/yuanbao-react-markdown>remark-rehype": "-",
10-05 07:22:03.159 I/AstrBotEngine: [NAPCAT]       "@tencent/yuanbao-react-markdown>unified": "-",
10-05 07:22:03.174 I/AstrBotEngine: [NAPCAT]       "@tencent/yuanbao-react-markdown>unist-util-visit": "-",
10-05 07:22:03.205 I/AstrBotEngine: [NAPCAT]       "@tencent/yuanbao-react-markdown>vfile": "-",
10-05 07:22:03.220 I/AstrBotEngine: [NAPCAT]       "@types/d3-dispatch": "3.0.6"
10-05 07:22:03.249 I/AstrBotEngine: [NAPCAT]     }
10-05 07:22:03.282 I/AstrBotEngine: [NAPCAT]   },
10-05 07:22:03.312 I/AstrBotEngine: [NAPCAT]   "buildVersion": "52892",
10-05 07:22:03.338 I/AstrBotEngine: [NAPCAT]   "platform": "linux",
10-05 07:22:03.366 I/AstrBotEngine: [NAPCAT]   "eleArch": "arm64",
10-05 07:22:03.384 I/AstrBotEngine: [NAPCAT]   "linuxFormat": "deb"
10-05 07:22:03.417 I/AstrBotEngine: [NAPCAT] }
10-05 07:22:03.432 I/AstrBotEngine: [NAPCAT] prepare write and writev hooks
10-05 07:22:03.451 I/AstrBotEngine: [NAPCAT] 10-05 07:22:01 [info] [PacketHandler] 加载成功
10-05 07:22:03.463 I/AstrBotEngine: [NAPCAT] 10-05 07:22:01 [info] [Napi2NativeLoader] 加载成功
10-05 07:22:03.486 I/AstrBotEngine: [NAPCAT] 10-05 07:22:01 [info] [FFmpeg] 检查 Native Addon 可用性...
10-05 07:22:03.510 I/AstrBotEngine: [NAPCAT] 10-05 07:22:01 [info] [FFmpeg] ✓ 使用 Native Addon 适配器
10-05 07:22:03.525 I/AstrBotEngine: [NAPCAT] 10-05 07:22:01 [info] [PacketHandler] 初始化成功
10-05 07:22:03.545 I/AstrBotEngine: [NAPCAT] 10-05 07:22:01 [info] [NapCat] [Core] NapCat.Core Version: 4.18.29
10-05 07:22:03.564 I/AstrBotEngine: [NAPCAT] [I] <MMKV_IO.cpp:213::loadMetaInfoAndCheck> meta file [nt_mmkv_global_misc] has flag [0]
10-05 07:22:03.579 I/AstrBotEngine: [NAPCAT] [I] <MMKV_IO.cpp:87::loadFromFile> loading [nt_mmkv_global_misc] with 77 actual size, file size 4096, InterProcess 1, meta info version:4
10-05 07:22:03.591 I/AstrBotEngine: [NAPCAT] [I] <MMKV.cpp:233::initializeMMKV> root dir: /root/.config/QQ/nt_qq/global/nt_data/mmkv
10-05 07:22:03.606 I/AstrBotEngine: [NAPCAT] [I] <MMKV_IO.cpp:92::loadFromFile> loading [nt_mmkv_global_misc] with crc 1813886533 sequence 1 version 4
10-05 07:22:03.616 I/AstrBotEngine: [NAPCAT] [I] <MMKV_IO.cpp:136::loadFromFile> loaded [nt_mmkv_global_misc] with 2 key-values
10-05 07:22:03.630 I/AstrBotEngine: [NAPCAT] [I] <MemoryFile.cpp:98::open> open fd[0x25], /root/.config/QQ/nt_qq/global/nt_data/mmkv/nt_mmkv_o3
10-05 07:22:03.644 I/AstrBotEngine: [NAPCAT] [I] <MemoryFile.cpp:98::open> open fd[0x29], /root/.config/QQ/nt_qq/global/nt_data/mmkv/nt_mmkv_o3.crc
10-05 07:22:03.657 I/AstrBotEngine: [NAPCAT] [I] <MMKV_IO.cpp:213::loadMetaInfoAndCheck> meta file [nt_mmkv_o3] has flag [0]
10-05 07:22:03.667 I/AstrBotEngine: [NAPCAT] [I] <MMKV_IO.cpp:87::loadFromFile> loading [nt_mmkv_o3] with 111 actual size, file size 4096, InterProcess 1, meta info version:4
10-05 07:22:03.681 I/AstrBotEngine: [NAPCAT] [I] <MMKV_IO.cpp:92::loadFromFile> loading [nt_mmkv_o3] with crc 3792612646 sequence 1 version 4
10-05 07:22:03.695 I/AstrBotEngine: [NAPCAT] [I] <MMKV_IO.cpp:136::loadFromFile> loaded [nt_mmkv_o3] with 2 key-values
10-05 07:22:03.706 I/AstrBotEngine: [NAPCAT] 10-05 07:22:01 [error] [NapCat] [UtilityProcess] Worker进程退出，退出码: 11
10-05 07:22:03.717 I/AstrBotEngine: [NAPCAT] 10-05 07:22:01 [warn] [NapCat] [UtilityProcess] Worker进程意外退出 (2/3)，正在尝试重新拉起...
10-05 07:22:03.728 I/AstrBotEngine: [NAPCAT] [launcher] loadNapCat.js generated in current directory
10-05 07:22:03.739 I/AstrBotEngine: [NAPCAT] [20074:1005/072201.741619:ERROR:base/files/file_path_watcher_inotify.cc:923] Failed to read /proc/sys/fs/inotify/max_user_watches
10-05 07:22:03.749 I/AstrBotEngine: [NAPCAT] [20074:1005/072201.742368:ERROR:net/base/address_tracker_linux.cc:242] Could not bind NETLINK socket: Permission denied (13)
10-05 07:22:03.762 I/AstrBotEngine: [NAPCAT] NapCat Shell App Loading...
10-05 07:22:03.781 I/AstrBotEngine: [NAPCAT] [launcher] intercepted package.json: /opt/QQ/resources/app/package.json, replacing content
10-05 07:22:03.790 I/AstrBotEngine: [NAPCAT] [launcher] Generated relative path: ../../../../root
10-05 07:22:03.803 I/AstrBotEngine: [NAPCAT] [launcher] New main field: "main": "../../../../root/loadNapCat.js"
10-05 07:22:03.818 I/AstrBotEngine: [NAPCAT] [launcher] package.json content: {
10-05 07:22:03.828 I/AstrBotEngine: [NAPCAT]   "name": "QQ",
10-05 07:22:03.841 I/AstrBotEngine: [NAPCAT]   "version": "3.2.33-52892",
10-05 07:22:03.851 I/AstrBotEngine: [NAPCAT]   "private": true,
10-05 07:22:03.867 I/AstrBotEngine: [NAPCAT]   "description": "QQ",
10-05 07:22:03.876 I/AstrBotEngine: [NAPCAT]   "productName": "QQ",
10-05 07:22:03.887 I/AstrBotEngine: [NAPCAT]   "author": {
10-05 07:22:03.898 I/AstrBotEngine: [NAPCAT]     "name": "Tencent",
10-05 07:22:03.915 I/AstrBotEngine: [NAPCAT]     "email": "QQ-Team@tencent.com"
10-05 07:22:03.928 I/AstrBotEngine: [NAPCAT]   },
10-05 07:22:03.944 I/AstrBotEngine: [NAPCAT]   "homepage": "https://im.qq.com",
10-05 07:22:03.957 I/AstrBotEngine: [NAPCAT]   "sideEffects": true,
10-05 07:22:03.967 I/AstrBotEngine: [NAPCAT]   "bin": {
10-05 07:22:03.978 I/AstrBotEngine: [NAPCAT]     "qd": "externals/devtools/cli/index.js"
10-05 07:22:03.988 I/AstrBotEngine: [NAPCAT]   },
10-05 07:22:04.000 I/AstrBotEngine: [NAPCAT]   "appid": {
10-05 07:22:04.011 I/AstrBotEngine: [NAPCAT]     "win32": "537382716",
10-05 07:22:04.024 I/AstrBotEngine: [NAPCAT]     "darwin": "537382742",
10-05 07:22:04.033 I/AstrBotEngine: [NAPCAT]     "linux": "537382753",
10-05 07:22:04.046 I/AstrBotEngine: [NAPCAT]     "ohos": "5373141859"
10-05 07:22:04.056 I/AstrBotEngine: [NAPCAT]   },
10-05 07:22:04.070 I/AstrBotEngine: [NAPCAT]   "main": "../../../../root/loadNapCat.js",
10-05 07:22:04.080 I/AstrBotEngine: [NAPCAT]   "peerDependenciesMeta": {
10-05 07:22:04.092 I/AstrBotEngine: [NAPCAT]     "*": {
10-05 07:22:04.107 I/AstrBotEngine: [NAPCAT]       "optional": true
10-05 07:22:04.117 I/AstrBotEngine: [NAPCAT]     }
10-05 07:22:04.130 I/AstrBotEngine: [NAPCAT]   },
10-05 07:22:04.140 I/AstrBotEngine: [NAPCAT]   "pnpm": {
10-05 07:22:04.155 I/AstrBotEngine: [NAPCAT]     "patchedDependencies": {
10-05 07:22:04.168 I/AstrBotEngine: [NAPCAT]       "@vue/runtime-dom@3.5.12": "patches/@vue__runtime-dom@3.5.12.patch",
10-05 07:22:04.183 I/AstrBotEngine: [NAPCAT]       "@swc/helpers@0.5.3": "patches/@swc__helpers@0.5.3.patch",
10-05 07:22:04.199 I/AstrBotEngine: [NAPCAT]       "vuex@4.1.0": "patches/vuex@4.1.0.patch",
10-05 07:22:04.215 I/AstrBotEngine: [NAPCAT]       "typescript-parser@2.6.1": "patches/typescript-parser@2.6.1.patch",
10-05 07:22:04.232 I/AstrBotEngine: [NAPCAT]       "@tencent/qqplay-downloadsdk": "patches/@tencent__qqplay-downloadsdk.patch",
10-05 07:22:04.244 I/AstrBotEngine: [NAPCAT]       "@tencent/universal-report@4.5.4": "patches/@tencent__universal-report@4.5.4.patch",
10-05 07:22:04.258 I/AstrBotEngine: [NAPCAT]       "typescript@7.0.2": "patches/typescript@7.0.2.patch"
10-05 07:22:04.276 I/AstrBotEngine: [NAPCAT]     },
10-05 07:22:04.292 I/AstrBotEngine: [NAPCAT]     "packageExtensions": {
10-05 07:22:04.308 I/AstrBotEngine: [NAPCAT]       "qute": {
10-05 07:22:04.325 I/AstrBotEngine: [NAPCAT]         "dependencies": {},
10-05 07:22:04.336 I/AstrBotEngine: [NAPCAT]         "devDependencies": {}
10-05 07:22:04.352 I/AstrBotEngine: [NAPCAT]       }
10-05 07:22:04.365 I/AstrBotEngine: [NAPCAT]     },
10-05 07:22:04.381 I/AstrBotEngine: [NAPCAT]     "overrides": {
10-05 07:22:04.394 I/AstrBotEngine: [NAPCAT]       "@types/react": "-",
10-05 07:22:04.405 I/AstrBotEngine: [NAPCAT]       "@types/react-dom": "-",
10-05 07:22:04.419 I/AstrBotEngine: [NAPCAT]       "@tencent/yuanbao-react-markdown>@types/hast": "-",
10-05 07:22:04.432 I/AstrBotEngine: [NAPCAT]       "@tencent/yuanbao-react-markdown>devlop": "-",
10-05 07:22:04.447 I/AstrBotEngine: [NAPCAT]       "@tencent/yuanbao-react-markdown>hast-util-to-jsx-runtime": "-",
10-05 07:22:04.459 I/AstrBotEngine: [NAPCAT]       "@tencent/yuanbao-react-markdown>html-url-attributes": "-",
10-05 07:22:04.472 I/AstrBotEngine: [NAPCAT]       "@tencent/yuanbao-react-markdown>mdast-util-to-hast": "-",
10-05 07:22:04.487 I/AstrBotEngine: [NAPCAT]       "@tencent/yuanbao-react-markdown>rehype-parse": "-",
10-05 07:22:04.499 I/AstrBotEngine: [NAPCAT]       "@tencent/yuanbao-react-markdown>rehype-stringify": "-",
10-05 07:22:04.518 I/AstrBotEngine: [NAPCAT]       "@tencent/yuanbao-react-markdown>remark-parse": "-",
10-05 07:22:04.528 I/AstrBotEngine: [NAPCAT]       "@tencent/yuanbao-react-markdown>remark-rehype": "-",
10-05 07:22:04.545 I/AstrBotEngine: [NAPCAT]       "@tencent/yuanbao-react-markdown>unified": "-",
10-05 07:22:04.556 I/AstrBotEngine: [NAPCAT]       "@tencent/yuanbao-react-markdown>unist-util-visit": "-",
10-05 07:22:04.575 I/AstrBotEngine: [NAPCAT]       "@tencent/yuanbao-react-markdown>vfile": "-",
10-05 07:22:04.585 I/AstrBotEngine: [NAPCAT]       "@types/d3-dispatch": "3.0.6"
10-05 07:22:04.599 I/AstrBotEngine: [NAPCAT]     }
10-05 07:22:04.617 I/AstrBotEngine: [NAPCAT]   },
10-05 07:22:04.633 I/AstrBotEngine: [NAPCAT]   "buildVersion": "52892",
10-05 07:22:04.647 I/AstrBotEngine: [NAPCAT]   "platform": "linux",
10-05 07:22:04.664 I/AstrBotEngine: [NAPCAT]   "eleArch": "arm64",
10-05 07:22:04.678 I/AstrBotEngine: [NAPCAT]   "linuxFormat": "deb"
10-05 07:22:04.689 I/AstrBotEngine: [NAPCAT] }
10-05 07:22:04.704 I/AstrBotEngine: [NAPCAT] prepare write and writev hooks
10-05 07:22:04.716 I/AstrBotEngine: [NAPCAT] 10-05 07:22:03 [info] [PacketHandler] 加载成功
10-05 07:22:04.729 I/AstrBotEngine: [NAPCAT] 10-05 07:22:03 [info] [Napi2NativeLoader] 加载成功
10-05 07:22:04.742 I/AstrBotEngine: [NAPCAT] 10-05 07:22:03 [info] [FFmpeg] 检查 Native Addon 可用性...
10-05 07:22:04.755 I/AstrBotEngine: [NAPCAT] 10-05 07:22:03 [info] [FFmpeg] ✓ 使用 Native Addon 适配器
10-05 07:22:04.769 I/AstrBotEngine: [NAPCAT] 10-05 07:22:03 [info] [PacketHandler] 初始化成功
10-05 07:22:04.779 I/AstrBotEngine: [NAPCAT] 10-05 07:22:03 [info] [NapCat] [Core] NapCat.Core Version: 4.18.29
10-05 07:22:04.795 I/AstrBotEngine: [NAPCAT] [I] <MemoryFile.cpp:98::open> open fd[0x27], /root/.config/QQ/nt_qq/global/nt_data/mmkv/nt_mmkv_global_misc
10-05 07:22:04.810 I/AstrBotEngine: [NAPCAT] [I] <MemoryFile.cpp:98::open> open fd[0x28], /root/.config/QQ/nt_qq/global/nt_data/mmkv/nt_mmkv_global_misc.crc
10-05 07:22:04.827 I/AstrBotEngine: [NAPCAT] [I] <MMKV_IO.cpp:213::loadMetaInfoAndCheck> meta file [nt_mmkv_global_misc] has flag [0]
10-05 07:22:04.839 I/AstrBotEngine: [NAPCAT] [I] <MMKV_IO.cpp:87::loadFromFile> loading [nt_mmkv_global_misc] with 77 actual size, file size 4096, InterProcess 1, meta info version:4
10-05 07:22:04.852 I/AstrBotEngine: [NAPCAT] [I] <MMKV_IO.cpp:92::loadFromFile> loading [nt_mmkv_global_misc] with crc 1813886533 sequence 1 version 4
10-05 07:22:04.866 I/AstrBotEngine: [NAPCAT] [I] <MMKV_IO.cpp:136::loadFromFile> loaded [nt_mmkv_global_misc] with 2 key-values
10-05 07:22:04.880 I/AstrBotEngine: [NAPCAT] [I] <MMKV.cpp:233::initializeMMKV> root dir: /root/.config/QQ/nt_qq/global/nt_data/mmkv
10-05 07:22:04.892 I/AstrBotEngine: [NAPCAT] [I] <MemoryFile.cpp:98::open> open fd[0x26], /root/.config/QQ/nt_qq/global/nt_data/mmkv/nt_mmkv_o3
10-05 07:22:04.911 I/AstrBotEngine: [NAPCAT] [I] <MemoryFile.cpp:98::open> open fd[0x29], /root/.config/QQ/nt_qq/global/nt_data/mmkv/nt_mmkv_o3.crc
10-05 07:22:04.926 I/AstrBotEngine: [NAPCAT] [I] <MMKV_IO.cpp:213::loadMetaInfoAndCheck> meta file [nt_mmkv_o3] has flag [0]
10-05 07:22:04.938 I/AstrBotEngine: [NAPCAT] [I] <MMKV_IO.cpp:87::loadFromFile> loading [nt_mmkv_o3] with 111 actual size, file size 4096, InterProcess 1, meta info version:4
10-05 07:22:04.951 I/AstrBotEngine: [NAPCAT] [I] <MMKV_IO.cpp:92::loadFromFile> loading [nt_mmkv_o3] with crc 3792612646 sequence 1 version 4
10-05 07:22:04.964 I/AstrBotEngine: [NAPCAT] [I] <MMKV_IO.cpp:136::loadFromFile> loaded [nt_mmkv_o3] with 2 key-values
10-05 07:22:04.976 I/AstrBotEngine: [NAPCAT] 10-05 07:22:03 [error] [NapCat] [UtilityProcess] Worker进程退出，退出码: 11
10-05 07:22:04.992 I/AstrBotEngine: [NAPCAT] 10-05 07:22:03 [error] [NapCat] [UtilityProcess] Worker进程在 10 秒内异常退出 3 次，主进程退出
10-05 07:22:05.008 I/AstrBotEngine: [NAPCAT] 10-05 07:22:03 [warn] [NapCat] [UtilityProcess] Worker进程意外退出 (3/3)，正在尝试重新拉起...
10-05 07:22:05.018 I/AstrBotEngine: [NAPCAT] [launcher] loadNapCat.js generated in current directory
10-05 07:22:06.355 I/AstrBotEngine: [AstrBot Android] 检测到 QQ 内部组件异常退出——看门狗将在约 5 分钟内自动清理并重启（登录态不丢，无需重新扫码）
10-05 07:22:21.457 I/AstrBotEngine: [AstrBot Android] NapCat 启动中…（已等待 30 秒，QQ 首次引导较慢）
10-05 07:22:51.639 I/AstrBotEngine: [AstrBot Android] NapCat 启动中…（已等待 60 秒，QQ 首次引导较慢）
10-05 07:23:21.861 I/AstrBotEngine: [AstrBot Android] NapCat 启动中…（已等待 90 秒，QQ 首次引导较慢）
10-05 07:23:52.060 I/AstrBotEngine: [AstrBot Android] NapCat 启动中…（已等待 120 秒，QQ 首次引导较慢）
10-05 07:24:22.311 I/AstrBotEngine: [AstrBot Android] NapCat 启动中…（已等待 150 秒，QQ 首次引导较慢）
10-05 07:24:52.570 I/AstrBotEngine: [AstrBot Android] NapCat 启动中…（已等待 180 秒，QQ 首次引导较慢）
10-05 07:25:22.826 I/AstrBotEngine: [AstrBot Android] NapCat 启动中…（已等待 210 秒，QQ 首次引导较慢）
10-05 07:25:53.029 I/AstrBotEngine: [AstrBot Android] NapCat 启动中…（已等待 240 秒，QQ 首次引导较慢）
10-05 07:26:23.263 I/AstrBotEngine: [AstrBot Android] NapCat 启动中…（已等待 270 秒，QQ 首次引导较慢）
10-05 07:26:53.413 I/AstrBotEngine: [AstrBot Android] NapCat 启动中…（已等待 300 秒，QQ 首次引导较慢）
10-05 07:26:58.444 I/AstrBotEngine: [AstrBot Android] NapCat 仍在启动（QQ 未登录时端口不会开启；可开 WebUI :5099 扫码，App 会持续自动检测）
10-05 07:26:58.468 I/AstrBotEngine: [31m- NapCat 运行中（仅 NapCat 模式）[0m
10-05 07:28:32.033 I/AstrBotEngine: 引擎输出读取结束（主动停止）

===== BandQQ 2.25.1(vc67) 会话开始 10-05 16:11:52.556 =====
10-05 16:11:52.554 I/FileLogger: 设备: Xiaomi 22041216C (xaga)
10-05 16:11:52.555 I/FileLogger: 系统: Android 15 (SDK 35) HyperOS OS2.0
10-05 16:11:52.555 I/FileLogger: 应用: BandQQ 2.25.1(vc67)  日志目录: /storage/emulated/0/Android/data/io.github.gsjsjzhznsz.bandqq/files/logs
10-05 16:11:52.555 W/FileLogger: 小米运动健康: 未安装（互联通道必需，未安装则发现不了手环节点）
10-05 16:11:52.556 I/FileLogger: 权限-蓝牙连接: 已授权
10-05 16:11:52.556 I/FileLogger: 权限-通知: 已授权
10-05 16:11:52.557 I/FileLogger: 电池优化白名单: 未加入
10-05 16:11:52.557 I/FileLogger: 无障碍保活: 未开启
10-05 16:11:52.557 I/FileLogger: 提示: 运动健康「设备授权管理」条目在 APP 发起 DEVICE_MANAGER 授权请求后才生成，开启同步服务并连接一次即会触发
10-05 16:12:00.968 I/AstrBotEngine: 启动脚本已与 APK 资产对齐（v2.18 每次启动强制刷新）
10-05 16:12:00.971 I/AstrBotEngine: AstrBot 机器人开关已关闭：本次仅启动 NapCat（手环 QQ 直连），不安装/启动 AstrBot
10-05 16:12:00.972 I/AstrBotEngine: 拉起容器（proot → astrbot-startup.sh）…
10-05 16:12:01.113 I/AstrBotEngine: [AstrBot Android] resolv.conf 已重写（原: nameserver 8.8.8.8 → 公共解析器x4）
10-05 16:12:16.757 I/AstrBotEngine: 引擎输出读取结束（主动停止）
10-05 16:12:20.892 I/AstrBotEngine: 引擎已停止
10-05 16:12:21.937 I/AstrBotEngine: 启动脚本已与 APK 资产对齐（v2.18 每次启动强制刷新）
10-05 16:12:21.949 I/AstrBotEngine: AstrBot 机器人开关已关闭：本次仅启动 NapCat（手环 QQ 直连），不安装/启动 AstrBot
10-05 16:12:21.952 I/AstrBotEngine: 拉起容器（proot → astrbot-startup.sh）…
10-05 16:12:22.140 I/AstrBotEngine: [AstrBot Android] resolv.conf 已重写（原: nameserver 10.144.148.129 → 公共解析器x4）
10-05 16:12:22.249 I/AstrBotEngine: [AstrBot Android] DNS 自检通过（getent 解析正常）
10-05 16:12:22.251 I/AstrBotEngine: [STAGE:5:仅 NapCat 模式（AstrBot 机器人开关已关闭）]
10-05 16:12:22.252 I/AstrBotEngine: [31m- 仅 NapCat 模式（AstrBot 机器人开关已关闭）[0m
10-05 16:12:22.735 I/AstrBotEngine: [AstrBot Android] 反检测自动开启失败（node 不可用），请手动开启：打开 NapCat WebUI :5099 → 反检测开关配置 → 全部开关打开并保存
10-05 16:12:23.035 I/AstrBotEngine: [AstrBot Android] 反检测自动开启失败（node 不可用），请手动开启：打开 NapCat WebUI :5099 → 反检测开关配置 → 全部开关打开并保存
10-05 16:12:23.060 I/AstrBotEngine: [AstrBot Android] 检测到上次 NapCat 异常退出，清理缓存与残锁后重启（登录态不受影响）
10-05 16:12:23.185 I/AstrBotEngine: [STAGE:90:启动 NapCat（首次需扫码登录 QQ，Token 在 App「密码与登录」卡复制）]
10-05 16:12:23.186 I/AstrBotEngine: [31m- 启动 NapCat（首次需扫码登录 QQ，Token 在 App「密码与登录」卡复制）[0m
10-05 16:12:23.187 I/AstrBotEngine: [31m- NapCat 启动中[0m
10-05 16:12:23.390 I/AstrBotEngine: [AstrBot Android] NapCat 已后台拉起（控制台: /root/napcat/napcat-console.log）
10-05 16:12:23.422 I/AstrBotEngine: [AstrBot Android] QQ 登录完成后 OneBot :3001/:3000 自动可用；未登录时打开 WebUI :5099 扫码
10-05 16:12:23.423 I/AstrBotEngine: [AstrBot Android] NapCat 看门狗已启动（5 分钟巡检：进程保活 + 崩溃自愈清理 + 登录后配置自动升级重启）
10-05 16:12:23.424 I/AstrBotEngine: [STAGE:92:NapCat 启动中（QQ 引导完成后 :3001/:3000 生效；AstrBot 已按开关关闭）]
10-05 16:12:23.424 I/AstrBotEngine: [31m- NapCat 启动中（QQ 引导完成后 :3001/:3000 生效；AstrBot 已按开关关闭）[0m
10-05 16:12:24.208 I/AstrBotEngine: [NAPCAT] [launcher] loadNapCat.js generated in current directory
10-05 16:12:24.249 I/AstrBotEngine: [NAPCAT] not mini app. 
10-05 16:12:24.409 I/AstrBotEngine: [NAPCAT] [launcher] loadNapCat.js generated in current directory
10-05 16:12:24.443 I/AstrBotEngine: [NAPCAT] [preload] succeeded. /opt/QQ/resources/app/major.node
10-05 16:12:24.464 I/AstrBotEngine: [NAPCAT] [launcher] loadNapCat.js generated in current directory
10-05 16:12:24.489 I/AstrBotEngine: [NAPCAT] [preload] succeeded. /opt/QQ/resources/app/major.node
10-05 16:12:24.521 I/AstrBotEngine: [NAPCAT] [8716:1005/161224.402525:ERROR:base/files/file_path_watcher_inotify.cc:923] Failed to read /proc/sys/fs/inotify/max_user_watches
10-05 16:12:24.540 I/AstrBotEngine: [NAPCAT] [8715:1005/161224.404258:ERROR:base/files/file_path_watcher_inotify.cc:923] Failed to read /proc/sys/fs/inotify/max_user_watches
10-05 16:12:24.572 I/AstrBotEngine: [NAPCAT] [8645:1005/161224.448162:ERROR:dbus/bus.cc:406] Failed to connect to the bus: Failed to connect to socket /run/dbus/system_bus_socket: No such file or directory
10-05 16:12:24.787 I/AstrBotEngine: [NAPCAT] resourcesPath: /opt/QQ/resources
10-05 16:12:24.867 I/AstrBotEngine: [NAPCAT] [launcher] intercepted package.json: /opt/QQ/resources/app/package.json, replacing content
10-05 16:12:24.895 I/AstrBotEngine: [NAPCAT] [launcher] Generated relative path: ../../../../root
10-05 16:12:24.954 I/AstrBotEngine: [NAPCAT] [launcher] New main field: "main": "../../../../root/loadNapCat.js"
10-05 16:12:25.157 I/AstrBotEngine: [NAPCAT] [launcher] package.json content: {
10-05 16:12:25.286 I/AstrBotEngine: [NAPCAT]   "name": "QQ",
10-05 16:12:25.372 I/AstrBotEngine: [NAPCAT]   "version": "3.2.33-52892",
10-05 16:12:25.423 I/AstrBotEngine: [NAPCAT]   "private": true,
10-05 16:12:25.464 I/AstrBotEngine: [NAPCAT]   "description": "QQ",
10-05 16:12:25.500 I/AstrBotEngine: [NAPCAT]   "productName": "QQ",
10-05 16:12:25.582 I/AstrBotEngine: [NAPCAT]   "author": {
10-05 16:12:25.626 I/AstrBotEngine: [NAPCAT]     "name": "Tencent",
10-05 16:12:25.662 I/AstrBotEngine: [NAPCAT]     "email": "QQ-Team@tencent.com"
10-05 16:12:25.698 I/AstrBotEngine: [NAPCAT]   },
10-05 16:12:25.740 I/AstrBotEngine: [NAPCAT]   "homepage": "https://im.qq.com",
10-05 16:12:25.788 I/AstrBotEngine: [NAPCAT]   "sideEffects": true,
10-05 16:12:25.828 I/AstrBotEngine: [NAPCAT]   "bin": {
10-05 16:12:25.856 I/AstrBotEngine: [NAPCAT]     "qd": "externals/devtools/cli/index.js"
10-05 16:12:25.895 I/AstrBotEngine: [NAPCAT]   },
10-05 16:12:25.943 I/AstrBotEngine: [NAPCAT]   "appid": {
10-05 16:12:25.999 I/AstrBotEngine: [NAPCAT]     "win32": "537382716",
10-05 16:12:26.036 I/AstrBotEngine: [NAPCAT]     "darwin": "537382742",
10-05 16:12:26.069 I/AstrBotEngine: [NAPCAT]     "linux": "537382753",
10-05 16:12:26.097 I/AstrBotEngine: [NAPCAT]     "ohos": "5373141859"
10-05 16:12:26.120 I/AstrBotEngine: [NAPCAT]   },
10-05 16:12:26.144 I/AstrBotEngine: [NAPCAT]   "main": "../../../../root/loadNapCat.js",
10-05 16:12:26.172 I/AstrBotEngine: [NAPCAT]   "peerDependenciesMeta": {
10-05 16:12:26.204 I/AstrBotEngine: [NAPCAT]     "*": {
10-05 16:12:26.232 I/AstrBotEngine: [NAPCAT]       "optional": true
10-05 16:12:26.274 I/AstrBotEngine: [NAPCAT]     }
10-05 16:12:26.311 I/AstrBotEngine: [NAPCAT]   },
10-05 16:12:26.341 I/AstrBotEngine: [NAPCAT]   "pnpm": {
10-05 16:12:26.359 I/AstrBotEngine: [NAPCAT]     "patchedDependencies": {
10-05 16:12:26.384 I/AstrBotEngine: [NAPCAT]       "@vue/runtime-dom@3.5.12": "patches/@vue__runtime-dom@3.5.12.patch",
10-05 16:12:26.408 I/AstrBotEngine: [NAPCAT]       "@swc/helpers@0.5.3": "patches/@swc__helpers@0.5.3.patch",
10-05 16:12:26.431 I/AstrBotEngine: [NAPCAT]       "vuex@4.1.0": "patches/vuex@4.1.0.patch",
10-05 16:12:26.446 I/AstrBotEngine: [NAPCAT]       "typescript-parser@2.6.1": "patches/typescript-parser@2.6.1.patch",
10-05 16:12:26.496 I/AstrBotEngine: [NAPCAT]       "@tencent/qqplay-downloadsdk": "patches/@tencent__qqplay-downloadsdk.patch",
10-05 16:12:26.511 I/AstrBotEngine: [NAPCAT]       "@tencent/universal-report@4.5.4": "patches/@tencent__universal-report@4.5.4.patch",
10-05 16:12:26.541 I/AstrBotEngine: [NAPCAT]       "typescript@7.0.2": "patches/typescript@7.0.2.patch"
10-05 16:12:26.574 I/AstrBotEngine: [NAPCAT]     },
10-05 16:12:26.600 I/AstrBotEngine: [NAPCAT]     "packageExtensions": {
10-05 16:12:26.627 I/AstrBotEngine: [NAPCAT]       "qute": {
10-05 16:12:26.643 I/AstrBotEngine: [NAPCAT]         "dependencies": {},
10-05 16:12:26.665 I/AstrBotEngine: [NAPCAT]         "devDependencies": {}
10-05 16:12:26.689 I/AstrBotEngine: [NAPCAT]       }
10-05 16:12:26.714 I/AstrBotEngine: [NAPCAT]     },
10-05 16:12:26.735 I/AstrBotEngine: [NAPCAT]     "overrides": {
10-05 16:12:26.754 I/AstrBotEngine: [NAPCAT]       "@types/react": "-",
10-05 16:12:26.774 I/AstrBotEngine: [NAPCAT]       "@types/react-dom": "-",
10-05 16:12:26.792 I/AstrBotEngine: [NAPCAT]       "@tencent/yuanbao-react-markdown>@types/hast": "-",
10-05 16:12:26.817 I/AstrBotEngine: [NAPCAT]       "@tencent/yuanbao-react-markdown>devlop": "-",
10-05 16:12:26.834 I/AstrBotEngine: [NAPCAT]       "@tencent/yuanbao-react-markdown>hast-util-to-jsx-runtime": "-",
10-05 16:12:26.870 I/AstrBotEngine: [NAPCAT]       "@tencent/yuanbao-react-markdown>html-url-attributes": "-",
10-05 16:12:26.918 I/AstrBotEngine: [NAPCAT]       "@tencent/yuanbao-react-markdown>mdast-util-to-hast": "-",
10-05 16:12:27.000 I/AstrBotEngine: [NAPCAT]       "@tencent/yuanbao-react-markdown>rehype-parse": "-",
10-05 16:12:27.035 I/AstrBotEngine: [NAPCAT]       "@tencent/yuanbao-react-markdown>rehype-stringify": "-",
10-05 16:12:27.066 I/AstrBotEngine: [NAPCAT]       "@tencent/yuanbao-react-markdown>remark-parse": "-",
10-05 16:12:27.108 I/AstrBotEngine: [NAPCAT]       "@tencent/yuanbao-react-markdown>remark-rehype": "-",
10-05 16:12:27.160 I/AstrBotEngine: [NAPCAT]       "@tencent/yuanbao-react-markdown>unified": "-",
10-05 16:12:27.219 I/AstrBotEngine: [NAPCAT]       "@tencent/yuanbao-react-markdown>unist-util-visit": "-",
10-05 16:12:27.321 I/AstrBotEngine: [NAPCAT]       "@tencent/yuanbao-react-markdown>vfile": "-",
10-05 16:12:27.376 I/AstrBotEngine: [NAPCAT]       "@types/d3-dispatch": "3.0.6"
10-05 16:12:27.430 I/AstrBotEngine: [NAPCAT]     }
10-05 16:12:27.478 I/AstrBotEngine: [NAPCAT]   },
10-05 16:12:27.520 I/AstrBotEngine: [NAPCAT]   "buildVersion": "52892",
10-05 16:12:27.561 I/AstrBotEngine: [NAPCAT]   "platform": "linux",
10-05 16:12:27.585 I/AstrBotEngine: [NAPCAT]   "eleArch": "arm64",
10-05 16:12:27.618 I/AstrBotEngine: [NAPCAT]   "linuxFormat": "deb"
10-05 16:12:27.644 I/AstrBotEngine: [NAPCAT] }
10-05 16:12:27.674 I/AstrBotEngine: [NAPCAT] [8645:1005/161226.900695:ERROR:base/files/file_path_watcher_inotify.cc:923] Failed to read /proc/sys/fs/inotify/max_user_watches
10-05 16:12:27.701 I/AstrBotEngine: [NAPCAT] [8645:1005/161226.902100:ERROR:dbus/bus.cc:406] Failed to connect to the bus: Could not parse server address: Unknown address type (examples of valid types are 
10-05 16:12:27.725 I/AstrBotEngine: [NAPCAT] [8645:1005/161226.902164:ERROR:dbus/bus.cc:406] Failed to connect to the bus: Could not parse server address: Unknown address type (examples of valid types are 
10-05 16:12:27.748 I/AstrBotEngine: [NAPCAT] [8645:1005/161226.902374:ERROR:net/base/address_tracker_linux.cc:242] Could not bind NETLINK socket: Permission denied (13)
10-05 16:12:27.780 I/AstrBotEngine: [NAPCAT] [8645:1005/161226.904212:ERROR:dbus/bus.cc:406] Failed to connect to the bus: Failed to connect to socket /run/dbus/system_bus_socket: No such file or directory
10-05 16:12:27.815 I/AstrBotEngine: [NAPCAT] [8645:1005/161226.905190:ERROR:dbus/bus.cc:406] Failed to connect to the bus: Failed to connect to socket /run/dbus/system_bus_socket: No such file or directory
10-05 16:12:27.846 I/AstrBotEngine: [NAPCAT] [8645:1005/161226.937256:ERROR:device/udev_linux/udev_watcher.cc:51] Failed to initialize a udev monitor.
10-05 16:12:27.881 I/AstrBotEngine: [NAPCAT] [8645:1005/161226.978786:ERROR:dbus/object_proxy.cc:573] Failed to call method: org.freedesktop.DBus.NameHasOwner: object_path= /org/freedesktop/DBus: unknown e
10-05 16:12:27.906 I/AstrBotEngine: [NAPCAT] [8645:1005/161226.978946:ERROR:dbus/object_proxy.cc:573] Failed to call method: org.freedesktop.DBus.NameHasOwner: object_path= /org/freedesktop/DBus: unknown e
10-05 16:12:27.936 I/AstrBotEngine: [NAPCAT] [8645:1005/161226.980582:ERROR:dbus/bus.cc:406] Failed to connect to the bus: Could not parse server address: Unknown address type (examples of valid types are 
10-05 16:12:27.960 I/AstrBotEngine: [NAPCAT] [8645:1005/161226.980625:ERROR:dbus/bus.cc:406] Failed to connect to the bus: Could not parse server address: Unknown address type (examples of valid types are 
10-05 16:12:27.991 I/AstrBotEngine: [NAPCAT] [8645:1005/161226.980641:ERROR:dbus/object_proxy.cc:573] Failed to call method: org.freedesktop.DBus.NameHasOwner: object_path= /org/freedesktop/DBus: unknown e
10-05 16:12:28.016 I/AstrBotEngine: [NAPCAT] [8645:1005/161226.995319:ERROR:dbus/object_proxy.cc:573] Failed to call method: org.freedesktop.DBus.NameHasOwner: object_path= /org/freedesktop/DBus: unknown e
10-05 16:12:28.043 I/AstrBotEngine: [NAPCAT] [9371:1005/161227.275767:ERROR:base/files/file_path_watcher_inotify.cc:923] Failed to read /proc/sys/fs/inotify/max_user_watches
10-05 16:12:28.062 I/AstrBotEngine: [NAPCAT] [launcher] loadNapCat.js generated in current directory
10-05 16:12:28.092 I/AstrBotEngine: [NAPCAT] [9370:1005/161227.331179:ERROR:base/files/file_path_watcher_inotify.cc:923] Failed to read /proc/sys/fs/inotify/max_user_watches
10-05 16:12:28.120 I/AstrBotEngine: [NAPCAT] [9370:1005/161227.336639:ERROR:net/base/address_tracker_linux.cc:242] Could not bind NETLINK socket: Permission denied (13)
10-05 16:12:28.142 I/AstrBotEngine: [NAPCAT] [9368:1005/161227.722376:ERROR:ui/gl/angle_platform_impl.cc:42] Display.cpp:1097 (initialize): ANGLE Display::initialize error 12289: GLX is not present.
10-05 16:12:28.160 I/AstrBotEngine: [NAPCAT] ERR: Display.cpp:1097 (initialize): ANGLE Display::initialize error 12289: GLX is not present.
10-05 16:12:28.186 I/AstrBotEngine: [NAPCAT] [9368:1005/161227.723747:ERROR:ui/gl/egl_util.cc:92] EGL Driver message (Critical) eglInitialize: GLX is not present.
10-05 16:12:28.210 I/AstrBotEngine: [NAPCAT] [9368:1005/161227.724113:ERROR:ui/gl/gl_display.cc:639] eglInitialize OpenGL failed with error EGL_NOT_INITIALIZED, trying next display type
10-05 16:12:28.235 I/AstrBotEngine: [NAPCAT] [9368:1005/161227.724729:ERROR:ui/gl/angle_platform_impl.cc:42] Display.cpp:1097 (initialize): ANGLE Display::initialize error 12289: GLX is not present.
10-05 16:12:28.259 I/AstrBotEngine: [NAPCAT] ERR: Display.cpp:1097 (initialize): ANGLE Display::initialize error 12289: GLX is not present.
10-05 16:12:28.284 I/AstrBotEngine: [NAPCAT] [9368:1005/161227.724926:ERROR:ui/gl/egl_util.cc:92] EGL Driver message (Critical) eglInitialize: GLX is not present.
10-05 16:12:28.310 I/AstrBotEngine: [NAPCAT] [9368:1005/161227.725132:ERROR:ui/gl/gl_display.cc:639] eglInitialize OpenGLES failed with error EGL_NOT_INITIALIZED
10-05 16:12:28.329 I/AstrBotEngine: [NAPCAT] [9368:1005/161227.726003:ERROR:ui/gl/gl_display.cc:674] Initialization of all EGL display types failed.
10-05 16:12:28.360 I/AstrBotEngine: [NAPCAT] [9368:1005/161227.727668:ERROR:ui/ozone/common/gl_ozone_egl.cc:26] GLDisplayEGL::Initialize failed.
10-05 16:12:28.383 I/AstrBotEngine: [NAPCAT] [9368:1005/161227.939618:ERROR:ui/gl/angle_platform_impl.cc:42] Display.cpp:1097 (initialize): ANGLE Display::initialize error 12289: GLX is not present.
10-05 16:12:28.410 I/AstrBotEngine: [NAPCAT] ERR: Display.cpp:1097 (initialize): ANGLE Display::initialize error 12289: GLX is not present.
10-05 16:12:28.432 I/AstrBotEngine: [NAPCAT] [9368:1005/161227.942117:ERROR:ui/gl/egl_util.cc:92] EGL Driver message (Critical) eglInitialize: GLX is not present.
10-05 16:12:28.453 I/AstrBotEngine: [NAPCAT] [9368:1005/161227.943479:ERROR:ui/gl/gl_display.cc:639] eglInitialize OpenGL failed with error EGL_NOT_INITIALIZED, trying next display type
10-05 16:12:28.478 I/AstrBotEngine: [NAPCAT] [9368:1005/161227.944855:ERROR:ui/gl/angle_platform_impl.cc:42] Display.cpp:1097 (initialize): ANGLE Display::initialize error 12289: GLX is not present.
10-05 16:12:28.507 I/AstrBotEngine: [NAPCAT] ERR: Display.cpp:1097 (initialize): ANGLE Display::initialize error 12289: GLX is not present.
10-05 16:12:28.548 I/AstrBotEngine: [NAPCAT] [9368:1005/161227.945840:ERROR:ui/gl/egl_util.cc:92] EGL Driver message (Critical) eglInitialize: GLX is not present.
10-05 16:12:28.577 I/AstrBotEngine: [NAPCAT] [9368:1005/161227.950046:ERROR:ui/gl/gl_display.cc:639] eglInitialize OpenGLES failed with error EGL_NOT_INITIALIZED
10-05 16:12:28.605 I/AstrBotEngine: [NAPCAT] [9368:1005/161227.951335:ERROR:ui/gl/gl_display.cc:674] Initialization of all EGL display types failed.
10-05 16:12:28.648 I/AstrBotEngine: [NAPCAT] [9368:1005/161227.951588:ERROR:ui/ozone/common/gl_ozone_egl.cc:26] GLDisplayEGL::Initialize failed.
10-05 16:12:28.671 I/AstrBotEngine: [NAPCAT] [9368:1005/161227.961218:ERROR:components/viz/service/main/viz_main_impl.cc:189] Exiting GPU process due to errors during initialization
10-05 16:12:28.958 I/AstrBotEngine: [NAPCAT] NapCat Shell App Loading...
10-05 16:12:28.986 I/AstrBotEngine: [NAPCAT] [launcher] intercepted package.json: /opt/QQ/resources/app/package.json, replacing content
10-05 16:12:29.019 I/AstrBotEngine: [NAPCAT] [launcher] Generated relative path: ../../../../root
10-05 16:12:29.044 I/AstrBotEngine: [NAPCAT] [launcher] New main field: "main": "../../../../root/loadNapCat.js"
10-05 16:12:29.078 I/AstrBotEngine: [NAPCAT] [launcher] package.json content: {
10-05 16:12:29.125 I/AstrBotEngine: [NAPCAT]   "name": "QQ",
10-05 16:12:29.175 I/AstrBotEngine: [NAPCAT]   "version": "3.2.33-52892",
10-05 16:12:29.212 I/AstrBotEngine: [NAPCAT]   "private": true,
10-05 16:12:29.246 I/AstrBotEngine: [NAPCAT]   "description": "QQ",
10-05 16:12:29.296 I/AstrBotEngine: [NAPCAT]   "productName": "QQ",
10-05 16:12:29.348 I/AstrBotEngine: [NAPCAT]   "author": {
10-05 16:12:29.379 I/AstrBotEngine: [NAPCAT]     "name": "Tencent",
10-05 16:12:29.404 I/AstrBotEngine: [NAPCAT]     "email": "QQ-Team@tencent.com"
10-05 16:12:29.435 I/AstrBotEngine: [NAPCAT]   },
10-05 16:12:29.482 I/AstrBotEngine: [NAPCAT]   "homepage": "https://im.qq.com",
10-05 16:12:29.508 I/AstrBotEngine: [NAPCAT]   "sideEffects": true,
10-05 16:12:29.550 I/AstrBotEngine: [NAPCAT]   "bin": {
10-05 16:12:29.570 I/AstrBotEngine: [NAPCAT]     "qd": "externals/devtools/cli/index.js"
10-05 16:12:29.590 I/AstrBotEngine: [NAPCAT]   },
10-05 16:12:29.618 I/AstrBotEngine: [NAPCAT]   "appid": {
10-05 16:12:29.644 I/AstrBotEngine: [NAPCAT]     "win32": "537382716",
10-05 16:12:29.670 I/AstrBotEngine: [NAPCAT]     "darwin": "537382742",
10-05 16:12:29.705 I/AstrBotEngine: [NAPCAT]     "linux": "537382753",
10-05 16:12:29.726 I/AstrBotEngine: [NAPCAT]     "ohos": "5373141859"
10-05 16:12:29.748 I/AstrBotEngine: [NAPCAT]   },
10-05 16:12:29.769 I/AstrBotEngine: [NAPCAT]   "main": "../../../../root/loadNapCat.js",
10-05 16:12:29.790 I/AstrBotEngine: [NAPCAT]   "peerDependenciesMeta": {
10-05 16:12:29.824 I/AstrBotEngine: [NAPCAT]     "*": {
10-05 16:12:29.850 I/AstrBotEngine: [NAPCAT]       "optional": true
10-05 16:12:29.869 I/AstrBotEngine: [NAPCAT]     }
10-05 16:12:29.897 I/AstrBotEngine: [NAPCAT]   },
10-05 16:12:29.925 I/AstrBotEngine: [NAPCAT]   "pnpm": {
10-05 16:12:29.953 I/AstrBotEngine: [NAPCAT]     "patchedDependencies": {
10-05 16:12:29.970 I/AstrBotEngine: [NAPCAT]       "@vue/runtime-dom@3.5.12": "patches/@vue__runtime-dom@3.5.12.patch",
10-05 16:12:30.006 I/AstrBotEngine: [NAPCAT]       "@swc/helpers@0.5.3": "patches/@swc__helpers@0.5.3.patch",
10-05 16:12:30.038 I/AstrBotEngine: [NAPCAT]       "vuex@4.1.0": "patches/vuex@4.1.0.patch",
10-05 16:12:30.074 I/AstrBotEngine: [NAPCAT]       "typescript-parser@2.6.1": "patches/typescript-parser@2.6.1.patch",
10-05 16:12:30.105 I/AstrBotEngine: [NAPCAT]       "@tencent/qqplay-downloadsdk": "patches/@tencent__qqplay-downloadsdk.patch",
10-05 16:12:30.129 I/AstrBotEngine: [NAPCAT]       "@tencent/universal-report@4.5.4": "patches/@tencent__universal-report@4.5.4.patch",
10-05 16:12:30.155 I/AstrBotEngine: [NAPCAT]       "typescript@7.0.2": "patches/typescript@7.0.2.patch"
10-05 16:12:30.184 I/AstrBotEngine: [NAPCAT]     },
10-05 16:12:30.233 I/AstrBotEngine: [NAPCAT]     "packageExtensions": {
10-05 16:12:30.283 I/AstrBotEngine: [NAPCAT]       "qute": {
10-05 16:12:30.306 I/AstrBotEngine: [NAPCAT]         "dependencies": {},
10-05 16:12:30.334 I/AstrBotEngine: [NAPCAT]         "devDependencies": {}
10-05 16:12:30.360 I/AstrBotEngine: [NAPCAT]       }
10-05 16:12:30.389 I/AstrBotEngine: [NAPCAT]     },
10-05 16:12:30.425 I/AstrBotEngine: [NAPCAT]     "overrides": {
10-05 16:12:30.452 I/AstrBotEngine: [NAPCAT]       "@types/react": "-",
10-05 16:12:30.473 I/AstrBotEngine: [NAPCAT]       "@types/react-dom": "-",
10-05 16:12:30.499 I/AstrBotEngine: [NAPCAT]       "@tencent/yuanbao-react-markdown>@types/hast": "-",
10-05 16:12:30.526 I/AstrBotEngine: [NAPCAT]       "@tencent/yuanbao-react-markdown>devlop": "-",
10-05 16:12:30.558 I/AstrBotEngine: [NAPCAT]       "@tencent/yuanbao-react-markdown>hast-util-to-jsx-runtime": "-",
10-05 16:12:30.583 I/AstrBotEngine: [NAPCAT]       "@tencent/yuanbao-react-markdown>html-url-attributes": "-",
10-05 16:12:30.605 I/AstrBotEngine: [NAPCAT]       "@tencent/yuanbao-react-markdown>mdast-util-to-hast": "-",
10-05 16:12:30.633 I/AstrBotEngine: [NAPCAT]       "@tencent/yuanbao-react-markdown>rehype-parse": "-",
10-05 16:12:30.656 I/AstrBotEngine: [NAPCAT]       "@tencent/yuanbao-react-markdown>rehype-stringify": "-",
10-05 16:12:30.677 I/AstrBotEngine: [NAPCAT]       "@tencent/yuanbao-react-markdown>remark-parse": "-",
10-05 16:12:30.705 I/AstrBotEngine: [NAPCAT]       "@tencent/yuanbao-react-markdown>remark-rehype": "-",
10-05 16:12:30.730 I/AstrBotEngine: [NAPCAT]       "@tencent/yuanbao-react-markdown>unified": "-",
10-05 16:12:30.758 I/AstrBotEngine: [NAPCAT]       "@tencent/yuanbao-react-markdown>unist-util-visit": "-",
10-05 16:12:30.777 I/AstrBotEngine: [NAPCAT]       "@tencent/yuanbao-react-markdown>vfile": "-",
10-05 16:12:30.809 I/AstrBotEngine: [NAPCAT]       "@types/d3-dispatch": "3.0.6"
10-05 16:12:30.846 I/AstrBotEngine: [NAPCAT]     }
10-05 16:12:30.875 I/AstrBotEngine: [NAPCAT]   },
10-05 16:12:30.908 I/AstrBotEngine: [NAPCAT]   "buildVersion": "52892",
10-05 16:12:30.946 I/AstrBotEngine: [NAPCAT]   "platform": "linux",
10-05 16:12:30.975 I/AstrBotEngine: [NAPCAT]   "eleArch": "arm64",
10-05 16:12:30.998 I/AstrBotEngine: [NAPCAT]   "linuxFormat": "deb"
10-05 16:12:31.042 I/AstrBotEngine: [NAPCAT] }
10-05 16:12:31.074 I/AstrBotEngine: [NAPCAT] prepare write and writev hooks
10-05 16:12:31.101 I/AstrBotEngine: [NAPCAT] 10-05 16:12:28 [info] [PacketHandler] 加载成功
10-05 16:12:31.134 I/AstrBotEngine: [NAPCAT] 10-05 16:12:28 [info] [Napi2NativeLoader] 加载成功
10-05 16:12:31.164 I/AstrBotEngine: [NAPCAT] 10-05 16:12:28 [info] [FFmpeg] 检查 Native Addon 可用性...
10-05 16:12:31.201 I/AstrBotEngine: [NAPCAT] 10-05 16:12:28 [info] [FFmpeg] ✓ 使用 Native Addon 适配器
10-05 16:12:31.248 I/AstrBotEngine: [NAPCAT] 10-05 16:12:29 [info] [PacketHandler] 初始化成功
10-05 16:12:31.290 I/AstrBotEngine: [NAPCAT] 10-05 16:12:29 [info] [NapCat] [Core] NapCat.Core Version: 4.18.29
10-05 16:12:31.313 I/AstrBotEngine: [NAPCAT] [I] <MemoryFile.cpp:98::open> open fd[0x24], /root/.config/QQ/nt_qq/global/nt_data/mmkv/nt_mmkv_global_misc
10-05 16:12:31.344 I/AstrBotEngine: [NAPCAT] [I] <MemoryFile.cpp:98::open> open fd[0x27], /root/.config/QQ/nt_qq/global/nt_data/mmkv/nt_mmkv_global_misc.crc
10-05 16:12:31.403 I/AstrBotEngine: [NAPCAT] [I] <MMKV_IO.cpp:213::loadMetaInfoAndCheck> meta file [nt_mmkv_global_misc] has flag [0]
10-05 16:12:31.428 I/AstrBotEngine: [NAPCAT] [I] <MMKV_IO.cpp:87::loadFromFile> loading [nt_mmkv_global_misc] with 77 actual size, file size 4096, InterProcess 1, meta info version:4
10-05 16:12:31.462 I/AstrBotEngine: [NAPCAT] [I] <MMKV_IO.cpp:92::loadFromFile> loading [nt_mmkv_global_misc] with crc 1813886533 sequence 1 version 4
10-05 16:12:31.485 I/AstrBotEngine: [NAPCAT] [I] <MMKV_IO.cpp:136::loadFromFile> loaded [nt_mmkv_global_misc] with 2 key-values
10-05 16:12:31.513 I/AstrBotEngine: [NAPCAT] [I] <MMKV.cpp:233::initializeMMKV> root dir: /root/.config/QQ/nt_qq/global/nt_data/mmkv
10-05 16:12:31.550 I/AstrBotEngine: [NAPCAT] [I] <MemoryFile.cpp:98::open> open fd[0x28], /root/.config/QQ/nt_qq/global/nt_data/mmkv/nt_mmkv_o3
10-05 16:12:31.573 I/AstrBotEngine: [NAPCAT] [I] <MemoryFile.cpp:98::open> open fd[0x29], /root/.config/QQ/nt_qq/global/nt_data/mmkv/nt_mmkv_o3.crc
10-05 16:12:31.606 I/AstrBotEngine: [NAPCAT] [I] <MMKV_IO.cpp:213::loadMetaInfoAndCheck> meta file [nt_mmkv_o3] has flag [0]
10-05 16:12:31.638 I/AstrBotEngine: [NAPCAT] [I] <MMKV_IO.cpp:87::loadFromFile> loading [nt_mmkv_o3] with 111 actual size, file size 4096, InterProcess 1, meta info version:4
10-05 16:12:31.668 I/AstrBotEngine: [NAPCAT] [I] <MMKV_IO.cpp:92::loadFromFile> loading [nt_mmkv_o3] with crc 3792612646 sequence 1 version 4
10-05 16:12:31.695 I/AstrBotEngine: [NAPCAT] [I] <MMKV_IO.cpp:136::loadFromFile> loaded [nt_mmkv_o3] with 2 key-values
10-05 16:12:31.711 I/AstrBotEngine: [NAPCAT] 10-05 16:12:29 [error] [NapCat] [UtilityProcess] Worker进程退出，退出码: 11
10-05 16:12:31.733 I/AstrBotEngine: [NAPCAT] 10-05 16:12:29 [warn] [NapCat] [UtilityProcess] Worker进程意外退出 (1/3)，正在尝试重新拉起...
10-05 16:12:31.754 I/AstrBotEngine: [NAPCAT] [launcher] loadNapCat.js generated in current directory
10-05 16:12:31.778 I/AstrBotEngine: [NAPCAT] [9900:1005/161229.787628:ERROR:base/files/file_path_watcher_inotify.cc:923] Failed to read /proc/sys/fs/inotify/max_user_watches
10-05 16:12:31.798 I/AstrBotEngine: [NAPCAT] [9900:1005/161229.788825:ERROR:net/base/address_tracker_linux.cc:242] Could not bind NETLINK socket: Permission denied (13)
10-05 16:12:31.826 I/AstrBotEngine: [NAPCAT] NapCat Shell App Loading...
10-05 16:12:31.847 I/AstrBotEngine: [NAPCAT] [launcher] intercepted package.json: /opt/QQ/resources/app/package.json, replacing content
10-05 16:12:31.870 I/AstrBotEngine: [NAPCAT] [launcher] Generated relative path: ../../../../root
10-05 16:12:31.887 I/AstrBotEngine: [NAPCAT] [launcher] New main field: "main": "../../../../root/loadNapCat.js"
10-05 16:12:31.907 I/AstrBotEngine: [NAPCAT] [launcher] package.json content: {
10-05 16:12:31.935 I/AstrBotEngine: [NAPCAT]   "name": "QQ",
10-05 16:12:31.963 I/AstrBotEngine: [NAPCAT]   "version": "3.2.33-52892",
10-05 16:12:31.987 I/AstrBotEngine: [NAPCAT]   "private": true,
10-05 16:12:32.019 I/AstrBotEngine: [NAPCAT]   "description": "QQ",
10-05 16:12:32.041 I/AstrBotEngine: [NAPCAT]   "productName": "QQ",
10-05 16:12:32.066 I/AstrBotEngine: [NAPCAT]   "author": {
10-05 16:12:32.086 I/AstrBotEngine: [NAPCAT]     "name": "Tencent",
10-05 16:12:32.113 I/AstrBotEngine: [NAPCAT]     "email": "QQ-Team@tencent.com"
10-05 16:12:32.130 I/AstrBotEngine: [NAPCAT]   },
10-05 16:12:32.159 I/AstrBotEngine: [NAPCAT]   "homepage": "https://im.qq.com",
10-05 16:12:32.182 I/AstrBotEngine: [NAPCAT]   "sideEffects": true,
10-05 16:12:32.208 I/AstrBotEngine: [NAPCAT]   "bin": {
10-05 16:12:32.227 I/AstrBotEngine: [NAPCAT]     "qd": "externals/devtools/cli/index.js"
10-05 16:12:32.252 I/AstrBotEngine: [NAPCAT]   },
10-05 16:12:32.272 I/AstrBotEngine: [NAPCAT]   "appid": {
10-05 16:12:32.288 I/AstrBotEngine: [NAPCAT]     "win32": "537382716",
10-05 16:12:32.334 I/AstrBotEngine: [NAPCAT]     "darwin": "537382742",
10-05 16:12:32.357 I/AstrBotEngine: [NAPCAT]     "linux": "537382753",
10-05 16:12:32.382 I/AstrBotEngine: [NAPCAT]     "ohos": "5373141859"
10-05 16:12:32.403 I/AstrBotEngine: [NAPCAT]   },
10-05 16:12:32.424 I/AstrBotEngine: [NAPCAT]   "main": "../../../../root/loadNapCat.js",
10-05 16:12:32.461 I/AstrBotEngine: [NAPCAT]   "peerDependenciesMeta": {
10-05 16:12:32.483 I/AstrBotEngine: [NAPCAT]     "*": {
10-05 16:12:32.504 I/AstrBotEngine: [NAPCAT]       "optional": true
10-05 16:12:32.545 I/AstrBotEngine: [NAPCAT]     }
10-05 16:12:32.610 I/AstrBotEngine: [NAPCAT]   },
10-05 16:12:32.645 I/AstrBotEngine: [NAPCAT]   "pnpm": {
10-05 16:12:32.671 I/AstrBotEngine: [NAPCAT]     "patchedDependencies": {
10-05 16:12:32.707 I/AstrBotEngine: [NAPCAT]       "@vue/runtime-dom@3.5.12": "patches/@vue__runtime-dom@3.5.12.patch",
10-05 16:12:32.741 I/AstrBotEngine: [NAPCAT]       "@swc/helpers@0.5.3": "patches/@swc__helpers@0.5.3.patch",
10-05 16:12:32.777 I/AstrBotEngine: [NAPCAT]       "vuex@4.1.0": "patches/vuex@4.1.0.patch",
10-05 16:12:32.805 I/AstrBotEngine: [NAPCAT]       "typescript-parser@2.6.1": "patches/typescript-parser@2.6.1.patch",
10-05 16:12:32.843 I/AstrBotEngine: [NAPCAT]       "@tencent/qqplay-downloadsdk": "patches/@tencent__qqplay-downloadsdk.patch",
10-05 16:12:32.874 I/AstrBotEngine: [NAPCAT]       "@tencent/universal-report@4.5.4": "patches/@tencent__universal-report@4.5.4.patch",
10-05 16:12:32.907 I/AstrBotEngine: [NAPCAT]       "typescript@7.0.2": "patches/typescript@7.0.2.patch"
10-05 16:12:32.939 I/AstrBotEngine: [NAPCAT]     },
10-05 16:12:32.969 I/AstrBotEngine: [NAPCAT]     "packageExtensions": {
10-05 16:12:32.989 I/AstrBotEngine: [NAPCAT]       "qute": {
10-05 16:12:33.017 I/AstrBotEngine: [NAPCAT]         "dependencies": {},
10-05 16:12:33.038 I/AstrBotEngine: [NAPCAT]         "devDependencies": {}
10-05 16:12:33.069 I/AstrBotEngine: [NAPCAT]       }
10-05 16:12:33.087 I/AstrBotEngine: [NAPCAT]     },
10-05 16:12:33.113 I/AstrBotEngine: [NAPCAT]     "overrides": {
10-05 16:12:33.134 I/AstrBotEngine: [NAPCAT]       "@types/react": "-",
10-05 16:12:33.169 I/AstrBotEngine: [NAPCAT]       "@types/react-dom": "-",
10-05 16:12:33.189 I/AstrBotEngine: [NAPCAT]       "@tencent/yuanbao-react-markdown>@types/hast": "-",
10-05 16:12:33.223 I/AstrBotEngine: [NAPCAT]       "@tencent/yuanbao-react-markdown>devlop": "-",
10-05 16:12:33.239 I/AstrBotEngine: [NAPCAT]       "@tencent/yuanbao-react-markdown>hast-util-to-jsx-runtime": "-",
10-05 16:12:33.268 I/AstrBotEngine: [NAPCAT]       "@tencent/yuanbao-react-markdown>html-url-attributes": "-",
10-05 16:12:33.289 I/AstrBotEngine: [NAPCAT]       "@tencent/yuanbao-react-markdown>mdast-util-to-hast": "-",
10-05 16:12:33.321 I/AstrBotEngine: [NAPCAT]       "@tencent/yuanbao-react-markdown>rehype-parse": "-",
10-05 16:12:33.348 I/AstrBotEngine: [NAPCAT]       "@tencent/yuanbao-react-markdown>rehype-stringify": "-",
10-05 16:12:33.370 I/AstrBotEngine: [NAPCAT]       "@tencent/yuanbao-react-markdown>remark-parse": "-",
10-05 16:12:33.399 I/AstrBotEngine: [NAPCAT]       "@tencent/yuanbao-react-markdown>remark-rehype": "-",
10-05 16:12:33.437 I/AstrBotEngine: [NAPCAT]       "@tencent/yuanbao-react-markdown>unified": "-",
10-05 16:12:33.475 I/AstrBotEngine: [NAPCAT]       "@tencent/yuanbao-react-markdown>unist-util-visit": "-",
10-05 16:12:33.498 I/AstrBotEngine: [NAPCAT]       "@tencent/yuanbao-react-markdown>vfile": "-",
10-05 16:12:33.526 I/AstrBotEngine: [NAPCAT]       "@types/d3-dispatch": "3.0.6"
10-05 16:12:33.548 I/AstrBotEngine: [NAPCAT]     }
10-05 16:12:33.578 I/AstrBotEngine: [NAPCAT]   },
10-05 16:12:33.611 I/AstrBotEngine: [NAPCAT]   "buildVersion": "52892",
10-05 16:12:33.644 I/AstrBotEngine: [NAPCAT]   "platform": "linux",
10-05 16:12:33.669 I/AstrBotEngine: [NAPCAT]   "eleArch": "arm64",
10-05 16:12:33.692 I/AstrBotEngine: [NAPCAT]   "linuxFormat": "deb"
10-05 16:12:33.728 I/AstrBotEngine: [NAPCAT] }
10-05 16:12:33.754 I/AstrBotEngine: [AstrBot Android] 检测到 QQ 内部组件异常退出——看门狗将在约 5 分钟内自动清理并重启（登录态不丢，无需重新扫码）
10-05 16:12:33.756 I/AstrBotEngine: [NAPCAT] prepare write and writev hooks
10-05 16:12:33.783 I/AstrBotEngine: [NAPCAT] 10-05 16:12:31 [info] [PacketHandler] 加载成功
10-05 16:12:33.808 I/AstrBotEngine: [NAPCAT] 10-05 16:12:31 [info] [Napi2NativeLoader] 加载成功
10-05 16:12:33.835 I/AstrBotEngine: [NAPCAT] 10-05 16:12:31 [info] [FFmpeg] 检查 Native Addon 可用性...
10-05 16:12:33.852 I/AstrBotEngine: [NAPCAT] 10-05 16:12:31 [info] [FFmpeg] ✓ 使用 Native Addon 适配器
10-05 16:12:33.882 I/AstrBotEngine: [NAPCAT] 10-05 16:12:31 [info] [PacketHandler] 初始化成功
10-05 16:12:33.915 I/AstrBotEngine: [NAPCAT] 10-05 16:12:31 [info] [NapCat] [Core] NapCat.Core Version: 4.18.29
10-05 16:12:33.938 I/AstrBotEngine: [NAPCAT] [I] <MemoryFile.cpp:98::open> open fd[0x24], /root/.config/QQ/nt_qq/global/nt_data/mmkv/nt_mmkv_global_misc
10-05 16:12:33.961 I/AstrBotEngine: [NAPCAT] [I] <MemoryFile.cpp:98::open> open fd[0x27], /root/.config/QQ/nt_qq/global/nt_data/mmkv/nt_mmkv_global_misc.crc
10-05 16:12:33.986 I/AstrBotEngine: [NAPCAT] [I] <MMKV_IO.cpp:213::loadMetaInfoAndCheck> meta file [nt_mmkv_global_misc] has flag [0]
10-05 16:12:34.002 I/AstrBotEngine: [NAPCAT] [I] <MMKV_IO.cpp:87::loadFromFile> loading [nt_mmkv_global_misc] with 77 actual size, file size 4096, InterProcess 1, meta info version:4
10-05 16:12:34.031 I/AstrBotEngine: [NAPCAT] [I] <MMKV_IO.cpp:92::loadFromFile> loading [nt_mmkv_global_misc] with crc 1813886533 sequence 1 version 4
10-05 16:12:34.054 I/AstrBotEngine: [NAPCAT] [I] <MMKV_IO.cpp:136::loadFromFile> loaded [nt_mmkv_global_misc] with 2 key-values
10-05 16:12:34.074 I/AstrBotEngine: [NAPCAT] [I] <MMKV.cpp:233::initializeMMKV> root dir: /root/.config/QQ/nt_qq/global/nt_data/mmkv
10-05 16:12:34.098 I/AstrBotEngine: [NAPCAT] [I] <MemoryFile.cpp:98::open> open fd[0x28], /root/.config/QQ/nt_qq/global/nt_data/mmkv/nt_mmkv_o3
10-05 16:12:34.119 I/AstrBotEngine: [NAPCAT] [I] <MemoryFile.cpp:98::open> open fd[0x29], /root/.config/QQ/nt_qq/global/nt_data/mmkv/nt_mmkv_o3.crc
10-05 16:12:34.142 I/AstrBotEngine: [NAPCAT] [I] <MMKV_IO.cpp:213::loadMetaInfoAndCheck> meta file [nt_mmkv_o3] has flag [0]
10-05 16:12:34.162 I/AstrBotEngine: [NAPCAT] [I] <MMKV_IO.cpp:87::loadFromFile> loading [nt_mmkv_o3] with 111 actual size, file size 4096, InterProcess 1, meta info version:4
10-05 16:12:34.190 I/AstrBotEngine: [NAPCAT] [I] <MMKV_IO.cpp:92::loadFromFile> loading [nt_mmkv_o3] with crc 3792612646 sequence 1 version 4
10-05 16:12:34.214 I/AstrBotEngine: [NAPCAT] [I] <MMKV_IO.cpp:136::loadFromFile> loaded [nt_mmkv_o3] with 2 key-values
10-05 16:12:34.243 I/AstrBotEngine: [NAPCAT] 10-05 16:12:31 [error] [NapCat] [UtilityProcess] Worker进程退出，退出码: 11
10-05 16:12:34.270 I/AstrBotEngine: [NAPCAT] 10-05 16:12:31 [warn] [NapCat] [UtilityProcess] Worker进程意外退出 (2/3)，正在尝试重新拉起...
10-05 16:12:34.298 I/AstrBotEngine: [NAPCAT] [launcher] loadNapCat.js generated in current directory
10-05 16:12:34.332 I/AstrBotEngine: [NAPCAT] [10351:1005/161231.607405:ERROR:base/files/file_path_watcher_inotify.cc:923] Failed to read /proc/sys/fs/inotify/max_user_watches
10-05 16:12:34.355 I/AstrBotEngine: [NAPCAT] [10351:1005/161231.607729:ERROR:net/base/address_tracker_linux.cc:242] Could not bind NETLINK socket: Permission denied (13)
10-05 16:12:34.380 I/AstrBotEngine: [NAPCAT] NapCat Shell App Loading...
10-05 16:12:34.400 I/AstrBotEngine: [NAPCAT] [launcher] intercepted package.json: /opt/QQ/resources/app/package.json, replacing content
10-05 16:12:34.425 I/AstrBotEngine: [NAPCAT] [launcher] Generated relative path: ../../../../root
10-05 16:12:34.448 I/AstrBotEngine: [NAPCAT] [launcher] New main field: "main": "../../../../root/loadNapCat.js"
10-05 16:12:34.491 I/AstrBotEngine: [NAPCAT] [launcher] package.json content: {
10-05 16:12:34.518 I/AstrBotEngine: [NAPCAT]   "name": "QQ",
10-05 16:12:34.535 I/AstrBotEngine: [NAPCAT]   "version": "3.2.33-52892",
10-05 16:12:34.558 I/AstrBotEngine: [NAPCAT]   "private": true,
10-05 16:12:34.584 I/AstrBotEngine: [NAPCAT]   "description": "QQ",
10-05 16:12:34.610 I/AstrBotEngine: [NAPCAT]   "productName": "QQ",
10-05 16:12:34.655 I/AstrBotEngine: [NAPCAT]   "author": {
10-05 16:12:34.677 I/AstrBotEngine: [NAPCAT]     "name": "Tencent",
10-05 16:12:34.698 I/AstrBotEngine: [NAPCAT]     "email": "QQ-Team@tencent.com"
10-05 16:12:34.720 I/AstrBotEngine: [NAPCAT]   },
10-05 16:12:34.755 I/AstrBotEngine: [NAPCAT]   "homepage": "https://im.qq.com",
10-05 16:12:34.787 I/AstrBotEngine: [NAPCAT]   "sideEffects": true,
10-05 16:12:34.825 I/AstrBotEngine: [NAPCAT]   "bin": {
10-05 16:12:34.857 I/AstrBotEngine: [NAPCAT]     "qd": "externals/devtools/cli/index.js"
10-05 16:12:34.889 I/AstrBotEngine: [NAPCAT]   },
10-05 16:12:34.918 I/AstrBotEngine: [NAPCAT]   "appid": {
10-05 16:12:34.956 I/AstrBotEngine: [NAPCAT]     "win32": "537382716",
10-05 16:12:34.982 I/AstrBotEngine: [NAPCAT]     "darwin": "537382742",
10-05 16:12:35.011 I/AstrBotEngine: [NAPCAT]     "linux": "537382753",
10-05 16:12:35.040 I/AstrBotEngine: [NAPCAT]     "ohos": "5373141859"
10-05 16:12:35.062 I/AstrBotEngine: [NAPCAT]   },
10-05 16:12:35.104 I/AstrBotEngine: [NAPCAT]   "main": "../../../../root/loadNapCat.js",
10-05 16:12:35.157 I/AstrBotEngine: [NAPCAT]   "peerDependenciesMeta": {
10-05 16:12:35.200 I/AstrBotEngine: [NAPCAT]     "*": {
10-05 16:12:35.234 I/AstrBotEngine: [NAPCAT]       "optional": true
10-05 16:12:35.275 I/AstrBotEngine: [NAPCAT]     }
10-05 16:12:35.322 I/AstrBotEngine: [NAPCAT]   },
10-05 16:12:35.368 I/AstrBotEngine: [NAPCAT]   "pnpm": {
10-05 16:12:35.419 I/AstrBotEngine: [NAPCAT]     "patchedDependencies": {
10-05 16:12:35.456 I/AstrBotEngine: [NAPCAT]       "@vue/runtime-dom@3.5.12": "patches/@vue__runtime-dom@3.5.12.patch",
10-05 16:12:35.484 I/AstrBotEngine: [NAPCAT]       "@swc/helpers@0.5.3": "patches/@swc__helpers@0.5.3.patch",
10-05 16:12:35.508 I/AstrBotEngine: [NAPCAT]       "vuex@4.1.0": "patches/vuex@4.1.0.patch",
10-05 16:12:35.548 I/AstrBotEngine: [NAPCAT]       "typescript-parser@2.6.1": "patches/typescript-parser@2.6.1.patch",
10-05 16:12:35.571 I/AstrBotEngine: [NAPCAT]       "@tencent/qqplay-downloadsdk": "patches/@tencent__qqplay-downloadsdk.patch",
10-05 16:12:35.592 I/AstrBotEngine: [NAPCAT]       "@tencent/universal-report@4.5.4": "patches/@tencent__universal-report@4.5.4.patch",
10-05 16:12:35.616 I/AstrBotEngine: [NAPCAT]       "typescript@7.0.2": "patches/typescript@7.0.2.patch"
10-05 16:12:35.647 I/AstrBotEngine: [NAPCAT]     },
10-05 16:12:35.691 I/AstrBotEngine: [NAPCAT]     "packageExtensions": {
10-05 16:12:35.734 I/AstrBotEngine: [NAPCAT]       "qute": {
10-05 16:12:35.755 I/AstrBotEngine: [NAPCAT]         "dependencies": {},
10-05 16:12:35.782 I/AstrBotEngine: [NAPCAT]         "devDependencies": {}
10-05 16:12:35.827 I/AstrBotEngine: [NAPCAT]       }
10-05 16:12:35.869 I/AstrBotEngine: [NAPCAT]     },
10-05 16:12:35.895 I/AstrBotEngine: [NAPCAT]     "overrides": {
10-05 16:12:35.917 I/AstrBotEngine: [NAPCAT]       "@types/react": "-",
10-05 16:12:35.939 I/AstrBotEngine: [NAPCAT]       "@types/react-dom": "-",
10-05 16:12:35.966 I/AstrBotEngine: [NAPCAT]       "@tencent/yuanbao-react-markdown>@types/hast": "-",
10-05 16:12:35.992 I/AstrBotEngine: [NAPCAT]       "@tencent/yuanbao-react-markdown>devlop": "-",
10-05 16:12:36.008 I/AstrBotEngine: [NAPCAT]       "@tencent/yuanbao-react-markdown>hast-util-to-jsx-runtime": "-",
10-05 16:12:36.028 I/AstrBotEngine: [NAPCAT]       "@tencent/yuanbao-react-markdown>html-url-attributes": "-",
10-05 16:12:36.054 I/AstrBotEngine: [NAPCAT]       "@tencent/yuanbao-react-markdown>mdast-util-to-hast": "-",
10-05 16:12:36.087 I/AstrBotEngine: [NAPCAT]       "@tencent/yuanbao-react-markdown>rehype-parse": "-",
10-05 16:12:36.119 I/AstrBotEngine: [NAPCAT]       "@tencent/yuanbao-react-markdown>rehype-stringify": "-",
10-05 16:12:36.173 I/AstrBotEngine: [NAPCAT]       "@tencent/yuanbao-react-markdown>remark-parse": "-",
10-05 16:12:36.222 I/AstrBotEngine: [NAPCAT]       "@tencent/yuanbao-react-markdown>remark-rehype": "-",
10-05 16:12:36.264 I/AstrBotEngine: [NAPCAT]       "@tencent/yuanbao-react-markdown>unified": "-",
10-05 16:12:36.297 I/AstrBotEngine: [NAPCAT]       "@tencent/yuanbao-react-markdown>unist-util-visit": "-",
10-05 16:12:36.324 I/AstrBotEngine: [NAPCAT]       "@tencent/yuanbao-react-markdown>vfile": "-",
10-05 16:12:36.350 I/AstrBotEngine: [NAPCAT]       "@types/d3-dispatch": "3.0.6"
10-05 16:12:36.372 I/AstrBotEngine: [NAPCAT]     }
10-05 16:12:36.390 I/AstrBotEngine: [NAPCAT]   },
10-05 16:12:36.414 I/AstrBotEngine: [NAPCAT]   "buildVersion": "52892",
10-05 16:12:36.450 I/AstrBotEngine: [NAPCAT]   "platform": "linux",
10-05 16:12:36.478 I/AstrBotEngine: [NAPCAT]   "eleArch": "arm64",
10-05 16:12:36.498 I/AstrBotEngine: [NAPCAT]   "linuxFormat": "deb"
10-05 16:12:36.527 I/AstrBotEngine: [NAPCAT] }
10-05 16:12:36.561 I/AstrBotEngine: [NAPCAT] prepare write and writev hooks
10-05 16:12:36.589 I/AstrBotEngine: [NAPCAT] 10-05 16:12:32 [info] [PacketHandler] 加载成功
10-05 16:12:36.612 I/AstrBotEngine: [NAPCAT] 10-05 16:12:32 [info] [Napi2NativeLoader] 加载成功
10-05 16:12:36.642 I/AstrBotEngine: [NAPCAT] 10-05 16:12:32 [info] [FFmpeg] 检查 Native Addon 可用性...
10-05 16:12:36.672 I/AstrBotEngine: [NAPCAT] 10-05 16:12:32 [info] [FFmpeg] ✓ 使用 Native Addon 适配器
10-05 16:12:36.709 I/AstrBotEngine: [NAPCAT] 10-05 16:12:33 [info] [PacketHandler] 初始化成功
10-05 16:12:36.735 I/AstrBotEngine: [NAPCAT] 10-05 16:12:33 [info] [NapCat] [Core] NapCat.Core Version: 4.18.29
10-05 16:12:36.756 I/AstrBotEngine: [NAPCAT] [I] <MemoryFile.cpp:98::open> open fd[0x26], /root/.config/QQ/nt_qq/global/nt_data/mmkv/nt_mmkv_global_misc
10-05 16:12:36.774 I/AstrBotEngine: [NAPCAT] [I] <MemoryFile.cpp:98::open> open fd[0x27], /root/.config/QQ/nt_qq/global/nt_data/mmkv/nt_mmkv_global_misc.crc
10-05 16:12:36.797 I/AstrBotEngine: [NAPCAT] [I] <MMKV_IO.cpp:213::loadMetaInfoAndCheck> meta file [nt_mmkv_global_misc] has flag [0]
10-05 16:12:36.833 I/AstrBotEngine: [NAPCAT] [I] <MMKV_IO.cpp:87::loadFromFile> loading [nt_mmkv_global_misc] with 77 actual size, file size 4096, InterProcess 1, meta info version:4
10-05 16:12:36.866 I/AstrBotEngine: [NAPCAT] [I] <MMKV_IO.cpp:92::loadFromFile> loading [nt_mmkv_global_misc] with crc 1813886533 sequence 1 version 4
10-05 16:12:36.896 I/AstrBotEngine: [NAPCAT] [I] <MMKV.cpp:233::initializeMMKV> root dir: /root/.config/QQ/nt_qq/global/nt_data/mmkv
10-05 16:12:36.929 I/AstrBotEngine: [NAPCAT] [I] <MMKV_IO.cpp:136::loadFromFile> loaded [nt_mmkv_global_misc] with 2 key-values
10-05 16:12:36.968 I/AstrBotEngine: [NAPCAT] [I] <MemoryFile.cpp:98::open> open fd[0x28], /root/.config/QQ/nt_qq/global/nt_data/mmkv/nt_mmkv_o3
10-05 16:12:36.999 I/AstrBotEngine: [NAPCAT] [I] <MemoryFile.cpp:98::open> open fd[0x29], /root/.config/QQ/nt_qq/global/nt_data/mmkv/nt_mmkv_o3.crc
10-05 16:12:37.024 I/AstrBotEngine: [NAPCAT] [I] <MMKV_IO.cpp:213::loadMetaInfoAndCheck> meta file [nt_mmkv_o3] has flag [0]
10-05 16:12:37.051 I/AstrBotEngine: [NAPCAT] [I] <MMKV_IO.cpp:87::loadFromFile> loading [nt_mmkv_o3] with 111 actual size, file size 4096, InterProcess 1, meta info version:4
10-05 16:12:37.072 I/AstrBotEngine: [NAPCAT] [I] <MMKV_IO.cpp:92::loadFromFile> loading [nt_mmkv_o3] with crc 3792612646 sequence 1 version 4
10-05 16:12:37.096 I/AstrBotEngine: [NAPCAT] [I] <MMKV_IO.cpp:136::loadFromFile> loaded [nt_mmkv_o3] with 2 key-values
10-05 16:12:37.129 I/AstrBotEngine: [NAPCAT] 10-05 16:12:33 [error] [NapCat] [UtilityProcess] Worker进程退出，退出码: 11
10-05 16:12:37.159 I/AstrBotEngine: [NAPCAT] 10-05 16:12:33 [error] [NapCat] [UtilityProcess] Worker进程在 10 秒内异常退出 3 次，主进程退出
10-05 16:12:37.184 I/AstrBotEngine: [NAPCAT] 10-05 16:12:33 [warn] [NapCat] [UtilityProcess] Worker进程意外退出 (3/3)，正在尝试重新拉起...
10-05 16:12:37.204 I/AstrBotEngine: [NAPCAT] 10-05 16:12:33 [error] [NapCat] [UtilityProcess] Worker进程在 10 秒内异常退出 3 次，主进程退出
10-05 16:12:37.221 I/AstrBotEngine: [NAPCAT] 10-05 16:12:33 [warn] [NapCat] [UtilityProcess] Worker进程意外退出 (4/3)，正在尝试重新拉起...
10-05 16:12:37.254 I/AstrBotEngine: [NAPCAT] [launcher] loadNapCat.js generated in current directory
10-05 16:12:48.833 I/AstrBotEngine: [AstrBot Android] NapCat 启动中…（已等待 30 秒，QQ 首次引导较慢）
10-05 16:13:19.061 I/AstrBotEngine: [AstrBot Android] NapCat 启动中…（已等待 60 秒，QQ 首次引导较慢）
10-05 16:13:49.408 I/AstrBotEngine: [AstrBot Android] NapCat 启动中…（已等待 90 秒，QQ 首次引导较慢）
10-05 16:14:19.593 I/AstrBotEngine: [AstrBot Android] NapCat 启动中…（已等待 120 秒，QQ 首次引导较慢）
10-05 16:14:49.882 I/AstrBotEngine: [AstrBot Android] NapCat 启动中…（已等待 150 秒，QQ 首次引导较慢）
10-05 16:15:20.254 I/AstrBotEngine: [AstrBot Android] NapCat 启动中…（已等待 180 秒，QQ 首次引导较慢）
10-05 16:15:50.682 I/AstrBotEngine: [AstrBot Android] NapCat 启动中…（已等待 210 秒，QQ 首次引导较慢）
10-05 16:16:20.997 I/AstrBotEngine: [AstrBot Android] NapCat 启动中…（已等待 240 秒，QQ 首次引导较慢）
10-05 16:16:36.979 I/AstrBotEngine: 引擎输出读取结束（主动停止）
10-05 16:16:41.080 I/AstrBotEngine: 引擎已停止

===== BandQQ 2.26.1(vc69) 会话开始 10-05 18:47:57.757 =====
10-05 18:47:57.755 I/FileLogger: 设备: Xiaomi 22041216C (xaga)
10-05 18:47:57.756 I/FileLogger: 系统: Android 15 (SDK 35) HyperOS OS2.0
10-05 18:47:57.756 I/FileLogger: 应用: BandQQ 2.26.1(vc69)  日志目录: /storage/emulated/0/Android/data/io.github.gsjsjzhznsz.bandqq/files/logs
10-05 18:47:57.768 W/FileLogger: 小米运动健康: 未安装（互联通道必需，未安装则发现不了手环节点）
10-05 18:47:57.769 I/FileLogger: 权限-蓝牙连接: 已授权
10-05 18:47:57.773 I/FileLogger: 权限-通知: 已授权
10-05 18:47:57.779 I/FileLogger: 电池优化白名单: 未加入
10-05 18:47:57.783 I/FileLogger: 无障碍保活: 未开启
10-05 18:47:57.783 I/FileLogger: 提示: 运动健康「设备授权管理」条目在 APP 发起 DEVICE_MANAGER 授权请求后才生成，开启同步服务并连接一次即会触发
10-05 18:48:09.075 I/AstrBotEngine: 启动脚本已与 APK 资产对齐（v2.18 每次启动强制刷新）
10-05 18:48:09.078 I/AstrBotEngine: AstrBot 机器人开关已关闭：本次仅启动 NapCat（手环 QQ 直连），不安装/启动 AstrBot
10-05 18:48:09.079 I/AstrBotEngine: 拉起容器（proot → astrbot-startup.sh）…
10-05 18:48:09.228 I/AstrBotEngine: [AstrBot Android] resolv.conf 已重写（原: nameserver 8.8.8.8 → 公共解析器x4）
10-05 18:48:11.256 I/AstrBotEngine: [AstrBot Android] DNS 自检通过（getent 解析正常）
10-05 18:48:11.260 I/AstrBotEngine: [STAGE:5:仅 NapCat 模式（AstrBot 机器人开关已关闭）]
10-05 18:48:11.262 I/AstrBotEngine: [31m- 仅 NapCat 模式（AstrBot 机器人开关已关闭）[0m
10-05 18:48:12.189 I/AstrBotEngine: [AstrBot Android] 反检测自动开启失败（无可用 node 运行时），请手动开启：打开 NapCat WebUI :5099 → 反检测开关配置 → 全部开关打开并保存
10-05 18:48:12.591 I/AstrBotEngine: [AstrBot Android] 反检测自动开启失败（无可用 node 运行时），请手动开启：打开 NapCat WebUI :5099 → 反检测开关配置 → 全部开关打开并保存
10-05 18:48:12.640 I/AstrBotEngine: [AstrBot Android] 检测到 NapCat 崩溃（第 1 次），执行自愈第 1 级（登录态尽量保留）
10-05 18:48:12.705 I/AstrBotEngine: [AstrBot Android] 清理崩溃现场（残留进程/残锁/缓存）...
10-05 18:48:12.869 I/AstrBotEngine: [STAGE:90:启动 NapCat（首次需扫码登录 QQ，Token 在 App「密码与登录」卡复制）]
10-05 18:48:12.870 I/AstrBotEngine: [31m- 启动 NapCat（首次需扫码登录 QQ，Token 在 App「密码与登录」卡复制）[0m
10-05 18:48:12.871 I/AstrBotEngine: [31m- NapCat 启动中[0m
10-05 18:48:13.131 I/AstrBotEngine: [AstrBot Android] NapCat 已后台拉起（控制台: /root/napcat/napcat-console.log）
10-05 18:48:13.181 I/AstrBotEngine: [AstrBot Android] QQ 登录完成后 OneBot :3001/:3000 自动可用；未登录时打开 WebUI :5099 扫码
10-05 18:48:13.186 I/AstrBotEngine: [AstrBot Android] NapCat 看门狗已启动（2 分钟巡检：进程保活 + 崩溃自愈阶梯 + 登录后配置自动升级重启）
10-05 18:48:13.187 I/AstrBotEngine: [STAGE:92:NapCat 启动中（QQ 引导完成后 :3001/:3000 生效；AstrBot 已按开关关闭）]
10-05 18:48:13.188 I/AstrBotEngine: [31m- NapCat 启动中（QQ 引导完成后 :3001/:3000 生效；AstrBot 已按开关关闭）[0m
10-05 18:48:13.434 I/AstrBotEngine: [NAPCAT] [launcher] loadNapCat.js generated in current directory
10-05 18:48:13.507 I/AstrBotEngine: [NAPCAT] not mini app. 
10-05 18:48:13.749 I/AstrBotEngine: [NAPCAT] [launcher] loadNapCat.js generated in current directory
10-05 18:48:13.795 I/AstrBotEngine: [NAPCAT] [preload] succeeded. /opt/QQ/resources/app/major.node
10-05 18:48:13.825 I/AstrBotEngine: [NAPCAT] [launcher] loadNapCat.js generated in current directory
10-05 18:48:13.852 I/AstrBotEngine: [NAPCAT] [preload] succeeded. /opt/QQ/resources/app/major.node
10-05 18:48:13.886 I/AstrBotEngine: [NAPCAT] [19427:1005/184813.772554:ERROR:base/files/file_path_watcher_inotify.cc:923] Failed to read /proc/sys/fs/inotify/max_user_watches
10-05 18:48:13.957 I/AstrBotEngine: [NAPCAT] [19421:1005/184813.773077:ERROR:base/files/file_path_watcher_inotify.cc:923] Failed to read /proc/sys/fs/inotify/max_user_watches
10-05 18:48:13.997 I/AstrBotEngine: [NAPCAT] [19405:1005/184813.872234:ERROR:dbus/bus.cc:406] Failed to connect to the bus: Failed to connect to socket /run/dbus/system_bus_socket: No such file or director
10-05 18:48:14.135 I/AstrBotEngine: [NAPCAT] resourcesPath: /opt/QQ/resources
10-05 18:48:14.172 I/AstrBotEngine: [NAPCAT] [launcher] intercepted package.json: /opt/QQ/resources/app/package.json, replacing content
10-05 18:48:14.222 I/AstrBotEngine: [NAPCAT] [launcher] Generated relative path: ../../../../root
10-05 18:48:14.249 I/AstrBotEngine: [NAPCAT] [launcher] New main field: "main": "../../../../root/loadNapCat.js"
10-05 18:48:14.276 I/AstrBotEngine: [NAPCAT] [launcher] package.json content: {
10-05 18:48:14.303 I/AstrBotEngine: [NAPCAT]   "name": "QQ",
10-05 18:48:14.324 I/AstrBotEngine: [NAPCAT]   "version": "3.2.33-52892",
10-05 18:48:14.345 I/AstrBotEngine: [NAPCAT]   "private": true,
10-05 18:48:14.364 I/AstrBotEngine: [NAPCAT]   "description": "QQ",
10-05 18:48:14.387 I/AstrBotEngine: [NAPCAT]   "productName": "QQ",
10-05 18:48:14.411 I/AstrBotEngine: [NAPCAT]   "author": {
10-05 18:48:14.440 I/AstrBotEngine: [NAPCAT]     "name": "Tencent",
10-05 18:48:14.464 I/AstrBotEngine: [NAPCAT]     "email": "QQ-Team@tencent.com"
10-05 18:48:14.495 I/AstrBotEngine: [NAPCAT]   },
10-05 18:48:14.526 I/AstrBotEngine: [NAPCAT]   "homepage": "https://im.qq.com",
10-05 18:48:14.557 I/AstrBotEngine: [NAPCAT]   "sideEffects": true,
10-05 18:48:14.577 I/AstrBotEngine: [NAPCAT]   "bin": {
10-05 18:48:14.597 I/AstrBotEngine: [NAPCAT]     "qd": "externals/devtools/cli/index.js"
10-05 18:48:14.615 I/AstrBotEngine: [NAPCAT]   },
10-05 18:48:14.637 I/AstrBotEngine: [NAPCAT]   "appid": {
10-05 18:48:14.656 I/AstrBotEngine: [NAPCAT]     "win32": "537382716",
10-05 18:48:14.674 I/AstrBotEngine: [NAPCAT]     "darwin": "537382742",
10-05 18:48:14.693 I/AstrBotEngine: [NAPCAT]     "linux": "537382753",
10-05 18:48:14.712 I/AstrBotEngine: [NAPCAT]     "ohos": "5373141859"
10-05 18:48:14.758 I/AstrBotEngine: [NAPCAT]   },
10-05 18:48:14.832 I/AstrBotEngine: [NAPCAT]   "main": "../../../../root/loadNapCat.js",
10-05 18:48:14.926 I/AstrBotEngine: [NAPCAT]   "peerDependenciesMeta": {
10-05 18:48:14.996 I/AstrBotEngine: [NAPCAT]     "*": {
10-05 18:48:15.038 I/AstrBotEngine: [NAPCAT]       "optional": true
10-05 18:48:15.086 I/AstrBotEngine: [NAPCAT]     }
10-05 18:48:15.118 I/AstrBotEngine: [NAPCAT]   },
10-05 18:48:15.158 I/AstrBotEngine: [NAPCAT]   "pnpm": {
10-05 18:48:15.190 I/AstrBotEngine: [NAPCAT]     "patchedDependencies": {
10-05 18:48:15.227 I/AstrBotEngine: [NAPCAT]       "@vue/runtime-dom@3.5.12": "patches/@vue__runtime-dom@3.5.12.patch",
10-05 18:48:15.259 I/AstrBotEngine: [NAPCAT]       "@swc/helpers@0.5.3": "patches/@swc__helpers@0.5.3.patch",
10-05 18:48:15.286 I/AstrBotEngine: [NAPCAT]       "vuex@4.1.0": "patches/vuex@4.1.0.patch",
10-05 18:48:15.315 I/AstrBotEngine: [NAPCAT]       "typescript-parser@2.6.1": "patches/typescript-parser@2.6.1.patch",
10-05 18:48:15.336 I/AstrBotEngine: [NAPCAT]       "@tencent/qqplay-downloadsdk": "patches/@tencent__qqplay-downloadsdk.patch",
10-05 18:48:15.352 I/AstrBotEngine: [NAPCAT]       "@tencent/universal-report@4.5.4": "patches/@tencent__universal-report@4.5.4.patch",
10-05 18:48:15.378 I/AstrBotEngine: [NAPCAT]       "typescript@7.0.2": "patches/typescript@7.0.2.patch"
10-05 18:48:15.397 I/AstrBotEngine: [NAPCAT]     },
10-05 18:48:15.425 I/AstrBotEngine: [NAPCAT]     "packageExtensions": {
10-05 18:48:15.483 I/AstrBotEngine: [NAPCAT]       "qute": {
10-05 18:48:15.564 I/AstrBotEngine: [NAPCAT]         "dependencies": {},
10-05 18:48:15.606 I/AstrBotEngine: [NAPCAT]         "devDependencies": {}
10-05 18:48:15.646 I/AstrBotEngine: [NAPCAT]       }
10-05 18:48:15.691 I/AstrBotEngine: [NAPCAT]     },
10-05 18:48:15.732 I/AstrBotEngine: [NAPCAT]     "overrides": {
10-05 18:48:15.757 I/AstrBotEngine: [NAPCAT]       "@types/react": "-",
10-05 18:48:15.795 I/AstrBotEngine: [NAPCAT]       "@types/react-dom": "-",
10-05 18:48:15.813 I/AstrBotEngine: [NAPCAT]       "@tencent/yuanbao-react-markdown>@types/hast": "-",
10-05 18:48:15.833 I/AstrBotEngine: [NAPCAT]       "@tencent/yuanbao-react-markdown>devlop": "-",
10-05 18:48:15.855 I/AstrBotEngine: [NAPCAT]       "@tencent/yuanbao-react-markdown>hast-util-to-jsx-runtime": "-",
10-05 18:48:15.892 I/AstrBotEngine: [NAPCAT]       "@tencent/yuanbao-react-markdown>html-url-attributes": "-",
10-05 18:48:15.949 I/AstrBotEngine: [NAPCAT]       "@tencent/yuanbao-react-markdown>mdast-util-to-hast": "-",
10-05 18:48:16.003 I/AstrBotEngine: [NAPCAT]       "@tencent/yuanbao-react-markdown>rehype-parse": "-",
10-05 18:48:16.068 I/AstrBotEngine: [NAPCAT]       "@tencent/yuanbao-react-markdown>rehype-stringify": "-",
10-05 18:48:16.138 I/AstrBotEngine: [NAPCAT]       "@tencent/yuanbao-react-markdown>remark-parse": "-",
10-05 18:48:16.204 I/AstrBotEngine: [NAPCAT]       "@tencent/yuanbao-react-markdown>remark-rehype": "-",
10-05 18:48:16.255 I/AstrBotEngine: [NAPCAT]       "@tencent/yuanbao-react-markdown>unified": "-",
10-05 18:48:16.298 I/AstrBotEngine: [NAPCAT]       "@tencent/yuanbao-react-markdown>unist-util-visit": "-",
10-05 18:48:16.328 I/AstrBotEngine: [NAPCAT]       "@tencent/yuanbao-react-markdown>vfile": "-",
10-05 18:48:16.371 I/AstrBotEngine: [NAPCAT]       "@types/d3-dispatch": "3.0.6"
10-05 18:48:16.423 I/AstrBotEngine: [NAPCAT]     }
10-05 18:48:16.619 I/AstrBotEngine: [NAPCAT]   },
10-05 18:48:16.668 I/AstrBotEngine: [NAPCAT]   "buildVersion": "52892",
10-05 18:48:16.714 I/AstrBotEngine: [NAPCAT]   "platform": "linux",
10-05 18:48:16.751 I/AstrBotEngine: [NAPCAT]   "eleArch": "arm64",
10-05 18:48:16.788 I/AstrBotEngine: [NAPCAT]   "linuxFormat": "deb"
10-05 18:48:16.812 I/AstrBotEngine: [NAPCAT] }
10-05 18:48:16.842 I/AstrBotEngine: [NAPCAT] [19405:1005/184816.153329:ERROR:dbus/bus.cc:406] Failed to connect to the bus: Could not parse server address: Unknown address type (examples of valid types are
10-05 18:48:16.872 I/AstrBotEngine: [NAPCAT] [19405:1005/184816.153410:ERROR:dbus/bus.cc:406] Failed to connect to the bus: Could not parse server address: Unknown address type (examples of valid types are
10-05 18:48:16.940 I/AstrBotEngine: [NAPCAT] [19405:1005/184816.155619:ERROR:base/files/file_path_watcher_inotify.cc:923] Failed to read /proc/sys/fs/inotify/max_user_watches
10-05 18:48:16.995 I/AstrBotEngine: [NAPCAT] [19405:1005/184816.155634:ERROR:dbus/bus.cc:406] Failed to connect to the bus: Failed to connect to socket /run/dbus/system_bus_socket: No such file or director
10-05 18:48:17.050 I/AstrBotEngine: [NAPCAT] [19405:1005/184816.156000:ERROR:dbus/bus.cc:406] Failed to connect to the bus: Failed to connect to socket /run/dbus/system_bus_socket: No such file or director
10-05 18:48:17.088 I/AstrBotEngine: [NAPCAT] [19405:1005/184816.156096:ERROR:net/base/address_tracker_linux.cc:242] Could not bind NETLINK socket: Permission denied (13)
10-05 18:48:17.123 I/AstrBotEngine: [NAPCAT] [19405:1005/184816.196002:ERROR:device/udev_linux/udev_watcher.cc:51] Failed to initialize a udev monitor.
10-05 18:48:17.162 I/AstrBotEngine: [NAPCAT] [19405:1005/184816.253845:ERROR:dbus/object_proxy.cc:573] Failed to call method: org.freedesktop.DBus.NameHasOwner: object_path= /org/freedesktop/DBus: unknown 
10-05 18:48:17.216 I/AstrBotEngine: [NAPCAT] [19405:1005/184816.253958:ERROR:dbus/object_proxy.cc:573] Failed to call method: org.freedesktop.DBus.NameHasOwner: object_path= /org/freedesktop/DBus: unknown 
10-05 18:48:17.251 I/AstrBotEngine: [NAPCAT] [19405:1005/184816.256101:ERROR:dbus/bus.cc:406] Failed to connect to the bus: Could not parse server address: Unknown address type (examples of valid types are
10-05 18:48:17.292 I/AstrBotEngine: [NAPCAT] [19405:1005/184816.256144:ERROR:dbus/bus.cc:406] Failed to connect to the bus: Could not parse server address: Unknown address type (examples of valid types are
10-05 18:48:17.338 I/AstrBotEngine: [NAPCAT] [19405:1005/184816.256159:ERROR:dbus/object_proxy.cc:573] Failed to call method: org.freedesktop.DBus.NameHasOwner: object_path= /org/freedesktop/DBus: unknown 
10-05 18:48:17.387 I/AstrBotEngine: [NAPCAT] [19405:1005/184816.258643:ERROR:dbus/object_proxy.cc:573] Failed to call method: org.freedesktop.DBus.NameHasOwner: object_path= /org/freedesktop/DBus: unknown 
10-05 18:48:17.444 I/AstrBotEngine: [NAPCAT] [19938:1005/184816.440725:ERROR:base/files/file_path_watcher_inotify.cc:923] Failed to read /proc/sys/fs/inotify/max_user_watches
10-05 18:48:17.479 I/AstrBotEngine: [NAPCAT] [launcher] loadNapCat.js generated in current directory
10-05 18:48:17.497 I/AstrBotEngine: [NAPCAT] [19925:1005/184816.692690:ERROR:base/files/file_path_watcher_inotify.cc:923] Failed to read /proc/sys/fs/inotify/max_user_watches
10-05 18:48:17.519 I/AstrBotEngine: [NAPCAT] [19925:1005/184816.694157:ERROR:net/base/address_tracker_linux.cc:242] Could not bind NETLINK socket: Permission denied (13)
10-05 18:48:17.540 I/AstrBotEngine: [NAPCAT] [19912:1005/184817.061364:ERROR:ui/gl/angle_platform_impl.cc:42] Display.cpp:1097 (initialize): ANGLE Display::initialize error 12289: GLX is not present.
10-05 18:48:17.570 I/AstrBotEngine: [NAPCAT] ERR: Display.cpp:1097 (initialize): ANGLE Display::initialize error 12289: GLX is not present.
10-05 18:48:17.586 I/AstrBotEngine: [NAPCAT] [19912:1005/184817.062010:ERROR:ui/gl/egl_util.cc:92] EGL Driver message (Critical) eglInitialize: GLX is not present.
10-05 18:48:17.613 I/AstrBotEngine: [NAPCAT] [19912:1005/184817.062930:ERROR:ui/gl/gl_display.cc:639] eglInitialize OpenGL failed with error EGL_NOT_INITIALIZED, trying next display type
10-05 18:48:17.650 I/AstrBotEngine: [NAPCAT] [19912:1005/184817.064062:ERROR:ui/gl/angle_platform_impl.cc:42] Display.cpp:1097 (initialize): ANGLE Display::initialize error 12289: GLX is not present.
10-05 18:48:17.670 I/AstrBotEngine: [NAPCAT] ERR: Display.cpp:1097 (initialize): ANGLE Display::initialize error 12289: GLX is not present.
10-05 18:48:17.691 I/AstrBotEngine: [NAPCAT] [19912:1005/184817.064290:ERROR:ui/gl/egl_util.cc:92] EGL Driver message (Critical) eglInitialize: GLX is not present.
10-05 18:48:17.715 I/AstrBotEngine: [NAPCAT] [19912:1005/184817.064609:ERROR:ui/gl/gl_display.cc:639] eglInitialize OpenGLES failed with error EGL_NOT_INITIALIZED
10-05 18:48:17.748 I/AstrBotEngine: [NAPCAT] [19912:1005/184817.065630:ERROR:ui/gl/gl_display.cc:674] Initialization of all EGL display types failed.
10-05 18:48:17.789 I/AstrBotEngine: [NAPCAT] [19912:1005/184817.066169:ERROR:ui/ozone/common/gl_ozone_egl.cc:26] GLDisplayEGL::Initialize failed.
10-05 18:48:17.823 I/AstrBotEngine: [NAPCAT] [19912:1005/184817.365762:ERROR:ui/gl/angle_platform_impl.cc:42] Display.cpp:1097 (initialize): ANGLE Display::initialize error 12289: GLX is not present.
10-05 18:48:17.849 I/AstrBotEngine: [NAPCAT] ERR: Display.cpp:1097 (initialize): ANGLE Display::initialize error 12289: GLX is not present.
10-05 18:48:17.880 I/AstrBotEngine: [NAPCAT] [19912:1005/184817.366997:ERROR:ui/gl/egl_util.cc:92] EGL Driver message (Critical) eglInitialize: GLX is not present.
10-05 18:48:17.903 I/AstrBotEngine: [NAPCAT] [19912:1005/184817.367630:ERROR:ui/gl/gl_display.cc:639] eglInitialize OpenGL failed with error EGL_NOT_INITIALIZED, trying next display type
10-05 18:48:17.920 I/AstrBotEngine: [NAPCAT] [19912:1005/184817.368325:ERROR:ui/gl/angle_platform_impl.cc:42] Display.cpp:1097 (initialize): ANGLE Display::initialize error 12289: GLX is not present.
10-05 18:48:17.940 I/AstrBotEngine: [NAPCAT] ERR: Display.cpp:1097 (initialize): ANGLE Display::initialize error 12289: GLX is not present.
10-05 18:48:17.961 I/AstrBotEngine: [NAPCAT] [19912:1005/184817.369033:ERROR:ui/gl/egl_util.cc:92] EGL Driver message (Critical) eglInitialize: GLX is not present.
10-05 18:48:17.990 I/AstrBotEngine: [NAPCAT] [19912:1005/184817.369436:ERROR:ui/gl/gl_display.cc:639] eglInitialize OpenGLES failed with error EGL_NOT_INITIALIZED
10-05 18:48:18.014 I/AstrBotEngine: [NAPCAT] [19912:1005/184817.369772:ERROR:ui/gl/gl_display.cc:674] Initialization of all EGL display types failed.
10-05 18:48:18.047 I/AstrBotEngine: [NAPCAT] [19912:1005/184817.370141:ERROR:ui/ozone/common/gl_ozone_egl.cc:26] GLDisplayEGL::Initialize failed.
10-05 18:48:18.069 I/AstrBotEngine: [NAPCAT] [19912:1005/184817.383694:ERROR:components/viz/service/main/viz_main_impl.cc:189] Exiting GPU process due to errors during initialization
10-05 18:48:18.376 I/AstrBotEngine: [NAPCAT] NapCat Shell App Loading...
10-05 18:48:18.405 I/AstrBotEngine: [NAPCAT] [launcher] intercepted package.json: /opt/QQ/resources/app/package.json, replacing content
10-05 18:48:18.440 I/AstrBotEngine: [NAPCAT] [launcher] Generated relative path: ../../../../root
10-05 18:48:18.464 I/AstrBotEngine: [NAPCAT] [launcher] New main field: "main": "../../../../root/loadNapCat.js"
10-05 18:48:18.525 I/AstrBotEngine: [NAPCAT] [launcher] package.json content: {
10-05 18:48:18.562 I/AstrBotEngine: [NAPCAT]   "name": "QQ",
10-05 18:48:18.596 I/AstrBotEngine: [NAPCAT]   "version": "3.2.33-52892",
10-05 18:48:18.628 I/AstrBotEngine: [NAPCAT]   "private": true,
10-05 18:48:18.644 I/AstrBotEngine: [NAPCAT]   "description": "QQ",
10-05 18:48:18.673 I/AstrBotEngine: [NAPCAT]   "productName": "QQ",
10-05 18:48:18.726 I/AstrBotEngine: [NAPCAT]   "author": {
10-05 18:48:18.758 I/AstrBotEngine: [NAPCAT]     "name": "Tencent",
10-05 18:48:18.783 I/AstrBotEngine: [NAPCAT]     "email": "QQ-Team@tencent.com"
10-05 18:48:18.807 I/AstrBotEngine: [NAPCAT]   },
10-05 18:48:18.835 I/AstrBotEngine: [NAPCAT]   "homepage": "https://im.qq.com",
10-05 18:48:18.852 I/AstrBotEngine: [NAPCAT]   "sideEffects": true,
10-05 18:48:18.884 I/AstrBotEngine: [NAPCAT]   "bin": {
10-05 18:48:18.931 I/AstrBotEngine: [NAPCAT]     "qd": "externals/devtools/cli/index.js"
10-05 18:48:18.958 I/AstrBotEngine: [NAPCAT]   },
10-05 18:48:18.986 I/AstrBotEngine: [NAPCAT]   "appid": {
10-05 18:48:19.000 I/AstrBotEngine: [NAPCAT]     "win32": "537382716",
10-05 18:48:19.018 I/AstrBotEngine: [NAPCAT]     "darwin": "537382742",
10-05 18:48:19.038 I/AstrBotEngine: [NAPCAT]     "linux": "537382753",
10-05 18:48:19.064 I/AstrBotEngine: [NAPCAT]     "ohos": "5373141859"
10-05 18:48:19.085 I/AstrBotEngine: [NAPCAT]   },
10-05 18:48:19.109 I/AstrBotEngine: [NAPCAT]   "main": "../../../../root/loadNapCat.js",
10-05 18:48:19.141 I/AstrBotEngine: [NAPCAT]   "peerDependenciesMeta": {
10-05 18:48:19.170 I/AstrBotEngine: [NAPCAT]     "*": {
10-05 18:48:19.196 I/AstrBotEngine: [NAPCAT]       "optional": true
10-05 18:48:19.224 I/AstrBotEngine: [NAPCAT]     }
10-05 18:48:19.242 I/AstrBotEngine: [NAPCAT]   },
10-05 18:48:19.271 I/AstrBotEngine: [NAPCAT]   "pnpm": {
10-05 18:48:19.294 I/AstrBotEngine: [NAPCAT]     "patchedDependencies": {
10-05 18:48:19.314 I/AstrBotEngine: [NAPCAT]       "@vue/runtime-dom@3.5.12": "patches/@vue__runtime-dom@3.5.12.patch",
10-05 18:48:19.348 I/AstrBotEngine: [NAPCAT]       "@swc/helpers@0.5.3": "patches/@swc__helpers@0.5.3.patch",
10-05 18:48:19.389 I/AstrBotEngine: [NAPCAT]       "vuex@4.1.0": "patches/vuex@4.1.0.patch",
10-05 18:48:19.447 I/AstrBotEngine: [NAPCAT]       "typescript-parser@2.6.1": "patches/typescript-parser@2.6.1.patch",
10-05 18:48:19.498 I/AstrBotEngine: [NAPCAT]       "@tencent/qqplay-downloadsdk": "patches/@tencent__qqplay-downloadsdk.patch",
10-05 18:48:19.517 I/AstrBotEngine: [NAPCAT]       "@tencent/universal-report@4.5.4": "patches/@tencent__universal-report@4.5.4.patch",
10-05 18:48:19.562 I/AstrBotEngine: [NAPCAT]       "typescript@7.0.2": "patches/typescript@7.0.2.patch"
10-05 18:48:19.596 I/AstrBotEngine: [NAPCAT]     },
10-05 18:48:19.623 I/AstrBotEngine: [NAPCAT]     "packageExtensions": {
10-05 18:48:19.648 I/AstrBotEngine: [NAPCAT]       "qute": {
10-05 18:48:19.684 I/AstrBotEngine: [NAPCAT]         "dependencies": {},
10-05 18:48:19.707 I/AstrBotEngine: [NAPCAT]         "devDependencies": {}
10-05 18:48:19.737 I/AstrBotEngine: [NAPCAT]       }
10-05 18:48:19.769 I/AstrBotEngine: [NAPCAT]     },
10-05 18:48:19.793 I/AstrBotEngine: [NAPCAT]     "overrides": {
10-05 18:48:19.817 I/AstrBotEngine: [NAPCAT]       "@types/react": "-",
10-05 18:48:19.842 I/AstrBotEngine: [NAPCAT]       "@types/react-dom": "-",
10-05 18:48:19.862 I/AstrBotEngine: [NAPCAT]       "@tencent/yuanbao-react-markdown>@types/hast": "-",
10-05 18:48:19.881 I/AstrBotEngine: [NAPCAT]       "@tencent/yuanbao-react-markdown>devlop": "-",
10-05 18:48:19.906 I/AstrBotEngine: [NAPCAT]       "@tencent/yuanbao-react-markdown>hast-util-to-jsx-runtime": "-",
10-05 18:48:19.931 I/AstrBotEngine: [NAPCAT]       "@tencent/yuanbao-react-markdown>html-url-attributes": "-",
10-05 18:48:19.948 I/AstrBotEngine: [NAPCAT]       "@tencent/yuanbao-react-markdown>mdast-util-to-hast": "-",
10-05 18:48:19.968 I/AstrBotEngine: [NAPCAT]       "@tencent/yuanbao-react-markdown>rehype-parse": "-",
10-05 18:48:19.983 I/AstrBotEngine: [NAPCAT]       "@tencent/yuanbao-react-markdown>rehype-stringify": "-",
10-05 18:48:20.005 I/AstrBotEngine: [NAPCAT]       "@tencent/yuanbao-react-markdown>remark-parse": "-",
10-05 18:48:20.024 I/AstrBotEngine: [NAPCAT]       "@tencent/yuanbao-react-markdown>remark-rehype": "-",
10-05 18:48:20.046 I/AstrBotEngine: [NAPCAT]       "@tencent/yuanbao-react-markdown>unified": "-",
10-05 18:48:20.068 I/AstrBotEngine: [NAPCAT]       "@tencent/yuanbao-react-markdown>unist-util-visit": "-",
10-05 18:48:20.083 I/AstrBotEngine: [NAPCAT]       "@tencent/yuanbao-react-markdown>vfile": "-",
10-05 18:48:20.107 I/AstrBotEngine: [NAPCAT]       "@types/d3-dispatch": "3.0.6"
10-05 18:48:20.131 I/AstrBotEngine: [NAPCAT]     }
10-05 18:48:20.155 I/AstrBotEngine: [NAPCAT]   },
10-05 18:48:20.173 I/AstrBotEngine: [NAPCAT]   "buildVersion": "52892",
10-05 18:48:20.198 I/AstrBotEngine: [NAPCAT]   "platform": "linux",
10-05 18:48:20.220 I/AstrBotEngine: [NAPCAT]   "eleArch": "arm64",
10-05 18:48:20.237 I/AstrBotEngine: [NAPCAT]   "linuxFormat": "deb"
10-05 18:48:20.260 I/AstrBotEngine: [NAPCAT] }
10-05 18:48:20.286 I/AstrBotEngine: [NAPCAT] prepare write and writev hooks
10-05 18:48:20.310 I/AstrBotEngine: [NAPCAT] 10-05 18:48:18 [info] [PacketHandler] 加载成功
10-05 18:48:20.326 I/AstrBotEngine: [NAPCAT] 10-05 18:48:18 [info] [Napi2NativeLoader] 加载成功
10-05 18:48:20.348 I/AstrBotEngine: [NAPCAT] 10-05 18:48:18 [info] [FFmpeg] 检查 Native Addon 可用性...
10-05 18:48:20.373 I/AstrBotEngine: [NAPCAT] 10-05 18:48:18 [info] [FFmpeg] ✓ 使用 Native Addon 适配器
10-05 18:48:20.393 I/AstrBotEngine: [NAPCAT] 10-05 18:48:18 [info] [PacketHandler] 初始化成功
10-05 18:48:20.412 I/AstrBotEngine: [NAPCAT] 10-05 18:48:18 [info] [NapCat] [Core] NapCat.Core Version: 4.18.29
10-05 18:48:20.434 I/AstrBotEngine: [NAPCAT] [I] <MemoryFile.cpp:98::open> open fd[0x26], /root/.config/QQ/nt_qq/global/nt_data/mmkv/nt_mmkv_global_misc
10-05 18:48:20.448 I/AstrBotEngine: [NAPCAT] [I] <MemoryFile.cpp:98::open> open fd[0x27], /root/.config/QQ/nt_qq/global/nt_data/mmkv/nt_mmkv_global_misc.crc
10-05 18:48:20.472 I/AstrBotEngine: [NAPCAT] [I] <MMKV_IO.cpp:213::loadMetaInfoAndCheck> meta file [nt_mmkv_global_misc] has flag [0]
10-05 18:48:20.489 I/AstrBotEngine: [NAPCAT] [I] <MMKV_IO.cpp:87::loadFromFile> loading [nt_mmkv_global_misc] with 77 actual size, file size 4096, InterProcess 1, meta info version:4
10-05 18:48:20.514 I/AstrBotEngine: [NAPCAT] [I] <MMKV_IO.cpp:92::loadFromFile> loading [nt_mmkv_global_misc] with crc 1813886533 sequence 1 version 4
10-05 18:48:20.536 I/AstrBotEngine: [NAPCAT] [I] <MMKV_IO.cpp:136::loadFromFile> loaded [nt_mmkv_global_misc] with 2 key-values
10-05 18:48:20.558 I/AstrBotEngine: [NAPCAT] [I] <MMKV.cpp:233::initializeMMKV> root dir: /root/.config/QQ/nt_qq/global/nt_data/mmkv
10-05 18:48:20.587 I/AstrBotEngine: [NAPCAT] [I] <MemoryFile.cpp:98::open> open fd[0x28], /root/.config/QQ/nt_qq/global/nt_data/mmkv/nt_mmkv_o3
10-05 18:48:20.615 I/AstrBotEngine: [NAPCAT] [I] <MemoryFile.cpp:98::open> open fd[0x29], /root/.config/QQ/nt_qq/global/nt_data/mmkv/nt_mmkv_o3.crc
10-05 18:48:20.632 I/AstrBotEngine: [NAPCAT] [I] <MMKV_IO.cpp:213::loadMetaInfoAndCheck> meta file [nt_mmkv_o3] has flag [0]
10-05 18:48:20.661 I/AstrBotEngine: [NAPCAT] [I] <MMKV_IO.cpp:87::loadFromFile> loading [nt_mmkv_o3] with 111 actual size, file size 4096, InterProcess 1, meta info version:4
10-05 18:48:20.689 I/AstrBotEngine: [NAPCAT] [I] <MMKV_IO.cpp:92::loadFromFile> loading [nt_mmkv_o3] with crc 3792612646 sequence 1 version 4
10-05 18:48:20.713 I/AstrBotEngine: [NAPCAT] [I] <MMKV_IO.cpp:136::loadFromFile> loaded [nt_mmkv_o3] with 2 key-values
10-05 18:48:20.733 I/AstrBotEngine: [NAPCAT] 10-05 18:48:18 [error] [NapCat] [UtilityProcess] Worker进程退出，退出码: 11
10-05 18:48:20.760 I/AstrBotEngine: [NAPCAT] 10-05 18:48:18 [warn] [NapCat] [UtilityProcess] Worker进程意外退出 (1/3)，正在尝试重新拉起...
10-05 18:48:20.784 I/AstrBotEngine: [NAPCAT] [launcher] loadNapCat.js generated in current directory
10-05 18:48:20.809 I/AstrBotEngine: [NAPCAT] [20403:1005/184819.192392:ERROR:base/files/file_path_watcher_inotify.cc:923] Failed to read /proc/sys/fs/inotify/max_user_watches
10-05 18:48:20.835 I/AstrBotEngine: [NAPCAT] [20403:1005/184819.193381:ERROR:net/base/address_tracker_linux.cc:242] Could not bind NETLINK socket: Permission denied (13)
10-05 18:48:20.853 I/AstrBotEngine: [NAPCAT] NapCat Shell App Loading...
10-05 18:48:20.872 I/AstrBotEngine: [NAPCAT] [launcher] intercepted package.json: /opt/QQ/resources/app/package.json, replacing content
10-05 18:48:20.887 I/AstrBotEngine: [NAPCAT] [launcher] Generated relative path: ../../../../root
10-05 18:48:20.909 I/AstrBotEngine: [NAPCAT] [launcher] New main field: "main": "../../../../root/loadNapCat.js"
10-05 18:48:20.930 I/AstrBotEngine: [NAPCAT] [launcher] package.json content: {
10-05 18:48:20.942 I/AstrBotEngine: [NAPCAT]   "name": "QQ",
10-05 18:48:20.968 I/AstrBotEngine: [NAPCAT]   "version": "3.2.33-52892",
10-05 18:48:20.993 I/AstrBotEngine: [NAPCAT]   "private": true,
10-05 18:48:21.020 I/AstrBotEngine: [NAPCAT]   "description": "QQ",
10-05 18:48:21.045 I/AstrBotEngine: [NAPCAT]   "productName": "QQ",
10-05 18:48:21.066 I/AstrBotEngine: [NAPCAT]   "author": {
10-05 18:48:21.088 I/AstrBotEngine: [NAPCAT]     "name": "Tencent",
10-05 18:48:21.111 I/AstrBotEngine: [NAPCAT]     "email": "QQ-Team@tencent.com"
10-05 18:48:21.138 I/AstrBotEngine: [NAPCAT]   },
10-05 18:48:21.166 I/AstrBotEngine: [NAPCAT]   "homepage": "https://im.qq.com",
10-05 18:48:21.191 I/AstrBotEngine: [NAPCAT]   "sideEffects": true,
10-05 18:48:21.214 I/AstrBotEngine: [NAPCAT]   "bin": {
10-05 18:48:21.238 I/AstrBotEngine: [NAPCAT]     "qd": "externals/devtools/cli/index.js"
10-05 18:48:21.262 I/AstrBotEngine: [NAPCAT]   },
10-05 18:48:21.291 I/AstrBotEngine: [NAPCAT]   "appid": {
10-05 18:48:21.315 I/AstrBotEngine: [NAPCAT]     "win32": "537382716",
10-05 18:48:21.340 I/AstrBotEngine: [NAPCAT]     "darwin": "537382742",
10-05 18:48:21.375 I/AstrBotEngine: [NAPCAT]     "linux": "537382753",
10-05 18:48:21.410 I/AstrBotEngine: [NAPCAT]     "ohos": "5373141859"
10-05 18:48:21.444 I/AstrBotEngine: [NAPCAT]   },
10-05 18:48:21.476 I/AstrBotEngine: [NAPCAT]   "main": "../../../../root/loadNapCat.js",
10-05 18:48:21.505 I/AstrBotEngine: [NAPCAT]   "peerDependenciesMeta": {
10-05 18:48:21.534 I/AstrBotEngine: [NAPCAT]     "*": {
10-05 18:48:21.564 I/AstrBotEngine: [NAPCAT]       "optional": true
10-05 18:48:21.595 I/AstrBotEngine: [NAPCAT]     }
10-05 18:48:21.631 I/AstrBotEngine: [NAPCAT]   },
10-05 18:48:21.664 I/AstrBotEngine: [NAPCAT]   "pnpm": {
10-05 18:48:21.711 I/AstrBotEngine: [NAPCAT]     "patchedDependencies": {
10-05 18:48:21.742 I/AstrBotEngine: [NAPCAT]       "@vue/runtime-dom@3.5.12": "patches/@vue__runtime-dom@3.5.12.patch",
10-05 18:48:21.780 I/AstrBotEngine: [NAPCAT]       "@swc/helpers@0.5.3": "patches/@swc__helpers@0.5.3.patch",
10-05 18:48:21.808 I/AstrBotEngine: [NAPCAT]       "vuex@4.1.0": "patches/vuex@4.1.0.patch",
10-05 18:48:21.851 I/AstrBotEngine: [NAPCAT]       "typescript-parser@2.6.1": "patches/typescript-parser@2.6.1.patch",
10-05 18:48:21.970 I/AstrBotEngine: [NAPCAT]       "@tencent/qqplay-downloadsdk": "patches/@tencent__qqplay-downloadsdk.patch",
10-05 18:48:22.033 I/AstrBotEngine: [NAPCAT]       "@tencent/universal-report@4.5.4": "patches/@tencent__universal-report@4.5.4.patch",
10-05 18:48:22.150 I/AstrBotEngine: [NAPCAT]       "typescript@7.0.2": "patches/typescript@7.0.2.patch"
10-05 18:48:22.215 I/AstrBotEngine: [NAPCAT]     },
10-05 18:48:22.246 I/AstrBotEngine: [NAPCAT]     "packageExtensions": {
10-05 18:48:22.287 I/AstrBotEngine: [NAPCAT]       "qute": {
10-05 18:48:22.317 I/AstrBotEngine: [NAPCAT]         "dependencies": {},
10-05 18:48:22.351 I/AstrBotEngine: [NAPCAT]         "devDependencies": {}
10-05 18:48:22.395 I/AstrBotEngine: [NAPCAT]       }
10-05 18:48:22.440 I/AstrBotEngine: [NAPCAT]     },
10-05 18:48:22.484 I/AstrBotEngine: [NAPCAT]     "overrides": {
10-05 18:48:22.516 I/AstrBotEngine: [NAPCAT]       "@types/react": "-",
10-05 18:48:22.552 I/AstrBotEngine: [NAPCAT]       "@types/react-dom": "-",
10-05 18:48:22.581 I/AstrBotEngine: [NAPCAT]       "@tencent/yuanbao-react-markdown>@types/hast": "-",
10-05 18:48:22.612 I/AstrBotEngine: [NAPCAT]       "@tencent/yuanbao-react-markdown>devlop": "-",
10-05 18:48:22.629 I/AstrBotEngine: [NAPCAT]       "@tencent/yuanbao-react-markdown>hast-util-to-jsx-runtime": "-",
10-05 18:48:22.656 I/AstrBotEngine: [NAPCAT]       "@tencent/yuanbao-react-markdown>html-url-attributes": "-",
10-05 18:48:22.702 I/AstrBotEngine: [NAPCAT]       "@tencent/yuanbao-react-markdown>mdast-util-to-hast": "-",
10-05 18:48:22.728 I/AstrBotEngine: [NAPCAT]       "@tencent/yuanbao-react-markdown>rehype-parse": "-",
10-05 18:48:22.749 I/AstrBotEngine: [NAPCAT]       "@tencent/yuanbao-react-markdown>rehype-stringify": "-",
10-05 18:48:22.786 I/AstrBotEngine: [NAPCAT]       "@tencent/yuanbao-react-markdown>remark-parse": "-",
10-05 18:48:22.814 I/AstrBotEngine: [NAPCAT]       "@tencent/yuanbao-react-markdown>remark-rehype": "-",
10-05 18:48:22.867 I/AstrBotEngine: [NAPCAT]       "@tencent/yuanbao-react-markdown>unified": "-",
10-05 18:48:22.904 I/AstrBotEngine: [NAPCAT]       "@tencent/yuanbao-react-markdown>unist-util-visit": "-",
10-05 18:48:22.939 I/AstrBotEngine: [NAPCAT]       "@tencent/yuanbao-react-markdown>vfile": "-",
10-05 18:48:22.972 I/AstrBotEngine: [NAPCAT]       "@types/d3-dispatch": "3.0.6"
10-05 18:48:22.992 I/AstrBotEngine: [NAPCAT]     }
10-05 18:48:23.015 I/AstrBotEngine: [NAPCAT]   },
10-05 18:48:23.047 I/AstrBotEngine: [NAPCAT]   "buildVersion": "52892",
10-05 18:48:23.076 I/AstrBotEngine: [NAPCAT]   "platform": "linux",
10-05 18:48:23.104 I/AstrBotEngine: [NAPCAT]   "eleArch": "arm64",
10-05 18:48:23.128 I/AstrBotEngine: [NAPCAT]   "linuxFormat": "deb"
10-05 18:48:23.145 I/AstrBotEngine: [NAPCAT] }
10-05 18:48:23.176 I/AstrBotEngine: [NAPCAT] prepare write and writev hooks
10-05 18:48:23.197 I/AstrBotEngine: [NAPCAT] 10-05 18:48:20 [info] [PacketHandler] 加载成功
10-05 18:48:23.227 I/AstrBotEngine: [NAPCAT] 10-05 18:48:20 [info] [Napi2NativeLoader] 加载成功
10-05 18:48:23.244 I/AstrBotEngine: [NAPCAT] 10-05 18:48:20 [info] [FFmpeg] 检查 Native Addon 可用性...
10-05 18:48:23.264 I/AstrBotEngine: [NAPCAT] 10-05 18:48:20 [info] [FFmpeg] ✓ 使用 Native Addon 适配器
10-05 18:48:23.282 I/AstrBotEngine: [NAPCAT] 10-05 18:48:20 [info] [PacketHandler] 初始化成功
10-05 18:48:23.300 I/AstrBotEngine: [NAPCAT] 10-05 18:48:20 [info] [NapCat] [Core] NapCat.Core Version: 4.18.29
10-05 18:48:23.318 I/AstrBotEngine: [NAPCAT] 10-05 18:48:20 [error] [NapCat] [UtilityProcess] Worker进程退出，退出码: 11
10-05 18:48:23.341 I/AstrBotEngine: [NAPCAT] 10-05 18:48:20 [warn] [NapCat] [UtilityProcess] Worker进程意外退出 (2/3)，正在尝试重新拉起...
10-05 18:48:23.358 I/AstrBotEngine: [AstrBot Android] 检测到 QQ 内部组件异常退出——看门狗将在约 2 分钟内自动清理并重启（自愈阶梯见日志；登录态尽量保留）
10-05 18:48:23.365 I/AstrBotEngine: [NAPCAT] [launcher] loadNapCat.js generated in current directory
10-05 18:48:23.398 I/AstrBotEngine: [NAPCAT] [20835:1005/184820.984215:ERROR:base/files/file_path_watcher_inotify.cc:923] Failed to read /proc/sys/fs/inotify/max_user_watches
10-05 18:48:23.423 I/AstrBotEngine: [NAPCAT] [20835:1005/184820.985048:ERROR:net/base/address_tracker_linux.cc:242] Could not bind NETLINK socket: Permission denied (13)
10-05 18:48:23.438 I/AstrBotEngine: [NAPCAT] NapCat Shell App Loading...
10-05 18:48:23.458 I/AstrBotEngine: [NAPCAT] [launcher] intercepted package.json: /opt/QQ/resources/app/package.json, replacing content
10-05 18:48:23.480 I/AstrBotEngine: [NAPCAT] [launcher] Generated relative path: ../../../../root
10-05 18:48:23.495 I/AstrBotEngine: [NAPCAT] [launcher] New main field: "main": "../../../../root/loadNapCat.js"
10-05 18:48:23.522 I/AstrBotEngine: [NAPCAT] [launcher] package.json content: {
10-05 18:48:23.541 I/AstrBotEngine: [NAPCAT]   "name": "QQ",
10-05 18:48:23.563 I/AstrBotEngine: [NAPCAT]   "version": "3.2.33-52892",
10-05 18:48:23.578 I/AstrBotEngine: [NAPCAT]   "private": true,
10-05 18:48:23.606 I/AstrBotEngine: [NAPCAT]   "description": "QQ",
10-05 18:48:23.641 I/AstrBotEngine: [NAPCAT]   "productName": "QQ",
10-05 18:48:23.660 I/AstrBotEngine: [NAPCAT]   "author": {
10-05 18:48:23.687 I/AstrBotEngine: [NAPCAT]     "name": "Tencent",
10-05 18:48:23.710 I/AstrBotEngine: [NAPCAT]     "email": "QQ-Team@tencent.com"
10-05 18:48:23.742 I/AstrBotEngine: [NAPCAT]   },
10-05 18:48:23.794 I/AstrBotEngine: [NAPCAT]   "homepage": "https://im.qq.com",
10-05 18:48:23.818 I/AstrBotEngine: [NAPCAT]   "sideEffects": true,
10-05 18:48:23.836 I/AstrBotEngine: [NAPCAT]   "bin": {
10-05 18:48:23.853 I/AstrBotEngine: [NAPCAT]     "qd": "externals/devtools/cli/index.js"
10-05 18:48:23.877 I/AstrBotEngine: [NAPCAT]   },
10-05 18:48:23.910 I/AstrBotEngine: [NAPCAT]   "appid": {
10-05 18:48:23.940 I/AstrBotEngine: [NAPCAT]     "win32": "537382716",
10-05 18:48:23.993 I/AstrBotEngine: [NAPCAT]     "darwin": "537382742",
10-05 18:48:24.013 I/AstrBotEngine: [NAPCAT]     "linux": "537382753",
10-05 18:48:24.041 I/AstrBotEngine: [NAPCAT]     "ohos": "5373141859"
10-05 18:48:24.061 I/AstrBotEngine: [NAPCAT]   },
10-05 18:48:24.091 I/AstrBotEngine: [NAPCAT]   "main": "../../../../root/loadNapCat.js",
10-05 18:48:24.121 I/AstrBotEngine: [NAPCAT]   "peerDependenciesMeta": {
10-05 18:48:24.163 I/AstrBotEngine: [NAPCAT]     "*": {
10-05 18:48:24.191 I/AstrBotEngine: [NAPCAT]       "optional": true
10-05 18:48:24.209 I/AstrBotEngine: [NAPCAT]     }
10-05 18:48:24.251 I/AstrBotEngine: [NAPCAT]   },
10-05 18:48:24.273 I/AstrBotEngine: [NAPCAT]   "pnpm": {
10-05 18:48:24.299 I/AstrBotEngine: [NAPCAT]     "patchedDependencies": {
10-05 18:48:24.335 I/AstrBotEngine: [NAPCAT]       "@vue/runtime-dom@3.5.12": "patches/@vue__runtime-dom@3.5.12.patch",
10-05 18:48:24.361 I/AstrBotEngine: [NAPCAT]       "@swc/helpers@0.5.3": "patches/@swc__helpers@0.5.3.patch",
10-05 18:48:24.405 I/AstrBotEngine: [NAPCAT]       "vuex@4.1.0": "patches/vuex@4.1.0.patch",
10-05 18:48:24.452 I/AstrBotEngine: [NAPCAT]       "typescript-parser@2.6.1": "patches/typescript-parser@2.6.1.patch",
10-05 18:48:24.472 I/AstrBotEngine: [NAPCAT]       "@tencent/qqplay-downloadsdk": "patches/@tencent__qqplay-downloadsdk.patch",
10-05 18:48:24.494 I/AstrBotEngine: [NAPCAT]       "@tencent/universal-report@4.5.4": "patches/@tencent__universal-report@4.5.4.patch",
10-05 18:48:24.538 I/AstrBotEngine: [NAPCAT]       "typescript@7.0.2": "patches/typescript@7.0.2.patch"
10-05 18:48:24.566 I/AstrBotEngine: [NAPCAT]     },
10-05 18:48:24.597 I/AstrBotEngine: [NAPCAT]     "packageExtensions": {
10-05 18:48:24.633 I/AstrBotEngine: [NAPCAT]       "qute": {
10-05 18:48:24.678 I/AstrBotEngine: [NAPCAT]         "dependencies": {},
10-05 18:48:24.724 I/AstrBotEngine: [NAPCAT]         "devDependencies": {}
10-05 18:48:24.751 I/AstrBotEngine: [NAPCAT]       }
10-05 18:48:24.768 I/AstrBotEngine: [NAPCAT]     },
10-05 18:48:24.826 I/AstrBotEngine: [NAPCAT]     "overrides": {
10-05 18:48:24.851 I/AstrBotEngine: [NAPCAT]       "@types/react": "-",
10-05 18:48:24.887 I/AstrBotEngine: [NAPCAT]       "@types/react-dom": "-",
10-05 18:48:24.922 I/AstrBotEngine: [NAPCAT]       "@tencent/yuanbao-react-markdown>@types/hast": "-",
10-05 18:48:24.964 I/AstrBotEngine: [NAPCAT]       "@tencent/yuanbao-react-markdown>devlop": "-",
10-05 18:48:25.000 I/AstrBotEngine: [NAPCAT]       "@tencent/yuanbao-react-markdown>hast-util-to-jsx-runtime": "-",
10-05 18:48:25.027 I/AstrBotEngine: [NAPCAT]       "@tencent/yuanbao-react-markdown>html-url-attributes": "-",
10-05 18:48:25.057 I/AstrBotEngine: [NAPCAT]       "@tencent/yuanbao-react-markdown>mdast-util-to-hast": "-",
10-05 18:48:25.086 I/AstrBotEngine: [NAPCAT]       "@tencent/yuanbao-react-markdown>rehype-parse": "-",
10-05 18:48:25.110 I/AstrBotEngine: [NAPCAT]       "@tencent/yuanbao-react-markdown>rehype-stringify": "-",
10-05 18:48:25.138 I/AstrBotEngine: [NAPCAT]       "@tencent/yuanbao-react-markdown>remark-parse": "-",
10-05 18:48:25.167 I/AstrBotEngine: [NAPCAT]       "@tencent/yuanbao-react-markdown>remark-rehype": "-",
10-05 18:48:25.196 I/AstrBotEngine: [NAPCAT]       "@tencent/yuanbao-react-markdown>unified": "-",
10-05 18:48:25.224 I/AstrBotEngine: [NAPCAT]       "@tencent/yuanbao-react-markdown>unist-util-visit": "-",
10-05 18:48:25.238 I/AstrBotEngine: [NAPCAT]       "@tencent/yuanbao-react-markdown>vfile": "-",
10-05 18:48:25.271 I/AstrBotEngine: [NAPCAT]       "@types/d3-dispatch": "3.0.6"
10-05 18:48:25.294 I/AstrBotEngine: [NAPCAT]     }
10-05 18:48:25.316 I/AstrBotEngine: [NAPCAT]   },
10-05 18:48:25.331 I/AstrBotEngine: [NAPCAT]   "buildVersion": "52892",
10-05 18:48:25.351 I/AstrBotEngine: [NAPCAT]   "platform": "linux",
10-05 18:48:25.399 I/AstrBotEngine: [NAPCAT]   "eleArch": "arm64",
10-05 18:48:25.431 I/AstrBotEngine: [NAPCAT]   "linuxFormat": "deb"
10-05 18:48:25.462 I/AstrBotEngine: [NAPCAT] }
10-05 18:48:25.491 I/AstrBotEngine: [NAPCAT] prepare write and writev hooks
10-05 18:48:25.532 I/AstrBotEngine: [NAPCAT] 10-05 18:48:22 [info] [PacketHandler] 加载成功
10-05 18:48:25.569 I/AstrBotEngine: [NAPCAT] 10-05 18:48:22 [info] [Napi2NativeLoader] 加载成功
10-05 18:48:25.593 I/AstrBotEngine: [NAPCAT] 10-05 18:48:22 [info] [FFmpeg] 检查 Native Addon 可用性...
10-05 18:48:25.616 I/AstrBotEngine: [NAPCAT] 10-05 18:48:22 [info] [FFmpeg] ✓ 使用 Native Addon 适配器
10-05 18:48:25.641 I/AstrBotEngine: [NAPCAT] 10-05 18:48:22 [info] [PacketHandler] 初始化成功
10-05 18:48:25.676 I/AstrBotEngine: [NAPCAT] 10-05 18:48:22 [info] [NapCat] [Core] NapCat.Core Version: 4.18.29
10-05 18:48:25.709 I/AstrBotEngine: [NAPCAT] [I] <MemoryFile.cpp:98::open> open fd[0x27], /root/.config/QQ/nt_qq/global/nt_data/mmkv/nt_mmkv_global_misc.crc
10-05 18:48:25.733 I/AstrBotEngine: [NAPCAT] [I] <MMKV_IO.cpp:213::loadMetaInfoAndCheck> meta file [nt_mmkv_global_misc] has flag [0]
10-05 18:48:25.770 I/AstrBotEngine: [NAPCAT] [I] <MMKV_IO.cpp:87::loadFromFile> loading [nt_mmkv_global_misc] with 77 actual size, file size 4096, InterProcess 1, meta info version:4
10-05 18:48:25.812 I/AstrBotEngine: [NAPCAT] [I] <MMKV_IO.cpp:92::loadFromFile> loading [nt_mmkv_global_misc] with crc 1813886533 sequence 1 version 4
10-05 18:48:25.847 I/AstrBotEngine: [NAPCAT] [I] <MMKV_IO.cpp:136::loadFromFile> loaded [nt_mmkv_global_misc] with 2 key-values
10-05 18:48:25.874 I/AstrBotEngine: [NAPCAT] [I] <MMKV.cpp:233::initializeMMKV> root dir: /root/.config/QQ/nt_qq/global/nt_data/mmkv
10-05 18:48:25.900 I/AstrBotEngine: [NAPCAT] [I] <MemoryFile.cpp:98::open> open fd[0x28], /root/.config/QQ/nt_qq/global/nt_data/mmkv/nt_mmkv_o3
10-05 18:48:25.923 I/AstrBotEngine: [NAPCAT] [I] <MemoryFile.cpp:98::open> open fd[0x29], /root/.config/QQ/nt_qq/global/nt_data/mmkv/nt_mmkv_o3.crc
10-05 18:48:25.947 I/AstrBotEngine: [NAPCAT] [I] <MMKV_IO.cpp:213::loadMetaInfoAndCheck> meta file [nt_mmkv_o3] has flag [0]
10-05 18:48:25.972 I/AstrBotEngine: [NAPCAT] [I] <MMKV_IO.cpp:87::loadFromFile> loading [nt_mmkv_o3] with 111 actual size, file size 4096, InterProcess 1, meta info version:4
10-05 18:48:26.000 I/AstrBotEngine: [NAPCAT] [I] <MMKV_IO.cpp:92::loadFromFile> loading [nt_mmkv_o3] with crc 3792612646 sequence 1 version 4
10-05 18:48:26.031 I/AstrBotEngine: [NAPCAT] [I] <MMKV_IO.cpp:136::loadFromFile> loaded [nt_mmkv_o3] with 2 key-values
10-05 18:48:26.060 I/AstrBotEngine: [NAPCAT] 10-05 18:48:22 [error] [NapCat] [UtilityProcess] Worker进程退出，退出码: 11
10-05 18:48:26.093 I/AstrBotEngine: [NAPCAT] 10-05 18:48:22 [error] [NapCat] [UtilityProcess] Worker进程在 10 秒内异常退出 3 次，主进程退出
10-05 18:48:26.115 I/AstrBotEngine: [NAPCAT] 10-05 18:48:22 [warn] [NapCat] [UtilityProcess] Worker进程意外退出 (3/3)，正在尝试重新拉起...
10-05 18:48:26.149 I/AstrBotEngine: [NAPCAT] [launcher] loadNapCat.js generated in current directory
10-05 18:48:38.436 I/AstrBotEngine: [AstrBot Android] NapCat 启动中…（已等待 30 秒，QQ 首次引导较慢）
10-05 18:49:08.700 I/AstrBotEngine: [AstrBot Android] NapCat 启动中…（已等待 60 秒，QQ 首次引导较慢）
10-05 18:49:38.791 I/AstrBotEngine: [AstrBot Android] NapCat 启动中…（已等待 90 秒，QQ 首次引导较慢）
10-05 18:50:08.901 I/AstrBotEngine: [AstrBot Android] NapCat 启动中…（已等待 120 秒，QQ 首次引导较慢）
10-05 18:50:39.183 I/AstrBotEngine: [AstrBot Android] NapCat 启动中…（已等待 150 秒，QQ 首次引导较慢）
10-05 18:51:09.285 I/AstrBotEngine: [AstrBot Android] NapCat 启动中…（已等待 180 秒，QQ 首次引导较慢）
10-05 18:51:39.439 I/AstrBotEngine: [AstrBot Android] NapCat 启动中…（已等待 210 秒，QQ 首次引导较慢）
10-05 18:52:09.908 I/AstrBotEngine: [AstrBot Android] NapCat 启动中…（已等待 240 秒，QQ 首次引导较慢）
10-05 18:52:40.050 I/AstrBotEngine: [AstrBot Android] NapCat 启动中…（已等待 270 秒，QQ 首次引导较慢）
10-05 18:53:10.192 I/AstrBotEngine: [AstrBot Android] NapCat 启动中…（已等待 300 秒，QQ 首次引导较慢）
10-05 18:53:15.217 I/AstrBotEngine: [AstrBot Android] NapCat 仍在启动（QQ 未登录时端口不会开启；可开 WebUI :5099 扫码，App 会持续自动检测）
10-05 18:53:15.234 I/AstrBotEngine: [31m- NapCat 运行中（仅 NapCat 模式）[0m
10-05 18:53:57.562 I/AstrBotEngine: 引擎输出读取结束（主动停止）

===== BandQQ 2.27.0(vc70) 会话开始 10-05 21:44:05.217 =====
10-05 21:44:05.210 I/FileLogger: 设备: Xiaomi 22041216C (xaga)
10-05 21:44:05.217 I/FileLogger: 系统: Android 15 (SDK 35) HyperOS OS2.0
10-05 21:44:05.217 I/FileLogger: 应用: BandQQ 2.27.0(vc70)  日志目录: /storage/emulated/0/Android/data/io.github.gsjsjzhznsz.bandqq/files/logs
10-05 21:44:05.221 W/FileLogger: 小米运动健康: 未安装（互联通道必需，未安装则发现不了手环节点）
10-05 21:44:05.222 I/FileLogger: 权限-蓝牙连接: 已授权
10-05 21:44:05.233 I/FileLogger: 权限-通知: 已授权
10-05 21:44:05.234 I/FileLogger: 电池优化白名单: 未加入
10-05 21:44:05.235 I/FileLogger: 无障碍保活: 未开启
10-05 21:44:05.235 I/FileLogger: 提示: 运动健康「设备授权管理」条目在 APP 发起 DEVICE_MANAGER 授权请求后才生成，开启同步服务并连接一次即会触发
10-05 21:44:15.249 I/AstrBotEngine: 启动脚本已与 APK 资产对齐（v2.27.0 每次启动强制刷新）
10-05 21:44:15.252 I/AstrBotEngine: AstrBot 机器人开关已关闭：本次仅启动 NapCat（手环 QQ 直连），不安装/启动 AstrBot
10-05 21:44:15.253 I/AstrBotEngine: 拉起容器（proot → astrbot-startup.sh）…
10-05 21:44:15.417 I/AstrBotEngine: [AstrBot Android] resolv.conf 已重写（原: nameserver 8.8.8.8 → 公共解析器x4）
10-05 21:44:15.517 I/AstrBotEngine: [AstrBot Android] DNS 自检通过（getent 解析正常）
10-05 21:44:15.520 I/AstrBotEngine: [STAGE:5:仅 NapCat 模式（AstrBot 机器人开关已关闭）]
10-05 21:44:15.521 I/AstrBotEngine: [31m- 仅 NapCat 模式（AstrBot 机器人开关已关闭）[0m
10-05 21:44:16.137 I/AstrBotEngine: 反检测已全部开启：napcat.json（hook/window/module/process/container/js + o3HookMode）
10-05 21:44:16.220 I/AstrBotEngine: 反检测已全部开启：napcat_3836305211.json（hook/window/module/process/container/js + o3HookMode）
10-05 21:44:16.310 I/AstrBotEngine: 反检测已全部开启：napcat_protocol_3836305211.json（hook/window/module/process/container/js + o3HookMode）
10-05 21:44:16.311 I/AstrBotEngine: [AstrBot Android] 反检测已自动全开（重启 NapCat 生效，看门狗/启动链会自动重启）
10-05 21:44:16.523 I/AstrBotEngine: [AstrBot Android] 检测到 NapCat 非钉扎版 v4.18.28（漂移版在本环境有 Worker SIGSEGV 崩溃循环）——立即重装钉扎版（配置保留）...
10-05 21:44:16.524 I/AstrBotEngine: [AstrBot Android] 重装 NapCat v4.18.28（配置保留）...
10-05 21:44:16.878 I/AstrBotEngine: 开始网络测试: Github...
10-05 21:44:18.281 I/AstrBotEngine: 将使用Github代理: https://ghfast.top（多源竞速）
10-05 21:44:18.295 I/AstrBotEngine: 下载源: https://ghfast.top → install.sh
10-05 21:44:18.324 I/AstrBotEngine:   % Total    % Received % Xferd  Average Speed   Time    Time     Time  Current
10-05 21:44:18.326 I/AstrBotEngine:                                  Dload  Upload   Total   Spent    Left  Speed
10-05 21:44:19.175 I/AstrBotEngine:   0     0    0     0    0     0      0      0 --:--:-- --:--:-- --:--:--     0
10-05 21:44:19.602 I/AstrBotEngine:   0     0    0     0    0     0      0      0 --:--:-- --:--:-- --:--:--     0
10-05 21:44:19.603 I/AstrBotEngine: 100  9610  100  9610    0     0   7518      0  0:00:01  0:00:01 --:--:--  7525
10-05 21:44:19.936 I/AstrBotEngine: 预下载 NapCat v4.18.28 离线包（多源竞速，20 秒无数据自动换源）...
10-05 21:44:19.937 I/AstrBotEngine: 复用已选 Github 代理: https://ghfast.top
10-05 21:44:19.958 I/AstrBotEngine: 下载源: https://ghfast.top → NapCat.Shell.zip
10-05 21:44:20.000 I/AstrBotEngine:   % Total    % Received % Xferd  Average Speed   Time    Time     Time  Current
10-05 21:44:20.001 I/AstrBotEngine:                                  Dload  Upload   Total   Spent    Left  Speed
10-05 21:44:20.062 I/AstrBotEngine:   0     0    0     0    0     0      0      0 --:--:-- --:--:-- --:--:--     0
10-05 21:44:21.064 I/AstrBotEngine:   0     0    0     0    0     0      0      0 --:--:-- --:--:-- --:--:--     0
10-05 21:44:22.098 I/AstrBotEngine:   0     0    0     0    0     0      0      0 --:--:--  0:00:01 --:--:--     0
10-05 21:44:23.141 I/AstrBotEngine:   1 28.1M    1  303k    0     0   144k      0  0:03:19  0:00:02  0:03:17  144k
10-05 21:44:24.189 I/AstrBotEngine:   5 28.1M    5 1679k    0     0   534k      0  0:00:53  0:00:03  0:00:50  534k
10-05 21:44:25.082 I/AstrBotEngine:  13 28.1M   13 3839k    0     0   916k      0  0:00:31  0:00:04  0:00:27  916k
10-05 21:44:26.102 I/AstrBotEngine:  23 28.1M   23 6703k    0     0  1318k      0  0:00:21  0:00:05  0:00:16 1335k
10-05 21:44:27.071 I/AstrBotEngine:  32 28.1M   32 9439k    0     0  1546k      0  0:00:18  0:00:06  0:00:12 1873k
10-05 21:44:28.055 I/AstrBotEngine:  46 28.1M   46 13.0M    0     0  1886k      0  0:00:15  0:00:07  0:00:08 2621k
10-05 21:44:29.098 I/AstrBotEngine:  59 28.1M   59 16.6M    0     0  2116k      0  0:00:13  0:00:08  0:00:05 3128k
10-05 21:44:30.076 I/AstrBotEngine:  75 28.1M   75 21.2M    0     0  2387k      0  0:00:12  0:00:09  0:00:03 3643k
10-05 21:44:30.473 I/AstrBotEngine:  90 28.1M   90 25.3M    0     0  2579k      0  0:00:11  0:00:10  0:00:01 3863k
10-05 21:44:30.475 I/AstrBotEngine: 100 28.1M  100 28.1M    0     0  2750k      0  0:00:10  0:00:10 --:--:-- 4432k
10-05 21:44:31.364 I/AstrBotEngine: NapCat 离线包预下载完成（上游脚本将跳过其内部下载）
10-05 21:44:31.422 I/AstrBotEngine: [H[2J[3J[0;1;34;94m[2026-10-05 21:44:31]: NapCat Shell 安装脚本 [0m
10-05 21:44:31.430 I/AstrBotEngine: [0;1;34;94m[2026-10-05 21:44:31]: 脚本正在以 root 权限运行。 [0m
10-05 21:44:31.438 I/AstrBotEngine: [0;1;34;94m[2026-10-05 21:44:31]: 开始更新依赖... [0m
10-05 21:44:31.450 I/AstrBotEngine: [0;1;34;94m[2026-10-05 21:44:31]: 当前高级包管理器: apt-get [0m
10-05 21:44:40.241 I/AstrBotEngine: [0;1;32;92m[2026-10-05 21:44:40]: 依赖安装成功... [0m
10-05 21:44:40.261 I/AstrBotEngine: [0;1;33;93m[2026-10-05 21:44:40]: 检测到已下载NapCat安装包,跳过下载... [0m
10-05 21:44:40.277 I/AstrBotEngine: [0;1;34;94m[2026-10-05 21:44:40]: 正在验证 NapCat.Shell.zip... [0m
10-05 21:44:41.280 I/AstrBotEngine: [0;1;34;94m[2026-10-05 21:44:41]: 正在解压 NapCat.Shell.zip... [0m
10-05 21:44:42.918 I/AstrBotEngine: [0;1;33;93m[2026-10-05 21:44:42]: LinuxQQ 已由 AstrBot Android 安装，跳过上游重复安装 [0m
10-05 21:44:42.962 I/AstrBotEngine: [0;1;34;94m[2026-10-05 21:44:42]: 当前系统架构: arm64 [0m
10-05 21:44:42.975 I/AstrBotEngine: [0;1;34;94m[2026-10-05 21:44:42]: 开始网络测试: Github... [0m
10-05 21:44:42.986 I/AstrBotEngine: [0;1;34;94m[2026-10-05 21:44:42]: 测试代理: https://ghfast.top [0m
10-05 21:44:44.311 I/AstrBotEngine: [0;1;34;94m[2026-10-05 21:44:44]: 将使用Github代理: https://ghfast.top [0m
10-05 21:44:44.322 I/AstrBotEngine: [0;1;34;94m[2026-10-05 21:44:44]: 开始下载 launcher.cpp ... [0m
10-05 21:44:44.487 I/AstrBotEngine: #=#=#                                                                          
10-05 21:44:44.615 I/AstrBotEngine: ##O#-#                                                                         
10-05 21:44:44.876 I/AstrBotEngine: ##O=#  #                                                                       
10-05 21:44:44.980 I/AstrBotEngine: #=#=-#  #                                                                      
10-05 21:44:45.155 I/AstrBotEngine: -#O#- #   #                                                                    
10-05 21:44:45.329 I/AstrBotEngine: -=#=#   #   #                                                                  
10-05 21:44:45.472 I/AstrBotEngine: -=O#-#   #   #                                                                 
10-05 21:44:45.492 I/AstrBotEngine: ######################################################################## 100.0%
10-05 21:44:45.511 I/AstrBotEngine: [0;1;32;92m[2026-10-05 21:44:45]: launcher.cpp 下载成功。 [0m
10-05 21:44:45.523 I/AstrBotEngine: [0;1;34;94m[2026-10-05 21:44:45]: 正在编译 libnapcat_launcher.so ... [0m
10-05 21:44:46.427 I/AstrBotEngine: [0;1;32;92m[2026-10-05 21:44:46]: libnapcat_launcher.so 编译成功。 [0m
10-05 21:44:46.470 I/AstrBotEngine: [0;1;34;94m[2026-10-05 21:44:46]: 启动步骤: [0m
10-05 21:44:46.477 I/AstrBotEngine: [0;1;34;94m[2026-10-05 21:44:46]: 输入 Xvfb :1 -screen 0 1x1x8 +extension GLX +render > /dev/null 2>&1 & [0m
10-05 21:44:46.485 I/AstrBotEngine: [0;1;34;94m[2026-10-05 21:44:46]: 输入 export DISPLAY=:1 [0m
10-05 21:44:46.495 I/AstrBotEngine: [0;1;34;94m[2026-10-05 21:44:46]: 输入 sudo su [0m
10-05 21:44:46.509 I/AstrBotEngine: [0;1;34;94m[2026-10-05 21:44:46]: 输入 LD_PRELOAD=./libnapcat_launcher.so qq --no-sandbox [0m
10-05 21:44:46.522 I/AstrBotEngine: [0;1;34;94m[2026-10-05 21:44:46]: 或直接运行 sudo bash ./launcher.sh 启动 NapCat Shell [0m
10-05 21:44:47.109 I/AstrBotEngine: [AstrBot Android] 钉扎版 v4.18.28 重装完成，崩溃源已移除
10-05 21:44:47.517 I/AstrBotEngine: [STAGE:90:启动 NapCat（首次需扫码登录 QQ，Token 在 App「密码与登录」卡复制）]
10-05 21:44:47.518 I/AstrBotEngine: [31m- 启动 NapCat（首次需扫码登录 QQ，Token 在 App「密码与登录」卡复制）[0m
10-05 21:44:47.519 I/AstrBotEngine: [31m- NapCat 启动中[0m
10-05 21:44:47.734 I/AstrBotEngine: [AstrBot Android] NapCat 已后台拉起（控制台: /root/napcat/napcat-console.log）
10-05 21:44:47.760 I/AstrBotEngine: [AstrBot Android] QQ 登录完成后 OneBot :3001/:3000 自动可用；未登录时打开 WebUI :5099 扫码
10-05 21:44:47.761 I/AstrBotEngine: [AstrBot Android] NapCat 看门狗已启动（2 分钟巡检：进程保活 + 崩溃自愈阶梯 + 版本钉扎强制执行 + 登录后配置自动升级重启）
10-05 21:44:47.762 I/AstrBotEngine: [STAGE:92:NapCat 启动中（QQ 引导完成后 :3001/:3000 生效；AstrBot 已按开关关闭）]
10-05 21:44:47.763 I/AstrBotEngine: [31m- NapCat 启动中（QQ 引导完成后 :3001/:3000 生效；AstrBot 已按开关关闭）[0m
10-05 21:44:48.149 I/AstrBotEngine: [NAPCAT] [launcher] loadNapCat.js generated in current directory
10-05 21:44:48.165 I/AstrBotEngine: [NAPCAT] not mini app. 
10-05 21:44:48.276 I/AstrBotEngine: [NAPCAT] [launcher] loadNapCat.js generated in current directory
10-05 21:44:48.299 I/AstrBotEngine: [NAPCAT] [preload] succeeded. /opt/QQ/resources/app/major.node
10-05 21:44:48.314 I/AstrBotEngine: [NAPCAT] [launcher] loadNapCat.js generated in current directory
10-05 21:44:48.338 I/AstrBotEngine: [NAPCAT] [preload] succeeded. /opt/QQ/resources/app/major.node
10-05 21:44:48.360 I/AstrBotEngine: [NAPCAT] [16281:1005/214448.283255:ERROR:base/files/file_path_watcher_inotify.cc:923] Failed to read /proc/sys/fs/inotify/max_user_watches
10-05 21:44:48.379 I/AstrBotEngine: [NAPCAT] [16280:1005/214448.293091:ERROR:base/files/file_path_watcher_inotify.cc:923] Failed to read /proc/sys/fs/inotify/max_user_watches
10-05 21:44:48.395 I/AstrBotEngine: [NAPCAT] [16260:1005/214448.338308:ERROR:dbus/bus.cc:406] Failed to connect to the bus: Failed to connect to socket /run/dbus/system_bus_socket: No such file or director
10-05 21:44:48.549 I/AstrBotEngine: [NAPCAT] resourcesPath: /opt/QQ/resources
10-05 21:44:48.568 I/AstrBotEngine: [NAPCAT] [launcher] intercepted package.json: /opt/QQ/resources/app/package.json, replacing content
10-05 21:44:48.587 I/AstrBotEngine: [NAPCAT] [launcher] Generated relative path: ../../../../root
10-05 21:44:48.614 I/AstrBotEngine: [NAPCAT] [launcher] New main field: "main": "../../../../root/loadNapCat.js"
10-05 21:44:48.636 I/AstrBotEngine: [NAPCAT] [launcher] package.json content: {
10-05 21:44:48.660 I/AstrBotEngine: [NAPCAT]   "name": "QQ",
10-05 21:44:48.677 I/AstrBotEngine: [NAPCAT]   "version": "3.2.33-52892",
10-05 21:44:48.699 I/AstrBotEngine: [NAPCAT]   "private": true,
10-05 21:44:48.719 I/AstrBotEngine: [NAPCAT]   "description": "QQ",
10-05 21:44:48.736 I/AstrBotEngine: [NAPCAT]   "productName": "QQ",
10-05 21:44:48.765 I/AstrBotEngine: [NAPCAT]   "author": {
10-05 21:44:48.799 I/AstrBotEngine: [NAPCAT]     "name": "Tencent",
10-05 21:44:48.822 I/AstrBotEngine: [NAPCAT]     "email": "QQ-Team@tencent.com"
10-05 21:44:48.844 I/AstrBotEngine: [NAPCAT]   },
10-05 21:44:48.858 I/AstrBotEngine: [NAPCAT]   "homepage": "https://im.qq.com",
10-05 21:44:48.876 I/AstrBotEngine: [NAPCAT]   "sideEffects": true,
10-05 21:44:48.897 I/AstrBotEngine: [NAPCAT]   "bin": {
10-05 21:44:48.914 I/AstrBotEngine: [NAPCAT]     "qd": "externals/devtools/cli/index.js"
10-05 21:44:48.933 I/AstrBotEngine: [NAPCAT]   },
10-05 21:44:48.950 I/AstrBotEngine: [NAPCAT]   "appid": {
10-05 21:44:48.967 I/AstrBotEngine: [NAPCAT]     "win32": "537382716",
10-05 21:44:48.987 I/AstrBotEngine: [NAPCAT]     "darwin": "537382742",
10-05 21:44:49.006 I/AstrBotEngine: [NAPCAT]     "linux": "537382753",
10-05 21:44:49.024 I/AstrBotEngine: [NAPCAT]     "ohos": "5373141859"
10-05 21:44:49.043 I/AstrBotEngine: [NAPCAT]   },
10-05 21:44:49.059 I/AstrBotEngine: [NAPCAT]   "main": "../../../../root/loadNapCat.js",
10-05 21:44:49.079 I/AstrBotEngine: [NAPCAT]   "peerDependenciesMeta": {
10-05 21:44:49.100 I/AstrBotEngine: [NAPCAT]     "*": {
10-05 21:44:49.117 I/AstrBotEngine: [NAPCAT]       "optional": true
10-05 21:44:49.139 I/AstrBotEngine: [NAPCAT]     }
10-05 21:44:49.171 I/AstrBotEngine: [NAPCAT]   },
10-05 21:44:49.196 I/AstrBotEngine: [NAPCAT]   "pnpm": {
10-05 21:44:49.218 I/AstrBotEngine: [NAPCAT]     "patchedDependencies": {
10-05 21:44:49.240 I/AstrBotEngine: [NAPCAT]       "@vue/runtime-dom@3.5.12": "patches/@vue__runtime-dom@3.5.12.patch",
10-05 21:44:49.256 I/AstrBotEngine: [NAPCAT]       "@swc/helpers@0.5.3": "patches/@swc__helpers@0.5.3.patch",
10-05 21:44:49.277 I/AstrBotEngine: [NAPCAT]       "vuex@4.1.0": "patches/vuex@4.1.0.patch",
10-05 21:44:49.300 I/AstrBotEngine: [NAPCAT]       "typescript-parser@2.6.1": "patches/typescript-parser@2.6.1.patch",
10-05 21:44:49.316 I/AstrBotEngine: [NAPCAT]       "@tencent/qqplay-downloadsdk": "patches/@tencent__qqplay-downloadsdk.patch",
10-05 21:44:49.339 I/AstrBotEngine: [NAPCAT]       "@tencent/universal-report@4.5.4": "patches/@tencent__universal-report@4.5.4.patch",
10-05 21:44:49.361 I/AstrBotEngine: [NAPCAT]       "typescript@7.0.2": "patches/typescript@7.0.2.patch"
10-05 21:44:49.385 I/AstrBotEngine: [NAPCAT]     },
10-05 21:44:49.416 I/AstrBotEngine: [NAPCAT]     "packageExtensions": {
10-05 21:44:49.440 I/AstrBotEngine: [NAPCAT]       "qute": {
10-05 21:44:49.460 I/AstrBotEngine: [NAPCAT]         "dependencies": {},
10-05 21:44:49.479 I/AstrBotEngine: [NAPCAT]         "devDependencies": {}
10-05 21:44:49.500 I/AstrBotEngine: [NAPCAT]       }
10-05 21:44:49.516 I/AstrBotEngine: [NAPCAT]     },
10-05 21:44:49.538 I/AstrBotEngine: [NAPCAT]     "overrides": {
10-05 21:44:49.559 I/AstrBotEngine: [NAPCAT]       "@types/react": "-",
10-05 21:44:49.574 I/AstrBotEngine: [NAPCAT]       "@types/react-dom": "-",
10-05 21:44:49.594 I/AstrBotEngine: [NAPCAT]       "@tencent/yuanbao-react-markdown>@types/hast": "-",
10-05 21:44:49.612 I/AstrBotEngine: [NAPCAT]       "@tencent/yuanbao-react-markdown>devlop": "-",
10-05 21:44:49.635 I/AstrBotEngine: [NAPCAT]       "@tencent/yuanbao-react-markdown>hast-util-to-jsx-runtime": "-",
10-05 21:44:49.650 I/AstrBotEngine: [NAPCAT]       "@tencent/yuanbao-react-markdown>html-url-attributes": "-",
10-05 21:44:49.682 I/AstrBotEngine: [NAPCAT]       "@tencent/yuanbao-react-markdown>mdast-util-to-hast": "-",
10-05 21:44:49.707 I/AstrBotEngine: [NAPCAT]       "@tencent/yuanbao-react-markdown>rehype-parse": "-",
10-05 21:44:49.734 I/AstrBotEngine: [NAPCAT]       "@tencent/yuanbao-react-markdown>rehype-stringify": "-",
10-05 21:44:49.752 I/AstrBotEngine: [NAPCAT]       "@tencent/yuanbao-react-markdown>remark-parse": "-",
10-05 21:44:49.774 I/AstrBotEngine: [NAPCAT]       "@tencent/yuanbao-react-markdown>remark-rehype": "-",
10-05 21:44:49.795 I/AstrBotEngine: [NAPCAT]       "@tencent/yuanbao-react-markdown>unified": "-",
10-05 21:44:49.817 I/AstrBotEngine: [NAPCAT]       "@tencent/yuanbao-react-markdown>unist-util-visit": "-",
10-05 21:44:49.833 I/AstrBotEngine: [NAPCAT]       "@tencent/yuanbao-react-markdown>vfile": "-",
10-05 21:44:49.853 I/AstrBotEngine: [NAPCAT]       "@types/d3-dispatch": "3.0.6"
10-05 21:44:49.871 I/AstrBotEngine: [NAPCAT]     }
10-05 21:44:49.887 I/AstrBotEngine: [NAPCAT]   },
10-05 21:44:49.908 I/AstrBotEngine: [NAPCAT]   "buildVersion": "52892",
10-05 21:44:49.924 I/AstrBotEngine: [NAPCAT]   "platform": "linux",
10-05 21:44:49.941 I/AstrBotEngine: [NAPCAT]   "eleArch": "arm64",
10-05 21:44:49.961 I/AstrBotEngine: [NAPCAT]   "linuxFormat": "deb"
10-05 21:44:49.984 I/AstrBotEngine: [NAPCAT] }
10-05 21:44:50.087 I/AstrBotEngine: [NAPCAT] [16260:1005/214450.071904:ERROR:dbus/bus.cc:406] Failed to connect to the bus: Could not parse server address: Unknown address type (examples of valid types are
10-05 21:44:50.121 I/AstrBotEngine: [NAPCAT] [16260:1005/214450.072212:ERROR:dbus/bus.cc:406] Failed to connect to the bus: Could not parse server address: Unknown address type (examples of valid types are
10-05 21:44:50.182 I/AstrBotEngine: [NAPCAT] [16260:1005/214450.072527:ERROR:net/base/address_tracker_linux.cc:242] Could not bind NETLINK socket: Permission denied (13)
10-05 21:44:50.213 I/AstrBotEngine: [NAPCAT] [16260:1005/214450.072834:ERROR:base/files/file_path_watcher_inotify.cc:923] Failed to read /proc/sys/fs/inotify/max_user_watches
10-05 21:44:50.247 I/AstrBotEngine: [NAPCAT] [16260:1005/214450.072956:ERROR:dbus/bus.cc:406] Failed to connect to the bus: Failed to connect to socket /run/dbus/system_bus_socket: No such file or director
10-05 21:44:50.278 I/AstrBotEngine: [NAPCAT] [16260:1005/214450.073466:ERROR:dbus/bus.cc:406] Failed to connect to the bus: Failed to connect to socket /run/dbus/system_bus_socket: No such file or director
10-05 21:44:50.318 I/AstrBotEngine: [NAPCAT] [16260:1005/214450.110486:ERROR:device/udev_linux/udev_watcher.cc:51] Failed to initialize a udev monitor.
10-05 21:44:50.377 I/AstrBotEngine: [NAPCAT] [16260:1005/214450.133710:ERROR:dbus/object_proxy.cc:573] Failed to call method: org.freedesktop.DBus.NameHasOwner: object_path= /org/freedesktop/DBus: unknown 
10-05 21:44:50.403 I/AstrBotEngine: [NAPCAT] [16260:1005/214450.133836:ERROR:dbus/object_proxy.cc:573] Failed to call method: org.freedesktop.DBus.NameHasOwner: object_path= /org/freedesktop/DBus: unknown 
10-05 21:44:50.432 I/AstrBotEngine: [NAPCAT] [16260:1005/214450.134520:ERROR:dbus/bus.cc:406] Failed to connect to the bus: Could not parse server address: Unknown address type (examples of valid types are
10-05 21:44:50.458 I/AstrBotEngine: [NAPCAT] [16260:1005/214450.134563:ERROR:dbus/bus.cc:406] Failed to connect to the bus: Could not parse server address: Unknown address type (examples of valid types are
10-05 21:44:50.485 I/AstrBotEngine: [NAPCAT] [16260:1005/214450.134579:ERROR:dbus/object_proxy.cc:573] Failed to call method: org.freedesktop.DBus.NameHasOwner: object_path= /org/freedesktop/DBus: unknown 
10-05 21:44:50.510 I/AstrBotEngine: [NAPCAT] [16260:1005/214450.145192:ERROR:dbus/object_proxy.cc:573] Failed to call method: org.freedesktop.DBus.NameHasOwner: object_path= /org/freedesktop/DBus: unknown 
10-05 21:44:50.534 I/AstrBotEngine: [NAPCAT] [16736:1005/214450.274832:ERROR:base/files/file_path_watcher_inotify.cc:923] Failed to read /proc/sys/fs/inotify/max_user_watches
10-05 21:44:50.564 I/AstrBotEngine: [NAPCAT] [launcher] loadNapCat.js generated in current directory
10-05 21:44:50.590 I/AstrBotEngine: [NAPCAT] [16734:1005/214450.366298:ERROR:net/base/address_tracker_linux.cc:242] Could not bind NETLINK socket: Permission denied (13)
10-05 21:44:50.625 I/AstrBotEngine: [NAPCAT] [16734:1005/214450.366525:ERROR:base/files/file_path_watcher_inotify.cc:923] Failed to read /proc/sys/fs/inotify/max_user_watches
10-05 21:44:50.695 I/AstrBotEngine: [NAPCAT] [16717:1005/214450.675572:ERROR:ui/gl/angle_platform_impl.cc:42] Display.cpp:1097 (initialize): ANGLE Display::initialize error 12289: GLX is not present.
10-05 21:44:50.718 I/AstrBotEngine: [NAPCAT] ERR: Display.cpp:1097 (initialize): ANGLE Display::initialize error 12289: GLX is not present.
10-05 21:44:50.748 I/AstrBotEngine: [NAPCAT] [16717:1005/214450.675947:ERROR:ui/gl/egl_util.cc:92] EGL Driver message (Critical) eglInitialize: GLX is not present.
10-05 21:44:50.770 I/AstrBotEngine: [NAPCAT] [16717:1005/214450.676237:ERROR:ui/gl/gl_display.cc:639] eglInitialize OpenGL failed with error EGL_NOT_INITIALIZED, trying next display type
10-05 21:44:50.798 I/AstrBotEngine: [NAPCAT] [16717:1005/214450.676665:ERROR:ui/gl/angle_platform_impl.cc:42] Display.cpp:1097 (initialize): ANGLE Display::initialize error 12289: GLX is not present.
10-05 21:44:50.817 I/AstrBotEngine: [NAPCAT] ERR: Display.cpp:1097 (initialize): ANGLE Display::initialize error 12289: GLX is not present.
10-05 21:44:50.843 I/AstrBotEngine: [NAPCAT] [16717:1005/214450.677009:ERROR:ui/gl/egl_util.cc:92] EGL Driver message (Critical) eglInitialize: GLX is not present.
10-05 21:44:50.885 I/AstrBotEngine: [NAPCAT] [16717:1005/214450.677524:ERROR:ui/gl/gl_display.cc:639] eglInitialize OpenGLES failed with error EGL_NOT_INITIALIZED
10-05 21:44:50.915 I/AstrBotEngine: [NAPCAT] [16717:1005/214450.678032:ERROR:ui/gl/gl_display.cc:674] Initialization of all EGL display types failed.
10-05 21:44:50.932 I/AstrBotEngine: [NAPCAT] [16717:1005/214450.679043:ERROR:ui/ozone/common/gl_ozone_egl.cc:26] GLDisplayEGL::Initialize failed.
10-05 21:44:50.968 I/AstrBotEngine: [NAPCAT] [16717:1005/214450.941774:ERROR:ui/gl/angle_platform_impl.cc:42] Display.cpp:1097 (initialize): ANGLE Display::initialize error 12289: GLX is not present.
10-05 21:44:50.995 I/AstrBotEngine: [NAPCAT] ERR: Display.cpp:1097 (initialize): ANGLE Display::initialize error 12289: GLX is not present.
10-05 21:44:51.013 I/AstrBotEngine: [NAPCAT] [16717:1005/214450.942185:ERROR:ui/gl/egl_util.cc:92] EGL Driver message (Critical) eglInitialize: GLX is not present.
10-05 21:44:51.040 I/AstrBotEngine: [NAPCAT] [16717:1005/214450.943090:ERROR:ui/gl/gl_display.cc:639] eglInitialize OpenGL failed with error EGL_NOT_INITIALIZED, trying next display type
10-05 21:44:51.064 I/AstrBotEngine: [NAPCAT] [16717:1005/214450.944184:ERROR:ui/gl/angle_platform_impl.cc:42] Display.cpp:1097 (initialize): ANGLE Display::initialize error 12289: GLX is not present.
10-05 21:44:51.090 I/AstrBotEngine: [NAPCAT] ERR: Display.cpp:1097 (initialize): ANGLE Display::initialize error 12289: GLX is not present.
10-05 21:44:51.108 I/AstrBotEngine: [NAPCAT] [16717:1005/214450.944494:ERROR:ui/gl/egl_util.cc:92] EGL Driver message (Critical) eglInitialize: GLX is not present.
10-05 21:44:51.130 I/AstrBotEngine: [NAPCAT] [16717:1005/214450.944683:ERROR:ui/gl/gl_display.cc:639] eglInitialize OpenGLES failed with error EGL_NOT_INITIALIZED
10-05 21:44:51.146 I/AstrBotEngine: [NAPCAT] [16717:1005/214450.945180:ERROR:ui/gl/gl_display.cc:674] Initialization of all EGL display types failed.
10-05 21:44:51.164 I/AstrBotEngine: [NAPCAT] [16717:1005/214450.945749:ERROR:ui/ozone/common/gl_ozone_egl.cc:26] GLDisplayEGL::Initialize failed.
10-05 21:44:51.185 I/AstrBotEngine: [NAPCAT] [16717:1005/214450.958000:ERROR:components/viz/service/main/viz_main_impl.cc:189] Exiting GPU process due to errors during initialization
10-05 21:44:51.673 I/AstrBotEngine: [NAPCAT] NapCat Shell App Loading...
10-05 21:44:51.707 I/AstrBotEngine: [NAPCAT] [launcher] intercepted package.json: /opt/QQ/resources/app/package.json, replacing content
10-05 21:44:51.736 I/AstrBotEngine: [NAPCAT] [launcher] Generated relative path: ../../../../root
10-05 21:44:51.761 I/AstrBotEngine: [NAPCAT] [launcher] New main field: "main": "../../../../root/loadNapCat.js"
10-05 21:44:51.781 I/AstrBotEngine: [NAPCAT] [launcher] package.json content: {
10-05 21:44:51.809 I/AstrBotEngine: [NAPCAT]   "name": "QQ",
10-05 21:44:51.837 I/AstrBotEngine: [NAPCAT]   "version": "3.2.33-52892",
10-05 21:44:51.855 I/AstrBotEngine: [NAPCAT]   "private": true,
10-05 21:44:51.880 I/AstrBotEngine: [NAPCAT]   "description": "QQ",
10-05 21:44:51.924 I/AstrBotEngine: [NAPCAT]   "productName": "QQ",
10-05 21:44:51.949 I/AstrBotEngine: [NAPCAT]   "author": {
10-05 21:44:51.969 I/AstrBotEngine: [NAPCAT]     "name": "Tencent",
10-05 21:44:51.988 I/AstrBotEngine: [NAPCAT]     "email": "QQ-Team@tencent.com"
10-05 21:44:52.017 I/AstrBotEngine: [NAPCAT]   },
10-05 21:44:52.034 I/AstrBotEngine: [NAPCAT]   "homepage": "https://im.qq.com",
10-05 21:44:52.055 I/AstrBotEngine: [NAPCAT]   "sideEffects": true,
10-05 21:44:52.086 I/AstrBotEngine: [NAPCAT]   "bin": {
10-05 21:44:52.135 I/AstrBotEngine: [NAPCAT]     "qd": "externals/devtools/cli/index.js"
10-05 21:44:52.175 I/AstrBotEngine: [NAPCAT]   },
10-05 21:44:52.199 I/AstrBotEngine: [NAPCAT]   "appid": {
10-05 21:44:52.221 I/AstrBotEngine: [NAPCAT]     "win32": "537382716",
10-05 21:44:52.242 I/AstrBotEngine: [NAPCAT]     "darwin": "537382742",
10-05 21:44:52.259 I/AstrBotEngine: [NAPCAT]     "linux": "537382753",
10-05 21:44:52.278 I/AstrBotEngine: [NAPCAT]     "ohos": "5373141859"
10-05 21:44:52.293 I/AstrBotEngine: [NAPCAT]   },
10-05 21:44:52.314 I/AstrBotEngine: [NAPCAT]   "main": "../../../../root/loadNapCat.js",
10-05 21:44:52.335 I/AstrBotEngine: [NAPCAT]   "peerDependenciesMeta": {
10-05 21:44:52.354 I/AstrBotEngine: [NAPCAT]     "*": {
10-05 21:44:52.374 I/AstrBotEngine: [NAPCAT]       "optional": true
10-05 21:44:52.394 I/AstrBotEngine: [NAPCAT]     }
10-05 21:44:52.411 I/AstrBotEngine: [NAPCAT]   },
10-05 21:44:52.439 I/AstrBotEngine: [NAPCAT]   "pnpm": {
10-05 21:44:52.462 I/AstrBotEngine: [NAPCAT]     "patchedDependencies": {
10-05 21:44:52.484 I/AstrBotEngine: [NAPCAT]       "@vue/runtime-dom@3.5.12": "patches/@vue__runtime-dom@3.5.12.patch",
10-05 21:44:52.505 I/AstrBotEngine: [NAPCAT]       "@swc/helpers@0.5.3": "patches/@swc__helpers@0.5.3.patch",
10-05 21:44:52.534 I/AstrBotEngine: [NAPCAT]       "vuex@4.1.0": "patches/vuex@4.1.0.patch",
10-05 21:44:52.558 I/AstrBotEngine: [NAPCAT]       "typescript-parser@2.6.1": "patches/typescript-parser@2.6.1.patch",
10-05 21:44:52.577 I/AstrBotEngine: [NAPCAT]       "@tencent/qqplay-downloadsdk": "patches/@tencent__qqplay-downloadsdk.patch",
10-05 21:44:52.602 I/AstrBotEngine: [NAPCAT]       "@tencent/universal-report@4.5.4": "patches/@tencent__universal-report@4.5.4.patch",
10-05 21:44:52.632 I/AstrBotEngine: [NAPCAT]       "typescript@7.0.2": "patches/typescript@7.0.2.patch"
10-05 21:44:52.659 I/AstrBotEngine: [NAPCAT]     },
10-05 21:44:52.690 I/AstrBotEngine: [NAPCAT]     "packageExtensions": {
10-05 21:44:52.722 I/AstrBotEngine: [NAPCAT]       "qute": {
10-05 21:44:52.741 I/AstrBotEngine: [NAPCAT]         "dependencies": {},
10-05 21:44:52.764 I/AstrBotEngine: [NAPCAT]         "devDependencies": {}
10-05 21:44:52.779 I/AstrBotEngine: [NAPCAT]       }
10-05 21:44:52.811 I/AstrBotEngine: [NAPCAT]     },
10-05 21:44:52.839 I/AstrBotEngine: [NAPCAT]     "overrides": {
10-05 21:44:52.882 I/AstrBotEngine: [NAPCAT]       "@types/react": "-",
10-05 21:44:52.905 I/AstrBotEngine: [NAPCAT]       "@types/react-dom": "-",
10-05 21:44:52.920 I/AstrBotEngine: [NAPCAT]       "@tencent/yuanbao-react-markdown>@types/hast": "-",
10-05 21:44:52.939 I/AstrBotEngine: [NAPCAT]       "@tencent/yuanbao-react-markdown>devlop": "-",
10-05 21:44:52.959 I/AstrBotEngine: [NAPCAT]       "@tencent/yuanbao-react-markdown>hast-util-to-jsx-runtime": "-",
10-05 21:44:52.976 I/AstrBotEngine: [NAPCAT]       "@tencent/yuanbao-react-markdown>html-url-attributes": "-",
10-05 21:44:53.001 I/AstrBotEngine: [NAPCAT]       "@tencent/yuanbao-react-markdown>mdast-util-to-hast": "-",
10-05 21:44:53.022 I/AstrBotEngine: [NAPCAT]       "@tencent/yuanbao-react-markdown>rehype-parse": "-",
10-05 21:44:53.039 I/AstrBotEngine: [NAPCAT]       "@tencent/yuanbao-react-markdown>rehype-stringify": "-",
10-05 21:44:53.058 I/AstrBotEngine: [NAPCAT]       "@tencent/yuanbao-react-markdown>remark-parse": "-",
10-05 21:44:53.083 I/AstrBotEngine: [NAPCAT]       "@tencent/yuanbao-react-markdown>remark-rehype": "-",
10-05 21:44:53.105 I/AstrBotEngine: [NAPCAT]       "@tencent/yuanbao-react-markdown>unified": "-",
10-05 21:44:53.123 I/AstrBotEngine: [NAPCAT]       "@tencent/yuanbao-react-markdown>unist-util-visit": "-",
10-05 21:44:53.144 I/AstrBotEngine: [NAPCAT]       "@tencent/yuanbao-react-markdown>vfile": "-",
10-05 21:44:53.167 I/AstrBotEngine: [NAPCAT]       "@types/d3-dispatch": "3.0.6"
10-05 21:44:53.188 I/AstrBotEngine: [NAPCAT]     }
10-05 21:44:53.206 I/AstrBotEngine: [NAPCAT]   },
10-05 21:44:53.225 I/AstrBotEngine: [NAPCAT]   "buildVersion": "52892",
10-05 21:44:53.245 I/AstrBotEngine: [NAPCAT]   "platform": "linux",
10-05 21:44:53.265 I/AstrBotEngine: [NAPCAT]   "eleArch": "arm64",
10-05 21:44:53.286 I/AstrBotEngine: [NAPCAT]   "linuxFormat": "deb"
10-05 21:44:53.305 I/AstrBotEngine: [NAPCAT] }
10-05 21:44:53.328 I/AstrBotEngine: [NAPCAT] prepare write and writev hooks
10-05 21:44:53.357 I/AstrBotEngine: [NAPCAT] 10-05 21:44:51 [info] [PacketHandler] 加载成功
10-05 21:44:53.386 I/AstrBotEngine: [NAPCAT] 10-05 21:44:51 [info] [Napi2NativeLoader] 加载成功
10-05 21:44:53.403 I/AstrBotEngine: [NAPCAT] 10-05 21:44:51 [info] [FFmpeg] 检查 Native Addon 可用性...
10-05 21:44:53.420 I/AstrBotEngine: [NAPCAT] 10-05 21:44:51 [info] [FFmpeg] ✓ 使用 Native Addon 适配器
10-05 21:44:53.441 I/AstrBotEngine: [NAPCAT] 10-05 21:44:51 [info] [PacketHandler] 初始化成功
10-05 21:44:53.462 I/AstrBotEngine: [NAPCAT] 10-05 21:44:51 [info] [NapCat] [Core] NapCat.Core Version: 4.18.28
10-05 21:44:53.477 I/AstrBotEngine: [NAPCAT] [I] <MemoryFile.cpp:98::open> open fd[0x23], /root/.config/QQ/nt_qq/global/nt_data/mmkv/nt_mmkv_global_misc
10-05 21:44:53.496 I/AstrBotEngine: [NAPCAT] [I] <MemoryFile.cpp:98::open> open fd[0x27], /root/.config/QQ/nt_qq/global/nt_data/mmkv/nt_mmkv_global_misc.crc
10-05 21:44:53.511 I/AstrBotEngine: [NAPCAT] [I] <MMKV_IO.cpp:213::loadMetaInfoAndCheck> meta file [nt_mmkv_global_misc] has flag [0]
10-05 21:44:53.534 I/AstrBotEngine: [NAPCAT] [I] <MMKV.cpp:233::initializeMMKV> root dir: /root/.config/QQ/nt_qq/global/nt_data/mmkv
10-05 21:44:53.558 I/AstrBotEngine: [NAPCAT] [I] <MMKV_IO.cpp:87::loadFromFile> loading [nt_mmkv_global_misc] with 77 actual size, file size 4096, InterProcess 1, meta info version:4
10-05 21:44:53.578 I/AstrBotEngine: [NAPCAT] [I] <MMKV_IO.cpp:92::loadFromFile> loading [nt_mmkv_global_misc] with crc 1813886533 sequence 1 version 4
10-05 21:44:53.595 I/AstrBotEngine: [NAPCAT] [I] <MMKV_IO.cpp:136::loadFromFile> loaded [nt_mmkv_global_misc] with 2 key-values
10-05 21:44:53.618 I/AstrBotEngine: [NAPCAT] [I] <MemoryFile.cpp:98::open> open fd[0x28], /root/.config/QQ/nt_qq/global/nt_data/mmkv/nt_mmkv_o3
10-05 21:44:53.636 I/AstrBotEngine: [NAPCAT] [I] <MemoryFile.cpp:98::open> open fd[0x29], /root/.config/QQ/nt_qq/global/nt_data/mmkv/nt_mmkv_o3.crc
10-05 21:44:53.657 I/AstrBotEngine: [NAPCAT] [I] <MMKV_IO.cpp:213::loadMetaInfoAndCheck> meta file [nt_mmkv_o3] has flag [0]
10-05 21:44:53.675 I/AstrBotEngine: [NAPCAT] [I] <MMKV_IO.cpp:87::loadFromFile> loading [nt_mmkv_o3] with 111 actual size, file size 4096, InterProcess 1, meta info version:4
10-05 21:44:53.698 I/AstrBotEngine: [NAPCAT] [I] <MMKV_IO.cpp:92::loadFromFile> loading [nt_mmkv_o3] with crc 3792612646 sequence 1 version 4
10-05 21:44:53.715 I/AstrBotEngine: [NAPCAT] [I] <MMKV_IO.cpp:136::loadFromFile> loaded [nt_mmkv_o3] with 2 key-values
10-05 21:44:53.740 I/AstrBotEngine: [NAPCAT] 10-05 21:44:52 [error] [NapCat] [UtilityProcess] Worker进程退出，退出码: 11
10-05 21:44:53.771 I/AstrBotEngine: [NAPCAT] 10-05 21:44:52 [warn] [NapCat] [UtilityProcess] Worker进程意外退出 (1/3)，正在尝试重新拉起...
10-05 21:44:53.799 I/AstrBotEngine: [NAPCAT] [launcher] loadNapCat.js generated in current directory
10-05 21:44:53.818 I/AstrBotEngine: [NAPCAT] [17127:1005/214452.398797:ERROR:net/base/address_tracker_linux.cc:242] Could not bind NETLINK socket: Permission denied (13)
10-05 21:44:53.842 I/AstrBotEngine: [NAPCAT] [17127:1005/214452.398881:ERROR:base/files/file_path_watcher_inotify.cc:923] Failed to read /proc/sys/fs/inotify/max_user_watches
10-05 21:44:53.897 I/AstrBotEngine: [NAPCAT] NapCat Shell App Loading...
10-05 21:44:53.916 I/AstrBotEngine: [NAPCAT] [launcher] intercepted package.json: /opt/QQ/resources/app/package.json, replacing content
10-05 21:44:53.939 I/AstrBotEngine: [NAPCAT] [launcher] Generated relative path: ../../../../root
10-05 21:44:53.963 I/AstrBotEngine: [NAPCAT] [launcher] New main field: "main": "../../../../root/loadNapCat.js"
10-05 21:44:53.985 I/AstrBotEngine: [NAPCAT] [launcher] package.json content: {
10-05 21:44:54.008 I/AstrBotEngine: [NAPCAT]   "name": "QQ",
10-05 21:44:54.029 I/AstrBotEngine: [NAPCAT]   "version": "3.2.33-52892",
10-05 21:44:54.050 I/AstrBotEngine: [NAPCAT]   "private": true,
10-05 21:44:54.075 I/AstrBotEngine: [NAPCAT]   "description": "QQ",
10-05 21:44:54.099 I/AstrBotEngine: [NAPCAT]   "productName": "QQ",
10-05 21:44:54.136 I/AstrBotEngine: [NAPCAT]   "author": {
10-05 21:44:54.154 I/AstrBotEngine: [NAPCAT]     "name": "Tencent",
10-05 21:44:54.175 I/AstrBotEngine: [NAPCAT]     "email": "QQ-Team@tencent.com"
10-05 21:44:54.196 I/AstrBotEngine: [NAPCAT]   },
10-05 21:44:54.217 I/AstrBotEngine: [NAPCAT]   "homepage": "https://im.qq.com",
10-05 21:44:54.233 I/AstrBotEngine: [NAPCAT]   "sideEffects": true,
10-05 21:44:54.251 I/AstrBotEngine: [NAPCAT]   "bin": {
10-05 21:44:54.270 I/AstrBotEngine: [NAPCAT]     "qd": "externals/devtools/cli/index.js"
10-05 21:44:54.287 I/AstrBotEngine: [NAPCAT]   },
10-05 21:44:54.308 I/AstrBotEngine: [NAPCAT]   "appid": {
10-05 21:44:54.329 I/AstrBotEngine: [NAPCAT]     "win32": "537382716",
10-05 21:44:54.348 I/AstrBotEngine: [NAPCAT]     "darwin": "537382742",
10-05 21:44:54.367 I/AstrBotEngine: [NAPCAT]     "linux": "537382753",
10-05 21:44:54.385 I/AstrBotEngine: [NAPCAT]     "ohos": "5373141859"
10-05 21:44:54.408 I/AstrBotEngine: [NAPCAT]   },
10-05 21:44:54.427 I/AstrBotEngine: [NAPCAT]   "main": "../../../../root/loadNapCat.js",
10-05 21:44:54.444 I/AstrBotEngine: [NAPCAT]   "peerDependenciesMeta": {
10-05 21:44:54.469 I/AstrBotEngine: [NAPCAT]     "*": {
10-05 21:44:54.485 I/AstrBotEngine: [NAPCAT]       "optional": true
10-05 21:44:54.506 I/AstrBotEngine: [NAPCAT]     }
10-05 21:44:54.522 I/AstrBotEngine: [NAPCAT]   },
10-05 21:44:54.542 I/AstrBotEngine: [NAPCAT]   "pnpm": {
10-05 21:44:54.571 I/AstrBotEngine: [NAPCAT]     "patchedDependencies": {
10-05 21:44:54.587 I/AstrBotEngine: [NAPCAT]       "@vue/runtime-dom@3.5.12": "patches/@vue__runtime-dom@3.5.12.patch",
10-05 21:44:54.611 I/AstrBotEngine: [NAPCAT]       "@swc/helpers@0.5.3": "patches/@swc__helpers@0.5.3.patch",
10-05 21:44:54.631 I/AstrBotEngine: [NAPCAT]       "vuex@4.1.0": "patches/vuex@4.1.0.patch",
10-05 21:44:54.661 I/AstrBotEngine: [NAPCAT]       "typescript-parser@2.6.1": "patches/typescript-parser@2.6.1.patch",
10-05 21:44:54.680 I/AstrBotEngine: [NAPCAT]       "@tencent/qqplay-downloadsdk": "patches/@tencent__qqplay-downloadsdk.patch",
10-05 21:44:54.703 I/AstrBotEngine: [NAPCAT]       "@tencent/universal-report@4.5.4": "patches/@tencent__universal-report@4.5.4.patch",
10-05 21:44:54.719 I/AstrBotEngine: [NAPCAT]       "typescript@7.0.2": "patches/typescript@7.0.2.patch"
10-05 21:44:54.739 I/AstrBotEngine: [NAPCAT]     },
10-05 21:44:54.762 I/AstrBotEngine: [NAPCAT]     "packageExtensions": {
10-05 21:44:54.781 I/AstrBotEngine: [NAPCAT]       "qute": {
10-05 21:44:54.800 I/AstrBotEngine: [NAPCAT]         "dependencies": {},
10-05 21:44:54.824 I/AstrBotEngine: [NAPCAT]         "devDependencies": {}
10-05 21:44:54.851 I/AstrBotEngine: [NAPCAT]       }
10-05 21:44:54.877 I/AstrBotEngine: [NAPCAT]     },
10-05 21:44:54.897 I/AstrBotEngine: [NAPCAT]     "overrides": {
10-05 21:44:54.920 I/AstrBotEngine: [NAPCAT]       "@types/react": "-",
10-05 21:44:54.940 I/AstrBotEngine: [NAPCAT]       "@types/react-dom": "-",
10-05 21:44:54.967 I/AstrBotEngine: [NAPCAT]       "@tencent/yuanbao-react-markdown>@types/hast": "-",
10-05 21:44:54.993 I/AstrBotEngine: [NAPCAT]       "@tencent/yuanbao-react-markdown>devlop": "-",
10-05 21:44:55.013 I/AstrBotEngine: [NAPCAT]       "@tencent/yuanbao-react-markdown>hast-util-to-jsx-runtime": "-",
10-05 21:44:55.039 I/AstrBotEngine: [NAPCAT]       "@tencent/yuanbao-react-markdown>html-url-attributes": "-",
10-05 21:44:55.067 I/AstrBotEngine: [NAPCAT]       "@tencent/yuanbao-react-markdown>mdast-util-to-hast": "-",
10-05 21:44:55.090 I/AstrBotEngine: [NAPCAT]       "@tencent/yuanbao-react-markdown>rehype-parse": "-",
10-05 21:44:55.112 I/AstrBotEngine: [NAPCAT]       "@tencent/yuanbao-react-markdown>rehype-stringify": "-",
10-05 21:44:55.131 I/AstrBotEngine: [NAPCAT]       "@tencent/yuanbao-react-markdown>remark-parse": "-",
10-05 21:44:55.155 I/AstrBotEngine: [NAPCAT]       "@tencent/yuanbao-react-markdown>remark-rehype": "-",
10-05 21:44:55.173 I/AstrBotEngine: [NAPCAT]       "@tencent/yuanbao-react-markdown>unified": "-",
10-05 21:44:55.200 I/AstrBotEngine: [NAPCAT]       "@tencent/yuanbao-react-markdown>unist-util-visit": "-",
10-05 21:44:55.222 I/AstrBotEngine: [NAPCAT]       "@tencent/yuanbao-react-markdown>vfile": "-",
10-05 21:44:55.248 I/AstrBotEngine: [NAPCAT]       "@types/d3-dispatch": "3.0.6"
10-05 21:44:55.278 I/AstrBotEngine: [NAPCAT]     }
10-05 21:44:55.307 I/AstrBotEngine: [NAPCAT]   },
10-05 21:44:55.332 I/AstrBotEngine: [NAPCAT]   "buildVersion": "52892",
10-05 21:44:55.359 I/AstrBotEngine: [NAPCAT]   "platform": "linux",
10-05 21:44:55.392 I/AstrBotEngine: [NAPCAT]   "eleArch": "arm64",
10-05 21:44:55.412 I/AstrBotEngine: [NAPCAT]   "linuxFormat": "deb"
10-05 21:44:55.440 I/AstrBotEngine: [NAPCAT] }
10-05 21:44:55.463 I/AstrBotEngine: [NAPCAT] prepare write and writev hooks
10-05 21:44:55.487 I/AstrBotEngine: [NAPCAT] 10-05 21:44:53 [info] [PacketHandler] 加载成功
10-05 21:44:55.513 I/AstrBotEngine: [NAPCAT] 10-05 21:44:53 [info] [Napi2NativeLoader] 加载成功
10-05 21:44:55.554 I/AstrBotEngine: [NAPCAT] 10-05 21:44:53 [info] [FFmpeg] 检查 Native Addon 可用性...
10-05 21:44:55.581 I/AstrBotEngine: [NAPCAT] 10-05 21:44:53 [info] [FFmpeg] ✓ 使用 Native Addon 适配器
10-05 21:44:55.613 I/AstrBotEngine: [NAPCAT] 10-05 21:44:53 [info] [PacketHandler] 初始化成功
10-05 21:44:55.645 I/AstrBotEngine: [NAPCAT] 10-05 21:44:53 [info] [NapCat] [Core] NapCat.Core Version: 4.18.28
10-05 21:44:55.669 I/AstrBotEngine: [NAPCAT] [I] <MemoryFile.cpp:98::open> open fd[0x26], /root/.config/QQ/nt_qq/global/nt_data/mmkv/nt_mmkv_global_misc
10-05 21:44:55.692 I/AstrBotEngine: [NAPCAT] [I] <MemoryFile.cpp:98::open> open fd[0x27], /root/.config/QQ/nt_qq/global/nt_data/mmkv/nt_mmkv_global_misc.crc
10-05 21:44:55.722 I/AstrBotEngine: [NAPCAT] [I] <MMKV_IO.cpp:213::loadMetaInfoAndCheck> meta file [nt_mmkv_global_misc] has flag [0]
10-05 21:44:55.744 I/AstrBotEngine: [NAPCAT] [I] <MMKV_IO.cpp:87::loadFromFile> loading [nt_mmkv_global_misc] with 77 actual size, file size 4096, InterProcess 1, meta info version:4
10-05 21:44:55.770 I/AstrBotEngine: [NAPCAT] [I] <MMKV_IO.cpp:92::loadFromFile> loading [nt_mmkv_global_misc] with crc 1813886533 sequence 1 version 4
10-05 21:44:55.795 I/AstrBotEngine: [NAPCAT] [I] <MMKV_IO.cpp:136::loadFromFile> loaded [nt_mmkv_global_misc] with 2 key-values
10-05 21:44:55.817 I/AstrBotEngine: [NAPCAT] [I] <MMKV.cpp:233::initializeMMKV> root dir: /root/.config/QQ/nt_qq/global/nt_data/mmkv
10-05 21:44:55.839 I/AstrBotEngine: [NAPCAT] [I] <MemoryFile.cpp:98::open> open fd[0x28], /root/.config/QQ/nt_qq/global/nt_data/mmkv/nt_mmkv_o3
10-05 21:44:55.860 I/AstrBotEngine: [NAPCAT] [I] <MemoryFile.cpp:98::open> open fd[0x29], /root/.config/QQ/nt_qq/global/nt_data/mmkv/nt_mmkv_o3.crc
10-05 21:44:55.898 I/AstrBotEngine: [NAPCAT] [I] <MMKV_IO.cpp:213::loadMetaInfoAndCheck> meta file [nt_mmkv_o3] has flag [0]
10-05 21:44:55.923 I/AstrBotEngine: [NAPCAT] [I] <MMKV_IO.cpp:87::loadFromFile> loading [nt_mmkv_o3] with 111 actual size, file size 4096, InterProcess 1, meta info version:4
10-05 21:44:55.956 I/AstrBotEngine: [NAPCAT] [I] <MMKV_IO.cpp:92::loadFromFile> loading [nt_mmkv_o3] with crc 3792612646 sequence 1 version 4
10-05 21:44:55.982 I/AstrBotEngine: [NAPCAT] [I] <MMKV_IO.cpp:136::loadFromFile> loaded [nt_mmkv_o3] with 2 key-values
10-05 21:44:56.008 I/AstrBotEngine: [NAPCAT] 10-05 21:44:54 [error] [NapCat] [UtilityProcess] Worker进程退出，退出码: 11
10-05 21:44:56.039 I/AstrBotEngine: [NAPCAT] 10-05 21:44:54 [warn] [NapCat] [UtilityProcess] Worker进程意外退出 (2/3)，正在尝试重新拉起...
10-05 21:44:56.077 I/AstrBotEngine: [NAPCAT] [launcher] loadNapCat.js generated in current directory
10-05 21:44:56.112 I/AstrBotEngine: [NAPCAT] [17637:1005/214454.391381:ERROR:base/files/file_path_watcher_inotify.cc:923] Failed to read /proc/sys/fs/inotify/max_user_watches
10-05 21:44:56.155 I/AstrBotEngine: [NAPCAT] [17637:1005/214454.392359:ERROR:net/base/address_tracker_linux.cc:242] Could not bind NETLINK socket: Permission denied (13)
10-05 21:44:56.194 I/AstrBotEngine: [NAPCAT] NapCat Shell App Loading...
10-05 21:44:56.217 I/AstrBotEngine: [NAPCAT] [launcher] intercepted package.json: /opt/QQ/resources/app/package.json, replacing content
10-05 21:44:56.244 I/AstrBotEngine: [NAPCAT] [launcher] Generated relative path: ../../../../root
10-05 21:44:56.279 I/AstrBotEngine: [NAPCAT] [launcher] New main field: "main": "../../../../root/loadNapCat.js"
10-05 21:44:56.315 I/AstrBotEngine: [NAPCAT] [launcher] package.json content: {
10-05 21:44:56.351 I/AstrBotEngine: [NAPCAT]   "name": "QQ",
10-05 21:44:56.394 I/AstrBotEngine: [NAPCAT]   "version": "3.2.33-52892",
10-05 21:44:56.443 I/AstrBotEngine: [NAPCAT]   "private": true,
10-05 21:44:56.487 I/AstrBotEngine: [NAPCAT]   "description": "QQ",
10-05 21:44:56.525 I/AstrBotEngine: [NAPCAT]   "productName": "QQ",
10-05 21:44:56.559 I/AstrBotEngine: [NAPCAT]   "author": {
10-05 21:44:56.584 I/AstrBotEngine: [NAPCAT]     "name": "Tencent",
10-05 21:44:56.610 I/AstrBotEngine: [NAPCAT]     "email": "QQ-Team@tencent.com"
10-05 21:44:56.652 I/AstrBotEngine: [NAPCAT]   },
10-05 21:44:56.694 I/AstrBotEngine: [NAPCAT]   "homepage": "https://im.qq.com",
10-05 21:44:56.738 I/AstrBotEngine: [NAPCAT]   "sideEffects": true,
10-05 21:44:56.778 I/AstrBotEngine: [NAPCAT]   "bin": {
10-05 21:44:56.817 I/AstrBotEngine: [NAPCAT]     "qd": "externals/devtools/cli/index.js"
10-05 21:44:56.850 I/AstrBotEngine: [NAPCAT]   },
10-05 21:44:56.888 I/AstrBotEngine: [NAPCAT]   "appid": {
10-05 21:44:56.919 I/AstrBotEngine: [NAPCAT]     "win32": "537382716",
10-05 21:44:56.973 I/AstrBotEngine: [NAPCAT]     "darwin": "537382742",
10-05 21:44:57.011 I/AstrBotEngine: [NAPCAT]     "linux": "537382753",
10-05 21:44:57.055 I/AstrBotEngine: [NAPCAT]     "ohos": "5373141859"
10-05 21:44:57.084 I/AstrBotEngine: [NAPCAT]   },
10-05 21:44:57.125 I/AstrBotEngine: [NAPCAT]   "main": "../../../../root/loadNapCat.js",
10-05 21:44:57.154 I/AstrBotEngine: [NAPCAT]   "peerDependenciesMeta": {
10-05 21:44:57.189 I/AstrBotEngine: [NAPCAT]     "*": {
10-05 21:44:57.213 I/AstrBotEngine: [NAPCAT]       "optional": true
10-05 21:44:57.234 I/AstrBotEngine: [NAPCAT]     }
10-05 21:44:57.272 I/AstrBotEngine: [NAPCAT]   },
10-05 21:44:57.294 I/AstrBotEngine: [NAPCAT]   "pnpm": {
10-05 21:44:57.338 I/AstrBotEngine: [NAPCAT]     "patchedDependencies": {
10-05 21:44:57.370 I/AstrBotEngine: [NAPCAT]       "@vue/runtime-dom@3.5.12": "patches/@vue__runtime-dom@3.5.12.patch",
10-05 21:44:57.406 I/AstrBotEngine: [NAPCAT]       "@swc/helpers@0.5.3": "patches/@swc__helpers@0.5.3.patch",
10-05 21:44:57.443 I/AstrBotEngine: [NAPCAT]       "vuex@4.1.0": "patches/vuex@4.1.0.patch",
10-05 21:44:57.487 I/AstrBotEngine: [NAPCAT]       "typescript-parser@2.6.1": "patches/typescript-parser@2.6.1.patch",
10-05 21:44:57.540 I/AstrBotEngine: [NAPCAT]       "@tencent/qqplay-downloadsdk": "patches/@tencent__qqplay-downloadsdk.patch",
10-05 21:44:57.573 I/AstrBotEngine: [NAPCAT]       "@tencent/universal-report@4.5.4": "patches/@tencent__universal-report@4.5.4.patch",
10-05 21:44:57.614 I/AstrBotEngine: [NAPCAT]       "typescript@7.0.2": "patches/typescript@7.0.2.patch"
10-05 21:44:57.655 I/AstrBotEngine: [NAPCAT]     },
10-05 21:44:57.692 I/AstrBotEngine: [NAPCAT]     "packageExtensions": {
10-05 21:44:57.728 I/AstrBotEngine: [NAPCAT]       "qute": {
10-05 21:44:57.765 I/AstrBotEngine: [NAPCAT]         "dependencies": {},
10-05 21:44:57.799 I/AstrBotEngine: [NAPCAT]         "devDependencies": {}
10-05 21:44:57.838 I/AstrBotEngine: [NAPCAT]       }
10-05 21:44:57.868 I/AstrBotEngine: [NAPCAT]     },
10-05 21:44:57.910 I/AstrBotEngine: [NAPCAT]     "overrides": {
10-05 21:44:57.945 I/AstrBotEngine: [NAPCAT]       "@types/react": "-",
10-05 21:44:57.977 I/AstrBotEngine: [AstrBot Android] 检测到 NapCat 崩溃（主进程退出）——立即执行自愈重启（第 1 轮；阶梯级别按崩溃计数自动升级）
10-05 21:44:57.980 I/AstrBotEngine: [NAPCAT]       "@types/react-dom": "-",
10-05 21:44:58.013 I/AstrBotEngine: [NAPCAT]       "@tencent/yuanbao-react-markdown>@types/hast": "-",
10-05 21:44:58.034 I/AstrBotEngine: [NAPCAT]       "@tencent/yuanbao-react-markdown>devlop": "-",
10-05 21:44:58.056 I/AstrBotEngine: [NAPCAT]       "@tencent/yuanbao-react-markdown>hast-util-to-jsx-runtime": "-",
10-05 21:44:58.094 I/AstrBotEngine: [NAPCAT]       "@tencent/yuanbao-react-markdown>html-url-attributes": "-",
10-05 21:44:58.120 I/AstrBotEngine: [NAPCAT]       "@tencent/yuanbao-react-markdown>mdast-util-to-hast": "-",
10-05 21:44:58.158 I/AstrBotEngine: [NAPCAT]       "@tencent/yuanbao-react-markdown>rehype-parse": "-",
10-05 21:44:58.198 I/AstrBotEngine: [NAPCAT]       "@tencent/yuanbao-react-markdown>rehype-stringify": "-",
10-05 21:44:58.245 I/AstrBotEngine: [NAPCAT]       "@tencent/yuanbao-react-markdown>remark-parse": "-",
10-05 21:44:58.279 I/AstrBotEngine: [NAPCAT]       "@tencent/yuanbao-react-markdown>remark-rehype": "-",
10-05 21:44:58.314 I/AstrBotEngine: [NAPCAT]       "@tencent/yuanbao-react-markdown>unified": "-",
10-05 21:44:58.348 I/AstrBotEngine: [NAPCAT]       "@tencent/yuanbao-react-markdown>unist-util-visit": "-",
10-05 21:44:58.388 I/AstrBotEngine: [NAPCAT]       "@tencent/yuanbao-react-markdown>vfile": "-",
10-05 21:44:58.415 I/AstrBotEngine: [NAPCAT]       "@types/d3-dispatch": "3.0.6"
10-05 21:44:58.443 I/AstrBotEngine: [NAPCAT]     }
10-05 21:44:58.474 I/AstrBotEngine: [NAPCAT]   },
10-05 21:44:58.509 I/AstrBotEngine: [NAPCAT]   "buildVersion": "52892",
10-05 21:44:58.550 I/AstrBotEngine: [NAPCAT]   "platform": "linux",
10-05 21:44:58.586 I/AstrBotEngine: [NAPCAT]   "eleArch": "arm64",
10-05 21:44:58.625 I/AstrBotEngine: [NAPCAT]   "linuxFormat": "deb"
10-05 21:44:58.681 I/AstrBotEngine: [NAPCAT] }
10-05 21:44:58.723 I/AstrBotEngine: [NAPCAT] prepare write and writev hooks
10-05 21:44:58.755 I/AstrBotEngine: [NAPCAT] 10-05 21:44:55 [info] [PacketHandler] 加载成功
10-05 21:44:58.798 I/AstrBotEngine: [NAPCAT] 10-05 21:44:55 [info] [Napi2NativeLoader] 加载成功
10-05 21:44:58.841 I/AstrBotEngine: [NAPCAT] 10-05 21:44:55 [info] [FFmpeg] 检查 Native Addon 可用性...
10-05 21:44:58.872 I/AstrBotEngine: [NAPCAT] 10-05 21:44:55 [info] [FFmpeg] ✓ 使用 Native Addon 适配器
10-05 21:44:58.919 I/AstrBotEngine: [NAPCAT] 10-05 21:44:55 [info] [PacketHandler] 初始化成功
10-05 21:44:58.962 I/AstrBotEngine: [NAPCAT] 10-05 21:44:55 [info] [NapCat] [Core] NapCat.Core Version: 4.18.28
10-05 21:44:59.000 I/AstrBotEngine: [NAPCAT] [I] <MemoryFile.cpp:98::open> open fd[0x26], /root/.config/QQ/nt_qq/global/nt_data/mmkv/nt_mmkv_global_misc.crc
10-05 21:44:59.030 I/AstrBotEngine: [NAPCAT] [I] <MMKV_IO.cpp:213::loadMetaInfoAndCheck> meta file [nt_mmkv_global_misc] has flag [0]
10-05 21:44:59.073 I/AstrBotEngine: [NAPCAT] [I] <MMKV_IO.cpp:87::loadFromFile> loading [nt_mmkv_global_misc] with 77 actual size, file size 4096, InterProcess 1, meta info version:4
10-05 21:44:59.109 I/AstrBotEngine: [NAPCAT] [I] <MMKV.cpp:233::initializeMMKV> root dir: /root/.config/QQ/nt_qq/global/nt_data/mmkv
10-05 21:44:59.149 I/AstrBotEngine: [NAPCAT] [I] <MMKV_IO.cpp:92::loadFromFile> loading [nt_mmkv_global_misc] with crc 1813886533 sequence 1 version 4
10-05 21:44:59.198 I/AstrBotEngine: [NAPCAT] [I] <MMKV_IO.cpp:136::loadFromFile> loaded [nt_mmkv_global_misc] with 2 key-values
10-05 21:44:59.236 I/AstrBotEngine: [NAPCAT] [I] <MemoryFile.cpp:98::open> open fd[0x28], /root/.config/QQ/nt_qq/global/nt_data/mmkv/nt_mmkv_o3
10-05 21:44:59.294 I/AstrBotEngine: [NAPCAT] [I] <MemoryFile.cpp:98::open> open fd[0x29], /root/.config/QQ/nt_qq/global/nt_data/mmkv/nt_mmkv_o3.crc
10-05 21:44:59.338 I/AstrBotEngine: [NAPCAT] [I] <MMKV_IO.cpp:213::loadMetaInfoAndCheck> meta file [nt_mmkv_o3] has flag [0]
10-05 21:44:59.385 I/AstrBotEngine: [NAPCAT] [I] <MMKV_IO.cpp:87::loadFromFile> loading [nt_mmkv_o3] with 111 actual size, file size 4096, InterProcess 1, meta info version:4
10-05 21:44:59.427 I/AstrBotEngine: [NAPCAT] [I] <MMKV_IO.cpp:92::loadFromFile> loading [nt_mmkv_o3] with crc 3792612646 sequence 1 version 4
10-05 21:44:59.462 I/AstrBotEngine: [NAPCAT] [I] <MMKV_IO.cpp:136::loadFromFile> loaded [nt_mmkv_o3] with 2 key-values
10-05 21:44:59.510 I/AstrBotEngine: [NAPCAT] 10-05 21:44:55 [error] [NapCat] [UtilityProcess] Worker进程退出，退出码: 11
10-05 21:44:59.562 I/AstrBotEngine: [NAPCAT] 10-05 21:44:55 [error] [NapCat] [UtilityProcess] Worker进程在 10 秒内异常退出 3 次，主进程退出
10-05 21:44:59.615 I/AstrBotEngine: [NAPCAT] 10-05 21:44:55 [warn] [NapCat] [UtilityProcess] Worker进程意外退出 (3/3)，正在尝试重新拉起...
10-05 21:44:59.659 I/AstrBotEngine: [NAPCAT] 10-05 21:44:55 [error] [NapCat] [UtilityProcess] Worker进程在 10 秒内异常退出 3 次，主进程退出
10-05 21:44:59.713 I/AstrBotEngine: [NAPCAT] 10-05 21:44:55 [warn] [NapCat] [UtilityProcess] Worker进程意外退出 (4/3)，正在尝试重新拉起...
10-05 21:44:59.750 I/AstrBotEngine: [NAPCAT] [launcher] loadNapCat.js generated in current directory
10-05 21:45:02.192 I/AstrBotEngine: [AstrBot Android] 自愈第 1 轮已执行（详见 /root/napcat/watchdog.log；若已进入禁 bypass 态，反检测将保持关闭直至手动恢复）
10-05 21:45:02.329 I/AstrBotEngine: [NAPCAT] [launcher] loadNapCat.js generated in current directory
10-05 21:45:02.348 I/AstrBotEngine: [NAPCAT] not mini app. 
10-05 21:45:02.449 I/AstrBotEngine: [NAPCAT] [launcher] loadNapCat.js generated in current directory
10-05 21:45:02.478 I/AstrBotEngine: [NAPCAT] [preload] succeeded. /opt/QQ/resources/app/major.node
10-05 21:45:02.498 I/AstrBotEngine: [NAPCAT] [18817:1005/214502.441045:ERROR:base/files/file_path_watcher_inotify.cc:923] Failed to read /proc/sys/fs/inotify/max_user_watches
10-05 21:45:02.519 I/AstrBotEngine: [NAPCAT] [launcher] loadNapCat.js generated in current directory
10-05 21:45:02.538 I/AstrBotEngine: [NAPCAT] [preload] succeeded. /opt/QQ/resources/app/major.node
10-05 21:45:02.559 I/AstrBotEngine: [NAPCAT] [18806:1005/214502.468183:ERROR:dbus/bus.cc:406] Failed to connect to the bus: Failed to connect to socket /run/dbus/system_bus_socket: No such file or director
10-05 21:45:02.584 I/AstrBotEngine: [NAPCAT] [18816:1005/214502.479841:ERROR:base/files/file_path_watcher_inotify.cc:923] Failed to read /proc/sys/fs/inotify/max_user_watches
10-05 21:45:02.667 I/AstrBotEngine: [NAPCAT] resourcesPath: /opt/QQ/resources
10-05 21:45:02.691 I/AstrBotEngine: [NAPCAT] [launcher] intercepted package.json: /opt/QQ/resources/app/package.json, replacing content
10-05 21:45:02.716 I/AstrBotEngine: [NAPCAT] [launcher] Generated relative path: ../../../../root
10-05 21:45:02.733 I/AstrBotEngine: [NAPCAT] [launcher] New main field: "main": "../../../../root/loadNapCat.js"
10-05 21:45:02.757 I/AstrBotEngine: [NAPCAT] [launcher] package.json content: {
10-05 21:45:02.779 I/AstrBotEngine: [NAPCAT]   "name": "QQ",
10-05 21:45:02.797 I/AstrBotEngine: [NAPCAT]   "version": "3.2.33-52892",
10-05 21:45:02.819 I/AstrBotEngine: [NAPCAT]   "private": true,
10-05 21:45:02.840 I/AstrBotEngine: [NAPCAT]   "description": "QQ",
10-05 21:45:02.858 I/AstrBotEngine: [NAPCAT]   "productName": "QQ",
10-05 21:45:02.880 I/AstrBotEngine: [NAPCAT]   "author": {
10-05 21:45:02.898 I/AstrBotEngine: [NAPCAT]     "name": "Tencent",
10-05 21:45:02.921 I/AstrBotEngine: [NAPCAT]     "email": "QQ-Team@tencent.com"
10-05 21:45:02.949 I/AstrBotEngine: [NAPCAT]   },
10-05 21:45:02.977 I/AstrBotEngine: [NAPCAT]   "homepage": "https://im.qq.com",
10-05 21:45:02.996 I/AstrBotEngine: [NAPCAT]   "sideEffects": true,
10-05 21:45:03.014 I/AstrBotEngine: [NAPCAT]   "bin": {
10-05 21:45:03.033 I/AstrBotEngine: [NAPCAT]     "qd": "externals/devtools/cli/index.js"
10-05 21:45:03.052 I/AstrBotEngine: [NAPCAT]   },
10-05 21:45:03.077 I/AstrBotEngine: [NAPCAT]   "appid": {
10-05 21:45:03.095 I/AstrBotEngine: [NAPCAT]     "win32": "537382716",
10-05 21:45:03.112 I/AstrBotEngine: [NAPCAT]     "darwin": "537382742",
10-05 21:45:03.139 I/AstrBotEngine: [NAPCAT]     "linux": "537382753",
10-05 21:45:03.160 I/AstrBotEngine: [NAPCAT]     "ohos": "5373141859"
10-05 21:45:03.180 I/AstrBotEngine: [NAPCAT]   },
10-05 21:45:03.202 I/AstrBotEngine: [NAPCAT]   "main": "../../../../root/loadNapCat.js",
10-05 21:45:03.227 I/AstrBotEngine: [NAPCAT]   "peerDependenciesMeta": {
10-05 21:45:03.245 I/AstrBotEngine: [NAPCAT]     "*": {
10-05 21:45:03.264 I/AstrBotEngine: [NAPCAT]       "optional": true
10-05 21:45:03.284 I/AstrBotEngine: [NAPCAT]     }
10-05 21:45:03.305 I/AstrBotEngine: [NAPCAT]   },
10-05 21:45:03.323 I/AstrBotEngine: [NAPCAT]   "pnpm": {
10-05 21:45:03.343 I/AstrBotEngine: [NAPCAT]     "patchedDependencies": {
10-05 21:45:03.362 I/AstrBotEngine: [NAPCAT]       "@vue/runtime-dom@3.5.12": "patches/@vue__runtime-dom@3.5.12.patch",
10-05 21:45:03.381 I/AstrBotEngine: [NAPCAT]       "@swc/helpers@0.5.3": "patches/@swc__helpers@0.5.3.patch",
10-05 21:45:03.408 I/AstrBotEngine: [NAPCAT]       "vuex@4.1.0": "patches/vuex@4.1.0.patch",
10-05 21:45:03.424 I/AstrBotEngine: [NAPCAT]       "typescript-parser@2.6.1": "patches/typescript-parser@2.6.1.patch",
10-05 21:45:03.447 I/AstrBotEngine: [NAPCAT]       "@tencent/qqplay-downloadsdk": "patches/@tencent__qqplay-downloadsdk.patch",
10-05 21:45:03.464 I/AstrBotEngine: [NAPCAT]       "@tencent/universal-report@4.5.4": "patches/@tencent__universal-report@4.5.4.patch",
10-05 21:45:03.495 I/AstrBotEngine: [NAPCAT]       "typescript@7.0.2": "patches/typescript@7.0.2.patch"
10-05 21:45:03.518 I/AstrBotEngine: [NAPCAT]     },
10-05 21:45:03.536 I/AstrBotEngine: [NAPCAT]     "packageExtensions": {
10-05 21:45:03.554 I/AstrBotEngine: [NAPCAT]       "qute": {
10-05 21:45:03.576 I/AstrBotEngine: [NAPCAT]         "dependencies": {},
10-05 21:45:03.596 I/AstrBotEngine: [NAPCAT]         "devDependencies": {}
10-05 21:45:03.615 I/AstrBotEngine: [NAPCAT]       }
10-05 21:45:03.636 I/AstrBotEngine: [NAPCAT]     },
10-05 21:45:03.656 I/AstrBotEngine: [NAPCAT]     "overrides": {
10-05 21:45:03.685 I/AstrBotEngine: [NAPCAT]       "@types/react": "-",
10-05 21:45:03.707 I/AstrBotEngine: [NAPCAT]       "@types/react-dom": "-",
10-05 21:45:03.728 I/AstrBotEngine: [NAPCAT]       "@tencent/yuanbao-react-markdown>@types/hast": "-",
10-05 21:45:03.744 I/AstrBotEngine: [NAPCAT]       "@tencent/yuanbao-react-markdown>devlop": "-",
10-05 21:45:03.769 I/AstrBotEngine: [NAPCAT]       "@tencent/yuanbao-react-markdown>hast-util-to-jsx-runtime": "-",
10-05 21:45:03.794 I/AstrBotEngine: [NAPCAT]       "@tencent/yuanbao-react-markdown>html-url-attributes": "-",
10-05 21:45:03.825 I/AstrBotEngine: [NAPCAT]       "@tencent/yuanbao-react-markdown>mdast-util-to-hast": "-",
10-05 21:45:03.850 I/AstrBotEngine: [NAPCAT]       "@tencent/yuanbao-react-markdown>rehype-parse": "-",
10-05 21:45:03.875 I/AstrBotEngine: [NAPCAT]       "@tencent/yuanbao-react-markdown>rehype-stringify": "-",
10-05 21:45:03.903 I/AstrBotEngine: [NAPCAT]       "@tencent/yuanbao-react-markdown>remark-parse": "-",
10-05 21:45:03.927 I/AstrBotEngine: [NAPCAT]       "@tencent/yuanbao-react-markdown>remark-rehype": "-",
10-05 21:45:03.952 I/AstrBotEngine: [NAPCAT]       "@tencent/yuanbao-react-markdown>unified": "-",
10-05 21:45:03.978 I/AstrBotEngine: [NAPCAT]       "@tencent/yuanbao-react-markdown>unist-util-visit": "-",
10-05 21:45:04.018 I/AstrBotEngine: [NAPCAT]       "@tencent/yuanbao-react-markdown>vfile": "-",
10-05 21:45:04.049 I/AstrBotEngine: [NAPCAT]       "@types/d3-dispatch": "3.0.6"
10-05 21:45:04.095 I/AstrBotEngine: [NAPCAT]     }
10-05 21:45:04.131 I/AstrBotEngine: [NAPCAT]   },
10-05 21:45:04.177 I/AstrBotEngine: [NAPCAT]   "buildVersion": "52892",
10-05 21:45:04.202 I/AstrBotEngine: [NAPCAT]   "platform": "linux",
10-05 21:45:04.228 I/AstrBotEngine: [NAPCAT]   "eleArch": "arm64",
10-05 21:45:04.260 I/AstrBotEngine: [NAPCAT]   "linuxFormat": "deb"
10-05 21:45:04.300 I/AstrBotEngine: [NAPCAT] }
10-05 21:45:04.340 I/AstrBotEngine: [NAPCAT] [18806:1005/214504.123352:ERROR:dbus/bus.cc:406] Failed to connect to the bus: Could not parse server address: Unknown address type (examples of valid types are
10-05 21:45:04.364 I/AstrBotEngine: [NAPCAT] [18806:1005/214504.123443:ERROR:dbus/bus.cc:406] Failed to connect to the bus: Could not parse server address: Unknown address type (examples of valid types are
10-05 21:45:04.389 I/AstrBotEngine: [NAPCAT] [18806:1005/214504.124107:ERROR:base/files/file_path_watcher_inotify.cc:923] Failed to read /proc/sys/fs/inotify/max_user_watches
10-05 21:45:04.412 I/AstrBotEngine: [NAPCAT] [18806:1005/214504.124312:ERROR:dbus/bus.cc:406] Failed to connect to the bus: Failed to connect to socket /run/dbus/system_bus_socket: No such file or director
10-05 21:45:04.437 I/AstrBotEngine: [NAPCAT] [18806:1005/214504.124710:ERROR:net/base/address_tracker_linux.cc:242] Could not bind NETLINK socket: Permission denied (13)
10-05 21:45:04.464 I/AstrBotEngine: [NAPCAT] [18806:1005/214504.124809:ERROR:dbus/bus.cc:406] Failed to connect to the bus: Failed to connect to socket /run/dbus/system_bus_socket: No such file or director
10-05 21:45:04.501 I/AstrBotEngine: [NAPCAT] [18806:1005/214504.135768:ERROR:device/udev_linux/udev_watcher.cc:51] Failed to initialize a udev monitor.
10-05 21:45:04.539 I/AstrBotEngine: [NAPCAT] [18806:1005/214504.160989:ERROR:dbus/object_proxy.cc:573] Failed to call method: org.freedesktop.DBus.NameHasOwner: object_path= /org/freedesktop/DBus: unknown 
10-05 21:45:04.562 I/AstrBotEngine: [NAPCAT] [18806:1005/214504.161219:ERROR:dbus/object_proxy.cc:573] Failed to call method: org.freedesktop.DBus.NameHasOwner: object_path= /org/freedesktop/DBus: unknown 
10-05 21:45:04.594 I/AstrBotEngine: [NAPCAT] [18806:1005/214504.161277:ERROR:dbus/bus.cc:406] Failed to connect to the bus: Could not parse server address: Unknown address type (examples of valid types are
10-05 21:45:04.621 I/AstrBotEngine: [NAPCAT] [18806:1005/214504.161327:ERROR:dbus/bus.cc:406] Failed to connect to the bus: Could not parse server address: Unknown address type (examples of valid types are
10-05 21:45:04.644 I/AstrBotEngine: [NAPCAT] [18806:1005/214504.161349:ERROR:dbus/object_proxy.cc:573] Failed to call method: org.freedesktop.DBus.NameHasOwner: object_path= /org/freedesktop/DBus: unknown 
10-05 21:45:04.672 I/AstrBotEngine: [NAPCAT] [18806:1005/214504.178300:ERROR:dbus/object_proxy.cc:573] Failed to call method: org.freedesktop.DBus.NameHasOwner: object_path= /org/freedesktop/DBus: unknown 
10-05 21:45:04.690 I/AstrBotEngine: [NAPCAT] [19402:1005/214504.331406:ERROR:base/files/file_path_watcher_inotify.cc:923] Failed to read /proc/sys/fs/inotify/max_user_watches
10-05 21:45:04.712 I/AstrBotEngine: [NAPCAT] [launcher] loadNapCat.js generated in current directory
10-05 21:45:04.734 I/AstrBotEngine: [NAPCAT] [19401:1005/214504.349671:ERROR:base/files/file_path_watcher_inotify.cc:923] Failed to read /proc/sys/fs/inotify/max_user_watches
10-05 21:45:04.767 I/AstrBotEngine: [NAPCAT] [19401:1005/214504.349944:ERROR:net/base/address_tracker_linux.cc:242] Could not bind NETLINK socket: Permission denied (13)
10-05 21:45:04.789 I/AstrBotEngine: [NAPCAT] [19390:1005/214504.475108:ERROR:ui/gl/angle_platform_impl.cc:42] Display.cpp:1097 (initialize): ANGLE Display::initialize error 12289: GLX is not present.
10-05 21:45:04.820 I/AstrBotEngine: [NAPCAT] ERR: Display.cpp:1097 (initialize): ANGLE Display::initialize error 12289: GLX is not present.
10-05 21:45:04.841 I/AstrBotEngine: [NAPCAT] [19390:1005/214504.475772:ERROR:ui/gl/egl_util.cc:92] EGL Driver message (Critical) eglInitialize: GLX is not present.
10-05 21:45:04.858 I/AstrBotEngine: [NAPCAT] [19390:1005/214504.476238:ERROR:ui/gl/gl_display.cc:639] eglInitialize OpenGL failed with error EGL_NOT_INITIALIZED, trying next display type
10-05 21:45:04.899 I/AstrBotEngine: [NAPCAT] [19390:1005/214504.476855:ERROR:ui/gl/angle_platform_impl.cc:42] Display.cpp:1097 (initialize): ANGLE Display::initialize error 12289: GLX is not present.
10-05 21:45:04.926 I/AstrBotEngine: [NAPCAT] ERR: Display.cpp:1097 (initialize): ANGLE Display::initialize error 12289: GLX is not present.
10-05 21:45:04.957 I/AstrBotEngine: [NAPCAT] [19390:1005/214504.477195:ERROR:ui/gl/egl_util.cc:92] EGL Driver message (Critical) eglInitialize: GLX is not present.
10-05 21:45:04.980 I/AstrBotEngine: [NAPCAT] [19390:1005/214504.477632:ERROR:ui/gl/gl_display.cc:639] eglInitialize OpenGLES failed with error EGL_NOT_INITIALIZED
10-05 21:45:05.007 I/AstrBotEngine: [NAPCAT] [19390:1005/214504.477993:ERROR:ui/gl/gl_display.cc:674] Initialization of all EGL display types failed.
10-05 21:45:05.026 I/AstrBotEngine: [NAPCAT] [19390:1005/214504.478428:ERROR:ui/ozone/common/gl_ozone_egl.cc:26] GLDisplayEGL::Initialize failed.
10-05 21:45:05.049 I/AstrBotEngine: [NAPCAT] [19390:1005/214504.597446:ERROR:ui/gl/angle_platform_impl.cc:42] Display.cpp:1097 (initialize): ANGLE Display::initialize error 12289: GLX is not present.
10-05 21:45:05.069 I/AstrBotEngine: [NAPCAT] ERR: Display.cpp:1097 (initialize): ANGLE Display::initialize error 12289: GLX is not present.
10-05 21:45:05.100 I/AstrBotEngine: [NAPCAT] [19390:1005/214504.597878:ERROR:ui/gl/egl_util.cc:92] EGL Driver message (Critical) eglInitialize: GLX is not present.
10-05 21:45:05.124 I/AstrBotEngine: [NAPCAT] [19390:1005/214504.599419:ERROR:ui/gl/gl_display.cc:639] eglInitialize OpenGL failed with error EGL_NOT_INITIALIZED, trying next display type
10-05 21:45:05.149 I/AstrBotEngine: [NAPCAT] [19390:1005/214504.600500:ERROR:ui/gl/angle_platform_impl.cc:42] Display.cpp:1097 (initialize): ANGLE Display::initialize error 12289: GLX is not present.
10-05 21:45:05.184 I/AstrBotEngine: [NAPCAT] ERR: Display.cpp:1097 (initialize): ANGLE Display::initialize error 12289: GLX is not present.
10-05 21:45:05.205 I/AstrBotEngine: [NAPCAT] [19390:1005/214504.601423:ERROR:ui/gl/egl_util.cc:92] EGL Driver message (Critical) eglInitialize: GLX is not present.
10-05 21:45:05.228 I/AstrBotEngine: [NAPCAT] [19390:1005/214504.601974:ERROR:ui/gl/gl_display.cc:639] eglInitialize OpenGLES failed with error EGL_NOT_INITIALIZED
10-05 21:45:05.253 I/AstrBotEngine: [NAPCAT] [19390:1005/214504.602264:ERROR:ui/gl/gl_display.cc:674] Initialization of all EGL display types failed.
10-05 21:45:05.275 I/AstrBotEngine: [NAPCAT] [19390:1005/214504.607388:ERROR:ui/ozone/common/gl_ozone_egl.cc:26] GLDisplayEGL::Initialize failed.
10-05 21:45:05.302 I/AstrBotEngine: [NAPCAT] [19390:1005/214504.612253:ERROR:components/viz/service/main/viz_main_impl.cc:189] Exiting GPU process due to errors during initialization
10-05 21:45:05.667 I/AstrBotEngine: [NAPCAT] NapCat Shell App Loading...
10-05 21:45:05.699 I/AstrBotEngine: [NAPCAT] [launcher] intercepted package.json: /opt/QQ/resources/app/package.json, replacing content
10-05 21:45:05.730 I/AstrBotEngine: [NAPCAT] [launcher] Generated relative path: ../../../../root
10-05 21:45:05.751 I/AstrBotEngine: [NAPCAT] [launcher] New main field: "main": "../../../../root/loadNapCat.js"
10-05 21:45:05.774 I/AstrBotEngine: [NAPCAT] [launcher] package.json content: {
10-05 21:45:05.817 I/AstrBotEngine: [NAPCAT]   "name": "QQ",
10-05 21:45:05.849 I/AstrBotEngine: [NAPCAT]   "version": "3.2.33-52892",
10-05 21:45:05.866 I/AstrBotEngine: [NAPCAT]   "private": true,
10-05 21:45:05.897 I/AstrBotEngine: [NAPCAT]   "description": "QQ",
10-05 21:45:05.917 I/AstrBotEngine: [NAPCAT]   "productName": "QQ",
10-05 21:45:05.941 I/AstrBotEngine: [NAPCAT]   "author": {
10-05 21:45:05.983 I/AstrBotEngine: [NAPCAT]     "name": "Tencent",
10-05 21:45:06.012 I/AstrBotEngine: [NAPCAT]     "email": "QQ-Team@tencent.com"
10-05 21:45:06.044 I/AstrBotEngine: [NAPCAT]   },
10-05 21:45:06.071 I/AstrBotEngine: [NAPCAT]   "homepage": "https://im.qq.com",
10-05 21:45:06.098 I/AstrBotEngine: [NAPCAT]   "sideEffects": true,
10-05 21:45:06.125 I/AstrBotEngine: [NAPCAT]   "bin": {
10-05 21:45:06.154 I/AstrBotEngine: [NAPCAT]     "qd": "externals/devtools/cli/index.js"
10-05 21:45:06.181 I/AstrBotEngine: [NAPCAT]   },
10-05 21:45:06.204 I/AstrBotEngine: [NAPCAT]   "appid": {
10-05 21:45:06.247 I/AstrBotEngine: [NAPCAT]     "win32": "537382716",
10-05 21:45:06.291 I/AstrBotEngine: [NAPCAT]     "darwin": "537382742",
10-05 21:45:06.331 I/AstrBotEngine: [NAPCAT]     "linux": "537382753",
10-05 21:45:06.363 I/AstrBotEngine: [NAPCAT]     "ohos": "5373141859"
10-05 21:45:06.416 I/AstrBotEngine: [NAPCAT]   },
10-05 21:45:06.459 I/AstrBotEngine: [NAPCAT]   "main": "../../../../root/loadNapCat.js",
10-05 21:45:06.524 I/AstrBotEngine: [NAPCAT]   "peerDependenciesMeta": {
10-05 21:45:06.556 I/AstrBotEngine: [NAPCAT]     "*": {
10-05 21:45:06.587 I/AstrBotEngine: [NAPCAT]       "optional": true
10-05 21:45:06.616 I/AstrBotEngine: [NAPCAT]     }
10-05 21:45:06.638 I/AstrBotEngine: [NAPCAT]   },
10-05 21:45:06.666 I/AstrBotEngine: [NAPCAT]   "pnpm": {
10-05 21:45:06.692 I/AstrBotEngine: [NAPCAT]     "patchedDependencies": {
10-05 21:45:06.726 I/AstrBotEngine: [NAPCAT]       "@vue/runtime-dom@3.5.12": "patches/@vue__runtime-dom@3.5.12.patch",
10-05 21:45:06.747 I/AstrBotEngine: [NAPCAT]       "@swc/helpers@0.5.3": "patches/@swc__helpers@0.5.3.patch",
10-05 21:45:06.773 I/AstrBotEngine: [NAPCAT]       "vuex@4.1.0": "patches/vuex@4.1.0.patch",
10-05 21:45:06.804 I/AstrBotEngine: [NAPCAT]       "typescript-parser@2.6.1": "patches/typescript-parser@2.6.1.patch",
10-05 21:45:06.826 I/AstrBotEngine: [NAPCAT]       "@tencent/qqplay-downloadsdk": "patches/@tencent__qqplay-downloadsdk.patch",
10-05 21:45:06.855 I/AstrBotEngine: [NAPCAT]       "@tencent/universal-report@4.5.4": "patches/@tencent__universal-report@4.5.4.patch",
10-05 21:45:06.882 I/AstrBotEngine: [NAPCAT]       "typescript@7.0.2": "patches/typescript@7.0.2.patch"
10-05 21:45:06.906 I/AstrBotEngine: [NAPCAT]     },
10-05 21:45:06.926 I/AstrBotEngine: [NAPCAT]     "packageExtensions": {
10-05 21:45:06.960 I/AstrBotEngine: [NAPCAT]       "qute": {
10-05 21:45:06.979 I/AstrBotEngine: [NAPCAT]         "dependencies": {},
10-05 21:45:06.994 I/AstrBotEngine: [NAPCAT]         "devDependencies": {}
10-05 21:45:07.027 I/AstrBotEngine: [NAPCAT]       }
10-05 21:45:07.044 I/AstrBotEngine: [NAPCAT]     },
10-05 21:45:07.060 I/AstrBotEngine: [NAPCAT]     "overrides": {
10-05 21:45:07.080 I/AstrBotEngine: [NAPCAT]       "@types/react": "-",
10-05 21:45:07.097 I/AstrBotEngine: [NAPCAT]       "@types/react-dom": "-",
10-05 21:45:07.119 I/AstrBotEngine: [NAPCAT]       "@tencent/yuanbao-react-markdown>@types/hast": "-",
10-05 21:45:07.141 I/AstrBotEngine: [NAPCAT]       "@tencent/yuanbao-react-markdown>devlop": "-",
10-05 21:45:07.160 I/AstrBotEngine: [NAPCAT]       "@tencent/yuanbao-react-markdown>hast-util-to-jsx-runtime": "-",
10-05 21:45:07.177 I/AstrBotEngine: [NAPCAT]       "@tencent/yuanbao-react-markdown>html-url-attributes": "-",
10-05 21:45:07.196 I/AstrBotEngine: [NAPCAT]       "@tencent/yuanbao-react-markdown>mdast-util-to-hast": "-",
10-05 21:45:07.210 I/AstrBotEngine: [NAPCAT]       "@tencent/yuanbao-react-markdown>rehype-parse": "-",
10-05 21:45:07.226 I/AstrBotEngine: [NAPCAT]       "@tencent/yuanbao-react-markdown>rehype-stringify": "-",
10-05 21:45:07.247 I/AstrBotEngine: [NAPCAT]       "@tencent/yuanbao-react-markdown>remark-parse": "-",
10-05 21:45:07.260 I/AstrBotEngine: [NAPCAT]       "@tencent/yuanbao-react-markdown>remark-rehype": "-",
10-05 21:45:07.280 I/AstrBotEngine: [NAPCAT]       "@tencent/yuanbao-react-markdown>unified": "-",
10-05 21:45:07.297 I/AstrBotEngine: [NAPCAT]       "@tencent/yuanbao-react-markdown>unist-util-visit": "-",
10-05 21:45:07.317 I/AstrBotEngine: [NAPCAT]       "@tencent/yuanbao-react-markdown>vfile": "-",
10-05 21:45:07.333 I/AstrBotEngine: [NAPCAT]       "@types/d3-dispatch": "3.0.6"
10-05 21:45:07.354 I/AstrBotEngine: [NAPCAT]     }
10-05 21:45:07.370 I/AstrBotEngine: [NAPCAT]   },
10-05 21:45:07.387 I/AstrBotEngine: [NAPCAT]   "buildVersion": "52892",
10-05 21:45:07.404 I/AstrBotEngine: [NAPCAT]   "platform": "linux",
10-05 21:45:07.418 I/AstrBotEngine: [NAPCAT]   "eleArch": "arm64",
10-05 21:45:07.438 I/AstrBotEngine: [NAPCAT]   "linuxFormat": "deb"
10-05 21:45:07.453 I/AstrBotEngine: [NAPCAT] }
10-05 21:45:07.472 I/AstrBotEngine: [NAPCAT] prepare write and writev hooks
10-05 21:45:07.486 I/AstrBotEngine: [NAPCAT] 10-05 21:45:05 [info] [PacketHandler] 加载成功
10-05 21:45:07.504 I/AstrBotEngine: [NAPCAT] 10-05 21:45:05 [info] [Napi2NativeLoader] 加载成功
10-05 21:45:07.524 I/AstrBotEngine: [NAPCAT] 10-05 21:45:05 [info] [FFmpeg] 检查 Native Addon 可用性...
10-05 21:45:07.539 I/AstrBotEngine: [NAPCAT] 10-05 21:45:05 [info] [FFmpeg] ✓ 使用 Native Addon 适配器
10-05 21:45:07.555 I/AstrBotEngine: [NAPCAT] 10-05 21:45:05 [info] [PacketHandler] 初始化成功
10-05 21:45:07.576 I/AstrBotEngine: [NAPCAT] 10-05 21:45:05 [info] [NapCat] Napi2NativeLoader: Bypass已通过环境变量禁用
10-05 21:45:07.597 I/AstrBotEngine: [NAPCAT] 10-05 21:45:05 [info] [NapCat] [Core] NapCat.Core Version: 4.18.28
10-05 21:45:07.620 I/AstrBotEngine: [NAPCAT] [I] <MemoryFile.cpp:98::open> open fd[0x25], /root/.config/QQ/nt_qq/global/nt_data/mmkv/nt_mmkv_global_misc
10-05 21:45:07.635 I/AstrBotEngine: [NAPCAT] [I] <MemoryFile.cpp:98::open> open fd[0x27], /root/.config/QQ/nt_qq/global/nt_data/mmkv/nt_mmkv_global_misc.crc
10-05 21:45:07.654 I/AstrBotEngine: [NAPCAT] [I] <MMKV_IO.cpp:213::loadMetaInfoAndCheck> meta file [nt_mmkv_global_misc] has flag [0]
10-05 21:45:07.673 I/AstrBotEngine: [NAPCAT] [I] <MMKV_IO.cpp:87::loadFromFile> loading [nt_mmkv_global_misc] with 77 actual size, file size 4096, InterProcess 1, meta info version:4
10-05 21:45:07.689 I/AstrBotEngine: [NAPCAT] [I] <MMKV.cpp:233::initializeMMKV> root dir: /root/.config/QQ/nt_qq/global/nt_data/mmkv
10-05 21:45:07.706 I/AstrBotEngine: [NAPCAT] [I] <MMKV_IO.cpp:92::loadFromFile> loading [nt_mmkv_global_misc] with crc 1813886533 sequence 1 version 4
10-05 21:45:07.722 I/AstrBotEngine: [NAPCAT] [I] <MMKV_IO.cpp:136::loadFromFile> loaded [nt_mmkv_global_misc] with 2 key-values
10-05 21:45:07.740 I/AstrBotEngine: [NAPCAT] [I] <MemoryFile.cpp:98::open> open fd[0x26], /root/.config/QQ/nt_qq/global/nt_data/mmkv/nt_mmkv_o3
10-05 21:45:07.756 I/AstrBotEngine: [NAPCAT] [I] <MemoryFile.cpp:98::open> open fd[0x28], /root/.config/QQ/nt_qq/global/nt_data/mmkv/nt_mmkv_o3.crc
10-05 21:45:07.779 I/AstrBotEngine: [NAPCAT] [I] <MMKV_IO.cpp:213::loadMetaInfoAndCheck> meta file [nt_mmkv_o3] has flag [0]
10-05 21:45:07.800 I/AstrBotEngine: [NAPCAT] [I] <MMKV_IO.cpp:87::loadFromFile> loading [nt_mmkv_o3] with 111 actual size, file size 4096, InterProcess 1, meta info version:4
10-05 21:45:07.812 I/AstrBotEngine: [NAPCAT] [I] <MMKV_IO.cpp:92::loadFromFile> loading [nt_mmkv_o3] with crc 3792612646 sequence 1 version 4
10-05 21:45:07.832 I/AstrBotEngine: [NAPCAT] [I] <MMKV_IO.cpp:136::loadFromFile> loaded [nt_mmkv_o3] with 2 key-values
10-05 21:45:07.848 I/AstrBotEngine: [NAPCAT] 10-05 21:45:05 [info] [NapCat] [WebUi] WebUi Token: bandqq-napcat
10-05 21:45:07.869 I/AstrBotEngine: [NAPCAT] 10-05 21:45:05 [info] [NapCat] [WebUi] WebUi User Panel Url: http://127.0.0.1:5099/webui?token=bandqq-napcat
10-05 21:45:07.884 I/AstrBotEngine: [NAPCAT] 10-05 21:45:05 [info] [NapCat] [WebUi] WebUi User Panel Url: http://[::]:5099/webui?token=bandqq-napcat
10-05 21:45:07.902 I/AstrBotEngine: [NAPCAT] 10-05 21:45:06 [info] 等待网络连接...
10-05 21:45:07.915 I/AstrBotEngine: [NAPCAT] 10-05 21:45:06 [info] 网络已连接
10-05 21:45:07.932 I/AstrBotEngine: [NAPCAT] 10-05 21:45:06 [info] 没有 -q 指令指定快速登录，将使用二维码登录方式
10-05 21:45:07.946 I/AstrBotEngine: [NAPCAT] 10-05 21:45:06 [info] 可用于快速登录 of QQ：
10-05 21:45:07.963 I/AstrBotEngine: [NAPCAT] 1. 3836305211 一秋呀(小号)大号2308534727
10-05 21:45:07.982 I/AstrBotEngine: [NAPCAT] 10-05 21:45:06 [warn] 请扫描下面的二维码，然后在手Q上授权登录：
10-05 21:45:07.995 I/AstrBotEngine: [NAPCAT] 10-05 21:45:06 [warn] 
10-05 21:45:08.027 I/AstrBotEngine: [NAPCAT] ▄▄▄▄▄▄▄▄▄▄▄▄▄▄▄▄▄▄▄▄▄▄▄▄▄▄▄▄▄▄▄▄▄▄▄
10-05 21:45:08.043 I/AstrBotEngine: [NAPCAT] █ ▄▄▄▄▄ █▀ █▀▀▀ ▀▀▀▀█ ▀██▀█ ▄▄▄▄▄ █
10-05 21:45:08.065 I/AstrBotEngine: [NAPCAT] █ █   █ █▀ ▄ █▀█ ▀▀ ▀█ ▀ ▀█ █   █ █
10-05 21:45:08.084 I/AstrBotEngine: [NAPCAT] █ █▄▄▄█ █▀█ █▄█▄▀▀█▀▄ ▄██▀█ █▄▄▄█ █
10-05 21:45:08.102 I/AstrBotEngine: [NAPCAT] █▄▄▄▄▄▄▄█▄█▄█ █▄▀ █▄█▄▀▄▀▄█▄▄▄▄▄▄▄█
10-05 21:45:08.119 I/AstrBotEngine: [NAPCAT] █   ▄ █▄▄▄ ▄█▄▄▀█▄██▀▄█  ▄▄▀▄█▄▀ ▀█
10-05 21:45:08.140 I/AstrBotEngine: [NAPCAT] █ ██▄▀▄▄▀█ ▀ ▄██▄▀▄ ▀▄▀█▀█▀▀▄ ▄▀▄██
10-05 21:45:08.159 I/AstrBotEngine: [NAPCAT] ██  ▀ ▀▄ █▄▀▄▀▄▀▄▀▄▄▀▀  ██▄▀ ▄▄█▀▀█
10-05 21:45:08.186 I/AstrBotEngine: [NAPCAT] █▄▄█▀▄ ▄█▄█▄█▀██▄▀▄ █ ▀ ▀   ▀██▀▄██
10-05 21:45:08.204 I/AstrBotEngine: [NAPCAT] ██ ██ ▄▄▄▄█ █▄▄▀▄█ ▄▀ ▀▀██▄▀█▄▀█ ▀█
10-05 21:45:08.219 I/AstrBotEngine: [NAPCAT] ██▄  ▄▄▄▀█▄▀ ▄██  █ █▄▀███ ▄▀█▄▀▄██
10-05 21:45:08.238 I/AstrBotEngine: [NAPCAT] █ █▀▀▀▄▄███▀▄▀▄▀  ▄▄█ ▀  ▀█▀█▄▀█ ▀█
10-05 21:45:08.256 I/AstrBotEngine: [NAPCAT] █ █▄▄▀▀▄▄▄▄▄█▀█▀ █▄▄▀▀▀ ▀▀  ▄  ▀▄██
10-05 21:45:08.272 I/AstrBotEngine: [NAPCAT] █▄█▄▄▄▄▄▄▀▀ █▄▄▀█▀▄█▄▀▄▄▄ ▄▄▄  ▀█ █
10-05 21:45:08.290 I/AstrBotEngine: [NAPCAT] █ ▄▄▄▄▄ █▄▄▄ ▄▄▄ ▄█ ▀▄ ▀  █▄█ ▀ ▄██
10-05 21:45:08.306 I/AstrBotEngine: [NAPCAT] █ █   █ █ ▀ ▄ ▄▀▄▀▀██▀▀▀▀▄ ▄  ▄█▄██
10-05 21:45:08.323 I/AstrBotEngine: [NAPCAT] █ █▄▄▄█ █  ▀███▀ ▀▄ █▄▀█ █▄▄ ▀▀ ▄██
10-05 21:45:08.340 I/AstrBotEngine: [NAPCAT] █▄▄▄▄▄▄▄█▄█▄██▄█▄▄███▄▄▄█▄██▄▄▄█▄██
10-05 21:45:08.375 I/AstrBotEngine: [NAPCAT] 二维码解码URL: https://txz.qq.com/p?k=RWnNHBzW2wI2QCNQuc1iR1R283pZTahU&f=1600001615
10-05 21:45:08.394 I/AstrBotEngine: [NAPCAT] 如果控制台二维码无法扫码，可以复制解码url到二维码生成网站生成二维码再扫码，也可以打开下方的二维码路径图片进�
10-05 21:45:08.407 I/AstrBotEngine: [NAPCAT] 10-05 21:45:06 [warn] 二维码已保存到 /root/napcat/cache/qrcode.png
10-05 21:45:22.408 I/AstrBotEngine: [AstrBot Android] NapCat 启动中…（已等待 30 秒，QQ 首次引导较慢）
10-05 21:45:42.022 I/AstrBotEngine: [NAPCAT] 10-05 21:45:41 [info] [Core] [Login] 二维码已被扫描，等待确认...
10-05 21:45:45.792 I/AstrBotEngine: [NAPCAT] linux-bugly: init bugly ...
10-05 21:45:45.817 I/AstrBotEngine: [NAPCAT] [BuglyManager.cpp][InitBuglyManager][198]InitBuglyManager path: /root/.config/QQ/crash_files/
10-05 21:45:45.859 I/AstrBotEngine: [NAPCAT] [BuglyService.cpp][registBugly][589]set signal stack
10-05 21:45:45.897 I/AstrBotEngine: [NAPCAT] [BuglyService.cpp][registSignalHandler][520]regist native handler
10-05 21:45:45.938 I/AstrBotEngine: [NAPCAT] [BuglyService.cpp][setParam][618]setParam, key:appVersion, value:3.2.33-52892..
10-05 21:45:45.981 I/AstrBotEngine: [NAPCAT] linux-bugly: init bugly done.
10-05 21:45:46.298 I/AstrBotEngine: [NAPCAT] 10-05 21:45:46 [info] [NapCat] 已启用数据库辅助支持能力
10-05 21:45:46.427 I/AstrBotEngine: [NAPCAT] [I] <MMKV.cpp:260::mmkvWithID> prepare to load nt_recent_emoji_mmkv (id 4d09ada208e1df49389b85b8d4dc11d8) from rootPath /root/.config/QQ/nt_qq_0d0741be72783462f
10-05 21:45:46.452 I/AstrBotEngine: [NAPCAT] [I] <MemoryFile.cpp:98::open> open fd[0x55], /root/.config/QQ/nt_qq_0d0741be72783462f580b59d95c70ea4/nt_data/mmkv/nt_recent_emoji_mmkv
10-05 21:45:46.484 I/AstrBotEngine: [NAPCAT] [I] <MemoryFile.cpp:98::open> open fd[0x56], /root/.config/QQ/nt_qq_0d0741be72783462f580b59d95c70ea4/nt_data/mmkv/nt_recent_emoji_mmkv.crc
10-05 21:45:46.504 I/AstrBotEngine: [NAPCAT] [I] <MMKV_IO.cpp:213::loadMetaInfoAndCheck> meta file [nt_recent_emoji_mmkv] has flag [0]
10-05 21:45:46.530 I/AstrBotEngine: [NAPCAT] [I] <MMKV_IO.cpp:87::loadFromFile> loading [nt_recent_emoji_mmkv] with 0 actual size, file size 4096, InterProcess 0, meta info version:4
10-05 21:45:46.562 I/AstrBotEngine: [NAPCAT] [I] <MMKV_IO.cpp:136::loadFromFile> loaded [nt_recent_emoji_mmkv] with 0 key-values
10-05 21:45:46.605 I/AstrBotEngine: [NAPCAT] [I] <MMKV.cpp:260::mmkvWithID> prepare to load nt_mmkv_united_config_no_login_v3 (id nt_mmkv_united_config_no_login_v3) from rootPath /root/.config/QQ/nt_qq/glo
10-05 21:45:46.654 I/AstrBotEngine: [NAPCAT] [I] <MemoryFile.cpp:98::open> open fd[0x62], /root/.config/QQ/nt_qq/global/nt_data/mmkv/nt_mmkv_united_config_no_login_v3
10-05 21:45:46.695 I/AstrBotEngine: [NAPCAT] [I] <MemoryFile.cpp:98::open> open fd[0x63], /root/.config/QQ/nt_qq/global/nt_data/mmkv/nt_mmkv_united_config_no_login_v3.crc
10-05 21:45:46.732 I/AstrBotEngine: [NAPCAT] [I] <MMKV_IO.cpp:213::loadMetaInfoAndCheck> meta file [nt_mmkv_united_config_no_login_v3] has flag [0]
10-05 21:45:46.770 I/AstrBotEngine: [NAPCAT] [I] <MMKV_IO.cpp:87::loadFromFile> loading [nt_mmkv_united_config_no_login_v3] with 14732 actual size, file size 16384, InterProcess 1, meta info version:4
10-05 21:45:46.807 I/AstrBotEngine: [NAPCAT] [I] <MMKV_IO.cpp:92::loadFromFile> loading [nt_mmkv_united_config_no_login_v3] with crc 1802410612 sequence 3 version 4
10-05 21:45:46.913 I/AstrBotEngine: [NAPCAT] [I] <MMKV_IO.cpp:136::loadFromFile> loaded [nt_mmkv_united_config_no_login_v3] with 364 key-values
10-05 21:45:46.994 I/AstrBotEngine: [NAPCAT] [I] <MMKV.cpp:260::mmkvWithID> prepare to load nt_mmkv_flash_transfer (id 2c205ab7ef22e396d3aa9169b0203f14) from rootPath /root/.config/QQ/nt_qq_0d0741be7278346
10-05 21:45:47.065 I/AstrBotEngine: [NAPCAT] [I] <MemoryFile.cpp:98::open> open fd[0xbc], /root/.config/QQ/nt_qq_0d0741be72783462f580b59d95c70ea4/nt_data/mmkv/nt_mmkv_flash_transfer
10-05 21:45:47.143 I/AstrBotEngine: [NAPCAT] [I] <MemoryFile.cpp:98::open> open fd[0xbe], /root/.config/QQ/nt_qq_0d0741be72783462f580b59d95c70ea4/nt_data/mmkv/nt_mmkv_flash_transfer.crc
10-05 21:45:47.233 I/AstrBotEngine: [NAPCAT] [I] <MMKV_IO.cpp:213::loadMetaInfoAndCheck> meta file [nt_mmkv_flash_transfer] has flag [0]
10-05 21:45:47.268 I/AstrBotEngine: [NAPCAT] 10-05 21:45:46 [debug] 本账号数据/缓存目录： /root/.config/QQ/NapCat/data
10-05 21:45:47.317 I/AstrBotEngine: [NAPCAT] [I] <MMKV_IO.cpp:87::loadFromFile> loading [nt_mmkv_flash_transfer] with 250 actual size, file size 4096, InterProcess 0, meta info version:4
10-05 21:45:47.365 I/AstrBotEngine: [NAPCAT] [I] <MMKV_IO.cpp:92::loadFromFile> loading [nt_mmkv_flash_transfer] with crc 596840416 sequence 1 version 4
10-05 21:45:47.410 I/AstrBotEngine: [NAPCAT] [I] <MMKV_IO.cpp:136::loadFromFile> loaded [nt_mmkv_flash_transfer] with 2 key-values
10-05 21:45:47.446 I/AstrBotEngine: [NAPCAT] 10-05 21:45:46 [debug] [Core] [Config] 配置文件/root/napcat/config/napcat_3836305211.json加载 {"fileLog":true,"consoleLog":true,"fileLogLevel":"debug","co
10-05 21:45:47.467 I/AstrBotEngine: [NAPCAT] 10-05 21:45:46 [info] [ServerTime] 时间同步完成，偏差 -902ms
10-05 21:45:47.497 I/AstrBotEngine: [NAPCAT] 10-05 21:45:46 [info] [Core] [Packet] 使用 NativePacketClient 作为后端
10-05 21:45:47.581 I/AstrBotEngine: [NAPCAT] 10-05 21:45:46 [info] [Core] [Packet] [PacketClient] NativePacketClient Hook 初始化成功 platform=linux.arm64
10-05 21:45:47.629 I/AstrBotEngine: [NAPCAT] [I] <MemoryFile.cpp:98::open> open fd[0xc1], /root/.config/QQ/nt_qq/global/nt_data/mmkv/mmkv.default
10-05 21:45:47.700 I/AstrBotEngine: [NAPCAT] [I] <MemoryFile.cpp:98::open> open fd[0xc5], /root/.config/QQ/nt_qq/global/nt_data/mmkv/mmkv.default.crc
10-05 21:45:47.741 I/AstrBotEngine: [NAPCAT] [I] <MMKV_IO.cpp:213::loadMetaInfoAndCheck> meta file [mmkv.default] has flag [0]
10-05 21:45:47.807 I/AstrBotEngine: [NAPCAT] [I] <MMKV_IO.cpp:87::loadFromFile> loading [mmkv.default] with 28 actual size, file size 4096, InterProcess 0, meta info version:4
10-05 21:45:47.878 I/AstrBotEngine: [NAPCAT] [I] <MMKV_IO.cpp:92::loadFromFile> loading [mmkv.default] with crc 1670258981 sequence 1 version 4
10-05 21:45:47.917 I/AstrBotEngine: [AstrBot Android] NapCat 端口已监听，自愈计数清零
10-05 21:45:47.921 I/AstrBotEngine: [STAGE:100:NapCat 已就绪（:3001/:3000 可连，手环消息链路可用）]
10-05 21:45:47.923 I/AstrBotEngine: [31m- NapCat 已就绪（:3001/:3000 可连，手环消息链路可用）[0m
10-05 21:45:47.927 I/AstrBotEngine: [31m- NapCat 运行中（仅 NapCat 模式）[0m
10-05 21:45:47.952 I/AstrBotEngine: [NAPCAT] [I] <MMKV_IO.cpp:136::loadFromFile> loaded [mmkv.default] with 1 key-values
10-05 21:45:48.078 I/AstrBotEngine: [NAPCAT] 10-05 21:45:47 [info] [AdapterManager] 开始初始化协议适配器...
10-05 21:45:48.212 I/AstrBotEngine: [NAPCAT] 10-05 21:45:47 [info] [Notice] [OneBot11] [network] 配置加载
10-05 21:45:48.287 I/AstrBotEngine: [NAPCAT] HTTP服务: 127.0.0.1:3000, : 已启动
10-05 21:45:48.343 I/AstrBotEngine: [NAPCAT] WebSocket服务: 127.0.0.1:3001, : 已启动
10-05 21:45:48.451 I/AstrBotEngine: [NAPCAT] 10-05 21:45:47 [info] [OneBot] [WebSocket Server] Server Started undefined:undefined
10-05 21:45:48.541 I/AstrBotEngine: [NAPCAT] 10-05 21:45:47 [info] [AdapterManager] OneBot11 适配器初始化完成
10-05 21:45:48.579 I/AstrBotEngine: [NAPCAT] 10-05 21:45:47 [info] [AdapterManager] NapCat Protocol 适配器未启用，跳过初始化
10-05 21:45:48.641 I/AstrBotEngine: [NAPCAT] 10-05 21:45:47 [info] [AdapterManager] 协议适配器初始化完成，已加载 2 个适配器
10-05 21:45:48.704 I/AstrBotEngine: [NAPCAT] 10-05 21:45:47 [info] [OneBot] [HTTP Server Adapter] Start On 127.0.0.1:3000
10-05 21:45:48.775 I/AstrBotEngine: [NAPCAT] 10-05 21:45:48 [info] 一秋呀(小号)大号2308534727 | 接收 <- 私聊 (2080643384) 请求添加你为好友
10-05 21:45:48.839 I/AstrBotEngine: [NAPCAT] 10-05 21:45:48 [info] 一秋呀(小号)大号2308534727 | 接收 <- 群聊 [华强北安卓手表交流极(1031894167)] [su8/m53/m99/s100/m89h(已出)m89(手持
10-05 21:45:48.915 I/AstrBotEngine: [NAPCAT] 10-05 21:45:48 [info] 一秋呀(小号)大号2308534727 | 接收 <- 群聊 [华强北安卓手表交流极(1031894167)] [琉白雨心(1625936837)] [回复消息
10-05 21:45:49.004 I/AstrBotEngine: [NAPCAT] 10-05 21:45:48 [info] 一秋呀(小号)大号2308534727 | 接收 <- 群聊 [华强北安卓手表交流极(1031894167)] [su8/m53/m99/s100/m89h(已出)m89(手持
10-05 21:45:49.069 I/AstrBotEngine: [NAPCAT] 10-05 21:45:48 [info] 一秋呀(小号)大号2308534727 | 接收 <- 群聊 [华强北安卓手表交流极(1031894167)] [琉白雨心(1625936837)] Ai泡沫快�
10-05 21:45:49.124 I/AstrBotEngine: [NAPCAT] 10-05 21:45:48 [info] 一秋呀(小号)大号2308534727 | 接收 <- 群聊 [华强北安卓手表交流极(1031894167)] [大耗子21(3690086414)] [回复消息 
10-05 21:45:49.163 I/AstrBotEngine: [NAPCAT] 10-05 21:45:48 [info] 一秋呀(小号)大号2308534727 | 接收 <- 群聊 [华强北安卓手表交流极(1031894167)] [su8/m53/m99/s100/m89h(已出)m89(手持
10-05 21:45:49.258 I/AstrBotEngine: [NAPCAT] 10-05 21:45:48 [info] 一秋呀(小号)大号2308534727 | 接收 <- 群聊 [华强北安卓手表交流极(1031894167)] [大耗子21(3690086414)] 应该可以�
10-05 21:45:49.309 I/AstrBotEngine: [NAPCAT] 10-05 21:45:48 [info] 一秋呀(小号)大号2308534727 | 接收 <- 群聊 [华强北安卓手表交流极(1031894167)] [罗德岛蜜袜工坊(2922139695)] [图
10-05 21:45:49.362 I/AstrBotEngine: [NAPCAT] 10-05 21:45:48 [info] 一秋呀(小号)大号2308534727 | 接收 <- 群聊 [华强北安卓手表交流极(1031894167)] [琉白雨心(1625936837)] [回复消息
10-05 21:45:49.407 I/AstrBotEngine: [NAPCAT] 10-05 21:45:48 [info] 一秋呀(小号)大号2308534727 | 接收 <- 群聊 [华强北安卓手表交流极(1031894167)] [su8/m53/m99/s100/m89h(已出)m89(手持
10-05 21:45:49.436 I/AstrBotEngine: [NAPCAT] 10-05 21:45:48 [info] 一秋呀(小号)大号2308534727 | 接收 <- 群聊 [华强北安卓手表交流极(1031894167)] [罗德岛蜜袜工坊(2922139695)] [图
10-05 21:45:49.489 I/AstrBotEngine: [NAPCAT] 10-05 21:45:48 [info] 一秋呀(小号)大号2308534727 | 接收 <- 群聊 [华强北安卓手表交流极(1031894167)] [罗德岛蜜袜工坊(2922139695)] 🫡
10-05 21:45:49.536 I/AstrBotEngine: [NAPCAT] 10-05 21:45:48 [info] 一秋呀(小号)大号2308534727 | 接收 <- 群聊 [华强北安卓手表交流极(1031894167)] [大耗子21(3690086414)] [回复消息 
10-05 21:45:49.583 I/AstrBotEngine: [NAPCAT] 10-05 21:45:48 [info] 一秋呀(小号)大号2308534727 | 接收 <- 群聊 [华强北安卓手表交流极(1031894167)] [W·X·B微信不安全认证(3946469453
10-05 21:45:49.633 I/AstrBotEngine: [NAPCAT] 10-05 21:45:48 [info] 一秋呀(小号)大号2308534727 | 接收 <- 群聊 [华强北安卓手表交流极(1031894167)] [琉白雨心(1625936837)] [回复消息
10-05 21:45:49.722 I/AstrBotEngine: [NAPCAT] 10-05 21:45:48 [info] 一秋呀(小号)大号2308534727 | 接收 <- 群聊 [华强北安卓手表交流极(1031894167)] [不会起名(2815703615)] [回复消息
10-05 21:45:49.776 I/AstrBotEngine: [NAPCAT] 10-05 21:45:48 [info] 一秋呀(小号)大号2308534727 | 接收 <- 群聊 [华强北安卓手表交流极(1031894167)] [W·X·B微信不安全认证(3946469453
10-05 21:45:49.812 I/AstrBotEngine: [NAPCAT] 10-05 21:45:48 [info] 一秋呀(小号)大号2308534727 | 接收 <- 群聊 [华强北安卓手表交流极(1031894167)] [琉白雨心(1625936837)] [回复消息
10-05 21:45:49.901 I/AstrBotEngine: [NAPCAT] 10-05 21:45:48 [info] 一秋呀(小号)大号2308534727 | 接收 <- 群聊 [华强北安卓手表交流极(1031894167)] [大耗子21(3690086414)] [回复消息 
10-05 21:45:49.983 I/AstrBotEngine: [NAPCAT] 10-05 21:45:48 [info] 一秋呀(小号)大号2308534727 | 接收 <- 群聊 [华强北安卓手表交流极(1031894167)] [不会起名(2815703615)] 等到明年�
10-05 21:45:50.038 I/AstrBotEngine: [NAPCAT] 10-05 21:45:48 [info] 一秋呀(小号)大号2308534727 | 接收 <- 群聊 [华强北安卓手表交流极(1031894167)] [不会起名(2815703615)] 太难用了
10-05 21:45:50.084 I/AstrBotEngine: [NAPCAT] 10-05 21:45:48 [info] 一秋呀(小号)大号2308534727 | 接收 <- 群聊 [华强北安卓手表交流极(1031894167)] [洲纪.(CD20max)(2105023896)] [回复�
10-05 21:45:50.161 I/AstrBotEngine: [NAPCAT] 10-05 21:45:48 [info] 一秋呀(小号)大号2308534727 | 接收 <- 群聊 [华强北安卓手表交流极(1031894167)] [su8/m53/m99/s100/m89h(已出)m89(手持
10-05 21:45:50.227 I/AstrBotEngine: [NAPCAT] 10-05 21:45:48 [info] 一秋呀(小号)大号2308534727 | 接收 <- 群聊 [华强北安卓手表交流极(1031894167)]
10-05 21:45:50.273 I/AstrBotEngine: [NAPCAT] 10-05 21:45:48 [info] 一秋呀(小号)大号2308534727 | 接收 <- 群聊 [华强北安卓手表交流极(1031894167)] [不会起名(2815703615)] [回复消息
10-05 21:45:50.329 I/AstrBotEngine: [NAPCAT] 10-05 21:45:48 [info] 一秋呀(小号)大号2308534727 | 接收 <- 群聊 [华强北安卓手表交流极(1031894167)] [琉白雨心(1625936837)] 那你确实�
10-05 21:45:50.407 I/AstrBotEngine: [NAPCAT] 10-05 21:45:48 [info] 一秋呀(小号)大号2308534727 | 接收 <- 群聊 [华强北安卓手表交流极(1031894167)] [su8/m53/m99/s100/m89h(已出)m89(手持
10-05 21:45:50.460 I/AstrBotEngine: [NAPCAT] 10-05 21:45:48 [info] 一秋呀(小号)大号2308534727 | 接收 <- 群聊 [华强北安卓手表交流极(1031894167)] [不会起名(2815703615)] 不用小米
10-05 21:45:50.498 I/AstrBotEngine: [NAPCAT] 10-05 21:45:48 [info] 一秋呀(小号)大号2308534727 | 接收 <- 群聊 [华强北安卓手表交流极(1031894167)] [罗德岛蜜袜工坊(2922139695)] ？�
10-05 21:45:50.552 I/AstrBotEngine: [NAPCAT] 10-05 21:45:48 [info] 一秋呀(小号)大号2308534727 | 接收 <- 群聊 [华强北安卓手表交流极(1031894167)] [不会起名(2815703615)] 不是啊，�
10-05 21:45:50.607 I/AstrBotEngine: [NAPCAT] 10-05 21:45:48 [info] 一秋呀(小号)大号2308534727 | 接收 <- 群聊 [Air启动器交流群(966475918)] [雨中漫步(3671795001)] 我再查一下
10-05 21:45:50.658 I/AstrBotEngine: [NAPCAT] 10-05 21:45:48 [info] 一秋呀(小号)大号2308534727 | 接收 <- 群聊 [Air启动器交流群(966475918)] [15 17.0.2(2265208929)] @Rikka (3794305154)   你�
10-05 21:45:50.721 I/AstrBotEngine: [NAPCAT] 10-05 21:45:48 [info] 一秋呀(小号)大号2308534727 | 接收 <- 群聊 [Air启动器交流群(966475918)] [15 17.0.2(2265208929)] 这两个是不同的环�
10-05 21:45:50.766 I/AstrBotEngine: [NAPCAT] 10-05 21:45:48 [info] 一秋呀(小号)大号2308534727 | 接收 <- 群聊 [Air启动器交流群(966475918)] [雨中漫步(3671795001)] 嘶
10-05 21:45:50.810 I/AstrBotEngine: [NAPCAT] 10-05 21:45:48 [info] 一秋呀(小号)大号2308534727 | 接收 <- 群聊 [Air启动器交流群(966475918)] [15 17.0.2(2265208929)] 反过来同理
10-05 21:45:50.872 I/AstrBotEngine: [NAPCAT] 10-05 21:45:48 [info] 一秋呀(小号)大号2308534727 | 接收 <- 群聊 [Air启动器交流群(966475918)] [雨中漫步(3671795001)] 怎么感觉记忆里�
10-05 21:45:50.920 I/AstrBotEngine: [NAPCAT] 10-05 21:45:48 [info] 一秋呀(小号)大号2308534727 | 接收 <- 群聊 [Air启动器交流群(966475918)] [15 17.0.2(2265208929)] 所以不推荐换工具�
10-05 21:45:50.977 I/AstrBotEngine: [NAPCAT] 10-05 21:45:48 [info] 一秋呀(小号)大号2308534727 | 接收 <- 群聊 [Air启动器交流群(966475918)] [雨中漫步(3671795001)] 不就总共三个人�
10-05 21:45:51.050 I/AstrBotEngine: [NAPCAT] 10-05 21:45:48 [info] 一秋呀(小号)大号2308534727 | 接收 <- 群聊 [Air启动器交流群(966475918)] [Rikka(3794305154)] [图片]
10-05 21:45:51.096 I/AstrBotEngine: [NAPCAT] 10-05 21:45:48 [info] 一秋呀(小号)大号2308534727 | 接收 <- 群聊 [Air启动器交流群(966475918)] [雨中漫步(3671795001)] 你的系统？
10-05 21:45:51.160 I/AstrBotEngine: [NAPCAT] 10-05 21:45:48 [info] 一秋呀(小号)大号2308534727 | 接收 <- 群聊 [Air启动器交流群(966475918)] [Rikka(3794305154)] y
10-05 21:45:51.215 I/AstrBotEngine: [NAPCAT] 10-05 21:45:48 [info] 一秋呀(小号)大号2308534727 | 接收 <- 群聊 [Air启动器交流群(966475918)] [雨中漫步(3671795001)] 我还记得你说用�
10-05 21:45:51.234 I/AstrBotEngine: [NAPCAT] 10-05 21:45:48 [info] 一秋呀(小号)大号2308534727 | 接收 <- 群聊 [Air启动器交流群(966475918)] [雨中漫步(3671795001)] 硬件不同
10-05 21:45:51.256 I/AstrBotEngine: [NAPCAT] 10-05 21:45:48 [info] 一秋呀(小号)大号2308534727 | 接收 <- 群聊 [Air启动器交流群(966475918)] [雨中漫步(3671795001)] 系统是多少
10-05 21:45:51.291 I/AstrBotEngine: [NAPCAT] 10-05 21:45:48 [info] 一秋呀(小号)大号2308534727 | 接收 <- 群聊 [Air启动器交流群(966475918)] [15 17.0.2(2265208929)] [回复消息 [雨中漫�
10-05 21:45:51.316 I/AstrBotEngine: [NAPCAT] 10-05 21:45:48 [info] 一秋呀(小号)大号2308534727 | 接收 <- 群聊 [Air启动器交流群(966475918)] [雨中漫步(3671795001)] 感觉记忆有点乱�
10-05 21:45:51.343 I/AstrBotEngine: [NAPCAT] 10-05 21:45:48 [info] 一秋呀(小号)大号2308534727 | 接收 <- 群聊 [Air启动器交流群(966475918)] [15 17.0.2(2265208929)] 没事乱不了，处理�
10-05 21:45:51.363 I/AstrBotEngine: [NAPCAT] 10-05 21:45:48 [info] 一秋呀(小号)大号2308534727 | 接收 <- 群聊 [Air启动器交流群(966475918)] [雨中漫步(3671795001)] 越狱会封QQ啊
10-05 21:45:51.384 I/AstrBotEngine: [NAPCAT] 10-05 21:45:48 [info] 一秋呀(小号)大号2308534727 | 接收 <- 群聊 [Air启动器交流群(966475918)] [15 17.0.2(2265208929)] 会啊
10-05 21:45:51.408 I/AstrBotEngine: [NAPCAT] 10-05 21:45:48 [info] 一秋呀(小号)大号2308534727 | 接收 <- 群聊 [Air启动器交流群(966475918)] [雨中漫步(3671795001)] 我没隔离的时候�
10-05 21:45:51.436 I/AstrBotEngine: [NAPCAT] 10-05 21:45:48 [info] 一秋呀(小号)大号2308534727 | 接收 <- 群聊 [Air启动器交流群(966475918)] [15 17.0.2(2265208929)] +1
10-05 21:45:51.462 I/AstrBotEngine: [NAPCAT] 10-05 21:45:48 [info] 一秋呀(小号)大号2308534727 | 接收 <- 群聊 [Air启动器交流群(966475918)] [15 17.0.2(2265208929)] 隐根好用
10-05 21:45:51.480 I/AstrBotEngine: [NAPCAT] 10-05 21:45:48 [info] 一秋呀(小号)大号2308534727 | 接收 <- 群聊 [Air启动器交流群(966475918)] [15 17.0.2(2265208929)] 隐藏后就没退过
10-05 21:45:51.501 I/AstrBotEngine: [NAPCAT] 10-05 21:45:48 [info] 一秋呀(小号)大号2308534727 | 接收 <- 群聊 [Air启动器交流群(966475918)] [15 17.0.2(2265208929)] [回复消息 [雨中漫�
10-05 21:45:51.540 I/AstrBotEngine: [NAPCAT] 10-05 21:45:48 [info] 一秋呀(小号)大号2308534727 | 接收 <- 群聊 [Air启动器交流群(966475918)] [15 17.0.2(2265208929)] 所以，现在你得先�
10-05 21:45:51.564 I/AstrBotEngine: [NAPCAT] 10-05 21:45:48 [info] 一秋呀(小号)大号2308534727 | 接收 <- 群聊 [Air启动器交流群(966475918)] [15 17.0.2(2265208929)] https://relaxin.owngoal.de
10-05 21:45:51.586 I/AstrBotEngine: [NAPCAT] 10-05 21:45:48 [info] 一秋呀(小号)大号2308534727 | 接收 <- 群聊 [Air启动器交流群(966475918)] [雨中漫步(3671795001)] 多巴胺也可以安�
10-05 21:45:51.616 I/AstrBotEngine: [NAPCAT] 10-05 21:45:48 [info] 一秋呀(小号)大号2308534727 | 接收 <- 群聊 [Air启动器交流群(966475918)] [15 17.0.2(2265208929)] 这个是relaxin的官网�
10-05 21:45:51.644 I/AstrBotEngine: [NAPCAT] 10-05 21:45:48 [info] 一秋呀(小号)大号2308534727 | 接收 <- 群聊 [Air启动器交流群(966475918)] [15 17.0.2(2265208929)] [回复消息 [雨中漫�
10-05 21:45:51.668 I/AstrBotEngine: [NAPCAT] 10-05 21:45:48 [info] 一秋呀(小号)大号2308534727 | 接收 <- 群聊 [Air启动器交流群(966475918)] [雨中漫步(3671795001)] 不过越不了就别�
10-05 21:45:51.692 I/AstrBotEngine: [NAPCAT] 10-05 21:45:48 [info] 一秋呀(小号)大号2308534727 | 发送 -> 群聊 [Prisma启动器交流群(1126547426)] [一秋呀(小号)大号2308534727(3836305211)
10-05 21:45:51.717 I/AstrBotEngine: [NAPCAT] 10-05 21:45:48 [info] 一秋呀(小号)大号2308534727 | 接收 <- 群聊 [Prisma启动器交流群(1126547426)] [JYN2018X(3193980187)] 微软账号的是显�
10-05 21:45:51.740 I/AstrBotEngine: [NAPCAT] 10-05 21:45:48 [info] 一秋呀(小号)大号2308534727 | 发送 -> 群聊 [Prisma启动器交流群(1126547426)] [一秋呀(小号)大号2308534727(3836305211)
10-05 21:45:51.772 I/AstrBotEngine: [NAPCAT] 10-05 21:45:48 [info] 一秋呀(小号)大号2308534727 | 接收 <- 群聊 [Prisma启动器交流群(1126547426)] [JYN2018X(3193980187)] 不过用little skin登
10-05 21:45:51.795 I/AstrBotEngine: [NAPCAT] 10-05 21:45:48 [info] 一秋呀(小号)大号2308534727 | 发送 -> 群聊 [Prisma启动器交流群(1126547426)] [一秋呀(小号)大号2308534727(3836305211)
10-05 21:45:51.824 I/AstrBotEngine: [NAPCAT] 10-05 21:45:48 [info] 一秋呀(小号)大号2308534727 | 接收 <- 群聊 [Prisma启动器交流群(1126547426)] [JYN2018X(3193980187)] [图片]
10-05 21:45:51.854 I/AstrBotEngine: [NAPCAT] 10-05 21:45:48 [info] 一秋呀(小号)大号2308534727 | 发送 -> 群聊 [Prisma启动器交流群(1126547426)] [一秋呀(小号)大号2308534727(3836305211)
10-05 21:45:51.869 I/AstrBotEngine: [NAPCAT] 10-05 21:45:48 [info] 一秋呀(小号)大号2308534727 | 接收 <- 群聊 [Prisma启动器交流群(1126547426)] [JYN2018X(3193980187)] [图片]
10-05 21:45:51.885 I/AstrBotEngine: [NAPCAT] 10-05 21:45:48 [info] 一秋呀(小号)大号2308534727 | 发送 -> 群聊 [Prisma启动器交流群(1126547426)] [一秋呀(小号)大号2308534727(3836305211)
10-05 21:45:51.904 I/AstrBotEngine: [NAPCAT] 10-05 21:45:48 [info] 一秋呀(小号)大号2308534727 | 接收 <- 群聊 [Prisma启动器交流群(1126547426)] [JYN2018X(3193980187)] 我用我自己的
10-05 21:45:51.953 I/AstrBotEngine: [NAPCAT] 10-05 21:45:48 [info] 一秋呀(小号)大号2308534727 | 发送 -> 群聊 [Prisma启动器交流群(1126547426)] [一秋呀(小号)大号2308534727(3836305211)
10-05 21:45:51.975 I/AstrBotEngine: [NAPCAT] 10-05 21:45:48 [info] 一秋呀(小号)大号2308534727 | 接收 <- 群聊 [Prisma启动器交流群(1126547426)] [JYN2018X(3193980187)] 这个因为比较好�
10-05 21:45:51.999 I/AstrBotEngine: [NAPCAT] 10-05 21:45:48 [info] 一秋呀(小号)大号2308534727 | 接收 <- 群聊 [Prisma启动器交流群(1126547426)] [JYN2018X(3193980187)] 隔壁安卓FCL也是�
10-05 21:45:52.021 I/AstrBotEngine: [NAPCAT] 10-05 21:45:48 [info] 一秋呀(小号)大号2308534727 | 接收 <- 群聊 [Prisma启动器交流群(1126547426)] [JYN2018X(3193980187)] [图片]
10-05 21:45:52.045 I/AstrBotEngine: [NAPCAT] 10-05 21:45:48 [info] 一秋呀(小号)大号2308534727 | 接收 <- 群聊 [Prisma启动器交流群(1126547426)] [JYN2018X(3193980187)] 这边还在等
10-05 21:45:52.072 I/AstrBotEngine: [NAPCAT] 10-05 21:45:48 [info] 一秋呀(小号)大号2308534727 | 发送 -> 群聊 [Prisma启动器交流群(1126547426)] [一秋呀(小号)大号2308534727(3836305211)
10-05 21:45:52.101 I/AstrBotEngine: [NAPCAT] 10-05 21:45:48 [info] 一秋呀(小号)大号2308534727 | 发送 -> 群聊 [Prisma启动器交流群(1126547426)] [一秋呀(小号)大号2308534727(3836305211)
10-05 21:45:52.128 I/AstrBotEngine: [NAPCAT] 10-05 21:45:48 [info] 一秋呀(小号)大号2308534727 | 发送 -> 群聊 [Prisma启动器交流群(1126547426)] [一秋呀(小号)大号2308534727(3836305211)
10-05 21:45:52.161 I/AstrBotEngine: [NAPCAT] 10-05 21:45:48 [info] 一秋呀(小号)大号2308534727 | 接收 <- 群聊 [Prisma启动器交流群(1126547426)] [JYN2018X(3193980187)] [图片]
10-05 21:45:52.180 I/AstrBotEngine: [NAPCAT] 10-05 21:45:48 [info] 一秋呀(小号)大号2308534727 | 接收 <- 群聊 [Prisma启动器交流群(1126547426)] [JYN2018X(3193980187)] 那好吧
10-05 21:45:52.202 I/AstrBotEngine: [NAPCAT] 10-05 21:45:48 [info] 一秋呀(小号)大号2308534727 | 接收 <- 群聊 [Prisma启动器交流群(1126547426)] [JYN2018X(3193980187)] 我一般只用微软�
10-05 21:45:52.232 I/AstrBotEngine: [NAPCAT] 10-05 21:45:48 [info] 一秋呀(小号)大号2308534727 | 接收 <- 群聊 [Prisma启动器交流群(1126547426)] [JYN2018X(3193980187)] 重新发了一个
10-05 21:45:52.261 I/AstrBotEngine: [NAPCAT] 10-05 21:45:48 [info] 一秋呀(小号)大号2308534727 | 接收 <- 群聊 [Prisma启动器交流群(1126547426)] [KXdw(3810534681)] [回复消息 未找到消�
10-05 21:45:52.284 I/AstrBotEngine: [NAPCAT] 10-05 21:45:48 [info] 一秋呀(小号)大号2308534727 | 接收 <- 群聊 [Prisma启动器交流群(1126547426)] [KXdw(3810534681)] ai也说加了
10-05 21:45:52.304 I/AstrBotEngine: [NAPCAT] 10-05 21:45:48 [info] 一秋呀(小号)大号2308534727 | 接收 <- 群聊 [Prisma启动器交流群(1126547426)]
10-05 21:45:52.349 I/AstrBotEngine: [NAPCAT] 10-05 21:45:48 [info] 一秋呀(小号)大号2308534727 | 接收 <- 群聊 [Prisma启动器交流群(1126547426)] [Q群管家(2854196310)] @一秋呀(小号)大
10-05 21:45:52.393 I/AstrBotEngine: [NAPCAT] 10-05 21:45:48 [info] 一秋呀(小号)大号2308534727 | 发送 -> 群聊 [Prisma启动器交流群(1126547426)] [一秋呀(小号)大号2308534727(3836305211)
10-05 21:45:52.414 I/AstrBotEngine: [NAPCAT] 10-05 21:45:48 [info] 一秋呀(小号)大号2308534727 | 发送 -> 群聊 [Prisma启动器交流群(1126547426)] [一秋呀(小号)大号2308534727(3836305211)
10-05 21:45:52.442 I/AstrBotEngine: [NAPCAT] 10-05 21:45:48 [info] 一秋呀(小号)大号2308534727 | 发送 -> 群聊 [Prisma启动器交流群(1126547426)] [一秋呀(小号)大号2308534727(3836305211)
10-05 21:45:52.463 I/AstrBotEngine: [NAPCAT] 10-05 21:45:48 [info] 一秋呀(小号)大号2308534727 | 发送 -> 群聊 [Prisma启动器交流群(1126547426)] [一秋呀(小号)大号2308534727(3836305211)
10-05 21:45:52.487 I/AstrBotEngine: [NAPCAT] 10-05 21:45:48 [info] 一秋呀(小号)大号2308534727 | 接收 <- 群聊 [REDMI Note 9 | 休眠期(925211535)] [✡ Meow Love ✡(791411054)] [回复消息 �
10-05 21:45:52.516 I/AstrBotEngine: [NAPCAT] 10-05 21:45:48 [info] 一秋呀(小号)大号2308534727 | 接收 <- 群聊 [REDMI Note 9 | 休眠期(925211535)] [✡ Meow Love ✡(791411054)] 基线
10-05 21:45:52.536 I/AstrBotEngine: [NAPCAT] 10-05 21:45:48 [info] 一秋呀(小号)大号2308534727 | 接收 <- 群聊 [REDMI Note 9 | 休眠期(925211535)] [✡ Meow Love ✡(791411054)] 如果有机会�
10-05 21:45:52.555 I/AstrBotEngine: [NAPCAT] 10-05 21:45:48 [info] 一秋呀(小号)大号2308534727 | 接收 <- 群聊 [REDMI Note 9 | 休眠期(925211535)] [三（指令找我）(3762549711)]  ...
10-05 21:45:52.578 I/AstrBotEngine: [NAPCAT] 10-05 21:45:48 [info] 一秋呀(小号)大号2308534727 | 接收 <- 群聊 [REDMI Note 9 | 休眠期(925211535)] [进门请关屋(670549227)] 搞钱了啦
10-05 21:45:52.596 I/AstrBotEngine: [NAPCAT] 10-05 21:45:48 [info] 一秋呀(小号)大号2308534727 | 接收 <- 群聊 [REDMI Note 9 | 休眠期(925211535)] [和栗薰子(1249490264)] [图片]
10-05 21:45:52.612 I/AstrBotEngine: [NAPCAT] 10-05 21:45:48 [info] 一秋呀(小号)大号2308534727 | 接收 <- 群聊 [REDMI Note 9 | 休眠期(925211535)] [。(3539938)] [图片]
10-05 21:45:52.633 I/AstrBotEngine: [NAPCAT] 10-05 21:45:48 [info] 一秋呀(小号)大号2308534727 | 接收 <- 群聊 [REDMI Note 9 | 休眠期(925211535)] [。(3539938)] [图片]
10-05 21:45:52.654 I/AstrBotEngine: [NAPCAT] 10-05 21:45:48 [info] 一秋呀(小号)大号2308534727 | 接收 <- 群聊 [REDMI Note 9 | 休眠期(925211535)] [PC-政治 被抓老师(2905538605)] [图片]
10-05 21:45:52.673 I/AstrBotEngine: [NAPCAT] 10-05 21:45:48 [info] 一秋呀(小号)大号2308534727 | 接收 <- 群聊 [REDMI Note 9 | 休眠期(925211535)] [PC-政治 被抓老师(2905538605)] 谁啊
10-05 21:45:52.696 I/AstrBotEngine: [NAPCAT] 10-05 21:45:48 [info] 一秋呀(小号)大号2308534727 | 接收 <- 群聊 [REDMI Note 9 | 休眠期(925211535)] [进门请关屋(670549227)] [图片]
10-05 21:45:52.719 I/AstrBotEngine: [NAPCAT] 10-05 21:45:48 [info] 一秋呀(小号)大号2308534727 | 接收 <- 群聊 [REDMI Note 9 | 休眠期(925211535)] [进门请关屋(670549227)] 这个咋整
10-05 21:45:52.736 I/AstrBotEngine: [NAPCAT] 10-05 21:45:48 [info] 一秋呀(小号)大号2308534727 | 接收 <- 群聊 [REDMI Note 9 | 休眠期(925211535)] [进门请关屋(670549227)] 我已气哭
10-05 21:45:52.754 I/AstrBotEngine: [NAPCAT] 10-05 21:45:48 [info] 一秋呀(小号)大号2308534727 | 接收 <- 群聊 [REDMI Note 9 | 休眠期(925211535)] [和栗薰子(1249490264)] [回复消息 [进�
10-05 21:45:52.771 I/AstrBotEngine: [NAPCAT] 10-05 21:45:48 [info] 一秋呀(小号)大号2308534727 | 接收 <- 群聊 [REDMI Note 9 | 休眠期(925211535)] [和栗薰子(1249490264)] 有个相关设置�
10-05 21:45:52.790 I/AstrBotEngine: [NAPCAT] 10-05 21:45:48 [info] 一秋呀(小号)大号2308534727 | 接收 <- 群聊 [REDMI Note 9 | 休眠期(925211535)] [和栗薰子(1249490264)] 可以给软件允�
10-05 21:45:52.806 I/AstrBotEngine: [NAPCAT] 10-05 21:45:48 [info] 一秋呀(小号)大号2308534727 | 接收 <- 群聊 [REDMI Note 9 | 休眠期(925211535)] [和栗薰子(1249490264)] 自己找
10-05 21:45:52.828 I/AstrBotEngine: [NAPCAT] 10-05 21:45:48 [info] 一秋呀(小号)大号2308534727 | 接收 <- 群聊 [REDMI Note 9 | 休眠期(925211535)] [进门请关屋(670549227)] 找不到啊 @<&ÿ
10-05 21:45:52.844 I/AstrBotEngine: [NAPCAT] 10-05 21:45:48 [info] 一秋呀(小号)大号2308534727 | 接收 <- 群聊 [REDMI Note 9 | 休眠期(925211535)] [紫秋晚枫Sky_flame(213757601)] 我去投降
10-05 21:45:52.860 I/AstrBotEngine: [NAPCAT] 10-05 21:45:48 [info] 一秋呀(小号)大号2308534727 | 接收 <- 群聊 [REDMI Note 9 | 休眠期(925211535)] [⠀(3330307097)] 不留一个后台就会变�
10-05 21:45:52.874 I/AstrBotEngine: [NAPCAT] 10-05 21:45:48 [info] 一秋呀(小号)大号2308534727 | 接收 <- 群聊 [REDMI Note 9 | 休眠期(925211535)] [和栗薰子(1249490264)] @进门请关屋 (67
10-05 21:45:52.907 I/AstrBotEngine: [NAPCAT] 10-05 21:45:48 [info] 一秋呀(小号)大号2308534727 | 接收 <- 群聊 [REDMI Note 9 | 休眠期(925211535)] [和栗薰子(1249490264)] 反正是有开关�
10-05 21:45:52.955 I/AstrBotEngine: [NAPCAT] 10-05 21:45:48 [info] 一秋呀(小号)大号2308534727 | 接收 <- 群聊 [REDMI Note 9 | 休眠期(925211535)] [和栗薰子(1249490264)] 我之前搞过
10-05 21:45:52.983 I/AstrBotEngine: [NAPCAT] 10-05 21:45:48 [info] 一秋呀(小号)大号2308534727 | 接收 <- 群聊 [REDMI Note 9 | 休眠期(925211535)] [。(3539938)] 我准备开始搞个c16
10-05 21:45:53.012 I/AstrBotEngine: [NAPCAT] 10-05 21:45:48 [info] 一秋呀(小号)大号2308534727 | 接收 <- 群聊 [REDMI Note 9 | 休眠期(925211535)] [。(3539938)] 第一步 先独立odm
10-05 21:45:53.048 I/AstrBotEngine: [NAPCAT] 10-05 21:45:48 [info] 一秋呀(小号)大号2308534727 | 接收 <- 群聊 [REDMI Note 9 | 休眠期(925211535)] [PC-政治 被抓老师(2905538605)] 不用
10-05 21:45:53.076 I/AstrBotEngine: [NAPCAT] 10-05 21:45:48 [info] 一秋呀(小号)大号2308534727 | 接收 <- 群聊 [REDMI Note 9 | 休眠期(925211535)] [PC-政治 被抓老师(2905538605)] 哥
10-05 21:45:53.111 I/AstrBotEngine: [NAPCAT] 10-05 21:45:48 [info] 一秋呀(小号)大号2308534727 | 接收 <- 群聊 [REDMI Note 9 | 休眠期(925211535)] [PC-政治 被抓老师(2905538605)] 那些插�
10-05 21:45:53.140 I/AstrBotEngine: [NAPCAT] 10-05 21:45:48 [info] 一秋呀(小号)大号2308534727 | 接收 <- 群聊 [REDMI Note 9 | 休眠期(925211535)] [PC-政治 被抓老师(2905538605)] 所以手�
10-05 21:45:53.166 I/AstrBotEngine: [NAPCAT] 10-05 21:45:48 [info] 一秋呀(小号)大号2308534727 | 接收 <- 群聊 [REDMI Note 9 | 休眠期(925211535)] [。(3539938)] 慢慢研究咯
10-05 21:45:53.208 I/AstrBotEngine: [NAPCAT] 10-05 21:45:48 [info] 一秋呀(小号)大号2308534727 | 接收 <- 群聊 [电脑硬件交流群(1029798214)] [伊什塔尔(750494463)] 怀疑是挖矿盘重�
10-05 21:45:53.251 I/AstrBotEngine: [NAPCAT] 10-05 21:45:48 [info] 一秋呀(小号)大号2308534727 | 接收 <- 群聊 [电脑硬件交流群(1029798214)] [啊哈(2449380452)] 有这种可能
10-05 21:45:53.291 I/AstrBotEngine: [NAPCAT] 10-05 21:45:48 [info] 一秋呀(小号)大号2308534727 | 接收 <- 群聊 [电脑硬件交流群(1029798214)] [啊哈(2449380452)] 😂所以没敢买
10-05 21:45:53.331 I/AstrBotEngine: [NAPCAT] 10-05 21:45:48 [info] 一秋呀(小号)大号2308534727 | 接收 <- 群聊 [电脑硬件交流群(1029798214)] [啊哈(2449380452)] 能不能买来用嘛
10-05 21:45:53.363 I/AstrBotEngine: [NAPCAT] 10-05 21:45:48 [info] 一秋呀(小号)大号2308534727 | 接收 <- 群聊 [电脑硬件交流群(1029798214)] [啊哈(2449380452)] 会不会用没多久就挂�
10-05 21:45:53.404 I/AstrBotEngine: [NAPCAT] 10-05 21:45:48 [info] 一秋呀(小号)大号2308534727 | 接收 <- 群聊 [电脑硬件交流群(1029798214)] [伊什塔尔(750494463)] 你要看具体颗粒�
10-05 21:45:53.442 I/AstrBotEngine: [NAPCAT] 10-05 21:45:48 [info] 一秋呀(小号)大号2308534727 | 接收 <- 群聊 [电脑硬件交流群(1029798214)] [啊哈(2449380452)] 闪迪颗粒
10-05 21:45:53.474 I/AstrBotEngine: [NAPCAT] 10-05 21:45:48 [info] 一秋呀(小号)大号2308534727 | 接收 <- 群聊 [电脑硬件交流群(1029798214)] [伊什塔尔(750494463)] 那就算了
10-05 21:45:53.508 I/AstrBotEngine: [NAPCAT] 10-05 21:45:48 [info] 一秋呀(小号)大号2308534727 | 接收 <- 群聊 [电脑硬件交流群(1029798214)] [伊什塔尔(750494463)] 主控是什么主控
10-05 21:45:53.529 I/AstrBotEngine: [NAPCAT] 10-05 21:45:48 [info] 一秋呀(小号)大号2308534727 | 接收 <- 群聊 [电脑硬件交流群(1029798214)] [啊哈(2449380452)] 2246xt
10-05 21:45:53.593 I/AstrBotEngine: [NAPCAT] 10-05 21:45:48 [info] 一秋呀(小号)大号2308534727 | 接收 <- 群聊 [电脑硬件交流群(1029798214)] [伊什塔尔(750494463)] @啊哈 (2449380452)  �
10-05 21:45:53.637 I/AstrBotEngine: [NAPCAT] 10-05 21:45:48 [info] 一秋呀(小号)大号2308534727 | 接收 <- 群聊 [电脑硬件交流群(1029798214)] [啊哈(2449380452)] 好的明白了不建议入
10-05 21:45:53.659 I/AstrBotEngine: [NAPCAT] 10-05 21:45:48 [info] 一秋呀(小号)大号2308534727 | 接收 <- 群聊 [电脑硬件交流群(1029798214)] [伊什塔尔(750494463)] 2246en 2258H 带缓存�
10-05 21:45:53.698 I/AstrBotEngine: [NAPCAT] 10-05 21:45:48 [info] 一秋呀(小号)大号2308534727 | 接收 <- 群聊 [电脑硬件交流群(1029798214)] [伊什塔尔(750494463)] 2246XT 2258XT就算了
10-05 21:45:53.755 I/AstrBotEngine: [NAPCAT] 10-05 21:45:48 [info] 一秋呀(小号)大号2308534727 | 接收 <- 群聊 [电脑硬件交流群(1029798214)] [啊哈(2449380452)] 好的谢谢指点
10-05 21:45:53.791 I/AstrBotEngine: [NAPCAT] 10-05 21:45:48 [info] 一秋呀(小号)大号2308534727 | 接收 <- 群聊 [电脑硬件交流群(1029798214)]
10-05 21:45:53.875 I/AstrBotEngine: [NAPCAT] 10-05 21:45:48 [info] 一秋呀(小号)大号2308534727 | 接收 <- 群聊 [电脑硬件交流群(1029798214)]
10-05 21:45:53.916 I/AstrBotEngine: [NAPCAT] 10-05 21:45:48 [info] 一秋呀(小号)大号2308534727 | 接收 <- 群聊 [电脑硬件交流群(1029798214)] [伊什塔尔(750494463)] @啊哈 (2449380452)  �
10-05 21:45:53.944 I/AstrBotEngine: [NAPCAT] 10-05 21:45:48 [info] 一秋呀(小号)大号2308534727 | 接收 <- 群聊 [电脑硬件交流群(1029798214)] [伊什塔尔(750494463)] 30HX已经卖掉了 ...
10-05 21:45:53.972 I/AstrBotEngine: [NAPCAT] 10-05 21:45:48 [info] 一秋呀(小号)大号2308534727 | 接收 <- 群聊 [电脑硬件交流群(1029798214)] [棣乛（开学飞升勿踢）(3682290597)] 40�
10-05 21:45:54.012 I/AstrBotEngine: [NAPCAT] 10-05 21:45:48 [info] 一秋呀(小号)大号2308534727 | 接收 <- 群聊 [电脑硬件交流群(1029798214)] [伊什塔尔(750494463)] @棣乛（开学飞升�
10-05 21:45:54.045 I/AstrBotEngine: [NAPCAT] 10-05 21:45:48 [info] 一秋呀(小号)大号2308534727 | 接收 <- 群聊 [电脑硬件交流群(1029798214)] [棣乛（开学飞升勿踢）(3682290597)] ？
10-05 21:45:54.075 I/AstrBotEngine: [NAPCAT] 10-05 21:45:48 [info] 一秋呀(小号)大号2308534727 | 接收 <- 群聊 [电脑硬件交流群(1029798214)] [啊哈(2449380452)] @伊什塔尔 (750494463)  �
10-05 21:45:54.103 I/AstrBotEngine: [NAPCAT] 10-05 21:45:48 [info] 一秋呀(小号)大号2308534727 | 接收 <- 群聊 [电脑硬件交流群(1029798214)] [棣乛（开学飞升勿踢）(3682290597)] 6
10-05 21:45:54.123 I/AstrBotEngine: [NAPCAT] 10-05 21:45:48 [info] 一秋呀(小号)大号2308534727 | 接收 <- 群聊 [电脑硬件交流群(1029798214)] [啊哈(2449380452)] @棣乛（开学飞升勿踢
10-05 21:45:54.139 I/AstrBotEngine: [NAPCAT] 10-05 21:45:48 [info] 一秋呀(小号)大号2308534727 | 接收 <- 群聊 [电脑硬件交流群(1029798214)] [啊哈(2449380452)] 😂
10-05 21:45:54.159 I/AstrBotEngine: [NAPCAT] 10-05 21:45:48 [info] 一秋呀(小号)大号2308534727 | 接收 <- 群聊 [电脑硬件交流群(1029798214)] [棣乛（开学飞升勿踢）(3682290597)] 200
10-05 21:45:54.181 I/AstrBotEngine: [NAPCAT] 10-05 21:45:48 [info] 一秋呀(小号)大号2308534727 | 接收 <- 群聊 [电脑硬件交流群(1029798214)] [棣乛（开学飞升勿踢）(3682290597)] 再�
10-05 21:45:54.204 I/AstrBotEngine: [NAPCAT] 10-05 21:45:48 [info] 一秋呀(小号)大号2308534727 | 接收 <- 群聊 [电脑硬件交流群(1029798214)] [棣乛（开学飞升勿踢）(3682290597)] [图
10-05 21:45:54.224 I/AstrBotEngine: [NAPCAT] 10-05 21:45:48 [info] 一秋呀(小号)大号2308534727 | 接收 <- 群聊 [电脑硬件交流群(1029798214)] [棣乛（开学飞升勿踢）(3682290597)] 卖�
10-05 21:45:54.249 I/AstrBotEngine: [NAPCAT] 10-05 21:45:48 [info] 一秋呀(小号)大号2308534727 | 接收 <- 群聊 [小米Vela交流群②(1124665323)] [思绪似雪(2370380733)] 我还没下
10-05 21:45:54.275 I/AstrBotEngine: [NAPCAT] 10-05 21:45:48 [info] 一秋呀(小号)大号2308534727 | 接收 <- 群聊 [小米Vela交流群②(1124665323)] [思绪似雪(2370380733)] 先问问
10-05 21:45:54.303 I/AstrBotEngine: [NAPCAT] 10-05 21:45:48 [info] 一秋呀(小号)大号2308534727 | 接收 <- 群聊 [小米Vela交流群②(1124665323)] [思绪似雪(2370380733)] [表情 ]
10-05 21:45:54.347 I/AstrBotEngine: [NAPCAT] 10-05 21:45:48 [info] 一秋呀(小号)大号2308534727 | 接收 <- 群聊 [小米Vela交流群②(1124665323)] [123456(3444677332)] [表情 /又是早八]
10-05 21:45:54.369 I/AstrBotEngine: [NAPCAT] 10-05 21:45:48 [info] 一秋呀(小号)大号2308534727 | 接收 <- 群聊 [小米Vela交流群②(1124665323)] [123456(3444677332)] 肯定不能啊
10-05 21:45:54.389 I/AstrBotEngine: [NAPCAT] 10-05 21:45:48 [info] 一秋呀(小号)大号2308534727 | 接收 <- 群聊 [小米Vela交流群②(1124665323)] [123456(3444677332)] 但是如果你下了单机
10-05 21:45:54.412 I/AstrBotEngine: [NAPCAT] 10-05 21:45:48 [info] 一秋呀(小号)大号2308534727 | 接收 <- 群聊 [小米Vela交流群②(1124665323)] [123456(3444677332)] [图片]
10-05 21:45:54.432 I/AstrBotEngine: [NAPCAT] 10-05 21:45:48 [info] 一秋呀(小号)大号2308534727 | 接收 <- 群聊 [小米Vela交流群②(1124665323)] [Q群管家(2854196310)] @𝙍𝙖𝙞𝙣 (2080
10-05 21:45:54.452 I/AstrBotEngine: [NAPCAT] 10-05 21:45:48 [info] 一秋呀(小号)大号2308534727 | 接收 <- 群聊 [小米Vela交流群②(1124665323)] [我不是人(2788514305)] [表情 /我酸了]
10-05 21:45:54.480 I/AstrBotEngine: [NAPCAT] 10-05 21:45:48 [info] 一秋呀(小号)大号2308534727 | 接收 <- 群聊 [小米Vela交流群②(1124665323)]
10-05 21:45:54.498 I/AstrBotEngine: [NAPCAT] 10-05 21:45:48 [info] 一秋呀(小号)大号2308534727 | 接收 <- 群聊 [小米Vela交流群②(1124665323)] [𝙍𝙖𝙞𝙣(2080643384)] @Q群管家 (2854
10-05 21:45:54.520 I/AstrBotEngine: [NAPCAT] 10-05 21:45:48 [info] 一秋呀(小号)大号2308534727 | 接收 <- 群聊 [小米Vela交流群②(1124665323)] [Q群管家(2854196310)] [卡片消息]
10-05 21:45:54.543 I/AstrBotEngine: [NAPCAT] 10-05 21:45:48 [info] 一秋呀(小号)大号2308534727 | 接收 <- 群聊 [小米Vela交流群②(1124665323)] [Q群管家(2854196310)] @𝙍𝙖𝙞𝙣 (2080
10-05 21:45:54.560 I/AstrBotEngine: [NAPCAT] 10-05 21:45:48 [info] 一秋呀(小号)大号2308534727 | 接收 <- 群聊 [小米Vela交流群②(1124665323)] [Q群管家(2854196310)] @𝙍𝙖𝙞𝙣 (2080
10-05 21:45:54.579 I/AstrBotEngine: [NAPCAT] 10-05 21:45:48 [info] 一秋呀(小号)大号2308534727 | 接收 <- 群聊 [小米Vela交流群②(1124665323)] [𝙍𝙖𝙞𝙣(2080643384)] 有教程吗？
10-05 21:45:54.598 I/AstrBotEngine: [NAPCAT] 10-05 21:45:48 [info] 一秋呀(小号)大号2308534727 | 接收 <- 群聊 [小米Vela交流群②(1124665323)] [𝙍𝙖𝙞𝙣(2080643384)] 看不懂
10-05 21:45:54.614 I/AstrBotEngine: [NAPCAT] 10-05 21:45:48 [info] 一秋呀(小号)大号2308534727 | 接收 <- 群聊 [小米Vela交流群②(1124665323)] [𝙍𝙖𝙞𝙣(2080643384)] [表情 /流泪]
10-05 21:45:54.631 I/AstrBotEngine: [NAPCAT] 10-05 21:45:48 [info] 一秋呀(小号)大号2308534727 | 接收 <- 群聊 [小米Vela交流群②(1124665323)] [𝙍𝙖𝙞𝙣(2080643384)] 有人教下吗
10-05 21:45:54.650 I/AstrBotEngine: [NAPCAT] 10-05 21:45:48 [info] 一秋呀(小号)大号2308534727 | 接收 <- 群聊 [小米Vela交流群②(1124665323)] [𝙍𝙖𝙞𝙣(2080643384)] [表情 /无语]
10-05 21:45:54.668 I/AstrBotEngine: [NAPCAT] 10-05 21:45:48 [info] 一秋呀(小号)大号2308534727 | 接收 <- 群聊 [小米Vela交流群②(1124665323)] [Q群管家(2854196310)] @。 (2978030095)   欢
10-05 21:45:54.697 I/AstrBotEngine: [NAPCAT] 10-05 21:45:48 [info] 一秋呀(小号)大号2308534727 | 接收 <- 群聊 [小米Vela交流群②(1124665323)] [。(2978030095)] [图片]
10-05 21:45:54.718 I/AstrBotEngine: [NAPCAT] 10-05 21:45:48 [info] 一秋呀(小号)大号2308534727 | 接收 <- 群聊 [小米Vela交流群②(1124665323)] [。(2978030095)] 这个下了要钱吗
10-05 21:45:54.737 I/AstrBotEngine: [NAPCAT] 10-05 21:45:48 [info] 一秋呀(小号)大号2308534727 | 接收 <- 群聊 [小米Vela交流群②(1124665323)] [123456(3444677332)] 不要
10-05 21:45:54.757 I/AstrBotEngine: [NAPCAT] 10-05 21:45:48 [info] 一秋呀(小号)大号2308534727 | 接收 <- 群聊 [小米Vela交流群②(1124665323)] [。(2978030095)] 谢谢
10-05 21:45:54.771 I/AstrBotEngine: [NAPCAT] 10-05 21:45:48 [info] 一秋呀(小号)大号2308534727 | 接收 <- 群聊 [小米Vela交流群②(1124665323)] [123456(3444677332)] [图片]
10-05 21:45:54.785 I/AstrBotEngine: [NAPCAT] 10-05 21:45:48 [info] 一秋呀(小号)大号2308534727 | 接收 <- 群聊 [小米Vela交流群②(1124665323)] [。(2978030095)] 会变砖吗 [表情 ]
10-05 21:45:54.802 I/AstrBotEngine: [NAPCAT] 10-05 21:45:48 [info] 一秋呀(小号)大号2308534727 | 接收 <- 群聊 [小米Vela交流群②(1124665323)] [123456(3444677332)] 应该不会，反正我没
10-05 21:45:54.817 I/AstrBotEngine: [NAPCAT] 10-05 21:45:48 [info] 一秋呀(小号)大号2308534727 | 接收 <- 群聊 [小米Vela交流群②(1124665323)] [。(2978030095)] OK
10-05 21:45:54.831 I/AstrBotEngine: [NAPCAT] 10-05 21:45:48 [info] 一秋呀(小号)大号2308534727 | 接收 <- 群聊 [小米Vela交流群②(1124665323)] [我不会被遗忘(3662267022)] 不太好弄，
10-05 21:45:54.848 I/AstrBotEngine: [NAPCAT] 10-05 21:45:48 [info] 一秋呀(小号)大号2308534727 | 接收 <- 群聊 [小米Vela交流群②(1124665323)] [123456(3444677332)] 雀食
10-05 21:45:54.866 I/AstrBotEngine: [NAPCAT] 10-05 21:45:48 [info] 一秋呀(小号)大号2308534727 | 接收 <- 群聊 [[TLD]长途旅行-交流群-1�(802072961)] [MikoLost(3670473880)] 额
10-05 21:45:54.903 I/AstrBotEngine: [NAPCAT] 10-05 21:45:48 [info] 一秋呀(小号)大号2308534727 | 接收 <- 群聊 [[TLD]长途旅行-交流群-1�(802072961)] [aiq /kel /bs＂ˊo..尐爺(2210015372)
10-05 21:45:54.938 I/AstrBotEngine: [NAPCAT] 10-05 21:45:48 [info] 一秋呀(小号)大号2308534727 | 接收 <- 群聊 [[TLD]长途旅行-交流群-1�(802072961)] [fugd(3771557851)] 发什么视频
10-05 21:45:54.964 I/AstrBotEngine: [NAPCAT] 10-05 21:45:48 [info] 一秋呀(小号)大号2308534727 | 接收 <- 群聊 [[TLD]长途旅行-交流群-1�(802072961)] [aiq /kel /bs＂ˊo..尐爺(2210015372)
10-05 21:45:54.983 I/AstrBotEngine: [NAPCAT] 10-05 21:45:48 [info] 一秋呀(小号)大号2308534727 | 接收 <- 群聊 [[TLD]长途旅行-交流群-1�(802072961)] [aiq /kel /bs＂ˊo..尐爺(2210015372)
10-05 21:45:55.006 I/AstrBotEngine: [NAPCAT] 10-05 21:45:48 [info] 一秋呀(小号)大号2308534727 | 接收 <- 群聊 [[TLD]长途旅行-交流群-1�(802072961)] [aiq /kel /bs＂ˊo..尐爺(2210015372)
10-05 21:45:55.022 I/AstrBotEngine: [NAPCAT] 10-05 21:45:48 [info] 一秋呀(小号)大号2308534727 | 接收 <- 群聊 [[TLD]长途旅行-交流群-1�(802072961)] [MikoLost(3670473880)] 气死我了竟�
10-05 21:45:55.035 I/AstrBotEngine: [NAPCAT] 10-05 21:45:48 [info] 一秋呀(小号)大号2308534727 | 接收 <- 群聊 [[TLD]长途旅行-交流群-1�(802072961)] [远人程(3662372410)] 😰
10-05 21:45:55.048 I/AstrBotEngine: [NAPCAT] 10-05 21:45:48 [info] 一秋呀(小号)大号2308534727 | 接收 <- 群聊 [[TLD]长途旅行-交流群-1�(802072961)] [B站小黑子(2397678228)] Your comput
10-05 21:45:55.062 I/AstrBotEngine: [NAPCAT] 10-05 21:45:48 [info] 一秋呀(小号)大号2308534727 | 接收 <- 群聊 [[TLD]长途旅行-交流群-1�(802072961)] [拼装爱好者Peter(544197959)] [刚�
10-05 21:45:55.075 I/AstrBotEngine: [NAPCAT] 10-05 21:45:48 [info] 一秋呀(小号)大号2308534727 | 接收 <- 群聊 [[TLD]长途旅行-交流群-1�(802072961)] [Angela(2123126692)] 冒泡
10-05 21:45:55.090 I/AstrBotEngine: [NAPCAT] 10-05 21:45:48 [info] 一秋呀(小号)大号2308534727 | 接收 <- 群聊 [[TLD]长途旅行-交流群-1�(802072961)] [正常人(3641584180)] acfan亲自投�
10-05 21:45:55.110 I/AstrBotEngine: [NAPCAT] 10-05 21:45:48 [info] 一秋呀(小号)大号2308534727 | 接收 <- 群聊 [[TLD]长途旅行-交流群-1�(802072961)] [肥猫(39056999)] [图片]
10-05 21:45:55.129 I/AstrBotEngine: [NAPCAT] 10-05 21:45:48 [info] 一秋呀(小号)大号2308534727 | 接收 <- 群聊 [[TLD]长途旅行-交流群-1�(802072961)] [B站小黑子(2397678228)] [回复消�
10-05 21:45:55.147 I/AstrBotEngine: [NAPCAT] 10-05 21:45:48 [info] 一秋呀(小号)大号2308534727 | 接收 <- 群聊 [[TLD]长途旅行-交流群-1�(802072961)] [正常人(3641584180)] 我写错了
10-05 21:45:55.163 I/AstrBotEngine: [NAPCAT] 10-05 21:45:48 [info] 一秋呀(小号)大号2308534727 | 接收 <- 群聊 [[TLD]长途旅行-交流群-1�(802072961)] [Q群管家(2854196310)] @小宋🔥电
10-05 21:45:55.178 I/AstrBotEngine: [NAPCAT] 10-05 21:45:48 [info] 一秋呀(小号)大号2308534727 | 接收 <- 群聊 [[TLD]长途旅行-交流群-1�(802072961)] [一脸问号(3969274899)] ？
10-05 21:45:55.195 I/AstrBotEngine: [NAPCAT] 10-05 21:45:48 [info] 一秋呀(小号)大号2308534727 | 接收 <- 群聊 [[TLD]长途旅行-交流群-1�(802072961)] [正常人(3641584180)] [图片]
10-05 21:45:55.213 I/AstrBotEngine: [NAPCAT] 10-05 21:45:48 [info] 一秋呀(小号)大号2308534727 | 接收 <- 群聊 [[TLD]长途旅行-交流群-1�(802072961)] [雾川(3596936177)] 我都是放虚拟
10-05 21:45:55.233 I/AstrBotEngine: [NAPCAT] 10-05 21:45:48 [info] 一秋呀(小号)大号2308534727 | 接收 <- 群聊 [[TLD]长途旅行-交流群-1�(802072961)] [我喜欢玩音箱(3171992194)] [回�
10-05 21:45:55.253 I/AstrBotEngine: [NAPCAT] 10-05 21:45:48 [info] 一秋呀(小号)大号2308534727 | 接收 <- 群聊 [[TLD]长途旅行-交流群-1�(802072961)] [我喜欢玩音箱(3171992194)] 他说
10-05 21:45:55.269 I/AstrBotEngine: [NAPCAT] 10-05 21:45:48 [info] 一秋呀(小号)大号2308534727 | 接收 <- 群聊 [[TLD]长途旅行-交流群-1�(802072961)] [hix(3630437278)] [回复消息 [正常
10-05 21:45:55.286 I/AstrBotEngine: [NAPCAT] 10-05 21:45:48 [info] 一秋呀(小号)大号2308534727 | 接收 <- 群聊 [[TLD]长途旅行-交流群-1�(802072961)] [一脸问号(3969274899)] @我喜欢�
10-05 21:45:55.300 I/AstrBotEngine: [NAPCAT] 10-05 21:45:48 [info] 一秋呀(小号)大号2308534727 | 接收 <- 群聊 [[TLD]长途旅行-交流群-1�(802072961)] [MikoLost(3670473880)] 有人吗
10-05 21:45:55.316 I/AstrBotEngine: [NAPCAT] 10-05 21:45:48 [info] 一秋呀(小号)大号2308534727 | 接收 <- 群聊 [[TLD]长途旅行-交流群-1�(802072961)] [阿式boy(3380556650)] 人
10-05 21:45:55.334 I/AstrBotEngine: [NAPCAT] 10-05 21:45:48 [info] 一秋呀(小号)大号2308534727 | 接收 <- 群聊 [[TLD]长途旅行-交流群-1�(802072961)] [是黄JIA啊(3781006674)] 死人（me�
10-05 21:45:55.352 I/AstrBotEngine: [NAPCAT] 10-05 21:45:48 [info] 一秋呀(小号)大号2308534727 | 接收 <- 群聊 [[TLD]长途旅行-交流群-1�(802072961)] [正常人(3641584180)] [图片]
10-05 21:45:55.366 I/AstrBotEngine: [NAPCAT] 10-05 21:45:48 [info] 一秋呀(小号)大号2308534727 | 接收 <- 群聊 [[TLD]长途旅行-交流群-1�(802072961)] [MikoLost(3670473880)] 正常
10-05 21:45:55.382 I/AstrBotEngine: [NAPCAT] 10-05 21:45:48 [info] 一秋呀(小号)大号2308534727 | 接收 <- 群聊 [[TLD]长途旅行-交流群-1�(802072961)] [MikoLost(3670473880)] 蛋孵鸡呢
10-05 21:45:55.398 I/AstrBotEngine: [NAPCAT] 10-05 21:45:48 [info] 一秋呀(小号)大号2308534727 | 接收 <- 群聊 [[TLD]长途旅行-交流群-1�(802072961)] [正常人(3641584180)] 无所不能的
10-05 21:45:55.415 I/AstrBotEngine: [NAPCAT] 10-05 21:45:48 [info] 一秋呀(小号)大号2308534727 | 接收 <- 群聊 [Zundamon Kernel Release(720726952)] [小周子(2302956352)] @甘棠 (3158400060)  
10-05 21:45:55.430 I/AstrBotEngine: [NAPCAT] 10-05 21:45:48 [info] 一秋呀(小号)大号2308534727 | 接收 <- 群聊 [Zundamon Kernel Release(720726952)] [小周子(2302956352)] 签到
10-05 21:45:55.449 I/AstrBotEngine: [NAPCAT] 10-05 21:45:48 [info] 一秋呀(小号)大号2308534727 | 接收 <- 群聊 [Zundamon Kernel Release(720726952)] [爸爸(193216344)] [图片]
10-05 21:45:55.463 I/AstrBotEngine: [NAPCAT] 10-05 21:45:48 [info] 一秋呀(小号)大号2308534727 | 接收 <- 群聊 [Zundamon Kernel Release(720726952)] [小周子(2302956352)] 看见没
10-05 21:45:55.479 I/AstrBotEngine: [NAPCAT] 10-05 21:45:48 [info] 一秋呀(小号)大号2308534727 | 接收 <- 群聊 [Zundamon Kernel Release(720726952)] [小周子(2302956352)] 触发关键词
10-05 21:45:55.492 I/AstrBotEngine: [NAPCAT] 10-05 21:45:48 [info] 一秋呀(小号)大号2308534727 | 接收 <- 群聊 [Zundamon Kernel Release(720726952)] [苓(3254678451)] [图片]
10-05 21:45:55.510 I/AstrBotEngine: [NAPCAT] 10-05 21:45:48 [info] 一秋呀(小号)大号2308534727 | 接收 <- 群聊 [Zundamon Kernel Release(720726952)] [苓(3254678451)] 这100w你拿好
10-05 21:45:55.525 I/AstrBotEngine: [NAPCAT] 10-05 21:45:48 [info] 一秋呀(小号)大号2308534727 | 接收 <- 群聊 [Zundamon Kernel Release(720726952)] [胡董(2057436414)] @小周子 (2302956352)  
10-05 21:45:55.546 I/AstrBotEngine: [NAPCAT] 10-05 21:45:48 [info] 一秋呀(小号)大号2308534727 | 接收 <- 群聊 [Zundamon Kernel Release(720726952)] [小周子(2302956352)] [图片]
10-05 21:45:55.562 I/AstrBotEngine: [NAPCAT] 10-05 21:45:48 [info] 一秋呀(小号)大号2308534727 | 接收 <- 群聊 [Zundamon Kernel Release(720726952)] [AI貔貅(834065112)] [图片]
10-05 21:45:55.577 I/AstrBotEngine: [NAPCAT] 10-05 21:45:48 [info] 一秋呀(小号)大号2308534727 | 接收 <- 群聊 [Zundamon Kernel Release(720726952)] [胡董(2057436414)] @小周子 (2302956352)  �
10-05 21:45:55.595 I/AstrBotEngine: [NAPCAT] 10-05 21:45:48 [info] 一秋呀(小号)大号2308534727 | 接收 <- 群聊 [Zundamon Kernel Release(720726952)] [五仁(1308935300)] 群友有用Raphael_MIUI14_
10-05 21:45:55.614 I/AstrBotEngine: [NAPCAT] 10-05 21:45:48 [info] 一秋呀(小号)大号2308534727 | 接收 <- 群聊 [Zundamon Kernel Release(720726952)] [五仁(1308935300)] 找到boot-x的了，这个
10-05 21:45:55.651 I/AstrBotEngine: [NAPCAT] 10-05 21:45:48 [info] 一秋呀(小号)大号2308534727 | 接收 <- 群聊 [Zundamon Kernel Release(720726952)] [小周子(2302956352)] [回复消息 [胡董(20
10-05 21:45:55.672 I/AstrBotEngine: [NAPCAT] 10-05 21:45:48 [info] 一秋呀(小号)大号2308534727 | 接收 <- 群聊 [Zundamon Kernel Release(720726952)] [小周子(2302956352)] ✅ 装机后校准步�
10-05 21:45:55.695 I/AstrBotEngine: [NAPCAT] 10-05 21:45:48 [info] 一秋呀(小号)大号2308534727 | 接收 <- 群聊 [Zundamon Kernel Release(720726952)] [爸爸(193216344)] [图片]
10-05 21:45:55.716 I/AstrBotEngine: [NAPCAT] 10-05 21:45:48 [info] 一秋呀(小号)大号2308534727 | 接收 <- 群聊 [Zundamon Kernel Release(720726952)] [果果果果(811825523)] 签到
10-05 21:45:55.743 I/AstrBotEngine: [NAPCAT] 10-05 21:45:48 [info] 一秋呀(小号)大号2308534727 | 接收 <- 群聊 [Zundamon Kernel Release(720726952)] [胡董(2057436414)] [回复消息 [小周子(23
10-05 21:45:55.762 I/AstrBotEngine: [NAPCAT] 10-05 21:45:48 [info] 一秋呀(小号)大号2308534727 | 接收 <- 群聊 [Zundamon Kernel Release(720726952)] [小周子(2302956352)] [回复消息 [胡董(20
10-05 21:45:55.782 I/AstrBotEngine: [NAPCAT] 10-05 21:45:48 [info] 一秋呀(小号)大号2308534727 | 接收 <- 群聊 [Zundamon Kernel Release(720726952)] [胡董(2057436414)] [回复消息 [小周子(23
10-05 21:45:55.802 I/AstrBotEngine: [NAPCAT] 10-05 21:45:48 [info] 一秋呀(小号)大号2308534727 | 接收 <- 群聊 [Zundamon Kernel Release(720726952)] [小周子(2302956352)] [回复消息 [胡董(20
10-05 21:45:55.820 I/AstrBotEngine: [NAPCAT] 10-05 21:45:48 [info] 一秋呀(小号)大号2308534727 | 接收 <- 群聊 [Zundamon Kernel Release(720726952)] [小周子(2302956352)] 包邮的
10-05 21:45:55.846 I/AstrBotEngine: [NAPCAT] 10-05 21:45:48 [info] 一秋呀(小号)大号2308534727 | 接收 <- 群聊 [Zundamon Kernel Release(720726952)] [胡董(2057436414)] [回复消息 [小周子(23
10-05 21:45:55.863 I/AstrBotEngine: [NAPCAT] 10-05 21:45:48 [info] 一秋呀(小号)大号2308534727 | 接收 <- 群聊 [Zundamon Kernel Release(720726952)] [scf555(3056084316)] [图片]
10-05 21:45:55.882 I/AstrBotEngine: [NAPCAT] 10-05 21:45:48 [info] 一秋呀(小号)大号2308534727 | 接收 <- 群聊 [Zundamon Kernel Release(720726952)] [小周子(2302956352)] [回复消息 [胡董(20
10-05 21:45:55.896 I/AstrBotEngine: [NAPCAT] 10-05 21:45:48 [info] 一秋呀(小号)大号2308534727 | 接收 <- 群聊 [Zundamon Kernel Release(720726952)] [果果果果(811825523)] 小男娘
10-05 21:45:55.911 I/AstrBotEngine: [NAPCAT] 10-05 21:45:48 [info] 一秋呀(小号)大号2308534727 | 接收 <- 群聊 [Zundamon Kernel Release(720726952)] [爸爸(193216344)] [图片]
10-05 21:45:55.929 I/AstrBotEngine: [NAPCAT] 10-05 21:45:48 [info] 一秋呀(小号)大号2308534727 | 接收 <- 群聊 [Zundamon Kernel Release(720726952)] [小周子(2302956352)] [回复消息 [果果果
10-05 21:45:55.958 I/AstrBotEngine: [NAPCAT] 10-05 21:45:48 [info] 一秋呀(小号)大号2308534727 | 接收 <- 群聊 [Zundamon Kernel Release(720726952)] [老头(753873828)] 小骚逼
10-05 21:45:55.980 I/AstrBotEngine: [NAPCAT] 10-05 21:45:48 [info] 一秋呀(小号)大号2308534727 | 接收 <- 群聊 [Zundamon Kernel Release(720726952)] [老头(753873828)] [图片]
10-05 21:45:56.000 I/AstrBotEngine: [NAPCAT] 10-05 21:45:48 [info] 一秋呀(小号)大号2308534727 | 接收 <- 群聊 [我的世界●一秋小镇(194636275)] [caw2206(无事勿扰 有事勿扰 有疑询
10-05 21:45:56.026 I/AstrBotEngine: [NAPCAT] 10-05 21:45:48 [info] 一秋呀(小号)大号2308534727 | 接收 <- 群聊 [我的世界●一秋小镇(194636275)] [Him1388002468(2319161649)] [图片]  终于
10-05 21:45:56.043 I/AstrBotEngine: [NAPCAT] 10-05 21:45:48 [info] 一秋呀(小号)大号2308534727 | 接收 <- 群聊 [我的世界●一秋小镇(194636275)]
10-05 21:45:56.064 I/AstrBotEngine: [NAPCAT] 10-05 21:45:48 [info] 一秋呀(小号)大号2308534727 | 接收 <- 群聊 [我的世界●一秋小镇(194636275)] [Him1388002468(2319161649)] [视频]
10-05 21:45:56.089 I/AstrBotEngine: [NAPCAT] 10-05 21:45:48 [info] 一秋呀(小号)大号2308534727 | 接收 <- 群聊 [我的世界●一秋小镇(194636275)] [Him1388002468(2319161649)] [回复消息 [H
10-05 21:45:56.108 I/AstrBotEngine: [NAPCAT] 10-05 21:45:48 [info] 一秋呀(小号)大号2308534727 | 接收 <- 群聊 [我的世界●一秋小镇(194636275)] [Him1388002468(2319161649)] [图片] 真结�
10-05 21:45:56.129 I/AstrBotEngine: [NAPCAT] 10-05 21:45:48 [info] 一秋呀(小号)大号2308534727 | 接收 <- 群聊 [我的世界●一秋小镇(194636275)] [Him1388002468(2319161649)] [图片]
10-05 21:45:56.149 I/AstrBotEngine: [NAPCAT] 10-05 21:45:48 [info] 一秋呀(小号)大号2308534727 | 接收 <- 群聊 [我的世界●一秋小镇(194636275)] [chuyingweiqi(2022231446)] 服务器好了�
10-05 21:45:56.171 I/AstrBotEngine: [NAPCAT] 10-05 21:45:48 [info] 一秋呀(小号)大号2308534727 | 发送 -> 群聊 [我的世界●一秋小镇(194636275)] [一秋呀(小号)大号2308534727(383630521
10-05 21:45:56.188 I/AstrBotEngine: [NAPCAT] 10-05 21:45:48 [info] 一秋呀(小号)大号2308534727 | 接收 <- 群聊 [我的世界●一秋小镇(194636275)] [caw2206(无事勿扰 有事勿扰 有疑询
10-05 21:45:56.212 I/AstrBotEngine: [NAPCAT] 10-05 21:45:48 [info] 一秋呀(小号)大号2308534727 | 发送 -> 群聊 [我的世界●一秋小镇(194636275)] [一秋呀(小号)大号2308534727(383630521
10-05 21:45:56.233 I/AstrBotEngine: [NAPCAT] 10-05 21:45:48 [info] 一秋呀(小号)大号2308534727 | 发送 -> 群聊 [我的世界●一秋小镇(194636275)] [一秋呀(小号)大号2308534727(383630521
10-05 21:45:56.251 I/AstrBotEngine: [NAPCAT] 10-05 21:45:48 [info] 一秋呀(小号)大号2308534727 | 发送 -> 群聊 [我的世界●一秋小镇(194636275)] [一秋呀(小号)大号2308534727(383630521
10-05 21:45:56.272 I/AstrBotEngine: [NAPCAT] 10-05 21:45:48 [info] 一秋呀(小号)大号2308534727 | 接收 <- 群聊 [我的世界●一秋小镇(194636275)] [caw2206(无事勿扰 有事勿扰 有疑询
10-05 21:45:56.289 I/AstrBotEngine: [NAPCAT] 10-05 21:45:48 [info] 一秋呀(小号)大号2308534727 | 接收 <- 群聊 [小米vela交流群(群满加(885186458)] [Q群管家(2854196310)] @쿤쿤 (34872820
10-05 21:45:56.308 I/AstrBotEngine: [NAPCAT] 10-05 21:45:48 [info] 一秋呀(小号)大号2308534727 | 接收 <- 群聊 [小米vela交流群(群满加(885186458)] [쿤쿤(3487282044)] [图片]
10-05 21:45:56.326 I/AstrBotEngine: [NAPCAT] 10-05 21:45:48 [info] 一秋呀(小号)大号2308534727 | 接收 <- 群聊 [小米vela交流群(群满加(885186458)] [쿤쿤(3487282044)] 这几个应该下载
10-05 21:45:56.342 I/AstrBotEngine: [NAPCAT] 10-05 21:45:48 [info] 一秋呀(小号)大号2308534727 | 接收 <- 群聊 [小米vela交流群(群满加(885186458)] [憨衣(1250996494)] 群里最新的
10-05 21:45:56.363 I/AstrBotEngine: [NAPCAT] 10-05 21:45:48 [info] 一秋呀(小号)大号2308534727 | 接收 <- 群聊 [小米vela交流群(群满加(885186458)] [Minecraft_DBS-#2(2319161649)] [回复消�
10-05 21:45:56.380 I/AstrBotEngine: [NAPCAT] 10-05 21:45:48 [info] 一秋呀(小号)大号2308534727 | 接收 <- 群聊 [小米vela交流群(群满加(885186458)] [Minecraft_DBS-#2(2319161649)] 又是为�
10-05 21:45:56.402 I/AstrBotEngine: [NAPCAT] 10-05 21:45:49 [info] 一秋呀(小号)大号2308534727 | 接收 <- 群聊 [0.2之窝11(1054294792)] [百灵(793585313)] ...现在还有人吗？
10-05 21:45:56.419 I/AstrBotEngine: [NAPCAT] 10-05 21:45:49 [info] 一秋呀(小号)大号2308534727 | 接收 <- 群聊 [0.2之窝11(1054294792)] [『落』(3380993189)] ？
10-05 21:45:56.444 I/AstrBotEngine: [NAPCAT] 10-05 21:45:49 [info] 一秋呀(小号)大号2308534727 | 接收 <- 群聊 [华强北安卓手表交流极客联盟(1031894167)] [su8/m53/m99/s100/m89h(已出)m
10-05 21:45:56.461 I/AstrBotEngine: [NAPCAT] 10-05 21:45:51 [info] 一秋呀(小号)大号2308534727 | 接收 <- 群聊 [华强北安卓手表交流极客联盟(1031894167)] [罗德岛蜜袜工坊(29221396
10-05 21:45:56.481 I/AstrBotEngine: [NAPCAT] 10-05 21:45:53 [info] 一秋呀(小号)大号2308534727 | 接收 <- 群聊 [华强北安卓手表交流极客联盟(1031894167)] [琉白雨心(1625936837)] 看�
10-05 21:45:56.503 I/AstrBotEngine: [NAPCAT] 10-05 21:45:53 [info] 一秋呀(小号)大号2308534727 | 接收 <- 群聊 [华强北安卓手表交流极客联盟(1031894167)] [su8/m53/m99/s100/m89h(已出)m
10-05 21:45:56.521 I/AstrBotEngine: [NAPCAT] [BuglyManager.cpp][UploadBugly][107]!!!in UploadBugly.
10-05 21:45:56.536 I/AstrBotEngine: [NAPCAT] [NativeCrashHandler.cpp][getCrashDetailBeanFromRecord][52]!!!! in NativeCrashHandler getCrashDetailBeanFromRecord, open file error!!!,dumpFilePath:/root/.config
10-05 21:45:56.559 I/AstrBotEngine: [NAPCAT] [NativeCrashHandler.cpp][uploadCrashEvent][331]get null crashDetailBean, return!
10-05 21:46:08.270 I/AstrBotEngine: [NAPCAT] 10-05 21:46:08 [info] 一秋呀(小号)大号2308534727 | 接收 <- 群聊 [华强北安卓手表交流极客联盟(1031894167)] [su8/m53/m99/s100/m89h(已出)m
10-05 21:46:13.372 I/SyncService: BandQQ 同步器 v2.27.0 (vc70) 启动
10-05 21:46:13.400 W/InterconnectBridge: reconnect: no node, retry connect (no launch)
10-05 21:46:13.400 E/InterconnectBridge: connect: not initialized
10-05 21:46:13.432 D/OneBotClient: WS onOpen, connected=true
10-05 21:46:13.432 D/OneBotClient: WS identify sent (echo=bandqq-2.27.0)
10-05 21:46:13.434 E/InterconnectBridge: sendToBand skipped: no connected node. frame={"type":"connect_state","seq":0,"state":"disconnected","band":false,"protocol":t
10-05 21:46:13.436 D/OneBotClient: WS recv: {"time":1791207973,"self_id":3836305211,"post_type":"meta_event","meta_event_type":"lifecycle","sub_type":"connect"}
10-05 21:46:13.436 D/OneBotClient: WS non-message frame (meta/action response)
10-05 21:46:13.445 D/OneBotClient: WS recv: {"status":"ok","retcode":0,"data":{"app_name":"NapCat.Onebot","protocol_version":"v11","app_version":"4.18.28"},"message":"","wording":"","echo":"bandqq-2.27.0","stream":"normal-action"}
10-05 21:46:13.446 D/OneBotClient: WS non-message frame (meta/action response)
10-05 21:46:13.457 D/OneBotClient: api get_group_list http ok
10-05 21:46:13.507 D/InterconnectBridge: connect: found device REDMI Watch 5 eSIM   
10-05 21:46:13.537 I/InterconnectBridge: auth: DEVICE_MANAGER granted[0]=true
10-05 21:46:13.645 D/InterconnectBridge: openApp: 已在手环上拉起应用
10-05 21:46:13.662 D/InterconnectBridge: registerListener ok
10-05 21:46:13.663 D/InterconnectBridge: sendToBand frame bytes=23: {"type":"ping","seq":0}
10-05 21:46:13.712 D/InterconnectBridge: sendToBand ok (23B)
10-05 21:46:14.073 D/OneBotClient: api get_friend_list http ok
10-05 21:46:14.279 D/InterconnectBridge: onBandMessage: {"type":"band_state","state":"connected","seq":0}
10-05 21:46:14.284 D/InterconnectBridge: sendToBand frame bytes=80: {"type":"connect_state","seq":0,"state":"connected","band":true,"protocol":true}
10-05 21:46:14.285 D/InterconnectBridge: sendToBand frame bytes=49: {"type":"visible_contacts","seq":0,"contacts":[]}
10-05 21:46:14.285 D/MessageBroker: pushVisibleContacts -> 0 contacts
10-05 21:46:14.286 D/InterconnectBridge: sendToBand frame bytes=279: {"type":"quick_replies","seq":0,"list":[{"label":"收到","content":"收到"},{"label":"
10-05 21:46:14.286 D/MessageBroker: pushQuickReplies -> 6 items
10-05 21:46:14.286 D/InterconnectBridge: sendToBand frame bytes=87: {"type":"settings_state","seq":0,"emoji_native":true,"msg_vibrate":true,"mute_li
10-05 21:46:14.287 D/MessageBroker: pushSettingsState -> emoji=true vibrate=true
10-05 21:46:14.287 D/MessageBroker: pushDirectConfig skipped: httpUrl not reachable from band (default/blank)
10-05 21:46:14.287 D/InterconnectBridge: onBandMessage: {"type":"get_connect_state","seq":1}
10-05 21:46:14.287 D/InterconnectBridge: sendToBand frame bytes=80: {"type":"connect_state","seq":0,"state":"connected","band":true,"protocol":true}
10-05 21:46:14.291 D/InterconnectBridge: onBandMessage: {"type":"get_visible_contacts","seq":2}
10-05 21:46:14.292 D/MessageBroker: get_visible_contacts -> 0 contacts
10-05 21:46:14.292 D/InterconnectBridge: sendToBand frame bytes=49: {"type":"visible_contacts","seq":2,"contacts":[]}
10-05 21:46:14.296 D/InterconnectBridge: onBandMessage: {"type":"get_conversations","seq":3}
10-05 21:46:14.296 D/InterconnectBridge: sendToBand frame bytes=46: {"type":"conversation_list","seq":3,"list":[]}
10-05 21:46:14.319 D/InterconnectBridge: onBandMessage: {"type":"get_settings","seq":4}
10-05 21:46:14.319 D/InterconnectBridge: sendToBand frame bytes=87: {"type":"settings_state","seq":0,"emoji_native":true,"msg_vibrate":true,"mute_li
10-05 21:46:14.341 D/InterconnectBridge: sendToBand ok (80B)
10-05 21:46:14.342 D/InterconnectBridge: sendToBand ok (49B)
10-05 21:46:14.342 D/InterconnectBridge: sendToBand ok (279B)
10-05 21:46:14.342 D/InterconnectBridge: sendToBand ok (46B)
10-05 21:46:14.346 D/InterconnectBridge: sendToBand ok (80B)
10-05 21:46:14.351 D/InterconnectBridge: sendToBand ok (87B)
10-05 21:46:14.371 D/InterconnectBridge: sendToBand ok (87B)
10-05 21:46:14.414 D/InterconnectBridge: sendToBand ok (49B)
10-05 21:46:14.982 D/InterconnectBridge: onBandMessage: {"type":"get_conversations","seq":73951}
10-05 21:46:14.983 D/InterconnectBridge: sendToBand frame bytes=50: {"type":"conversation_list","seq":73951,"list":[]}
10-05 21:46:15.102 D/InterconnectBridge: sendToBand ok (50B)
10-05 21:46:16.664 D/InterconnectBridge: sendToBand frame bytes=23: {"type":"ping","seq":0}
10-05 21:46:16.790 D/InterconnectBridge: sendToBand ok (23B)
10-05 21:46:16.793 D/InterconnectBridge: onBandMessage: {"type":"pong","seq":0}
10-05 21:46:17.508 I/AstrBotEngine: [NAPCAT] 10-05 21:46:17 [info] 一秋呀(小号)大号2308534727 | 接收 <- 群聊 [华强北安卓手表交流极客联盟(1031894167)] [琉白雨心(1625936837)] [回
10-05 21:46:17.519 D/OneBotClient: WS recv: {"self_id":3836305211,"user_id":1625936837,"time":1791207977,"message_id":847659174,"message_seq":847659174,"real_id":847659174,"real_seq":"1432070","message_type":"group","sender":{"user_id":1625936837,"nickname":"琉白雨心་","card":"琉白雨心","role":"member"},"raw_message":"[CQ:reply,id=856402850]那不是还不如小米9
10-05 21:46:17.521 D/InterconnectBridge: sendToBand frame bytes=319: {"type":"push_message","seq":0,"message_type":"group","target_id":"1031894167","
10-05 21:46:17.584 D/InterconnectBridge: sendToBand ok (319B)
10-05 21:46:19.666 D/InterconnectBridge: sendToBand frame bytes=23: {"type":"ping","seq":0}
10-05 21:46:19.799 D/InterconnectBridge: sendToBand ok (23B)
10-05 21:46:19.803 D/InterconnectBridge: onBandMessage: {"type":"pong","seq":0}
10-05 21:46:22.024 I/AstrBotEngine: [NAPCAT] 10-05 21:46:21 [info] 一秋呀(小号)大号2308534727 | 接收 <- 群聊 [华强北安卓手表交流极客联盟(1031894167)] [不会起名(2815703615)] 这�
10-05 21:46:22.062 D/OneBotClient: WS recv: {"self_id":3836305211,"user_id":2815703615,"time":1791207981,"message_id":948782804,"message_seq":948782804,"real_id":948782804,"real_seq":"1432071","message_type":"group","sender":{"user_id":2815703615,"nickname":"不会起名","card":"","role":"member"},"raw_message":"这手机真用一天气一天[CQ:image,file=B44A30491247
10-05 21:46:22.067 D/InterconnectBridge: sendToBand frame bytes=318: {"type":"push_message","seq":0,"message_type":"group","target_id":"1031894167","
10-05 21:46:22.204 D/InterconnectBridge: sendToBand ok (318B)
10-05 21:46:22.669 D/InterconnectBridge: sendToBand frame bytes=23: {"type":"ping","seq":0}
10-05 21:46:22.773 D/InterconnectBridge: sendToBand ok (23B)
10-05 21:46:22.838 D/InterconnectBridge: onBandMessage: {"type":"pong","seq":0}
10-05 21:46:25.671 D/InterconnectBridge: sendToBand frame bytes=23: {"type":"ping","seq":0}
10-05 21:46:26.137 D/InterconnectBridge: onBandMessage: {"type":"pong","seq":0}
10-05 21:46:26.138 D/InterconnectBridge: sendToBand ok (23B)
10-05 21:46:28.676 D/InterconnectBridge: sendToBand frame bytes=23: {"type":"ping","seq":0}
10-05 21:46:29.131 D/InterconnectBridge: sendToBand ok (23B)
10-05 21:46:29.141 D/InterconnectBridge: onBandMessage: {"type":"pong","seq":0}
10-05 21:46:31.411 D/OneBotClient: WS recv: {"self_id":3836305211,"user_id":1362181744,"time":1791207991,"message_id":1045382675,"message_seq":1045382675,"real_id":1045382675,"real_seq":"1432072","message_type":"group","sender":{"user_id":1362181744,"nickname":"Eeraft","card":"su8/m53/m99/s100/m89h(已出)m89(手持被没收)","role":"member"},"raw_message
10-05 21:46:31.415 D/InterconnectBridge: sendToBand frame bytes=316: {"type":"push_message","seq":0,"message_type":"group","target_id":"1031894167","
10-05 21:46:31.422 I/AstrBotEngine: [NAPCAT] 10-05 21:46:31 [info] 一秋呀(小号)大号2308534727 | 接收 <- 群聊 [华强北安卓手表交流极客联盟(1031894167)] [su8/m53/m99/s100/m89h(已出)m
10-05 21:46:31.530 D/InterconnectBridge: sendToBand ok (316B)
10-05 21:46:31.677 D/InterconnectBridge: sendToBand frame bytes=23: {"type":"ping","seq":0}
10-05 21:46:31.786 D/InterconnectBridge: sendToBand ok (23B)
10-05 21:46:32.132 D/InterconnectBridge: onBandMessage: {"type":"pong","seq":0}
10-05 21:46:33.436 W/OneBotClient: WS failure: EOFException: null
10-05 21:46:33.436 D/InterconnectBridge: sendToBand frame bytes=84: {"type":"connect_state","seq":0,"state":"disconnected","band":true,"protocol":fa
10-05 21:46:33.508 D/InterconnectBridge: sendToBand ok (84B)
10-05 21:46:34.025 D/InterconnectBridge: sendToBand frame bytes=165: {"type":"visible_contacts","seq":0,"contacts":[{"id":"1126547426","type":"group"
10-05 21:46:34.134 D/InterconnectBridge: sendToBand ok (165B)
10-05 21:46:34.462 D/OneBotClient: WS onOpen, connected=true
10-05 21:46:34.464 D/OneBotClient: WS identify sent (echo=bandqq-2.27.0)
10-05 21:46:34.465 D/InterconnectBridge: sendToBand frame bytes=80: {"type":"connect_state","seq":0,"state":"connected","band":true,"protocol":true}
10-05 21:46:34.465 D/OneBotClient: WS recv: {"time":1791207994,"self_id":3836305211,"post_type":"meta_event","meta_event_type":"lifecycle","sub_type":"connect"}
10-05 21:46:34.466 D/OneBotClient: WS non-message frame (meta/action response)
10-05 21:46:34.471 D/OneBotClient: WS recv: {"status":"ok","retcode":0,"data":{"app_name":"NapCat.Onebot","protocol_version":"v11","app_version":"4.18.28"},"message":"","wording":"","echo":"bandqq-2.27.0","stream":"normal-action"}
10-05 21:46:34.475 D/OneBotClient: WS non-message frame (meta/action response)
10-05 21:46:34.593 D/InterconnectBridge: sendToBand ok (80B)
10-05 21:46:34.679 D/InterconnectBridge: sendToBand frame bytes=23: {"type":"ping","seq":0}
10-05 21:46:34.736 D/OneBotClient: WS recv: {"self_id":3836305211,"user_id":1362181744,"time":1791207994,"message_id":2046817744,"message_seq":2046817744,"real_id":2046817744,"real_seq":"1432073","message_type":"group","sender":{"user_id":1362181744,"nickname":"Eeraft","card":"su8/m53/m99/s100/m89h(已出)m89(手持被没收)","role":"member"},"raw_message
10-05 21:46:34.740 D/InterconnectBridge: sendToBand frame bytes=290: {"type":"push_message","seq":0,"message_type":"group","target_id":"1031894167","
10-05 21:46:34.757 D/InterconnectBridge: onBandMessage: {"type":"pong","seq":0}
10-05 21:46:34.758 D/InterconnectBridge: sendToBand ok (23B)
10-05 21:46:34.774 I/AstrBotEngine: [NAPCAT] 10-05 21:46:34 [info] 一秋呀(小号)大号2308534727 | 接收 <- 群聊 [华强北安卓手表交流极客联盟(1031894167)] [su8/m53/m99/s100/m89h(已出)m
10-05 21:46:34.875 D/InterconnectBridge: sendToBand ok (290B)
10-05 21:46:36.623 D/InterconnectBridge: onBandMessage: {"type":"get_history","seq":1,"target_id":"1126547426","limit":30}
10-05 21:46:36.624 D/InterconnectBridge: sendToBand frame bytes=94: {"type":"history_list","seq":1,"target_id":"1126547426","before":0,"has_more":fa
10-05 21:46:36.637 D/InterconnectBridge: onBandMessage: {"type":"read_chat","seq":2,"target_id":"1126547426"}
10-05 21:46:36.644 D/InterconnectBridge: sendToBand frame bytes=504: {"type":"conversation_list","seq":2,"list":[{"id":"1031894167","type":"group","n
10-05 21:46:36.758 D/InterconnectBridge: sendToBand ok (94B)
10-05 21:46:36.793 D/InterconnectBridge: sendToBand ok (504B)
10-05 21:46:37.682 D/InterconnectBridge: sendToBand frame bytes=23: {"type":"ping","seq":0}
10-05 21:46:37.788 D/InterconnectBridge: sendToBand ok (23B)
10-05 21:46:38.187 D/InterconnectBridge: onBandMessage: {"type":"pong","seq":0}
10-05 21:46:40.685 D/InterconnectBridge: sendToBand frame bytes=23: {"type":"ping","seq":0}
10-05 21:46:41.174 D/InterconnectBridge: sendToBand ok (23B)
10-05 21:46:41.219 D/InterconnectBridge: onBandMessage: {"type":"pong","seq":0}
10-05 21:46:43.687 D/InterconnectBridge: sendToBand frame bytes=23: {"type":"ping","seq":0}
10-05 21:46:44.037 D/InterconnectBridge: onBandMessage: {"type":"send_message","seq":1,"message_type":"group","target_id":"1126547426","content":"666","time":1791208003605}
10-05 21:46:44.092 I/AstrBotEngine: [NAPCAT] 10-05 21:46:44 [info] 一秋呀(小号)大号2308534727 | 发送 -> 群聊 [Prisma启动器交流群(1126547426)] [一秋呀(小号)大号2308534727(3836305211)
10-05 21:46:44.101 D/InterconnectBridge: sendToBand ok (23B)
10-05 21:46:44.382 D/InterconnectBridge: onBandMessage: {"type":"read_chat","seq":3,"target_id":"1126547426"}
10-05 21:46:44.383 D/InterconnectBridge: sendToBand frame bytes=504: {"type":"conversation_list","seq":3,"list":[{"id":"1031894167","type":"group","n
10-05 21:46:44.394 D/InterconnectBridge: onBandMessage: {"type":"pong","seq":0}
10-05 21:46:44.474 D/InterconnectBridge: sendToBand ok (504B)
10-05 21:46:44.679 D/OneBotClient: send http://127.0.0.1:3000/send_group_msg -> ok(retcode=0)
10-05 21:46:44.680 D/InterconnectBridge: sendToBand frame bytes=130: {"type":"action_result","seq":0,"action":"send","ok":true,"target_id":"112654742
10-05 21:46:44.682 D/InterconnectBridge: sendToBand frame bytes=253: {"type":"push_message","seq":0,"message_type":"group","target_id":"1126547426","
10-05 21:46:44.747 D/InterconnectBridge: sendToBand ok (253B)
10-05 21:46:44.808 D/InterconnectBridge: sendToBand ok (130B)
10-05 21:46:44.976 I/AstrBotEngine: [NAPCAT] 10-05 21:46:44 [info] 一秋呀(小号)大号2308534727 | 接收 <- 临时消息 (1770946116)
10-05 21:46:45.125 D/OneBotClient: WS recv: {"time":1791208005,"self_id":3836305211,"post_type":"notice","notice_type":"bot_offline","user_id":3836305211,"tag":"下线通知","message":"你的账号当前登录已失效，请重新登录。"}
10-05 21:46:45.125 D/OneBotClient: WS non-message frame (meta/action response)
10-05 21:46:45.145 I/AstrBotEngine: [NAPCAT] 10-05 21:46:45 [error] 一秋呀(小号)大号2308534727 | [KickedOffLine] [下线通知] 你的账号当前登录已失效，请重新登录。
10-05 21:46:46.151 I/AstrBotEngine: [NAPCAT] 10-05 21:46:46 [info] 一秋呀(小号)大号2308534727 | 账号状态变更为离线
10-05 21:46:46.688 D/InterconnectBridge: sendToBand frame bytes=23: {"type":"ping","seq":0}
10-05 21:46:46.768 D/InterconnectBridge: sendToBand ok (23B)
10-05 21:46:46.778 D/InterconnectBridge: onBandMessage: {"type":"pong","seq":0}
10-05 21:46:48.681 I/AstrBotEngine: [NAPCAT] 10-05 21:46:48 [warn] 一秋呀(小号)大号2308534727 | [Core] [Login] 账号被踢下线，正在重启 Worker 以重新创建 QQ 登录服务 {"result":true
10-05 21:46:48.824 I/AstrBotEngine: [NAPCAT] 10-05 21:46:48 [warn] [NapCat] [Process] 进程 19401 仍在运行，尝试强制杀掉
10-05 21:46:48.915 W/OneBotClient: WS failure: EOFException: null
10-05 21:46:48.916 D/InterconnectBridge: sendToBand frame bytes=84: {"type":"connect_state","seq":0,"state":"disconnected","band":true,"protocol":fa
10-05 21:46:48.960 D/InterconnectBridge: sendToBand ok (84B)
10-05 21:46:49.462 W/OneBotClient: WS failure: ConnectException: Failed to connect to /127.0.0.1:3001
10-05 21:46:49.464 D/InterconnectBridge: sendToBand frame bytes=84: {"type":"connect_state","seq":0,"state":"disconnected","band":true,"protocol":fa
10-05 21:46:49.598 D/InterconnectBridge: sendToBand ok (84B)
10-05 21:46:49.691 D/InterconnectBridge: sendToBand frame bytes=23: {"type":"ping","seq":0}
10-05 21:46:49.820 D/InterconnectBridge: sendToBand ok (23B)
10-05 21:46:49.855 D/InterconnectBridge: onBandMessage: {"type":"pong","seq":0}
10-05 21:46:52.696 D/InterconnectBridge: sendToBand frame bytes=23: {"type":"ping","seq":0}
10-05 21:46:52.817 D/InterconnectBridge: sendToBand ok (23B)
10-05 21:46:52.842 D/InterconnectBridge: onBandMessage: {"type":"pong","seq":0}
10-05 21:46:52.993 I/AstrBotEngine: [NAPCAT] 10-05 21:46:52 [info] [NapCat] [Process] 已清理残留进程: PID 19402 (Utility)
10-05 21:46:53.027 I/AstrBotEngine: [NAPCAT] 10-05 21:46:52 [info] [NapCat] [Process] 已清理残留进程: PID 19514 (GPU)
10-05 21:46:53.064 I/AstrBotEngine: [NAPCAT] [18806:1005/214652.965178:ERROR:content/browser/gpu/gpu_process_host.cc:1003] GPU process exited unexpectedly: exit_code=15
10-05 21:46:53.101 I/AstrBotEngine: [NAPCAT] [18806:1005/214652.992812:ERROR:content/browser/network_service_instance_impl.cc:610] Network service crashed or was terminated, restarting service.
10-05 21:46:53.263 I/AstrBotEngine: [NAPCAT] [24241:1005/214653.234436:ERROR:base/files/file_path_watcher_inotify.cc:923] Failed to read /proc/sys/fs/inotify/max_user_watches
10-05 21:46:53.285 I/AstrBotEngine: [NAPCAT] [launcher] loadNapCat.js generated in current directory
10-05 21:46:53.315 I/AstrBotEngine: [NAPCAT] [24233:1005/214653.270196:ERROR:base/files/file_path_watcher_inotify.cc:923] Failed to read /proc/sys/fs/inotify/max_user_watches
10-05 21:46:53.342 I/AstrBotEngine: [NAPCAT] [24233:1005/214653.270286:ERROR:net/base/address_tracker_linux.cc:242] Could not bind NETLINK socket: Permission denied (13)
10-05 21:46:54.465 W/OneBotClient: WS failure: ConnectException: Failed to connect to /127.0.0.1:3001
10-05 21:46:54.466 D/InterconnectBridge: sendToBand frame bytes=84: {"type":"connect_state","seq":0,"state":"disconnected","band":true,"protocol":fa
10-05 21:46:54.613 D/InterconnectBridge: sendToBand ok (84B)
10-05 21:46:55.228 I/AstrBotEngine: [NAPCAT] NapCat Shell App Loading...
10-05 21:46:55.258 I/AstrBotEngine: [NAPCAT] [launcher] intercepted package.json: /opt/QQ/resources/app/package.json, replacing content
10-05 21:46:55.297 I/AstrBotEngine: [NAPCAT] [launcher] Generated relative path: ../../../../root
10-05 21:46:55.323 I/AstrBotEngine: [NAPCAT] [launcher] New main field: "main": "../../../../root/loadNapCat.js"
10-05 21:46:55.344 I/AstrBotEngine: [NAPCAT] [launcher] package.json content: {
10-05 21:46:55.385 I/AstrBotEngine: [NAPCAT]   "name": "QQ",
10-05 21:46:55.402 I/AstrBotEngine: [NAPCAT]   "version": "3.2.33-52892",
10-05 21:46:55.423 I/AstrBotEngine: [NAPCAT]   "private": true,
10-05 21:46:55.451 I/AstrBotEngine: [NAPCAT]   "description": "QQ",
10-05 21:46:55.512 I/AstrBotEngine: [NAPCAT]   "productName": "QQ",
10-05 21:46:55.545 I/AstrBotEngine: [NAPCAT]   "author": {
10-05 21:46:55.587 I/AstrBotEngine: [NAPCAT]     "name": "Tencent",
10-05 21:46:55.614 I/AstrBotEngine: [NAPCAT]     "email": "QQ-Team@tencent.com"
10-05 21:46:55.643 I/AstrBotEngine: [NAPCAT]   },
10-05 21:46:55.664 I/AstrBotEngine: [NAPCAT]   "homepage": "https://im.qq.com",
10-05 21:46:55.696 I/AstrBotEngine: [NAPCAT]   "sideEffects": true,
10-05 21:46:55.698 D/InterconnectBridge: sendToBand frame bytes=23: {"type":"ping","seq":0}
10-05 21:46:55.719 I/AstrBotEngine: [NAPCAT]   "bin": {
10-05 21:46:55.739 I/AstrBotEngine: [NAPCAT]     "qd": "externals/devtools/cli/index.js"
10-05 21:46:55.759 I/AstrBotEngine: [NAPCAT]   },
10-05 21:46:55.777 I/AstrBotEngine: [NAPCAT]   "appid": {
10-05 21:46:55.793 I/AstrBotEngine: [NAPCAT]     "win32": "537382716",
10-05 21:46:55.807 D/InterconnectBridge: onBandMessage: {"type":"pong","seq":0}
10-05 21:46:55.817 D/InterconnectBridge: sendToBand ok (23B)
10-05 21:46:55.828 I/AstrBotEngine: [NAPCAT]     "darwin": "537382742",
10-05 21:46:55.863 I/AstrBotEngine: [NAPCAT]     "linux": "537382753",
10-05 21:46:55.886 I/AstrBotEngine: [NAPCAT]     "ohos": "5373141859"
10-05 21:46:55.908 I/AstrBotEngine: [NAPCAT]   },
10-05 21:46:55.923 I/AstrBotEngine: [NAPCAT]   "main": "../../../../root/loadNapCat.js",
10-05 21:46:55.945 I/AstrBotEngine: [NAPCAT]   "peerDependenciesMeta": {
10-05 21:46:55.973 I/AstrBotEngine: [NAPCAT]     "*": {
10-05 21:46:55.994 I/AstrBotEngine: [NAPCAT]       "optional": true
10-05 21:46:56.011 I/AstrBotEngine: [NAPCAT]     }
10-05 21:46:56.044 I/AstrBotEngine: [NAPCAT]   },
10-05 21:46:56.061 I/AstrBotEngine: [NAPCAT]   "pnpm": {
10-05 21:46:56.095 I/AstrBotEngine: [NAPCAT]     "patchedDependencies": {
10-05 21:46:56.139 I/AstrBotEngine: [NAPCAT]       "@vue/runtime-dom@3.5.12": "patches/@vue__runtime-dom@3.5.12.patch",
10-05 21:46:56.157 I/AstrBotEngine: [NAPCAT]       "@swc/helpers@0.5.3": "patches/@swc__helpers@0.5.3.patch",
10-05 21:46:56.195 I/AstrBotEngine: [NAPCAT]       "vuex@4.1.0": "patches/vuex@4.1.0.patch",
10-05 21:46:56.235 I/AstrBotEngine: [NAPCAT]       "typescript-parser@2.6.1": "patches/typescript-parser@2.6.1.patch",
10-05 21:46:56.283 I/AstrBotEngine: [NAPCAT]       "@tencent/qqplay-downloadsdk": "patches/@tencent__qqplay-downloadsdk.patch",
10-05 21:46:56.297 I/AstrBotEngine: [NAPCAT]       "@tencent/universal-report@4.5.4": "patches/@tencent__universal-report@4.5.4.patch",
10-05 21:46:56.316 I/AstrBotEngine: [NAPCAT]       "typescript@7.0.2": "patches/typescript@7.0.2.patch"
10-05 21:46:56.333 I/AstrBotEngine: [NAPCAT]     },
10-05 21:46:56.348 I/AstrBotEngine: [NAPCAT]     "packageExtensions": {
10-05 21:46:56.364 I/AstrBotEngine: [NAPCAT]       "qute": {
10-05 21:46:56.386 I/AstrBotEngine: [NAPCAT]         "dependencies": {},
10-05 21:46:56.404 I/AstrBotEngine: [NAPCAT]         "devDependencies": {}
10-05 21:46:56.421 I/AstrBotEngine: [NAPCAT]       }
10-05 21:46:56.438 I/AstrBotEngine: [NAPCAT]     },
10-05 21:46:56.456 I/AstrBotEngine: [NAPCAT]     "overrides": {
10-05 21:46:56.472 I/AstrBotEngine: [NAPCAT]       "@types/react": "-",
10-05 21:46:56.487 I/AstrBotEngine: [NAPCAT]       "@types/react-dom": "-",
10-05 21:46:56.504 I/AstrBotEngine: [NAPCAT]       "@tencent/yuanbao-react-markdown>@types/hast": "-",
10-05 21:46:56.521 I/AstrBotEngine: [NAPCAT]       "@tencent/yuanbao-react-markdown>devlop": "-",
10-05 21:46:56.540 I/AstrBotEngine: [NAPCAT]       "@tencent/yuanbao-react-markdown>hast-util-to-jsx-runtime": "-",
10-05 21:46:56.555 I/AstrBotEngine: [NAPCAT]       "@tencent/yuanbao-react-markdown>html-url-attributes": "-",
10-05 21:46:56.574 I/AstrBotEngine: [NAPCAT]       "@tencent/yuanbao-react-markdown>mdast-util-to-hast": "-",
10-05 21:46:56.589 I/AstrBotEngine: [NAPCAT]       "@tencent/yuanbao-react-markdown>rehype-parse": "-",
10-05 21:46:56.606 I/AstrBotEngine: [NAPCAT]       "@tencent/yuanbao-react-markdown>rehype-stringify": "-",
10-05 21:46:56.623 I/AstrBotEngine: [NAPCAT]       "@tencent/yuanbao-react-markdown>remark-parse": "-",
10-05 21:46:56.640 I/AstrBotEngine: [NAPCAT]       "@tencent/yuanbao-react-markdown>remark-rehype": "-",
10-05 21:46:56.659 I/AstrBotEngine: [NAPCAT]       "@tencent/yuanbao-react-markdown>unified": "-",
10-05 21:46:56.679 I/AstrBotEngine: [NAPCAT]       "@tencent/yuanbao-react-markdown>unist-util-visit": "-",
10-05 21:46:56.695 I/AstrBotEngine: [NAPCAT]       "@tencent/yuanbao-react-markdown>vfile": "-",
10-05 21:46:56.712 I/AstrBotEngine: [NAPCAT]       "@types/d3-dispatch": "3.0.6"
10-05 21:46:56.737 I/AstrBotEngine: [NAPCAT]     }
10-05 21:46:56.756 I/AstrBotEngine: [NAPCAT]   },
10-05 21:46:56.773 I/AstrBotEngine: [NAPCAT]   "buildVersion": "52892",
10-05 21:46:56.789 I/AstrBotEngine: [NAPCAT]   "platform": "linux",
10-05 21:46:56.811 I/AstrBotEngine: [NAPCAT]   "eleArch": "arm64",
10-05 21:46:56.827 I/AstrBotEngine: [NAPCAT]   "linuxFormat": "deb"
10-05 21:46:56.847 I/AstrBotEngine: [NAPCAT] }
10-05 21:46:56.869 I/AstrBotEngine: [NAPCAT] prepare write and writev hooks
10-05 21:46:56.884 I/AstrBotEngine: [NAPCAT] 10-05 21:46:55 [info] [PacketHandler] 加载成功
10-05 21:46:56.903 I/AstrBotEngine: [NAPCAT] 10-05 21:46:55 [info] [Napi2NativeLoader] 加载成功
10-05 21:46:56.923 I/AstrBotEngine: [NAPCAT] 10-05 21:46:55 [info] [FFmpeg] 检查 Native Addon 可用性...
10-05 21:46:56.952 I/AstrBotEngine: [NAPCAT] 10-05 21:46:55 [info] [FFmpeg] ✓ 使用 Native Addon 适配器
10-05 21:46:56.974 I/AstrBotEngine: [NAPCAT] 10-05 21:46:55 [info] [PacketHandler] 初始化成功
10-05 21:46:56.989 I/AstrBotEngine: [NAPCAT] 10-05 21:46:55 [info] [NapCat] Napi2NativeLoader: Bypass已通过环境变量禁用
10-05 21:46:57.006 I/AstrBotEngine: [NAPCAT] 10-05 21:46:55 [info] [NapCat] [Core] NapCat.Core Version: 4.18.28
10-05 21:46:57.025 I/AstrBotEngine: [NAPCAT] [I] <MemoryFile.cpp:98::open> open fd[0x23], /root/.config/QQ/nt_qq/global/nt_data/mmkv/nt_mmkv_global_misc
10-05 21:46:57.040 I/AstrBotEngine: [NAPCAT] [I] <MemoryFile.cpp:98::open> open fd[0x25], /root/.config/QQ/nt_qq/global/nt_data/mmkv/nt_mmkv_global_misc.crc
10-05 21:46:57.052 I/AstrBotEngine: [NAPCAT] [I] <MMKV_IO.cpp:213::loadMetaInfoAndCheck> meta file [nt_mmkv_global_misc] has flag [0]
10-05 21:46:57.071 I/AstrBotEngine: [NAPCAT] [I] <MMKV_IO.cpp:87::loadFromFile> loading [nt_mmkv_global_misc] with 139 actual size, file size 4096, InterProcess 1, meta info version:4
10-05 21:46:57.088 I/AstrBotEngine: [NAPCAT] [I] <MMKV_IO.cpp:92::loadFromFile> loading [nt_mmkv_global_misc] with crc 3268764796 sequence 1 version 4
10-05 21:46:57.103 I/AstrBotEngine: [NAPCAT] [I] <MMKV_IO.cpp:136::loadFromFile> loaded [nt_mmkv_global_misc] with 2 key-values
10-05 21:46:57.128 I/AstrBotEngine: [NAPCAT] [I] <MMKV.cpp:233::initializeMMKV> root dir: /root/.config/QQ/nt_qq/global/nt_data/mmkv
10-05 21:46:57.145 I/AstrBotEngine: [NAPCAT] [I] <MemoryFile.cpp:98::open> open fd[0x26], /root/.config/QQ/nt_qq/global/nt_data/mmkv/nt_mmkv_o3
10-05 21:46:57.161 I/AstrBotEngine: [NAPCAT] [I] <MemoryFile.cpp:98::open> open fd[0x27], /root/.config/QQ/nt_qq/global/nt_data/mmkv/nt_mmkv_o3.crc
10-05 21:46:57.181 I/AstrBotEngine: [NAPCAT] [I] <MMKV_IO.cpp:213::loadMetaInfoAndCheck> meta file [nt_mmkv_o3] has flag [0]
10-05 21:46:57.196 I/AstrBotEngine: [NAPCAT] [I] <MMKV_IO.cpp:87::loadFromFile> loading [nt_mmkv_o3] with 147 actual size, file size 4096, InterProcess 1, meta info version:4
10-05 21:46:57.219 I/AstrBotEngine: [NAPCAT] [I] <MMKV_IO.cpp:92::loadFromFile> loading [nt_mmkv_o3] with crc 3845623087 sequence 1 version 4
10-05 21:46:57.231 I/AstrBotEngine: [NAPCAT] [I] <MMKV_IO.cpp:136::loadFromFile> loaded [nt_mmkv_o3] with 2 key-values
10-05 21:46:57.249 I/AstrBotEngine: [NAPCAT] 10-05 21:46:55 [info] [NapCat] [WebUi] WebUi Token: bandqq-napcat
10-05 21:46:57.264 I/AstrBotEngine: [NAPCAT] 10-05 21:46:55 [info] [NapCat] [WebUi] WebUi User Panel Url: http://127.0.0.1:5099/webui?token=bandqq-napcat
10-05 21:46:57.289 I/AstrBotEngine: [NAPCAT] 10-05 21:46:55 [info] [NapCat] [WebUi] WebUi User Panel Url: http://[::]:5099/webui?token=bandqq-napcat
10-05 21:46:57.306 I/AstrBotEngine: [NAPCAT] 10-05 21:46:55 [info] 等待网络连接...
10-05 21:46:57.327 I/AstrBotEngine: [NAPCAT] 10-05 21:46:56 [info] 网络已连接
10-05 21:46:57.346 I/AstrBotEngine: [NAPCAT] 10-05 21:46:56 [info] 没有 -q 指令指定快速登录，将使用二维码登录方式
10-05 21:46:57.360 I/AstrBotEngine: [NAPCAT] 10-05 21:46:56 [info] 可用于快速登录 of QQ：
10-05 21:46:57.377 I/AstrBotEngine: [NAPCAT] 1. 3836305211 一秋呀(小号)大号2308534727
10-05 21:46:57.395 I/AstrBotEngine: [NAPCAT] 10-05 21:46:56 [warn] 请扫描下面的二维码，然后在手Q上授权登录：
10-05 21:46:57.409 I/AstrBotEngine: [NAPCAT] 10-05 21:46:56 [warn] 
10-05 21:46:57.439 I/AstrBotEngine: [NAPCAT] ▄▄▄▄▄▄▄▄▄▄▄▄▄▄▄▄▄▄▄▄▄▄▄▄▄▄▄▄▄▄▄▄▄▄▄
10-05 21:46:57.453 I/AstrBotEngine: [NAPCAT] █ ▄▄▄▄▄ █▄▄▄ ▀▄██ ▄█▀▀▄▀█ █ ▄▄▄▄▄ █
10-05 21:46:57.472 I/AstrBotEngine: [NAPCAT] █ █   █ ██▄▀ █ ▀▄▄███▄▄█  █ █   █ █
10-05 21:46:57.496 I/AstrBotEngine: [NAPCAT] █ █▄▄▄█ ██▀▄ ▄████▀▀▄▀▄█▀▄█ █▄▄▄█ █
10-05 21:46:57.507 I/AstrBotEngine: [NAPCAT] █▄▄▄▄▄▄▄█ ▀▄█ ▀ █ █▄▀ █ ▀▄█▄▄▄▄▄▄▄█
10-05 21:46:57.524 I/AstrBotEngine: [NAPCAT] █ ▄▀▄ ▀▄▀▀▄▀█▄██▀▀▀▀█▄▄█▀▄█▄▀▀█▀▀▄█
10-05 21:46:57.549 I/AstrBotEngine: [NAPCAT] █▄  ▄  ▄▀ ▄██▄█▄ █ ▀█ █ ▄▄▀  ▄▀▀▄▄█
10-05 21:46:57.564 I/AstrBotEngine: [NAPCAT] █▄▄▄▀██▄ ▄  █▀▀▄  ▄██▄ █▄▄▀▄▄███▄▄█
10-05 21:46:57.581 I/AstrBotEngine: [NAPCAT] █▀▄██▄▀▄▄██ █▀▄▀ ▄▄█▄▀▄▄█ ▀▄█ █▀█▀█
10-05 21:46:57.595 I/AstrBotEngine: [NAPCAT] █ █▄█▄ ▄▀██▀ ▄▄  ▀▀▄▀▀  ▄█▄ ▀ ▄█  █
10-05 21:46:57.613 I/AstrBotEngine: [NAPCAT] █▄▀ ▀▄█▄█▄█▀▀▄   ▄██▄▄██▄██▀█▄█▀▀ █
10-05 21:46:57.638 I/AstrBotEngine: [NAPCAT] █ █▄█ ▀▄██▀▀▄▀██ ███▄▄██ ▀▄█▀▀▀█▀██
10-05 21:46:57.657 I/AstrBotEngine: [NAPCAT] █ █  ▀▄▄▀▄   ▀█  █ ▄▀█▄ ▄▀ ▀ ▄█▀▄▄█
10-05 21:46:57.674 I/AstrBotEngine: [NAPCAT] █▄▄█▄██▄▄▀█▀▄▄▀▄▄▀█▀▄█▄▀█ ▄▄▄ ▀▀ ██
10-05 21:46:57.688 I/AstrBotEngine: [NAPCAT] █ ▄▄▄▄▄ ██▀▄ ▄█ ▄ ▄█▄███  █▄█ ▀ █▀█
10-05 21:46:57.705 I/AstrBotEngine: [NAPCAT] █ █   █ █ ▀▀▀ ▄ ▄▄█ ▄ ▀ ▄▄ ▄▄▄▀█▄▄█
10-05 21:46:57.721 I/AstrBotEngine: [NAPCAT] █ █▄▄▄█ █▀ █▄█ ▄▄▄▄█ ▀▄█▀█▀▀▄   ▀ █
10-05 21:46:57.739 I/AstrBotEngine: [NAPCAT] █▄▄▄▄▄▄▄█▄▄▄████▄█▄█▄▄███▄▄█▄█▄████
10-05 21:46:57.765 I/AstrBotEngine: [NAPCAT] 二维码解码URL: https://txz.qq.com/p?k=pFg*5EVINtWlqLsVplYvuYLW7Qg-pPVr&f=1600001615
10-05 21:46:57.780 I/AstrBotEngine: [NAPCAT] 如果控制台二维码无法扫码，可以复制解码url到二维码生成网站生成二维码再扫码，也可以打开下方的二维码路径图片进�
10-05 21:46:57.801 I/AstrBotEngine: [NAPCAT] 10-05 21:46:56 [warn] 二维码已保存到 /root/napcat/cache/qrcode.png
10-05 21:46:58.699 D/InterconnectBridge: sendToBand frame bytes=23: {"type":"ping","seq":0}
10-05 21:46:59.178 D/InterconnectBridge: sendToBand ok (23B)
10-05 21:46:59.189 D/InterconnectBridge: onBandMessage: {"type":"pong","seq":0}
10-05 21:46:59.467 W/OneBotClient: WS failure: ConnectException: Failed to connect to /127.0.0.1:3001
10-05 21:46:59.468 D/InterconnectBridge: sendToBand frame bytes=84: {"type":"connect_state","seq":0,"state":"disconnected","band":true,"protocol":fa
10-05 21:46:59.599 D/InterconnectBridge: sendToBand ok (84B)
10-05 21:47:01.700 D/InterconnectBridge: sendToBand frame bytes=23: {"type":"ping","seq":0}
10-05 21:47:01.755 D/InterconnectBridge: sendToBand ok (23B)
10-05 21:47:01.761 D/InterconnectBridge: onBandMessage: {"type":"pong","seq":0}
10-05 21:47:04.469 W/OneBotClient: WS failure: ConnectException: Failed to connect to /127.0.0.1:3001
10-05 21:47:04.471 D/InterconnectBridge: sendToBand frame bytes=84: {"type":"connect_state","seq":0,"state":"disconnected","band":true,"protocol":fa
10-05 21:47:04.639 D/InterconnectBridge: sendToBand ok (84B)
10-05 21:47:04.702 D/InterconnectBridge: sendToBand frame bytes=23: {"type":"ping","seq":0}
10-05 21:47:04.816 D/InterconnectBridge: sendToBand ok (23B)
10-05 21:47:04.826 D/InterconnectBridge: onBandMessage: {"type":"pong","seq":0}
10-05 21:47:07.704 D/InterconnectBridge: sendToBand frame bytes=23: {"type":"ping","seq":0}
10-05 21:47:08.163 D/InterconnectBridge: sendToBand ok (23B)
10-05 21:47:08.180 D/InterconnectBridge: onBandMessage: {"type":"pong","seq":0}
10-05 21:47:09.468 W/OneBotClient: WS failure: ConnectException: Failed to connect to /127.0.0.1:3001
10-05 21:47:09.468 D/InterconnectBridge: sendToBand frame bytes=84: {"type":"connect_state","seq":0,"state":"disconnected","band":true,"protocol":fa
10-05 21:47:09.583 D/InterconnectBridge: sendToBand ok (84B)
10-05 21:47:10.708 D/InterconnectBridge: sendToBand frame bytes=23: {"type":"ping","seq":0}
10-05 21:47:10.847 D/InterconnectBridge: sendToBand ok (23B)
10-05 21:47:10.864 D/InterconnectBridge: onBandMessage: {"type":"pong","seq":0}
10-05 21:47:13.711 D/InterconnectBridge: sendToBand frame bytes=23: {"type":"ping","seq":0}
10-05 21:47:14.179 D/InterconnectBridge: sendToBand ok (23B)
10-05 21:47:14.211 D/InterconnectBridge: onBandMessage: {"type":"pong","seq":0}
10-05 21:47:14.477 W/OneBotClient: WS failure: ConnectException: Failed to connect to /127.0.0.1:3001
10-05 21:47:14.479 D/InterconnectBridge: sendToBand frame bytes=84: {"type":"connect_state","seq":0,"state":"disconnected","band":true,"protocol":fa
10-05 21:47:14.585 D/InterconnectBridge: sendToBand ok (84B)
10-05 21:47:16.714 D/InterconnectBridge: sendToBand frame bytes=23: {"type":"ping","seq":0}
10-05 21:47:17.101 D/InterconnectBridge: sendToBand ok (23B)
10-05 21:47:17.131 D/InterconnectBridge: onBandMessage: {"type":"pong","seq":0}
10-05 21:47:19.485 W/OneBotClient: WS failure: ConnectException: Failed to connect to /127.0.0.1:3001
10-05 21:47:19.486 D/InterconnectBridge: sendToBand frame bytes=84: {"type":"connect_state","seq":0,"state":"disconnected","band":true,"protocol":fa
10-05 21:47:19.593 D/InterconnectBridge: sendToBand ok (84B)
10-05 21:47:19.714 D/InterconnectBridge: sendToBand frame bytes=23: {"type":"ping","seq":0}
10-05 21:47:19.836 D/InterconnectBridge: sendToBand ok (23B)
10-05 21:47:19.842 D/InterconnectBridge: onBandMessage: {"type":"pong","seq":0}
10-05 21:47:22.716 D/InterconnectBridge: sendToBand frame bytes=23: {"type":"ping","seq":0}
10-05 21:47:23.119 D/InterconnectBridge: sendToBand ok (23B)
10-05 21:47:23.127 D/InterconnectBridge: onBandMessage: {"type":"pong","seq":0}
10-05 21:47:24.490 W/OneBotClient: WS failure: ConnectException: Failed to connect to /127.0.0.1:3001
10-05 21:47:24.491 D/InterconnectBridge: sendToBand frame bytes=84: {"type":"connect_state","seq":0,"state":"disconnected","band":true,"protocol":fa
10-05 21:47:24.585 D/InterconnectBridge: sendToBand ok (84B)
10-05 21:47:25.719 D/InterconnectBridge: sendToBand frame bytes=23: {"type":"ping","seq":0}
10-05 21:47:25.802 D/InterconnectBridge: sendToBand ok (23B)
10-05 21:47:25.819 D/InterconnectBridge: onBandMessage: {"type":"pong","seq":0}
10-05 21:47:28.722 D/InterconnectBridge: sendToBand frame bytes=23: {"type":"ping","seq":0}
10-05 21:47:29.126 D/InterconnectBridge: sendToBand ok (23B)
10-05 21:47:29.137 D/InterconnectBridge: onBandMessage: {"type":"pong","seq":0}
10-05 21:47:29.489 W/OneBotClient: WS failure: ConnectException: Failed to connect to /127.0.0.1:3001
10-05 21:47:29.489 D/InterconnectBridge: sendToBand frame bytes=84: {"type":"connect_state","seq":0,"state":"disconnected","band":true,"protocol":fa
10-05 21:47:29.548 D/InterconnectBridge: sendToBand ok (84B)
10-05 21:47:31.724 D/InterconnectBridge: sendToBand frame bytes=23: {"type":"ping","seq":0}
10-05 21:47:32.120 D/InterconnectBridge: sendToBand ok (23B)
10-05 21:47:32.129 D/InterconnectBridge: onBandMessage: {"type":"pong","seq":0}
10-05 21:47:34.489 W/OneBotClient: WS failure: ConnectException: Failed to connect to /127.0.0.1:3001
10-05 21:47:34.490 D/InterconnectBridge: sendToBand frame bytes=84: {"type":"connect_state","seq":0,"state":"disconnected","band":true,"protocol":fa
10-05 21:47:34.565 D/InterconnectBridge: sendToBand ok (84B)
10-05 21:47:34.727 D/InterconnectBridge: sendToBand frame bytes=23: {"type":"ping","seq":0}
10-05 21:47:34.779 D/InterconnectBridge: sendToBand ok (23B)
10-05 21:47:34.787 D/InterconnectBridge: onBandMessage: {"type":"pong","seq":0}
10-05 21:47:37.728 D/InterconnectBridge: sendToBand frame bytes=23: {"type":"ping","seq":0}
10-05 21:47:38.155 D/InterconnectBridge: sendToBand ok (23B)
10-05 21:47:38.167 D/InterconnectBridge: onBandMessage: {"type":"pong","seq":0}
10-05 21:47:39.495 W/OneBotClient: WS failure: ConnectException: Failed to connect to /127.0.0.1:3001
10-05 21:47:39.496 D/InterconnectBridge: sendToBand frame bytes=84: {"type":"connect_state","seq":0,"state":"disconnected","band":true,"protocol":fa
10-05 21:47:39.590 D/InterconnectBridge: sendToBand ok (84B)
10-05 21:47:40.732 D/InterconnectBridge: sendToBand frame bytes=23: {"type":"ping","seq":0}
10-05 21:47:40.810 D/InterconnectBridge: sendToBand ok (23B)
10-05 21:47:40.828 D/InterconnectBridge: onBandMessage: {"type":"pong","seq":0}
10-05 21:47:43.734 D/InterconnectBridge: sendToBand frame bytes=23: {"type":"ping","seq":0}
10-05 21:47:44.123 D/InterconnectBridge: sendToBand ok (23B)
10-05 21:47:44.139 D/InterconnectBridge: onBandMessage: {"type":"pong","seq":0}
10-05 21:47:44.503 W/OneBotClient: WS failure: ConnectException: Failed to connect to /127.0.0.1:3001
10-05 21:47:44.505 D/InterconnectBridge: sendToBand frame bytes=84: {"type":"connect_state","seq":0,"state":"disconnected","band":true,"protocol":fa
10-05 21:47:44.557 D/InterconnectBridge: sendToBand ok (84B)
10-05 21:47:46.738 D/InterconnectBridge: sendToBand frame bytes=23: {"type":"ping","seq":0}
10-05 21:47:46.812 D/InterconnectBridge: sendToBand ok (23B)
10-05 21:47:46.831 D/InterconnectBridge: onBandMessage: {"type":"pong","seq":0}
10-05 21:47:49.513 W/OneBotClient: WS failure: ConnectException: Failed to connect to /127.0.0.1:3001
10-05 21:47:49.514 D/InterconnectBridge: sendToBand frame bytes=84: {"type":"connect_state","seq":0,"state":"disconnected","band":true,"protocol":fa
10-05 21:47:49.649 D/InterconnectBridge: sendToBand ok (84B)
10-05 21:47:49.740 D/InterconnectBridge: sendToBand frame bytes=23: {"type":"ping","seq":0}
10-05 21:47:49.816 D/InterconnectBridge: sendToBand ok (23B)
10-05 21:47:49.842 D/InterconnectBridge: onBandMessage: {"type":"pong","seq":0}
10-05 21:47:52.743 D/InterconnectBridge: sendToBand frame bytes=23: {"type":"ping","seq":0}
10-05 21:47:53.133 D/InterconnectBridge: sendToBand ok (23B)
10-05 21:47:53.143 D/InterconnectBridge: onBandMessage: {"type":"pong","seq":0}
10-05 21:47:54.512 W/OneBotClient: WS failure: ConnectException: Failed to connect to /127.0.0.1:3001
10-05 21:47:54.514 D/InterconnectBridge: sendToBand frame bytes=84: {"type":"connect_state","seq":0,"state":"disconnected","band":true,"protocol":fa
10-05 21:47:54.596 D/InterconnectBridge: sendToBand ok (84B)
10-05 21:47:55.746 D/InterconnectBridge: sendToBand frame bytes=23: {"type":"ping","seq":0}
10-05 21:47:55.831 D/InterconnectBridge: sendToBand ok (23B)
10-05 21:47:55.848 D/InterconnectBridge: onBandMessage: {"type":"pong","seq":0}
10-05 21:47:58.748 D/InterconnectBridge: sendToBand frame bytes=23: {"type":"ping","seq":0}
10-05 21:47:58.833 D/InterconnectBridge: sendToBand ok (23B)
10-05 21:47:58.838 D/InterconnectBridge: onBandMessage: {"type":"pong","seq":0}
10-05 21:47:59.516 W/OneBotClient: WS failure: ConnectException: Failed to connect to /127.0.0.1:3001
10-05 21:47:59.518 D/InterconnectBridge: sendToBand frame bytes=84: {"type":"connect_state","seq":0,"state":"disconnected","band":true,"protocol":fa
10-05 21:47:59.575 D/InterconnectBridge: sendToBand ok (84B)
10-05 21:48:01.751 D/InterconnectBridge: sendToBand frame bytes=23: {"type":"ping","seq":0}
10-05 21:48:01.871 D/InterconnectBridge: sendToBand ok (23B)
10-05 21:48:01.891 D/InterconnectBridge: onBandMessage: {"type":"pong","seq":0}
10-05 21:48:04.529 W/OneBotClient: WS failure: ConnectException: Failed to connect to /127.0.0.1:3001
10-05 21:48:04.532 D/InterconnectBridge: sendToBand frame bytes=84: {"type":"connect_state","seq":0,"state":"disconnected","band":true,"protocol":fa
10-05 21:48:04.649 D/InterconnectBridge: sendToBand ok (84B)
10-05 21:48:04.753 D/InterconnectBridge: sendToBand frame bytes=23: {"type":"ping","seq":0}
10-05 21:48:04.817 D/InterconnectBridge: sendToBand ok (23B)
10-05 21:48:04.835 D/InterconnectBridge: onBandMessage: {"type":"pong","seq":0}
10-05 21:48:07.756 D/InterconnectBridge: sendToBand frame bytes=23: {"type":"ping","seq":0}
10-05 21:48:08.122 D/InterconnectBridge: sendToBand ok (23B)
10-05 21:48:08.136 D/InterconnectBridge: onBandMessage: {"type":"pong","seq":0}
10-05 21:48:09.525 W/OneBotClient: WS failure: ConnectException: Failed to connect to /127.0.0.1:3001
10-05 21:48:09.525 D/InterconnectBridge: sendToBand frame bytes=84: {"type":"connect_state","seq":0,"state":"disconnected","band":true,"protocol":fa
10-05 21:48:09.606 D/InterconnectBridge: sendToBand ok (84B)
10-05 21:48:10.759 D/InterconnectBridge: sendToBand frame bytes=23: {"type":"ping","seq":0}
10-05 21:48:10.847 D/InterconnectBridge: sendToBand ok (23B)
10-05 21:48:10.855 D/InterconnectBridge: onBandMessage: {"type":"pong","seq":0}
10-05 21:48:13.763 D/InterconnectBridge: sendToBand frame bytes=23: {"type":"ping","seq":0}
10-05 21:48:14.125 D/InterconnectBridge: sendToBand ok (23B)
10-05 21:48:14.133 D/InterconnectBridge: onBandMessage: {"type":"pong","seq":0}
10-05 21:48:14.527 W/OneBotClient: WS failure: ConnectException: Failed to connect to /127.0.0.1:3001
10-05 21:48:14.528 D/InterconnectBridge: sendToBand frame bytes=84: {"type":"connect_state","seq":0,"state":"disconnected","band":true,"protocol":fa
10-05 21:48:14.593 D/InterconnectBridge: sendToBand ok (84B)
10-05 21:48:16.765 D/InterconnectBridge: sendToBand frame bytes=23: {"type":"ping","seq":0}
10-05 21:48:16.818 D/InterconnectBridge: sendToBand ok (23B)
10-05 21:48:16.826 D/InterconnectBridge: onBandMessage: {"type":"pong","seq":0}
10-05 21:48:19.523 W/OneBotClient: WS failure: ConnectException: Failed to connect to /127.0.0.1:3001
10-05 21:48:19.523 D/InterconnectBridge: sendToBand frame bytes=84: {"type":"connect_state","seq":0,"state":"disconnected","band":true,"protocol":fa
10-05 21:48:19.642 D/InterconnectBridge: sendToBand ok (84B)
10-05 21:48:19.766 D/InterconnectBridge: sendToBand frame bytes=23: {"type":"ping","seq":0}
10-05 21:48:19.814 D/InterconnectBridge: sendToBand ok (23B)
10-05 21:48:19.816 D/InterconnectBridge: onBandMessage: {"type":"pong","seq":0}
10-05 21:48:22.767 D/InterconnectBridge: sendToBand frame bytes=23: {"type":"ping","seq":0}
10-05 21:48:23.127 D/InterconnectBridge: sendToBand ok (23B)
10-05 21:48:23.145 D/InterconnectBridge: onBandMessage: {"type":"pong","seq":0}
10-05 21:48:24.535 W/OneBotClient: WS failure: ConnectException: Failed to connect to /127.0.0.1:3001
10-05 21:48:24.537 D/InterconnectBridge: sendToBand frame bytes=84: {"type":"connect_state","seq":0,"state":"disconnected","band":true,"protocol":fa
10-05 21:48:24.627 D/InterconnectBridge: sendToBand ok (84B)
10-05 21:48:25.770 D/InterconnectBridge: sendToBand frame bytes=23: {"type":"ping","seq":0}
10-05 21:48:25.848 D/InterconnectBridge: sendToBand ok (23B)
10-05 21:48:25.868 D/InterconnectBridge: onBandMessage: {"type":"pong","seq":0}
10-05 21:48:28.771 D/InterconnectBridge: sendToBand frame bytes=23: {"type":"ping","seq":0}
10-05 21:48:29.124 D/InterconnectBridge: onBandMessage: {"type":"pong","seq":0}
10-05 21:48:29.125 D/InterconnectBridge: sendToBand ok (23B)
10-05 21:48:29.530 W/OneBotClient: WS failure: ConnectException: Failed to connect to /127.0.0.1:3001
10-05 21:48:29.530 D/InterconnectBridge: sendToBand frame bytes=84: {"type":"connect_state","seq":0,"state":"disconnected","band":true,"protocol":fa
10-05 21:48:29.594 D/InterconnectBridge: sendToBand ok (84B)
10-05 21:48:29.749 I/AstrBotEngine: 引擎输出读取结束（主动停止）
10-05 21:48:31.772 D/InterconnectBridge: sendToBand frame bytes=23: {"type":"ping","seq":0}
10-05 21:48:31.879 D/InterconnectBridge: sendToBand ok (23B)
10-05 21:48:31.918 D/InterconnectBridge: onBandMessage: {"type":"pong","seq":0}
10-05 21:48:34.542 W/OneBotClient: WS failure: ConnectException: Failed to connect to /127.0.0.1:3001
10-05 21:48:34.543 D/InterconnectBridge: sendToBand frame bytes=84: {"type":"connect_state","seq":0,"state":"disconnected","band":true,"protocol":fa
10-05 21:48:34.656 D/InterconnectBridge: sendToBand ok (84B)
10-05 21:48:34.775 D/InterconnectBridge: sendToBand frame bytes=23: {"type":"ping","seq":0}
10-05 21:48:34.879 D/InterconnectBridge: sendToBand ok (23B)
10-05 21:48:34.908 D/InterconnectBridge: onBandMessage: {"type":"pong","seq":0}
10-05 21:48:37.778 D/InterconnectBridge: sendToBand frame bytes=23: {"type":"ping","seq":0}
10-05 21:48:37.851 I/AstrBotEngine: 引擎已停止
10-05 21:48:38.152 D/InterconnectBridge: sendToBand ok (23B)
10-05 21:48:38.175 D/InterconnectBridge: onBandMessage: {"type":"pong","seq":0}
10-05 21:48:39.550 W/OneBotClient: WS failure: ConnectException: Failed to connect to /127.0.0.1:3001
10-05 21:48:39.551 D/InterconnectBridge: sendToBand frame bytes=84: {"type":"connect_state","seq":0,"state":"disconnected","band":true,"protocol":fa
10-05 21:48:39.658 D/InterconnectBridge: sendToBand ok (84B)
10-05 21:48:40.780 D/InterconnectBridge: sendToBand frame bytes=23: {"type":"ping","seq":0}
10-05 21:48:40.870 D/InterconnectBridge: sendToBand ok (23B)
10-05 21:48:40.906 D/InterconnectBridge: onBandMessage: {"type":"pong","seq":0}
10-05 21:48:43.784 D/InterconnectBridge: sendToBand frame bytes=23: {"type":"ping","seq":0}
10-05 21:48:44.126 D/InterconnectBridge: sendToBand ok (23B)
10-05 21:48:44.158 D/InterconnectBridge: onBandMessage: {"type":"pong","seq":0}
10-05 21:48:44.553 W/OneBotClient: WS failure: ConnectException: Failed to connect to /127.0.0.1:3001
10-05 21:48:44.555 D/InterconnectBridge: sendToBand frame bytes=84: {"type":"connect_state","seq":0,"state":"disconnected","band":true,"protocol":fa
10-05 21:48:44.623 D/InterconnectBridge: sendToBand ok (84B)
10-05 21:48:46.787 D/InterconnectBridge: sendToBand frame bytes=23: {"type":"ping","seq":0}
10-05 21:48:46.893 D/InterconnectBridge: sendToBand ok (23B)
10-05 21:48:46.922 D/InterconnectBridge: onBandMessage: {"type":"pong","seq":0}
10-05 21:48:49.544 W/OneBotClient: WS failure: ConnectException: Failed to connect to /127.0.0.1:3001
10-05 21:48:49.544 D/InterconnectBridge: sendToBand frame bytes=84: {"type":"connect_state","seq":0,"state":"disconnected","band":true,"protocol":fa
10-05 21:48:49.640 D/InterconnectBridge: sendToBand ok (84B)
10-05 21:48:49.790 D/InterconnectBridge: sendToBand frame bytes=23: {"type":"ping","seq":0}
10-05 21:48:49.842 D/InterconnectBridge: sendToBand ok (23B)
10-05 21:48:49.852 D/InterconnectBridge: onBandMessage: {"type":"pong","seq":0}
10-05 21:48:52.792 D/InterconnectBridge: sendToBand frame bytes=23: {"type":"ping","seq":0}
10-05 21:48:53.129 D/InterconnectBridge: sendToBand ok (23B)
10-05 21:48:53.155 D/InterconnectBridge: onBandMessage: {"type":"pong","seq":0}
10-05 21:48:53.650 D/InterconnectBridge: onBandMessage: {"type":"read_chat","seq":4,"target_id":"1126547426"}
10-05 21:48:53.660 D/InterconnectBridge: sendToBand frame bytes=527: {"type":"conversation_list","seq":4,"list":[{"id":"1126547426","type":"group","n
10-05 21:48:53.724 D/InterconnectBridge: sendToBand ok (527B)
10-05 21:48:54.545 D/InterconnectBridge: onBandMessage: {"type":"get_connect_state","seq":3}
10-05 21:48:54.545 D/InterconnectBridge: sendToBand frame bytes=84: {"type":"connect_state","seq":0,"state":"disconnected","band":true,"protocol":fa
10-05 21:48:54.551 W/OneBotClient: WS failure: ConnectException: Failed to connect to /127.0.0.1:3001
10-05 21:48:54.552 D/InterconnectBridge: sendToBand frame bytes=84: {"type":"connect_state","seq":0,"state":"disconnected","band":true,"protocol":fa
10-05 21:48:54.557 D/InterconnectBridge: onBandMessage: {"type":"get_visible_contacts","seq":4}
10-05 21:48:54.560 D/MessageBroker: get_visible_contacts -> 1 contacts
10-05 21:48:54.560 D/InterconnectBridge: sendToBand frame bytes=165: {"type":"visible_contacts","seq":4,"contacts":[{"id":"1126547426","type":"group"
10-05 21:48:54.604 D/InterconnectBridge: sendToBand ok (84B)
10-05 21:48:54.605 D/InterconnectBridge: sendToBand ok (84B)
10-05 21:48:54.650 D/InterconnectBridge: sendToBand ok (165B)
10-05 21:48:54.840 D/InterconnectBridge: onBandMessage: {"type":"get_conversations","seq":34166}
10-05 21:48:54.843 D/InterconnectBridge: sendToBand frame bytes=531: {"type":"conversation_list","seq":34166,"list":[{"id":"1126547426","type":"group
10-05 21:48:54.959 D/InterconnectBridge: sendToBand ok (531B)
10-05 21:48:55.796 D/InterconnectBridge: sendToBand frame bytes=23: {"type":"ping","seq":0}
10-05 21:48:55.905 D/InterconnectBridge: sendToBand ok (23B)
10-05 21:48:58.798 D/InterconnectBridge: sendToBand frame bytes=23: {"type":"ping","seq":0}
10-05 21:48:59.190 D/InterconnectBridge: sendToBand ok (23B)
10-05 21:48:59.561 W/OneBotClient: WS failure: ConnectException: Failed to connect to /127.0.0.1:3001
10-05 21:48:59.562 D/InterconnectBridge: sendToBand frame bytes=84: {"type":"connect_state","seq":0,"state":"disconnected","band":true,"protocol":fa
10-05 21:48:59.673 D/InterconnectBridge: sendToBand ok (84B)
10-05 21:49:01.800 D/InterconnectBridge: sendToBand frame bytes=23: {"type":"ping","seq":0}
10-05 21:49:01.929 D/InterconnectBridge: sendToBand ok (23B)
10-05 21:49:04.564 W/OneBotClient: WS failure: ConnectException: Failed to connect to /127.0.0.1:3001
10-05 21:49:04.565 D/InterconnectBridge: sendToBand frame bytes=84: {"type":"connect_state","seq":0,"state":"disconnected","band":true,"protocol":fa
10-05 21:49:04.804 D/InterconnectBridge: sendToBand frame bytes=85: {"type":"connect_state","seq":0,"state":"disconnected","band":false,"protocol":f
10-05 21:49:05.157 D/InterconnectBridge: sendToBand ok (84B)
10-05 21:49:05.162 D/InterconnectBridge: sendToBand ok (85B)
10-05 21:49:08.450 W/InterconnectBridge: reconnect: re-auth node 881371088 (no launch)
10-05 21:49:08.472 I/InterconnectBridge: auth: DEVICE_MANAGER granted[0]=true
10-05 21:49:08.472 D/InterconnectBridge: openApp: skip launchWearApp (auto reconnect), register listener anyway
10-05 21:49:08.473 D/InterconnectBridge: registerListener idempotent remove old listener for 881371088
10-05 21:49:08.478 W/InterconnectBridge: listener already registered, continue
10-05 21:49:08.481 D/InterconnectBridge: sendToBand frame bytes=23: {"type":"ping","seq":0}
10-05 21:49:08.613 D/InterconnectBridge: sendToBand ok (23B)
10-05 21:49:09.569 W/OneBotClient: WS failure: ConnectException: Failed to connect to /127.0.0.1:3001
10-05 21:49:09.571 D/InterconnectBridge: sendToBand frame bytes=85: {"type":"connect_state","seq":0,"state":"disconnected","band":false,"protocol":f
10-05 21:49:09.686 D/InterconnectBridge: sendToBand ok (85B)
10-05 21:49:11.483 D/InterconnectBridge: sendToBand frame bytes=23: {"type":"ping","seq":0}
10-05 21:49:11.557 D/InterconnectBridge: sendToBand ok (23B)
10-05 21:49:13.453 W/InterconnectBridge: reconnect: re-auth node 881371088 (no launch)
10-05 21:49:13.458 I/InterconnectBridge: auth: DEVICE_MANAGER granted[0]=true
10-05 21:49:13.458 D/InterconnectBridge: openApp: skip launchWearApp (auto reconnect), register listener anyway
10-05 21:49:13.463 D/InterconnectBridge: registerListener ok
10-05 21:49:13.464 D/InterconnectBridge: sendToBand frame bytes=23: {"type":"ping","seq":0}
10-05 21:49:13.584 D/InterconnectBridge: sendToBand ok (23B)
10-05 21:49:14.571 W/OneBotClient: WS failure: ConnectException: Failed to connect to /127.0.0.1:3001
10-05 21:49:14.572 D/InterconnectBridge: sendToBand frame bytes=85: {"type":"connect_state","seq":0,"state":"disconnected","band":false,"protocol":f
10-05 21:49:14.664 D/InterconnectBridge: sendToBand ok (85B)
10-05 21:49:16.468 D/InterconnectBridge: sendToBand frame bytes=23: {"type":"ping","seq":0}
10-05 21:49:16.568 D/InterconnectBridge: sendToBand ok (23B)
10-05 21:49:18.456 W/InterconnectBridge: reconnect: re-auth node 881371088 (no launch)
10-05 21:49:18.461 I/InterconnectBridge: auth: DEVICE_MANAGER granted[0]=true
10-05 21:49:18.462 D/InterconnectBridge: openApp: skip launchWearApp (auto reconnect), register listener anyway
10-05 21:49:18.462 D/InterconnectBridge: registerListener idempotent remove old listener for 881371088
10-05 21:49:18.464 W/InterconnectBridge: listener already registered, continue
10-05 21:49:18.466 D/InterconnectBridge: sendToBand frame bytes=23: {"type":"ping","seq":0}
10-05 21:49:18.548 D/InterconnectBridge: sendToBand ok (23B)
10-05 21:49:19.581 W/OneBotClient: WS failure: ConnectException: Failed to connect to /127.0.0.1:3001
10-05 21:49:19.582 D/InterconnectBridge: sendToBand frame bytes=85: {"type":"connect_state","seq":0,"state":"disconnected","band":false,"protocol":f
10-05 21:49:19.688 D/InterconnectBridge: sendToBand ok (85B)
10-05 21:49:21.469 D/InterconnectBridge: sendToBand frame bytes=23: {"type":"ping","seq":0}
10-05 21:49:21.566 D/InterconnectBridge: sendToBand ok (23B)
10-05 21:49:23.458 W/InterconnectBridge: reconnect: re-auth node 881371088 (no launch)
10-05 21:49:23.463 I/InterconnectBridge: auth: DEVICE_MANAGER granted[0]=true
10-05 21:49:23.463 D/InterconnectBridge: openApp: skip launchWearApp (auto reconnect), register listener anyway
10-05 21:49:23.466 D/InterconnectBridge: registerListener ok
10-05 21:49:23.467 D/InterconnectBridge: sendToBand frame bytes=23: {"type":"ping","seq":0}
10-05 21:49:23.595 D/InterconnectBridge: sendToBand ok (23B)
10-05 21:49:24.575 W/OneBotClient: WS failure: ConnectException: Failed to connect to /127.0.0.1:3001
10-05 21:49:24.576 D/InterconnectBridge: sendToBand frame bytes=85: {"type":"connect_state","seq":0,"state":"disconnected","band":false,"protocol":f
10-05 21:49:25.205 D/InterconnectBridge: sendToBand ok (85B)
10-05 21:49:26.468 D/InterconnectBridge: sendToBand frame bytes=23: {"type":"ping","seq":0}
10-05 21:49:26.599 D/InterconnectBridge: sendToBand ok (23B)
10-05 21:49:28.461 W/InterconnectBridge: reconnect: re-auth node 881371088 (no launch)
10-05 21:49:28.468 I/InterconnectBridge: auth: DEVICE_MANAGER granted[0]=true
10-05 21:49:28.468 D/InterconnectBridge: openApp: skip launchWearApp (auto reconnect), register listener anyway
10-05 21:49:28.468 D/InterconnectBridge: registerListener idempotent remove old listener for 881371088
10-05 21:49:28.470 W/InterconnectBridge: listener already registered, continue
10-05 21:49:28.472 D/InterconnectBridge: sendToBand frame bytes=23: {"type":"ping","seq":0}
10-05 21:49:28.565 D/InterconnectBridge: sendToBand ok (23B)
10-05 21:49:29.578 W/OneBotClient: WS failure: ConnectException: Failed to connect to /127.0.0.1:3001
10-05 21:49:29.579 D/InterconnectBridge: sendToBand frame bytes=85: {"type":"connect_state","seq":0,"state":"disconnected","band":false,"protocol":f
10-05 21:49:29.657 D/InterconnectBridge: sendToBand ok (85B)
10-05 21:49:31.474 D/InterconnectBridge: sendToBand frame bytes=23: {"type":"ping","seq":0}
10-05 21:49:31.562 D/InterconnectBridge: sendToBand ok (23B)
10-05 21:49:33.465 W/InterconnectBridge: reconnect: re-auth node 881371088 (no launch)
10-05 21:49:33.471 I/InterconnectBridge: auth: DEVICE_MANAGER granted[0]=true
10-05 21:49:33.472 D/InterconnectBridge: openApp: skip launchWearApp (auto reconnect), register listener anyway
10-05 21:49:33.475 D/InterconnectBridge: registerListener ok
10-05 21:49:33.477 D/InterconnectBridge: sendToBand frame bytes=23: {"type":"ping","seq":0}
10-05 21:49:33.597 D/InterconnectBridge: sendToBand ok (23B)
10-05 21:49:34.588 W/OneBotClient: WS failure: ConnectException: Failed to connect to /127.0.0.1:3001
10-05 21:49:34.589 D/InterconnectBridge: sendToBand frame bytes=85: {"type":"connect_state","seq":0,"state":"disconnected","band":false,"protocol":f
10-05 21:49:35.210 D/InterconnectBridge: sendToBand ok (85B)
10-05 21:49:36.478 D/InterconnectBridge: sendToBand frame bytes=23: {"type":"ping","seq":0}
10-05 21:49:36.581 D/InterconnectBridge: sendToBand ok (23B)
10-05 21:49:38.469 W/InterconnectBridge: reconnect: re-auth node 881371088 (no launch)
10-05 21:49:38.479 I/InterconnectBridge: auth: DEVICE_MANAGER granted[0]=true
10-05 21:49:38.480 D/InterconnectBridge: openApp: skip launchWearApp (auto reconnect), register listener anyway
10-05 21:49:38.480 D/InterconnectBridge: registerListener idempotent remove old listener for 881371088
10-05 21:49:38.482 W/InterconnectBridge: listener already registered, continue
10-05 21:49:38.485 D/InterconnectBridge: sendToBand frame bytes=23: {"type":"ping","seq":0}
10-05 21:49:38.600 D/InterconnectBridge: sendToBand ok (23B)
10-05 21:49:39.592 W/OneBotClient: WS failure: ConnectException: Failed to connect to /127.0.0.1:3001
10-05 21:49:39.594 D/InterconnectBridge: sendToBand frame bytes=85: {"type":"connect_state","seq":0,"state":"disconnected","band":false,"protocol":f
10-05 21:49:39.678 D/InterconnectBridge: sendToBand ok (85B)
10-05 21:49:41.488 D/InterconnectBridge: sendToBand frame bytes=23: {"type":"ping","seq":0}
10-05 21:49:41.557 D/InterconnectBridge: sendToBand ok (23B)
10-05 21:49:43.471 W/InterconnectBridge: reconnect: re-auth node 881371088 (no launch)
10-05 21:49:43.476 I/InterconnectBridge: auth: DEVICE_MANAGER granted[0]=true
10-05 21:49:43.476 D/InterconnectBridge: openApp: skip launchWearApp (auto reconnect), register listener anyway
10-05 21:49:43.480 D/InterconnectBridge: registerListener ok
10-05 21:49:43.481 D/InterconnectBridge: sendToBand frame bytes=23: {"type":"ping","seq":0}
10-05 21:49:43.593 D/InterconnectBridge: sendToBand ok (23B)
10-05 21:49:44.600 W/OneBotClient: WS failure: ConnectException: Failed to connect to /127.0.0.1:3001
10-05 21:49:44.602 D/InterconnectBridge: sendToBand frame bytes=85: {"type":"connect_state","seq":0,"state":"disconnected","band":false,"protocol":f
10-05 21:49:45.148 D/InterconnectBridge: sendToBand ok (85B)
10-05 21:49:46.482 D/InterconnectBridge: sendToBand frame bytes=23: {"type":"ping","seq":0}
10-05 21:49:46.594 D/InterconnectBridge: sendToBand ok (23B)
10-05 21:49:48.473 W/InterconnectBridge: reconnect: re-auth node 881371088 (no launch)
10-05 21:49:48.480 I/InterconnectBridge: auth: DEVICE_MANAGER granted[0]=true
10-05 21:49:48.480 D/InterconnectBridge: openApp: skip launchWearApp (auto reconnect), register listener anyway
10-05 21:49:48.480 D/InterconnectBridge: registerListener idempotent remove old listener for 881371088
10-05 21:49:48.483 W/InterconnectBridge: listener already registered, continue
10-05 21:49:48.485 D/InterconnectBridge: sendToBand frame bytes=23: {"type":"ping","seq":0}
10-05 21:49:48.619 D/InterconnectBridge: sendToBand ok (23B)
10-05 21:49:49.604 W/OneBotClient: WS failure: ConnectException: Failed to connect to /127.0.0.1:3001
10-05 21:49:49.606 D/InterconnectBridge: sendToBand frame bytes=85: {"type":"connect_state","seq":0,"state":"disconnected","band":false,"protocol":f
10-05 21:49:50.147 D/InterconnectBridge: sendToBand ok (85B)
10-05 21:49:51.488 D/InterconnectBridge: sendToBand frame bytes=23: {"type":"ping","seq":0}
10-05 21:49:51.604 D/InterconnectBridge: sendToBand ok (23B)
10-05 21:49:53.477 W/InterconnectBridge: reconnect: re-auth node 881371088 (no launch)
10-05 21:49:53.489 I/InterconnectBridge: auth: DEVICE_MANAGER granted[0]=true
10-05 21:49:53.490 D/InterconnectBridge: openApp: skip launchWearApp (auto reconnect), register listener anyway
10-05 21:49:53.494 D/InterconnectBridge: registerListener ok
10-05 21:49:53.496 D/InterconnectBridge: sendToBand frame bytes=23: {"type":"ping","seq":0}
10-05 21:49:54.094 D/InterconnectBridge: sendToBand ok (23B)
10-05 21:49:54.609 W/OneBotClient: WS failure: ConnectException: Failed to connect to /127.0.0.1:3001
10-05 21:49:54.611 D/InterconnectBridge: sendToBand frame bytes=85: {"type":"connect_state","seq":0,"state":"disconnected","band":false,"protocol":f
10-05 21:49:54.693 D/InterconnectBridge: sendToBand ok (85B)
10-05 21:49:56.498 D/InterconnectBridge: sendToBand frame bytes=23: {"type":"ping","seq":0}
10-05 21:49:56.584 D/InterconnectBridge: sendToBand ok (23B)
10-05 21:49:58.479 W/InterconnectBridge: reconnect: re-auth node 881371088 (no launch)
10-05 21:49:58.488 I/InterconnectBridge: auth: DEVICE_MANAGER granted[0]=true
10-05 21:49:58.488 D/InterconnectBridge: openApp: skip launchWearApp (auto reconnect), register listener anyway
10-05 21:49:58.488 D/InterconnectBridge: registerListener idempotent remove old listener for 881371088
10-05 21:49:58.489 W/InterconnectBridge: listener already registered, continue
10-05 21:49:58.491 D/InterconnectBridge: sendToBand frame bytes=23: {"type":"ping","seq":0}
10-05 21:49:58.586 D/InterconnectBridge: sendToBand ok (23B)
10-05 21:49:59.600 W/OneBotClient: WS failure: ConnectException: Failed to connect to /127.0.0.1:3001
10-05 21:49:59.601 D/InterconnectBridge: sendToBand frame bytes=85: {"type":"connect_state","seq":0,"state":"disconnected","band":false,"protocol":f
10-05 21:49:59.796 D/InterconnectBridge: sendToBand ok (85B)
