
===== AstrBot 引擎会话开始 10-05 07:21:54 =====
10-05 07:21:55 启动脚本已与 APK 资产对齐（v2.18 每次启动强制刷新）
10-05 07:21:55 AstrBot 机器人开关已关闭：本次仅启动 NapCat（手环 QQ 直连），不安装/启动 AstrBot
10-05 07:21:55 拉起容器（proot → astrbot-startup.sh）…
10-05 07:21:55 [AstrBot Android] resolv.conf 已重写（原: nameserver 8.8.8.8 → 公共解析器x4）
10-05 07:21:55 [AstrBot Android] DNS 自检通过（getent 解析正常）
10-05 07:21:55 [STAGE:5:仅 NapCat 模式（AstrBot 机器人开关已关闭）]
10-05 07:21:55 [31m- 仅 NapCat 模式（AstrBot 机器人开关已关闭）[0m
10-05 07:21:55 已按「仅 NapCat 模式」更新 onebot11.json（停用 AstrBot 桥 :6199 反向连接）
10-05 07:21:55 已按「仅 NapCat 模式」更新 onebot11_3836305211.json（停用 AstrBot 桥 :6199 反向连接）
10-05 07:21:55 [AstrBot Android] 反检测自动开启失败（node 不可用），请手动开启：打开 NapCat WebUI :5099 → 反检测开关配置 → 全部开关打开并保存
10-05 07:21:55 [AstrBot Android] 反检测自动开启失败（node 不可用），请手动开启：打开 NapCat WebUI :5099 → 反检测开关配置 → 全部开关打开并保存
10-05 07:21:55 [AstrBot Android] 检测到上次 NapCat 异常退出，清理缓存与残锁后重启（登录态不受影响）
10-05 07:21:55 [STAGE:90:启动 NapCat（首次需扫码登录 QQ，Token 在 App「密码与登录」卡复制）]
10-05 07:21:55 [31m- 启动 NapCat（首次需扫码登录 QQ，Token 在 App「密码与登录」卡复制）[0m
10-05 07:21:55 [31m- NapCat 启动中[0m
10-05 07:21:56 [AstrBot Android] NapCat 已后台拉起（控制台: /root/napcat/napcat-console.log）
10-05 07:21:56 [AstrBot Android] QQ 登录完成后 OneBot :3001/:3000 自动可用；未登录时打开 WebUI :5099 扫码
10-05 07:21:56 [AstrBot Android] NapCat 看门狗已启动（5 分钟巡检：进程保活 + 崩溃自愈清理 + 登录后配置自动升级重启）
10-05 07:21:56 [STAGE:92:NapCat 启动中（QQ 引导完成后 :3001/:3000 生效；AstrBot 已按开关关闭）]
10-05 07:21:56 [31m- NapCat 启动中（QQ 引导完成后 :3001/:3000 生效；AstrBot 已按开关关闭）[0m
10-05 07:21:56 [NAPCAT] [launcher] loadNapCat.js generated in current directory
10-05 07:21:56 [NAPCAT] not mini app. 
10-05 07:21:56 [NAPCAT] [launcher] loadNapCat.js generated in current directory
10-05 07:21:56 [NAPCAT] [preload] succeeded. /opt/QQ/resources/app/major.node
10-05 07:21:56 [NAPCAT] [launcher] loadNapCat.js generated in current directory
10-05 07:21:56 [NAPCAT] [preload] succeeded. /opt/QQ/resources/app/major.node
10-05 07:21:56 [NAPCAT] [18567:1005/072156.682184:ERROR:base/files/file_path_watcher_inotify.cc:923] Failed to read /proc/sys/fs/inotify/max_user_watches
10-05 07:21:56 [NAPCAT] [18566:1005/072156.687048:ERROR:base/files/file_path_watcher_inotify.cc:923] Failed to read /proc/sys/fs/inotify/max_user_watches
10-05 07:21:56 [NAPCAT] [18544:1005/072156.714510:ERROR:dbus/bus.cc:406] Failed to connect to the bus: Failed to connect to socket /run/dbus/system_bus_socket: No such file or director
10-05 07:21:56 [NAPCAT] resourcesPath: /opt/QQ/resources
10-05 07:21:56 [NAPCAT] [launcher] intercepted package.json: /opt/QQ/resources/app/package.json, replacing content
10-05 07:21:56 [NAPCAT] [launcher] Generated relative path: ../../../../root
10-05 07:21:56 [NAPCAT] [launcher] New main field: "main": "../../../../root/loadNapCat.js"
10-05 07:21:56 [NAPCAT] [launcher] package.json content: {
10-05 07:21:56 [NAPCAT]   "name": "QQ",
10-05 07:21:56 [NAPCAT]   "version": "3.2.33-52892",
10-05 07:21:56 [NAPCAT]   "private": true,
10-05 07:21:56 [NAPCAT]   "description": "QQ",
10-05 07:21:57 [NAPCAT]   "productName": "QQ",
10-05 07:21:57 [NAPCAT]   "author": {
10-05 07:21:57 [NAPCAT]     "name": "Tencent",
10-05 07:21:57 [NAPCAT]     "email": "QQ-Team@tencent.com"
10-05 07:21:57 [NAPCAT]   },
10-05 07:21:57 [NAPCAT]   "homepage": "https://im.qq.com",
10-05 07:21:57 [NAPCAT]   "sideEffects": true,
10-05 07:21:57 [NAPCAT]   "bin": {
10-05 07:21:57 [NAPCAT]     "qd": "externals/devtools/cli/index.js"
10-05 07:21:57 [NAPCAT]   },
10-05 07:21:57 [NAPCAT]   "appid": {
10-05 07:21:57 [NAPCAT]     "win32": "537382716",
10-05 07:21:57 [NAPCAT]     "darwin": "537382742",
10-05 07:21:57 [NAPCAT]     "linux": "537382753",
10-05 07:21:57 [NAPCAT]     "ohos": "5373141859"
10-05 07:21:57 [NAPCAT]   },
10-05 07:21:57 [NAPCAT]   "main": "../../../../root/loadNapCat.js",
10-05 07:21:57 [NAPCAT]   "peerDependenciesMeta": {
10-05 07:21:57 [NAPCAT]     "*": {
10-05 07:21:57 [NAPCAT]       "optional": true
10-05 07:21:57 [NAPCAT]     }
10-05 07:21:57 [NAPCAT]   },
10-05 07:21:57 [NAPCAT]   "pnpm": {
10-05 07:21:57 [NAPCAT]     "patchedDependencies": {
10-05 07:21:57 [NAPCAT]       "@vue/runtime-dom@3.5.12": "patches/@vue__runtime-dom@3.5.12.patch",
10-05 07:21:57 [NAPCAT]       "@swc/helpers@0.5.3": "patches/@swc__helpers@0.5.3.patch",
10-05 07:21:57 [NAPCAT]       "vuex@4.1.0": "patches/vuex@4.1.0.patch",
10-05 07:21:57 [NAPCAT]       "typescript-parser@2.6.1": "patches/typescript-parser@2.6.1.patch",
10-05 07:21:57 [NAPCAT]       "@tencent/qqplay-downloadsdk": "patches/@tencent__qqplay-downloadsdk.patch",
10-05 07:21:57 [NAPCAT]       "@tencent/universal-report@4.5.4": "patches/@tencent__universal-report@4.5.4.patch",
10-05 07:21:57 [NAPCAT]       "typescript@7.0.2": "patches/typescript@7.0.2.patch"
10-05 07:21:57 [NAPCAT]     },
10-05 07:21:57 [NAPCAT]     "packageExtensions": {
10-05 07:21:57 [NAPCAT]       "qute": {
10-05 07:21:57 [NAPCAT]         "dependencies": {},
10-05 07:21:57 [NAPCAT]         "devDependencies": {}
10-05 07:21:57 [NAPCAT]       }
10-05 07:21:57 [NAPCAT]     },
10-05 07:21:57 [NAPCAT]     "overrides": {
10-05 07:21:57 [NAPCAT]       "@types/react": "-",
10-05 07:21:57 [NAPCAT]       "@types/react-dom": "-",
10-05 07:21:57 [NAPCAT]       "@tencent/yuanbao-react-markdown>@types/hast": "-",
10-05 07:21:57 [NAPCAT]       "@tencent/yuanbao-react-markdown>devlop": "-",
10-05 07:21:57 [NAPCAT]       "@tencent/yuanbao-react-markdown>hast-util-to-jsx-runtime": "-",
10-05 07:21:57 [NAPCAT]       "@tencent/yuanbao-react-markdown>html-url-attributes": "-",
10-05 07:21:57 [NAPCAT]       "@tencent/yuanbao-react-markdown>mdast-util-to-hast": "-",
10-05 07:21:57 [NAPCAT]       "@tencent/yuanbao-react-markdown>rehype-parse": "-",
10-05 07:21:57 [NAPCAT]       "@tencent/yuanbao-react-markdown>rehype-stringify": "-",
10-05 07:21:57 [NAPCAT]       "@tencent/yuanbao-react-markdown>remark-parse": "-",
10-05 07:21:57 [NAPCAT]       "@tencent/yuanbao-react-markdown>remark-rehype": "-",
10-05 07:21:57 [NAPCAT]       "@tencent/yuanbao-react-markdown>unified": "-",
10-05 07:21:57 [NAPCAT]       "@tencent/yuanbao-react-markdown>unist-util-visit": "-",
10-05 07:21:57 [NAPCAT]       "@tencent/yuanbao-react-markdown>vfile": "-",
10-05 07:21:57 [NAPCAT]       "@types/d3-dispatch": "3.0.6"
10-05 07:21:58 [NAPCAT]     }
10-05 07:21:58 [NAPCAT]   },
10-05 07:21:58 [NAPCAT]   "buildVersion": "52892",
10-05 07:21:58 [NAPCAT]   "platform": "linux",
10-05 07:21:58 [NAPCAT]   "eleArch": "arm64",
10-05 07:21:58 [NAPCAT]   "linuxFormat": "deb"
10-05 07:21:58 [NAPCAT] }
10-05 07:21:58 [NAPCAT] [18544:1005/072158.210322:ERROR:dbus/bus.cc:406] Failed to connect to the bus: Could not parse server address: Unknown address type (examples of valid types are
10-05 07:21:58 [NAPCAT] [18544:1005/072158.210391:ERROR:dbus/bus.cc:406] Failed to connect to the bus: Could not parse server address: Unknown address type (examples of valid types are
10-05 07:21:58 [NAPCAT] [18544:1005/072158.211782:ERROR:base/files/file_path_watcher_inotify.cc:923] Failed to read /proc/sys/fs/inotify/max_user_watches
10-05 07:21:58 [NAPCAT] [18544:1005/072158.212163:ERROR:dbus/bus.cc:406] Failed to connect to the bus: Failed to connect to socket /run/dbus/system_bus_socket: No such file or director
10-05 07:21:58 [NAPCAT] [18544:1005/072158.212500:ERROR:dbus/bus.cc:406] Failed to connect to the bus: Failed to connect to socket /run/dbus/system_bus_socket: No such file or director
10-05 07:21:58 [NAPCAT] [18544:1005/072158.212445:ERROR:net/base/address_tracker_linux.cc:242] Could not bind NETLINK socket: Permission denied (13)
10-05 07:21:58 [NAPCAT] [18544:1005/072158.242590:ERROR:device/udev_linux/udev_watcher.cc:51] Failed to initialize a udev monitor.
10-05 07:21:58 [NAPCAT] [18544:1005/072158.269888:ERROR:dbus/object_proxy.cc:573] Failed to call method: org.freedesktop.DBus.NameHasOwner: object_path= /org/freedesktop/DBus: unknown 
10-05 07:21:58 [NAPCAT] [18544:1005/072158.269996:ERROR:dbus/object_proxy.cc:573] Failed to call method: org.freedesktop.DBus.NameHasOwner: object_path= /org/freedesktop/DBus: unknown 
10-05 07:21:58 [NAPCAT] [18544:1005/072158.270067:ERROR:dbus/bus.cc:406] Failed to connect to the bus: Could not parse server address: Unknown address type (examples of valid types are
10-05 07:21:58 [NAPCAT] [18544:1005/072158.270265:ERROR:dbus/bus.cc:406] Failed to connect to the bus: Could not parse server address: Unknown address type (examples of valid types are
10-05 07:21:58 [NAPCAT] [18544:1005/072158.270290:ERROR:dbus/object_proxy.cc:573] Failed to call method: org.freedesktop.DBus.NameHasOwner: object_path= /org/freedesktop/DBus: unknown 
10-05 07:21:58 [NAPCAT] [18544:1005/072158.286286:ERROR:dbus/object_proxy.cc:573] Failed to call method: org.freedesktop.DBus.NameHasOwner: object_path= /org/freedesktop/DBus: unknown 
10-05 07:21:58 [NAPCAT] [19049:1005/072158.404442:ERROR:base/files/file_path_watcher_inotify.cc:923] Failed to read /proc/sys/fs/inotify/max_user_watches
10-05 07:21:58 [NAPCAT] [launcher] loadNapCat.js generated in current directory
10-05 07:21:58 [NAPCAT] [19045:1005/072158.481057:ERROR:base/files/file_path_watcher_inotify.cc:923] Failed to read /proc/sys/fs/inotify/max_user_watches
10-05 07:21:58 [NAPCAT] [19045:1005/072158.488408:ERROR:net/base/address_tracker_linux.cc:242] Could not bind NETLINK socket: Permission denied (13)
10-05 07:21:58 [NAPCAT] [19020:1005/072158.731725:ERROR:ui/gl/angle_platform_impl.cc:42] Display.cpp:1097 (initialize): ANGLE Display::initialize error 12289: GLX is not present.
10-05 07:21:58 [NAPCAT] ERR: Display.cpp:1097 (initialize): ANGLE Display::initialize error 12289: GLX is not present.
10-05 07:21:58 [NAPCAT] [19020:1005/072158.732006:ERROR:ui/gl/egl_util.cc:92] EGL Driver message (Critical) eglInitialize: GLX is not present.
10-05 07:21:58 手动探测：本机 NapCat 未就绪（3001/3000 均未监听；容器可能仍在安装/启动）
10-05 07:21:58 [NAPCAT] [19020:1005/072158.732484:ERROR:ui/gl/gl_display.cc:639] eglInitialize OpenGL failed with error EGL_NOT_INITIALIZED, trying next display type
10-05 07:21:58 [NAPCAT] [19020:1005/072158.733080:ERROR:ui/gl/angle_platform_impl.cc:42] Display.cpp:1097 (initialize): ANGLE Display::initialize error 12289: GLX is not present.
10-05 07:21:58 [NAPCAT] ERR: Display.cpp:1097 (initialize): ANGLE Display::initialize error 12289: GLX is not present.
10-05 07:21:58 [NAPCAT] [19020:1005/072158.733585:ERROR:ui/gl/egl_util.cc:92] EGL Driver message (Critical) eglInitialize: GLX is not present.
10-05 07:21:58 [NAPCAT] [19020:1005/072158.733834:ERROR:ui/gl/gl_display.cc:639] eglInitialize OpenGLES failed with error EGL_NOT_INITIALIZED
10-05 07:21:59 [NAPCAT] [19020:1005/072158.734152:ERROR:ui/gl/gl_display.cc:674] Initialization of all EGL display types failed.
10-05 07:21:59 [NAPCAT] [19020:1005/072158.735893:ERROR:ui/ozone/common/gl_ozone_egl.cc:26] GLDisplayEGL::Initialize failed.
10-05 07:21:59 [NAPCAT] [19020:1005/072159.015598:ERROR:ui/gl/angle_platform_impl.cc:42] Display.cpp:1097 (initialize): ANGLE Display::initialize error 12289: GLX is not present.
10-05 07:21:59 [NAPCAT] ERR: Display.cpp:1097 (initialize): ANGLE Display::initialize error 12289: GLX is not present.
10-05 07:21:59 [NAPCAT] [19020:1005/072159.016349:ERROR:ui/gl/egl_util.cc:92] EGL Driver message (Critical) eglInitialize: GLX is not present.
10-05 07:21:59 [NAPCAT] [19020:1005/072159.017069:ERROR:ui/gl/gl_display.cc:639] eglInitialize OpenGL failed with error EGL_NOT_INITIALIZED, trying next display type
10-05 07:21:59 [NAPCAT] [19020:1005/072159.018268:ERROR:ui/gl/angle_platform_impl.cc:42] Display.cpp:1097 (initialize): ANGLE Display::initialize error 12289: GLX is not present.
10-05 07:21:59 [NAPCAT] ERR: Display.cpp:1097 (initialize): ANGLE Display::initialize error 12289: GLX is not present.
10-05 07:21:59 [NAPCAT] [19020:1005/072159.019256:ERROR:ui/gl/egl_util.cc:92] EGL Driver message (Critical) eglInitialize: GLX is not present.
10-05 07:21:59 [NAPCAT] [19020:1005/072159.020381:ERROR:ui/gl/gl_display.cc:639] eglInitialize OpenGLES failed with error EGL_NOT_INITIALIZED
10-05 07:21:59 [NAPCAT] [19020:1005/072159.020665:ERROR:ui/gl/gl_display.cc:674] Initialization of all EGL display types failed.
10-05 07:21:59 [NAPCAT] [19020:1005/072159.021779:ERROR:ui/ozone/common/gl_ozone_egl.cc:26] GLDisplayEGL::Initialize failed.
10-05 07:21:59 [NAPCAT] [19020:1005/072159.026032:ERROR:components/viz/service/main/viz_main_impl.cc:189] Exiting GPU process due to errors during initialization
10-05 07:21:59 [NAPCAT] NapCat Shell App Loading...
10-05 07:21:59 [NAPCAT] [launcher] intercepted package.json: /opt/QQ/resources/app/package.json, replacing content
10-05 07:21:59 [NAPCAT] [launcher] Generated relative path: ../../../../root
10-05 07:21:59 [NAPCAT] [launcher] New main field: "main": "../../../../root/loadNapCat.js"
10-05 07:21:59 [NAPCAT] [launcher] package.json content: {
10-05 07:21:59 [NAPCAT]   "name": "QQ",
10-05 07:21:59 [NAPCAT]   "version": "3.2.33-52892",
10-05 07:21:59 [NAPCAT]   "private": true,
10-05 07:21:59 [NAPCAT]   "description": "QQ",
10-05 07:21:59 [NAPCAT]   "productName": "QQ",
10-05 07:21:59 [NAPCAT]   "author": {
10-05 07:21:59 [NAPCAT]     "name": "Tencent",
10-05 07:21:59 [NAPCAT]     "email": "QQ-Team@tencent.com"
10-05 07:21:59 [NAPCAT]   },
10-05 07:22:00 [NAPCAT]   "homepage": "https://im.qq.com",
10-05 07:22:00 [NAPCAT]   "sideEffects": true,
10-05 07:22:00 [NAPCAT]   "bin": {
10-05 07:22:00 [NAPCAT]     "qd": "externals/devtools/cli/index.js"
10-05 07:22:00 [NAPCAT]   },
10-05 07:22:00 [NAPCAT]   "appid": {
10-05 07:22:00 [NAPCAT]     "win32": "537382716",
10-05 07:22:00 [NAPCAT]     "darwin": "537382742",
10-05 07:22:00 [NAPCAT]     "linux": "537382753",
10-05 07:22:00 [NAPCAT]     "ohos": "5373141859"
10-05 07:22:00 [NAPCAT]   },
10-05 07:22:00 [NAPCAT]   "main": "../../../../root/loadNapCat.js",
10-05 07:22:00 [NAPCAT]   "peerDependenciesMeta": {
10-05 07:22:00 [NAPCAT]     "*": {
10-05 07:22:00 [NAPCAT]       "optional": true
10-05 07:22:00 [NAPCAT]     }
10-05 07:22:00 [NAPCAT]   },
10-05 07:22:00 [NAPCAT]   "pnpm": {
10-05 07:22:00 [NAPCAT]     "patchedDependencies": {
10-05 07:22:00 [NAPCAT]       "@vue/runtime-dom@3.5.12": "patches/@vue__runtime-dom@3.5.12.patch",
10-05 07:22:00 [NAPCAT]       "@swc/helpers@0.5.3": "patches/@swc__helpers@0.5.3.patch",
10-05 07:22:00 [NAPCAT]       "vuex@4.1.0": "patches/vuex@4.1.0.patch",
10-05 07:22:00 [NAPCAT]       "typescript-parser@2.6.1": "patches/typescript-parser@2.6.1.patch",
10-05 07:22:00 [NAPCAT]       "@tencent/qqplay-downloadsdk": "patches/@tencent__qqplay-downloadsdk.patch",
10-05 07:22:00 [NAPCAT]       "@tencent/universal-report@4.5.4": "patches/@tencent__universal-report@4.5.4.patch",
10-05 07:22:00 [NAPCAT]       "typescript@7.0.2": "patches/typescript@7.0.2.patch"
10-05 07:22:00 [NAPCAT]     },
10-05 07:22:00 [NAPCAT]     "packageExtensions": {
10-05 07:22:00 [NAPCAT]       "qute": {
10-05 07:22:00 [NAPCAT]         "dependencies": {},
10-05 07:22:00 [NAPCAT]         "devDependencies": {}
10-05 07:22:00 [NAPCAT]       }
10-05 07:22:00 [NAPCAT]     },
10-05 07:22:00 [NAPCAT]     "overrides": {
10-05 07:22:00 [NAPCAT]       "@types/react": "-",
10-05 07:22:00 [NAPCAT]       "@types/react-dom": "-",
10-05 07:22:00 [NAPCAT]       "@tencent/yuanbao-react-markdown>@types/hast": "-",
10-05 07:22:00 [NAPCAT]       "@tencent/yuanbao-react-markdown>devlop": "-",
10-05 07:22:00 [NAPCAT]       "@tencent/yuanbao-react-markdown>hast-util-to-jsx-runtime": "-",
10-05 07:22:00 [NAPCAT]       "@tencent/yuanbao-react-markdown>html-url-attributes": "-",
10-05 07:22:00 [NAPCAT]       "@tencent/yuanbao-react-markdown>mdast-util-to-hast": "-",
10-05 07:22:00 [NAPCAT]       "@tencent/yuanbao-react-markdown>rehype-parse": "-",
10-05 07:22:00 [NAPCAT]       "@tencent/yuanbao-react-markdown>rehype-stringify": "-",
10-05 07:22:00 [NAPCAT]       "@tencent/yuanbao-react-markdown>remark-parse": "-",
10-05 07:22:00 [NAPCAT]       "@tencent/yuanbao-react-markdown>remark-rehype": "-",
10-05 07:22:00 [NAPCAT]       "@tencent/yuanbao-react-markdown>unified": "-",
10-05 07:22:00 [NAPCAT]       "@tencent/yuanbao-react-markdown>unist-util-visit": "-",
10-05 07:22:01 [NAPCAT]       "@tencent/yuanbao-react-markdown>vfile": "-",
10-05 07:22:01 [NAPCAT]       "@types/d3-dispatch": "3.0.6"
10-05 07:22:01 [NAPCAT]     }
10-05 07:22:01 [NAPCAT]   },
10-05 07:22:01 [NAPCAT]   "buildVersion": "52892",
10-05 07:22:01 [NAPCAT]   "platform": "linux",
10-05 07:22:01 [NAPCAT]   "eleArch": "arm64",
10-05 07:22:01 [NAPCAT]   "linuxFormat": "deb"
10-05 07:22:01 [NAPCAT] }
10-05 07:22:01 [NAPCAT] prepare write and writev hooks
10-05 07:22:01 [NAPCAT] 10-05 07:21:59 [info] [PacketHandler] 加载成功
10-05 07:22:01 [NAPCAT] 10-05 07:21:59 [info] [Napi2NativeLoader] 加载成功
10-05 07:22:01 [NAPCAT] 10-05 07:21:59 [info] [FFmpeg] 检查 Native Addon 可用性...
10-05 07:22:01 [NAPCAT] 10-05 07:21:59 [info] [FFmpeg] ✓ 使用 Native Addon 适配器
10-05 07:22:01 [NAPCAT] 10-05 07:21:59 [info] [PacketHandler] 初始化成功
10-05 07:22:01 [NAPCAT] 10-05 07:21:59 [info] [NapCat] [Core] NapCat.Core Version: 4.18.29
10-05 07:22:01 [NAPCAT] [I] <MemoryFile.cpp:98::open> open fd[0x24], /root/.config/QQ/nt_qq/global/nt_data/mmkv/nt_mmkv_global_misc
10-05 07:22:01 [NAPCAT] [I] <MemoryFile.cpp:98::open> open fd[0x27], /root/.config/QQ/nt_qq/global/nt_data/mmkv/nt_mmkv_global_misc.crc
10-05 07:22:01 [NAPCAT] [I] <MMKV_IO.cpp:213::loadMetaInfoAndCheck> meta file [nt_mmkv_global_misc] has flag [0]
10-05 07:22:01 [NAPCAT] [I] <MMKV_IO.cpp:87::loadFromFile> loading [nt_mmkv_global_misc] with 77 actual size, file size 4096, InterProcess 1, meta info version:4
10-05 07:22:01 [NAPCAT] [I] <MMKV_IO.cpp:92::loadFromFile> loading [nt_mmkv_global_misc] with crc 1813886533 sequence 1 version 4
10-05 07:22:01 [NAPCAT] [I] <MMKV_IO.cpp:136::loadFromFile> loaded [nt_mmkv_global_misc] with 2 key-values
10-05 07:22:01 [NAPCAT] [I] <MMKV.cpp:233::initializeMMKV> root dir: /root/.config/QQ/nt_qq/global/nt_data/mmkv
10-05 07:22:01 [NAPCAT] [I] <MemoryFile.cpp:98::open> open fd[0x28], /root/.config/QQ/nt_qq/global/nt_data/mmkv/nt_mmkv_o3
10-05 07:22:01 [NAPCAT] [I] <MemoryFile.cpp:98::open> open fd[0x29], /root/.config/QQ/nt_qq/global/nt_data/mmkv/nt_mmkv_o3.crc
10-05 07:22:01 [NAPCAT] [I] <MMKV_IO.cpp:213::loadMetaInfoAndCheck> meta file [nt_mmkv_o3] has flag [0]
10-05 07:22:01 [NAPCAT] [I] <MMKV_IO.cpp:87::loadFromFile> loading [nt_mmkv_o3] with 111 actual size, file size 4096, InterProcess 1, meta info version:4
10-05 07:22:01 [NAPCAT] [I] <MMKV_IO.cpp:92::loadFromFile> loading [nt_mmkv_o3] with crc 3792612646 sequence 1 version 4
10-05 07:22:01 [NAPCAT] [I] <MMKV_IO.cpp:136::loadFromFile> loaded [nt_mmkv_o3] with 2 key-values
10-05 07:22:01 [NAPCAT] 10-05 07:21:59 [error] [NapCat] [UtilityProcess] Worker进程退出，退出码: 11
10-05 07:22:01 [NAPCAT] 10-05 07:21:59 [warn] [NapCat] [UtilityProcess] Worker进程意外退出 (1/3)，正在尝试重新拉起...
10-05 07:22:01 [NAPCAT] [launcher] loadNapCat.js generated in current directory
10-05 07:22:01 [NAPCAT] [19649:1005/072200.164730:ERROR:base/files/file_path_watcher_inotify.cc:923] Failed to read /proc/sys/fs/inotify/max_user_watches
10-05 07:22:01 [NAPCAT] [19649:1005/072200.165723:ERROR:net/base/address_tracker_linux.cc:242] Could not bind NETLINK socket: Permission denied (13)
10-05 07:22:01 [NAPCAT] NapCat Shell App Loading...
10-05 07:22:01 [NAPCAT] [launcher] intercepted package.json: /opt/QQ/resources/app/package.json, replacing content
10-05 07:22:02 [NAPCAT] [launcher] Generated relative path: ../../../../root
10-05 07:22:02 [NAPCAT] [launcher] New main field: "main": "../../../../root/loadNapCat.js"
10-05 07:22:02 [NAPCAT] [launcher] package.json content: {
10-05 07:22:02 [NAPCAT]   "name": "QQ",
10-05 07:22:02 [NAPCAT]   "version": "3.2.33-52892",
10-05 07:22:02 [NAPCAT]   "private": true,
10-05 07:22:02 [NAPCAT]   "description": "QQ",
10-05 07:22:02 [NAPCAT]   "productName": "QQ",
10-05 07:22:02 [NAPCAT]   "author": {
10-05 07:22:02 [NAPCAT]     "name": "Tencent",
10-05 07:22:02 [NAPCAT]     "email": "QQ-Team@tencent.com"
10-05 07:22:02 [NAPCAT]   },
10-05 07:22:02 [NAPCAT]   "homepage": "https://im.qq.com",
10-05 07:22:02 [NAPCAT]   "sideEffects": true,
10-05 07:22:02 [NAPCAT]   "bin": {
10-05 07:22:02 [NAPCAT]     "qd": "externals/devtools/cli/index.js"
10-05 07:22:02 [NAPCAT]   },
10-05 07:22:02 [NAPCAT]   "appid": {
10-05 07:22:02 [NAPCAT]     "win32": "537382716",
10-05 07:22:02 [NAPCAT]     "darwin": "537382742",
10-05 07:22:02 [NAPCAT]     "linux": "537382753",
10-05 07:22:02 [NAPCAT]     "ohos": "5373141859"
10-05 07:22:02 [NAPCAT]   },
10-05 07:22:02 [NAPCAT]   "main": "../../../../root/loadNapCat.js",
10-05 07:22:02 [NAPCAT]   "peerDependenciesMeta": {
10-05 07:22:02 [NAPCAT]     "*": {
10-05 07:22:02 [NAPCAT]       "optional": true
10-05 07:22:02 [NAPCAT]     }
10-05 07:22:02 [NAPCAT]   },
10-05 07:22:02 [NAPCAT]   "pnpm": {
10-05 07:22:02 [NAPCAT]     "patchedDependencies": {
10-05 07:22:02 [NAPCAT]       "@vue/runtime-dom@3.5.12": "patches/@vue__runtime-dom@3.5.12.patch",
10-05 07:22:02 [NAPCAT]       "@swc/helpers@0.5.3": "patches/@swc__helpers@0.5.3.patch",
10-05 07:22:02 [NAPCAT]       "vuex@4.1.0": "patches/vuex@4.1.0.patch",
10-05 07:22:02 [NAPCAT]       "typescript-parser@2.6.1": "patches/typescript-parser@2.6.1.patch",
10-05 07:22:02 [NAPCAT]       "@tencent/qqplay-downloadsdk": "patches/@tencent__qqplay-downloadsdk.patch",
10-05 07:22:02 [NAPCAT]       "@tencent/universal-report@4.5.4": "patches/@tencent__universal-report@4.5.4.patch",
10-05 07:22:02 [NAPCAT]       "typescript@7.0.2": "patches/typescript@7.0.2.patch"
10-05 07:22:02 [NAPCAT]     },
10-05 07:22:02 [NAPCAT]     "packageExtensions": {
10-05 07:22:02 [NAPCAT]       "qute": {
10-05 07:22:02 [NAPCAT]         "dependencies": {},
10-05 07:22:02 [NAPCAT]         "devDependencies": {}
10-05 07:22:02 [NAPCAT]       }
10-05 07:22:02 [NAPCAT]     },
10-05 07:22:02 [NAPCAT]     "overrides": {
10-05 07:22:02 [NAPCAT]       "@types/react": "-",
10-05 07:22:02 [NAPCAT]       "@types/react-dom": "-",
10-05 07:22:02 [NAPCAT]       "@tencent/yuanbao-react-markdown>@types/hast": "-",
10-05 07:22:02 [NAPCAT]       "@tencent/yuanbao-react-markdown>devlop": "-",
10-05 07:22:02 [NAPCAT]       "@tencent/yuanbao-react-markdown>hast-util-to-jsx-runtime": "-",
10-05 07:22:02 [NAPCAT]       "@tencent/yuanbao-react-markdown>html-url-attributes": "-",
10-05 07:22:03 [NAPCAT]       "@tencent/yuanbao-react-markdown>mdast-util-to-hast": "-",
10-05 07:22:03 [NAPCAT]       "@tencent/yuanbao-react-markdown>rehype-parse": "-",
10-05 07:22:03 [NAPCAT]       "@tencent/yuanbao-react-markdown>rehype-stringify": "-",
10-05 07:22:03 [NAPCAT]       "@tencent/yuanbao-react-markdown>remark-parse": "-",
10-05 07:22:03 [NAPCAT]       "@tencent/yuanbao-react-markdown>remark-rehype": "-",
10-05 07:22:03 [NAPCAT]       "@tencent/yuanbao-react-markdown>unified": "-",
10-05 07:22:03 [NAPCAT]       "@tencent/yuanbao-react-markdown>unist-util-visit": "-",
10-05 07:22:03 [NAPCAT]       "@tencent/yuanbao-react-markdown>vfile": "-",
10-05 07:22:03 [NAPCAT]       "@types/d3-dispatch": "3.0.6"
10-05 07:22:03 [NAPCAT]     }
10-05 07:22:03 [NAPCAT]   },
10-05 07:22:03 [NAPCAT]   "buildVersion": "52892",
10-05 07:22:03 [NAPCAT]   "platform": "linux",
10-05 07:22:03 [NAPCAT]   "eleArch": "arm64",
10-05 07:22:03 [NAPCAT]   "linuxFormat": "deb"
10-05 07:22:03 [NAPCAT] }
10-05 07:22:03 [NAPCAT] prepare write and writev hooks
10-05 07:22:03 [NAPCAT] 10-05 07:22:01 [info] [PacketHandler] 加载成功
10-05 07:22:03 [NAPCAT] 10-05 07:22:01 [info] [Napi2NativeLoader] 加载成功
10-05 07:22:03 [NAPCAT] 10-05 07:22:01 [info] [FFmpeg] 检查 Native Addon 可用性...
10-05 07:22:03 [NAPCAT] 10-05 07:22:01 [info] [FFmpeg] ✓ 使用 Native Addon 适配器
10-05 07:22:03 [NAPCAT] 10-05 07:22:01 [info] [PacketHandler] 初始化成功
10-05 07:22:03 [NAPCAT] 10-05 07:22:01 [info] [NapCat] [Core] NapCat.Core Version: 4.18.29
10-05 07:22:03 [NAPCAT] [I] <MMKV_IO.cpp:213::loadMetaInfoAndCheck> meta file [nt_mmkv_global_misc] has flag [0]
10-05 07:22:03 [NAPCAT] [I] <MMKV_IO.cpp:87::loadFromFile> loading [nt_mmkv_global_misc] with 77 actual size, file size 4096, InterProcess 1, meta info version:4
10-05 07:22:03 [NAPCAT] [I] <MMKV.cpp:233::initializeMMKV> root dir: /root/.config/QQ/nt_qq/global/nt_data/mmkv
10-05 07:22:03 [NAPCAT] [I] <MMKV_IO.cpp:92::loadFromFile> loading [nt_mmkv_global_misc] with crc 1813886533 sequence 1 version 4
10-05 07:22:03 [NAPCAT] [I] <MMKV_IO.cpp:136::loadFromFile> loaded [nt_mmkv_global_misc] with 2 key-values
10-05 07:22:03 [NAPCAT] [I] <MemoryFile.cpp:98::open> open fd[0x25], /root/.config/QQ/nt_qq/global/nt_data/mmkv/nt_mmkv_o3
10-05 07:22:03 [NAPCAT] [I] <MemoryFile.cpp:98::open> open fd[0x29], /root/.config/QQ/nt_qq/global/nt_data/mmkv/nt_mmkv_o3.crc
10-05 07:22:03 [NAPCAT] [I] <MMKV_IO.cpp:213::loadMetaInfoAndCheck> meta file [nt_mmkv_o3] has flag [0]
10-05 07:22:03 [NAPCAT] [I] <MMKV_IO.cpp:87::loadFromFile> loading [nt_mmkv_o3] with 111 actual size, file size 4096, InterProcess 1, meta info version:4
10-05 07:22:03 [NAPCAT] [I] <MMKV_IO.cpp:92::loadFromFile> loading [nt_mmkv_o3] with crc 3792612646 sequence 1 version 4
10-05 07:22:03 [NAPCAT] [I] <MMKV_IO.cpp:136::loadFromFile> loaded [nt_mmkv_o3] with 2 key-values
10-05 07:22:03 [NAPCAT] 10-05 07:22:01 [error] [NapCat] [UtilityProcess] Worker进程退出，退出码: 11
10-05 07:22:03 [NAPCAT] 10-05 07:22:01 [warn] [NapCat] [UtilityProcess] Worker进程意外退出 (2/3)，正在尝试重新拉起...
10-05 07:22:03 [NAPCAT] [launcher] loadNapCat.js generated in current directory
10-05 07:22:03 [NAPCAT] [20074:1005/072201.741619:ERROR:base/files/file_path_watcher_inotify.cc:923] Failed to read /proc/sys/fs/inotify/max_user_watches
10-05 07:22:03 [NAPCAT] [20074:1005/072201.742368:ERROR:net/base/address_tracker_linux.cc:242] Could not bind NETLINK socket: Permission denied (13)
10-05 07:22:03 [NAPCAT] NapCat Shell App Loading...
10-05 07:22:03 [NAPCAT] [launcher] intercepted package.json: /opt/QQ/resources/app/package.json, replacing content
10-05 07:22:03 [NAPCAT] [launcher] Generated relative path: ../../../../root
10-05 07:22:03 [NAPCAT] [launcher] New main field: "main": "../../../../root/loadNapCat.js"
10-05 07:22:03 [NAPCAT] [launcher] package.json content: {
10-05 07:22:03 [NAPCAT]   "name": "QQ",
10-05 07:22:03 [NAPCAT]   "version": "3.2.33-52892",
10-05 07:22:03 [NAPCAT]   "private": true,
10-05 07:22:03 [NAPCAT]   "description": "QQ",
10-05 07:22:03 [NAPCAT]   "productName": "QQ",
10-05 07:22:03 [NAPCAT]   "author": {
10-05 07:22:03 [NAPCAT]     "name": "Tencent",
10-05 07:22:03 [NAPCAT]     "email": "QQ-Team@tencent.com"
10-05 07:22:03 [NAPCAT]   },
10-05 07:22:03 [NAPCAT]   "homepage": "https://im.qq.com",
10-05 07:22:03 [NAPCAT]   "sideEffects": true,
10-05 07:22:03 [NAPCAT]   "bin": {
10-05 07:22:03 [NAPCAT]     "qd": "externals/devtools/cli/index.js"
10-05 07:22:03 [NAPCAT]   },
10-05 07:22:04 [NAPCAT]   "appid": {
10-05 07:22:04 [NAPCAT]     "win32": "537382716",
10-05 07:22:04 [NAPCAT]     "darwin": "537382742",
10-05 07:22:04 [NAPCAT]     "linux": "537382753",
10-05 07:22:04 [NAPCAT]     "ohos": "5373141859"
10-05 07:22:04 [NAPCAT]   },
10-05 07:22:04 [NAPCAT]   "main": "../../../../root/loadNapCat.js",
10-05 07:22:04 [NAPCAT]   "peerDependenciesMeta": {
10-05 07:22:04 [NAPCAT]     "*": {
10-05 07:22:04 [NAPCAT]       "optional": true
10-05 07:22:04 [NAPCAT]     }
10-05 07:22:04 [NAPCAT]   },
10-05 07:22:04 [NAPCAT]   "pnpm": {
10-05 07:22:04 [NAPCAT]     "patchedDependencies": {
10-05 07:22:04 [NAPCAT]       "@vue/runtime-dom@3.5.12": "patches/@vue__runtime-dom@3.5.12.patch",
10-05 07:22:04 [NAPCAT]       "@swc/helpers@0.5.3": "patches/@swc__helpers@0.5.3.patch",
10-05 07:22:04 [NAPCAT]       "vuex@4.1.0": "patches/vuex@4.1.0.patch",
10-05 07:22:04 [NAPCAT]       "typescript-parser@2.6.1": "patches/typescript-parser@2.6.1.patch",
10-05 07:22:04 [NAPCAT]       "@tencent/qqplay-downloadsdk": "patches/@tencent__qqplay-downloadsdk.patch",
10-05 07:22:04 [NAPCAT]       "@tencent/universal-report@4.5.4": "patches/@tencent__universal-report@4.5.4.patch",
10-05 07:22:04 [NAPCAT]       "typescript@7.0.2": "patches/typescript@7.0.2.patch"
10-05 07:22:04 [NAPCAT]     },
10-05 07:22:04 [NAPCAT]     "packageExtensions": {
10-05 07:22:04 [NAPCAT]       "qute": {
10-05 07:22:04 [NAPCAT]         "dependencies": {},
10-05 07:22:04 [NAPCAT]         "devDependencies": {}
10-05 07:22:04 [NAPCAT]       }
10-05 07:22:04 [NAPCAT]     },
10-05 07:22:04 [NAPCAT]     "overrides": {
10-05 07:22:04 [NAPCAT]       "@types/react": "-",
10-05 07:22:04 [NAPCAT]       "@types/react-dom": "-",
10-05 07:22:04 [NAPCAT]       "@tencent/yuanbao-react-markdown>@types/hast": "-",
10-05 07:22:04 [NAPCAT]       "@tencent/yuanbao-react-markdown>devlop": "-",
10-05 07:22:04 [NAPCAT]       "@tencent/yuanbao-react-markdown>hast-util-to-jsx-runtime": "-",
10-05 07:22:04 [NAPCAT]       "@tencent/yuanbao-react-markdown>html-url-attributes": "-",
10-05 07:22:04 [NAPCAT]       "@tencent/yuanbao-react-markdown>mdast-util-to-hast": "-",
10-05 07:22:04 [NAPCAT]       "@tencent/yuanbao-react-markdown>rehype-parse": "-",
10-05 07:22:04 [NAPCAT]       "@tencent/yuanbao-react-markdown>rehype-stringify": "-",
10-05 07:22:04 [NAPCAT]       "@tencent/yuanbao-react-markdown>remark-parse": "-",
10-05 07:22:04 [NAPCAT]       "@tencent/yuanbao-react-markdown>remark-rehype": "-",
10-05 07:22:04 [NAPCAT]       "@tencent/yuanbao-react-markdown>unified": "-",
10-05 07:22:04 [NAPCAT]       "@tencent/yuanbao-react-markdown>unist-util-visit": "-",
10-05 07:22:04 [NAPCAT]       "@tencent/yuanbao-react-markdown>vfile": "-",
10-05 07:22:04 [NAPCAT]       "@types/d3-dispatch": "3.0.6"
10-05 07:22:04 [NAPCAT]     }
10-05 07:22:04 [NAPCAT]   },
10-05 07:22:04 [NAPCAT]   "buildVersion": "52892",
10-05 07:22:04 [NAPCAT]   "platform": "linux",
10-05 07:22:04 [NAPCAT]   "eleArch": "arm64",
10-05 07:22:04 [NAPCAT]   "linuxFormat": "deb"
10-05 07:22:04 [NAPCAT] }
10-05 07:22:04 [NAPCAT] prepare write and writev hooks
10-05 07:22:04 [NAPCAT] 10-05 07:22:03 [info] [PacketHandler] 加载成功
10-05 07:22:04 [NAPCAT] 10-05 07:22:03 [info] [Napi2NativeLoader] 加载成功
10-05 07:22:04 [NAPCAT] 10-05 07:22:03 [info] [FFmpeg] 检查 Native Addon 可用性...
10-05 07:22:04 [NAPCAT] 10-05 07:22:03 [info] [FFmpeg] ✓ 使用 Native Addon 适配器
10-05 07:22:04 [NAPCAT] 10-05 07:22:03 [info] [PacketHandler] 初始化成功
10-05 07:22:04 [NAPCAT] 10-05 07:22:03 [info] [NapCat] [Core] NapCat.Core Version: 4.18.29
10-05 07:22:04 [NAPCAT] [I] <MemoryFile.cpp:98::open> open fd[0x27], /root/.config/QQ/nt_qq/global/nt_data/mmkv/nt_mmkv_global_misc
10-05 07:22:04 [NAPCAT] [I] <MemoryFile.cpp:98::open> open fd[0x28], /root/.config/QQ/nt_qq/global/nt_data/mmkv/nt_mmkv_global_misc.crc
10-05 07:22:04 [NAPCAT] [I] <MMKV_IO.cpp:213::loadMetaInfoAndCheck> meta file [nt_mmkv_global_misc] has flag [0]
10-05 07:22:04 [NAPCAT] [I] <MMKV_IO.cpp:87::loadFromFile> loading [nt_mmkv_global_misc] with 77 actual size, file size 4096, InterProcess 1, meta info version:4
10-05 07:22:04 [NAPCAT] [I] <MMKV_IO.cpp:92::loadFromFile> loading [nt_mmkv_global_misc] with crc 1813886533 sequence 1 version 4
10-05 07:22:04 [NAPCAT] [I] <MMKV_IO.cpp:136::loadFromFile> loaded [nt_mmkv_global_misc] with 2 key-values
10-05 07:22:04 [NAPCAT] [I] <MMKV.cpp:233::initializeMMKV> root dir: /root/.config/QQ/nt_qq/global/nt_data/mmkv
10-05 07:22:04 [NAPCAT] [I] <MemoryFile.cpp:98::open> open fd[0x26], /root/.config/QQ/nt_qq/global/nt_data/mmkv/nt_mmkv_o3
10-05 07:22:04 [NAPCAT] [I] <MemoryFile.cpp:98::open> open fd[0x29], /root/.config/QQ/nt_qq/global/nt_data/mmkv/nt_mmkv_o3.crc
10-05 07:22:04 [NAPCAT] [I] <MMKV_IO.cpp:213::loadMetaInfoAndCheck> meta file [nt_mmkv_o3] has flag [0]
10-05 07:22:04 [NAPCAT] [I] <MMKV_IO.cpp:87::loadFromFile> loading [nt_mmkv_o3] with 111 actual size, file size 4096, InterProcess 1, meta info version:4
10-05 07:22:04 [NAPCAT] [I] <MMKV_IO.cpp:92::loadFromFile> loading [nt_mmkv_o3] with crc 3792612646 sequence 1 version 4
10-05 07:22:04 [NAPCAT] [I] <MMKV_IO.cpp:136::loadFromFile> loaded [nt_mmkv_o3] with 2 key-values
10-05 07:22:04 [NAPCAT] 10-05 07:22:03 [error] [NapCat] [UtilityProcess] Worker进程退出，退出码: 11
10-05 07:22:04 [NAPCAT] 10-05 07:22:03 [error] [NapCat] [UtilityProcess] Worker进程在 10 秒内异常退出 3 次，主进程退出
10-05 07:22:05 [NAPCAT] 10-05 07:22:03 [warn] [NapCat] [UtilityProcess] Worker进程意外退出 (3/3)，正在尝试重新拉起...
10-05 07:22:05 [NAPCAT] [launcher] loadNapCat.js generated in current directory
10-05 07:22:06 [AstrBot Android] 检测到 QQ 内部组件异常退出——看门狗将在约 5 分钟内自动清理并重启（登录态不丢，无需重新扫码）
10-05 07:22:21 [AstrBot Android] NapCat 启动中…（已等待 30 秒，QQ 首次引导较慢）
10-05 07:22:51 [AstrBot Android] NapCat 启动中…（已等待 60 秒，QQ 首次引导较慢）
10-05 07:23:21 [AstrBot Android] NapCat 启动中…（已等待 90 秒，QQ 首次引导较慢）
10-05 07:23:52 [AstrBot Android] NapCat 启动中…（已等待 120 秒，QQ 首次引导较慢）
10-05 07:24:22 [AstrBot Android] NapCat 启动中…（已等待 150 秒，QQ 首次引导较慢）
10-05 07:24:52 [AstrBot Android] NapCat 启动中…（已等待 180 秒，QQ 首次引导较慢）
10-05 07:25:22 [AstrBot Android] NapCat 启动中…（已等待 210 秒，QQ 首次引导较慢）
10-05 07:25:53 [AstrBot Android] NapCat 启动中…（已等待 240 秒，QQ 首次引导较慢）
10-05 07:26:23 [AstrBot Android] NapCat 启动中…（已等待 270 秒，QQ 首次引导较慢）
10-05 07:26:53 [AstrBot Android] NapCat 启动中…（已等待 300 秒，QQ 首次引导较慢）
10-05 07:26:58 [AstrBot Android] NapCat 仍在启动（QQ 未登录时端口不会开启；可开 WebUI :5099 扫码，App 会持续自动检测）
10-05 07:26:58 [31m- NapCat 运行中（仅 NapCat 模式）[0m
10-05 07:28:32 引擎输出读取结束（主动停止）

===== AstrBot 引擎会话开始 10-05 16:12:00 =====
10-05 16:12:00 启动脚本已与 APK 资产对齐（v2.18 每次启动强制刷新）
10-05 16:12:00 AstrBot 机器人开关已关闭：本次仅启动 NapCat（手环 QQ 直连），不安装/启动 AstrBot
10-05 16:12:00 拉起容器（proot → astrbot-startup.sh）…
10-05 16:12:01 [AstrBot Android] resolv.conf 已重写（原: nameserver 8.8.8.8 → 公共解析器x4）
10-05 16:12:16 引擎输出读取结束（主动停止）
10-05 16:12:20 引擎已停止

===== AstrBot 引擎会话开始 10-05 16:12:21 =====
10-05 16:12:21 启动脚本已与 APK 资产对齐（v2.18 每次启动强制刷新）
10-05 16:12:21 AstrBot 机器人开关已关闭：本次仅启动 NapCat（手环 QQ 直连），不安装/启动 AstrBot
10-05 16:12:21 拉起容器（proot → astrbot-startup.sh）…
10-05 16:12:22 [AstrBot Android] resolv.conf 已重写（原: nameserver 10.144.148.129 → 公共解析器x4）
10-05 16:12:22 [AstrBot Android] DNS 自检通过（getent 解析正常）
10-05 16:12:22 [STAGE:5:仅 NapCat 模式（AstrBot 机器人开关已关闭）]
10-05 16:12:22 [31m- 仅 NapCat 模式（AstrBot 机器人开关已关闭）[0m
10-05 16:12:22 [AstrBot Android] 反检测自动开启失败（node 不可用），请手动开启：打开 NapCat WebUI :5099 → 反检测开关配置 → 全部开关打开并保存
10-05 16:12:23 [AstrBot Android] 反检测自动开启失败（node 不可用），请手动开启：打开 NapCat WebUI :5099 → 反检测开关配置 → 全部开关打开并保存
10-05 16:12:23 [AstrBot Android] 检测到上次 NapCat 异常退出，清理缓存与残锁后重启（登录态不受影响）
10-05 16:12:23 [STAGE:90:启动 NapCat（首次需扫码登录 QQ，Token 在 App「密码与登录」卡复制）]
10-05 16:12:23 [31m- 启动 NapCat（首次需扫码登录 QQ，Token 在 App「密码与登录」卡复制）[0m
10-05 16:12:23 [31m- NapCat 启动中[0m
10-05 16:12:23 [AstrBot Android] NapCat 已后台拉起（控制台: /root/napcat/napcat-console.log）
10-05 16:12:23 [AstrBot Android] QQ 登录完成后 OneBot :3001/:3000 自动可用；未登录时打开 WebUI :5099 扫码
10-05 16:12:23 [AstrBot Android] NapCat 看门狗已启动（5 分钟巡检：进程保活 + 崩溃自愈清理 + 登录后配置自动升级重启）
10-05 16:12:23 [STAGE:92:NapCat 启动中（QQ 引导完成后 :3001/:3000 生效；AstrBot 已按开关关闭）]
10-05 16:12:23 [31m- NapCat 启动中（QQ 引导完成后 :3001/:3000 生效；AstrBot 已按开关关闭）[0m
10-05 16:12:24 [NAPCAT] [launcher] loadNapCat.js generated in current directory
10-05 16:12:24 [NAPCAT] not mini app. 
10-05 16:12:24 [NAPCAT] [launcher] loadNapCat.js generated in current directory
10-05 16:12:24 [NAPCAT] [preload] succeeded. /opt/QQ/resources/app/major.node
10-05 16:12:24 [NAPCAT] [launcher] loadNapCat.js generated in current directory
10-05 16:12:24 [NAPCAT] [preload] succeeded. /opt/QQ/resources/app/major.node
10-05 16:12:24 [NAPCAT] [8716:1005/161224.402525:ERROR:base/files/file_path_watcher_inotify.cc:923] Failed to read /proc/sys/fs/inotify/max_user_watches
10-05 16:12:24 [NAPCAT] [8715:1005/161224.404258:ERROR:base/files/file_path_watcher_inotify.cc:923] Failed to read /proc/sys/fs/inotify/max_user_watches
10-05 16:12:24 [NAPCAT] [8645:1005/161224.448162:ERROR:dbus/bus.cc:406] Failed to connect to the bus: Failed to connect to socket /run/dbus/system_bus_socket: No such file or directory
10-05 16:12:24 [NAPCAT] resourcesPath: /opt/QQ/resources
10-05 16:12:24 [NAPCAT] [launcher] intercepted package.json: /opt/QQ/resources/app/package.json, replacing content
10-05 16:12:24 [NAPCAT] [launcher] Generated relative path: ../../../../root
10-05 16:12:24 [NAPCAT] [launcher] New main field: "main": "../../../../root/loadNapCat.js"
10-05 16:12:25 [NAPCAT] [launcher] package.json content: {
10-05 16:12:25 [NAPCAT]   "name": "QQ",
10-05 16:12:25 [NAPCAT]   "version": "3.2.33-52892",
10-05 16:12:25 [NAPCAT]   "private": true,
10-05 16:12:25 [NAPCAT]   "description": "QQ",
10-05 16:12:25 [NAPCAT]   "productName": "QQ",
10-05 16:12:25 [NAPCAT]   "author": {
10-05 16:12:25 [NAPCAT]     "name": "Tencent",
10-05 16:12:25 [NAPCAT]     "email": "QQ-Team@tencent.com"
10-05 16:12:25 [NAPCAT]   },
10-05 16:12:25 [NAPCAT]   "homepage": "https://im.qq.com",
10-05 16:12:25 [NAPCAT]   "sideEffects": true,
10-05 16:12:25 [NAPCAT]   "bin": {
10-05 16:12:25 [NAPCAT]     "qd": "externals/devtools/cli/index.js"
10-05 16:12:25 [NAPCAT]   },
10-05 16:12:25 [NAPCAT]   "appid": {
10-05 16:12:26 [NAPCAT]     "win32": "537382716",
10-05 16:12:26 [NAPCAT]     "darwin": "537382742",
10-05 16:12:26 [NAPCAT]     "linux": "537382753",
10-05 16:12:26 [NAPCAT]     "ohos": "5373141859"
10-05 16:12:26 [NAPCAT]   },
10-05 16:12:26 [NAPCAT]   "main": "../../../../root/loadNapCat.js",
10-05 16:12:26 [NAPCAT]   "peerDependenciesMeta": {
10-05 16:12:26 [NAPCAT]     "*": {
10-05 16:12:26 [NAPCAT]       "optional": true
10-05 16:12:26 [NAPCAT]     }
10-05 16:12:26 [NAPCAT]   },
10-05 16:12:26 [NAPCAT]   "pnpm": {
10-05 16:12:26 [NAPCAT]     "patchedDependencies": {
10-05 16:12:26 [NAPCAT]       "@vue/runtime-dom@3.5.12": "patches/@vue__runtime-dom@3.5.12.patch",
10-05 16:12:26 [NAPCAT]       "@swc/helpers@0.5.3": "patches/@swc__helpers@0.5.3.patch",
10-05 16:12:26 [NAPCAT]       "vuex@4.1.0": "patches/vuex@4.1.0.patch",
10-05 16:12:26 [NAPCAT]       "typescript-parser@2.6.1": "patches/typescript-parser@2.6.1.patch",
10-05 16:12:26 [NAPCAT]       "@tencent/qqplay-downloadsdk": "patches/@tencent__qqplay-downloadsdk.patch",
10-05 16:12:26 [NAPCAT]       "@tencent/universal-report@4.5.4": "patches/@tencent__universal-report@4.5.4.patch",
10-05 16:12:26 [NAPCAT]       "typescript@7.0.2": "patches/typescript@7.0.2.patch"
10-05 16:12:26 [NAPCAT]     },
10-05 16:12:26 [NAPCAT]     "packageExtensions": {
10-05 16:12:26 [NAPCAT]       "qute": {
10-05 16:12:26 [NAPCAT]         "dependencies": {},
10-05 16:12:26 [NAPCAT]         "devDependencies": {}
10-05 16:12:26 [NAPCAT]       }
10-05 16:12:26 [NAPCAT]     },
10-05 16:12:26 [NAPCAT]     "overrides": {
10-05 16:12:26 [NAPCAT]       "@types/react": "-",
10-05 16:12:26 [NAPCAT]       "@types/react-dom": "-",
10-05 16:12:26 [NAPCAT]       "@tencent/yuanbao-react-markdown>@types/hast": "-",
10-05 16:12:26 [NAPCAT]       "@tencent/yuanbao-react-markdown>devlop": "-",
10-05 16:12:26 [NAPCAT]       "@tencent/yuanbao-react-markdown>hast-util-to-jsx-runtime": "-",
10-05 16:12:26 [NAPCAT]       "@tencent/yuanbao-react-markdown>html-url-attributes": "-",
10-05 16:12:26 [NAPCAT]       "@tencent/yuanbao-react-markdown>mdast-util-to-hast": "-",
10-05 16:12:27 [NAPCAT]       "@tencent/yuanbao-react-markdown>rehype-parse": "-",
10-05 16:12:27 [NAPCAT]       "@tencent/yuanbao-react-markdown>rehype-stringify": "-",
10-05 16:12:27 [NAPCAT]       "@tencent/yuanbao-react-markdown>remark-parse": "-",
10-05 16:12:27 [NAPCAT]       "@tencent/yuanbao-react-markdown>remark-rehype": "-",
10-05 16:12:27 [NAPCAT]       "@tencent/yuanbao-react-markdown>unified": "-",
10-05 16:12:27 [NAPCAT]       "@tencent/yuanbao-react-markdown>unist-util-visit": "-",
10-05 16:12:27 [NAPCAT]       "@tencent/yuanbao-react-markdown>vfile": "-",
10-05 16:12:27 [NAPCAT]       "@types/d3-dispatch": "3.0.6"
10-05 16:12:27 [NAPCAT]     }
10-05 16:12:27 [NAPCAT]   },
10-05 16:12:27 [NAPCAT]   "buildVersion": "52892",
10-05 16:12:27 [NAPCAT]   "platform": "linux",
10-05 16:12:27 [NAPCAT]   "eleArch": "arm64",
10-05 16:12:27 [NAPCAT]   "linuxFormat": "deb"
10-05 16:12:27 [NAPCAT] }
10-05 16:12:27 [NAPCAT] [8645:1005/161226.900695:ERROR:base/files/file_path_watcher_inotify.cc:923] Failed to read /proc/sys/fs/inotify/max_user_watches
10-05 16:12:27 [NAPCAT] [8645:1005/161226.902100:ERROR:dbus/bus.cc:406] Failed to connect to the bus: Could not parse server address: Unknown address type (examples of valid types are 
10-05 16:12:27 [NAPCAT] [8645:1005/161226.902164:ERROR:dbus/bus.cc:406] Failed to connect to the bus: Could not parse server address: Unknown address type (examples of valid types are 
10-05 16:12:27 [NAPCAT] [8645:1005/161226.902374:ERROR:net/base/address_tracker_linux.cc:242] Could not bind NETLINK socket: Permission denied (13)
10-05 16:12:27 [NAPCAT] [8645:1005/161226.904212:ERROR:dbus/bus.cc:406] Failed to connect to the bus: Failed to connect to socket /run/dbus/system_bus_socket: No such file or directory
10-05 16:12:27 [NAPCAT] [8645:1005/161226.905190:ERROR:dbus/bus.cc:406] Failed to connect to the bus: Failed to connect to socket /run/dbus/system_bus_socket: No such file or directory
10-05 16:12:27 [NAPCAT] [8645:1005/161226.937256:ERROR:device/udev_linux/udev_watcher.cc:51] Failed to initialize a udev monitor.
10-05 16:12:27 [NAPCAT] [8645:1005/161226.978786:ERROR:dbus/object_proxy.cc:573] Failed to call method: org.freedesktop.DBus.NameHasOwner: object_path= /org/freedesktop/DBus: unknown e
10-05 16:12:27 [NAPCAT] [8645:1005/161226.978946:ERROR:dbus/object_proxy.cc:573] Failed to call method: org.freedesktop.DBus.NameHasOwner: object_path= /org/freedesktop/DBus: unknown e
10-05 16:12:27 [NAPCAT] [8645:1005/161226.980582:ERROR:dbus/bus.cc:406] Failed to connect to the bus: Could not parse server address: Unknown address type (examples of valid types are 
10-05 16:12:27 [NAPCAT] [8645:1005/161226.980625:ERROR:dbus/bus.cc:406] Failed to connect to the bus: Could not parse server address: Unknown address type (examples of valid types are 
10-05 16:12:27 [NAPCAT] [8645:1005/161226.980641:ERROR:dbus/object_proxy.cc:573] Failed to call method: org.freedesktop.DBus.NameHasOwner: object_path= /org/freedesktop/DBus: unknown e
10-05 16:12:28 [NAPCAT] [8645:1005/161226.995319:ERROR:dbus/object_proxy.cc:573] Failed to call method: org.freedesktop.DBus.NameHasOwner: object_path= /org/freedesktop/DBus: unknown e
10-05 16:12:28 [NAPCAT] [9371:1005/161227.275767:ERROR:base/files/file_path_watcher_inotify.cc:923] Failed to read /proc/sys/fs/inotify/max_user_watches
10-05 16:12:28 [NAPCAT] [launcher] loadNapCat.js generated in current directory
10-05 16:12:28 [NAPCAT] [9370:1005/161227.331179:ERROR:base/files/file_path_watcher_inotify.cc:923] Failed to read /proc/sys/fs/inotify/max_user_watches
10-05 16:12:28 [NAPCAT] [9370:1005/161227.336639:ERROR:net/base/address_tracker_linux.cc:242] Could not bind NETLINK socket: Permission denied (13)
10-05 16:12:28 [NAPCAT] [9368:1005/161227.722376:ERROR:ui/gl/angle_platform_impl.cc:42] Display.cpp:1097 (initialize): ANGLE Display::initialize error 12289: GLX is not present.
10-05 16:12:28 [NAPCAT] ERR: Display.cpp:1097 (initialize): ANGLE Display::initialize error 12289: GLX is not present.
10-05 16:12:28 [NAPCAT] [9368:1005/161227.723747:ERROR:ui/gl/egl_util.cc:92] EGL Driver message (Critical) eglInitialize: GLX is not present.
10-05 16:12:28 [NAPCAT] [9368:1005/161227.724113:ERROR:ui/gl/gl_display.cc:639] eglInitialize OpenGL failed with error EGL_NOT_INITIALIZED, trying next display type
10-05 16:12:28 [NAPCAT] [9368:1005/161227.724729:ERROR:ui/gl/angle_platform_impl.cc:42] Display.cpp:1097 (initialize): ANGLE Display::initialize error 12289: GLX is not present.
10-05 16:12:28 [NAPCAT] ERR: Display.cpp:1097 (initialize): ANGLE Display::initialize error 12289: GLX is not present.
10-05 16:12:28 [NAPCAT] [9368:1005/161227.724926:ERROR:ui/gl/egl_util.cc:92] EGL Driver message (Critical) eglInitialize: GLX is not present.
10-05 16:12:28 [NAPCAT] [9368:1005/161227.725132:ERROR:ui/gl/gl_display.cc:639] eglInitialize OpenGLES failed with error EGL_NOT_INITIALIZED
10-05 16:12:28 [NAPCAT] [9368:1005/161227.726003:ERROR:ui/gl/gl_display.cc:674] Initialization of all EGL display types failed.
10-05 16:12:28 [NAPCAT] [9368:1005/161227.727668:ERROR:ui/ozone/common/gl_ozone_egl.cc:26] GLDisplayEGL::Initialize failed.
10-05 16:12:28 [NAPCAT] [9368:1005/161227.939618:ERROR:ui/gl/angle_platform_impl.cc:42] Display.cpp:1097 (initialize): ANGLE Display::initialize error 12289: GLX is not present.
10-05 16:12:28 [NAPCAT] ERR: Display.cpp:1097 (initialize): ANGLE Display::initialize error 12289: GLX is not present.
10-05 16:12:28 [NAPCAT] [9368:1005/161227.942117:ERROR:ui/gl/egl_util.cc:92] EGL Driver message (Critical) eglInitialize: GLX is not present.
10-05 16:12:28 [NAPCAT] [9368:1005/161227.943479:ERROR:ui/gl/gl_display.cc:639] eglInitialize OpenGL failed with error EGL_NOT_INITIALIZED, trying next display type
10-05 16:12:28 [NAPCAT] [9368:1005/161227.944855:ERROR:ui/gl/angle_platform_impl.cc:42] Display.cpp:1097 (initialize): ANGLE Display::initialize error 12289: GLX is not present.
10-05 16:12:28 [NAPCAT] ERR: Display.cpp:1097 (initialize): ANGLE Display::initialize error 12289: GLX is not present.
10-05 16:12:28 [NAPCAT] [9368:1005/161227.945840:ERROR:ui/gl/egl_util.cc:92] EGL Driver message (Critical) eglInitialize: GLX is not present.
10-05 16:12:28 [NAPCAT] [9368:1005/161227.950046:ERROR:ui/gl/gl_display.cc:639] eglInitialize OpenGLES failed with error EGL_NOT_INITIALIZED
10-05 16:12:28 [NAPCAT] [9368:1005/161227.951335:ERROR:ui/gl/gl_display.cc:674] Initialization of all EGL display types failed.
10-05 16:12:28 [NAPCAT] [9368:1005/161227.951588:ERROR:ui/ozone/common/gl_ozone_egl.cc:26] GLDisplayEGL::Initialize failed.
10-05 16:12:28 [NAPCAT] [9368:1005/161227.961218:ERROR:components/viz/service/main/viz_main_impl.cc:189] Exiting GPU process due to errors during initialization
10-05 16:12:28 [NAPCAT] NapCat Shell App Loading...
10-05 16:12:28 [NAPCAT] [launcher] intercepted package.json: /opt/QQ/resources/app/package.json, replacing content
10-05 16:12:29 [NAPCAT] [launcher] Generated relative path: ../../../../root
10-05 16:12:29 [NAPCAT] [launcher] New main field: "main": "../../../../root/loadNapCat.js"
10-05 16:12:29 [NAPCAT] [launcher] package.json content: {
10-05 16:12:29 [NAPCAT]   "name": "QQ",
10-05 16:12:29 [NAPCAT]   "version": "3.2.33-52892",
10-05 16:12:29 [NAPCAT]   "private": true,
10-05 16:12:29 [NAPCAT]   "description": "QQ",
10-05 16:12:29 [NAPCAT]   "productName": "QQ",
10-05 16:12:29 [NAPCAT]   "author": {
10-05 16:12:29 [NAPCAT]     "name": "Tencent",
10-05 16:12:29 [NAPCAT]     "email": "QQ-Team@tencent.com"
10-05 16:12:29 [NAPCAT]   },
10-05 16:12:29 [NAPCAT]   "homepage": "https://im.qq.com",
10-05 16:12:29 [NAPCAT]   "sideEffects": true,
10-05 16:12:29 [NAPCAT]   "bin": {
10-05 16:12:29 [NAPCAT]     "qd": "externals/devtools/cli/index.js"
10-05 16:12:29 [NAPCAT]   },
10-05 16:12:29 [NAPCAT]   "appid": {
10-05 16:12:29 [NAPCAT]     "win32": "537382716",
10-05 16:12:29 [NAPCAT]     "darwin": "537382742",
10-05 16:12:29 [NAPCAT]     "linux": "537382753",
10-05 16:12:29 [NAPCAT]     "ohos": "5373141859"
10-05 16:12:29 [NAPCAT]   },
10-05 16:12:29 [NAPCAT]   "main": "../../../../root/loadNapCat.js",
10-05 16:12:29 [NAPCAT]   "peerDependenciesMeta": {
10-05 16:12:29 [NAPCAT]     "*": {
10-05 16:12:29 [NAPCAT]       "optional": true
10-05 16:12:29 [NAPCAT]     }
10-05 16:12:29 [NAPCAT]   },
10-05 16:12:29 [NAPCAT]   "pnpm": {
10-05 16:12:29 [NAPCAT]     "patchedDependencies": {
10-05 16:12:29 [NAPCAT]       "@vue/runtime-dom@3.5.12": "patches/@vue__runtime-dom@3.5.12.patch",
10-05 16:12:30 [NAPCAT]       "@swc/helpers@0.5.3": "patches/@swc__helpers@0.5.3.patch",
10-05 16:12:30 [NAPCAT]       "vuex@4.1.0": "patches/vuex@4.1.0.patch",
10-05 16:12:30 [NAPCAT]       "typescript-parser@2.6.1": "patches/typescript-parser@2.6.1.patch",
10-05 16:12:30 [NAPCAT]       "@tencent/qqplay-downloadsdk": "patches/@tencent__qqplay-downloadsdk.patch",
10-05 16:12:30 [NAPCAT]       "@tencent/universal-report@4.5.4": "patches/@tencent__universal-report@4.5.4.patch",
10-05 16:12:30 [NAPCAT]       "typescript@7.0.2": "patches/typescript@7.0.2.patch"
10-05 16:12:30 [NAPCAT]     },
10-05 16:12:30 [NAPCAT]     "packageExtensions": {
10-05 16:12:30 [NAPCAT]       "qute": {
10-05 16:12:30 [NAPCAT]         "dependencies": {},
10-05 16:12:30 [NAPCAT]         "devDependencies": {}
10-05 16:12:30 [NAPCAT]       }
10-05 16:12:30 [NAPCAT]     },
10-05 16:12:30 [NAPCAT]     "overrides": {
10-05 16:12:30 [NAPCAT]       "@types/react": "-",
10-05 16:12:30 [NAPCAT]       "@types/react-dom": "-",
10-05 16:12:30 [NAPCAT]       "@tencent/yuanbao-react-markdown>@types/hast": "-",
10-05 16:12:30 [NAPCAT]       "@tencent/yuanbao-react-markdown>devlop": "-",
10-05 16:12:30 [NAPCAT]       "@tencent/yuanbao-react-markdown>hast-util-to-jsx-runtime": "-",
10-05 16:12:30 [NAPCAT]       "@tencent/yuanbao-react-markdown>html-url-attributes": "-",
10-05 16:12:30 [NAPCAT]       "@tencent/yuanbao-react-markdown>mdast-util-to-hast": "-",
10-05 16:12:30 [NAPCAT]       "@tencent/yuanbao-react-markdown>rehype-parse": "-",
10-05 16:12:30 [NAPCAT]       "@tencent/yuanbao-react-markdown>rehype-stringify": "-",
10-05 16:12:30 [NAPCAT]       "@tencent/yuanbao-react-markdown>remark-parse": "-",
10-05 16:12:30 [NAPCAT]       "@tencent/yuanbao-react-markdown>remark-rehype": "-",
10-05 16:12:30 [NAPCAT]       "@tencent/yuanbao-react-markdown>unified": "-",
10-05 16:12:30 [NAPCAT]       "@tencent/yuanbao-react-markdown>unist-util-visit": "-",
10-05 16:12:30 [NAPCAT]       "@tencent/yuanbao-react-markdown>vfile": "-",
10-05 16:12:30 [NAPCAT]       "@types/d3-dispatch": "3.0.6"
10-05 16:12:30 [NAPCAT]     }
10-05 16:12:30 [NAPCAT]   },
10-05 16:12:30 [NAPCAT]   "buildVersion": "52892",
10-05 16:12:30 [NAPCAT]   "platform": "linux",
10-05 16:12:30 [NAPCAT]   "eleArch": "arm64",
10-05 16:12:30 [NAPCAT]   "linuxFormat": "deb"
10-05 16:12:31 [NAPCAT] }
10-05 16:12:31 [NAPCAT] prepare write and writev hooks
10-05 16:12:31 [NAPCAT] 10-05 16:12:28 [info] [PacketHandler] 加载成功
10-05 16:12:31 [NAPCAT] 10-05 16:12:28 [info] [Napi2NativeLoader] 加载成功
10-05 16:12:31 [NAPCAT] 10-05 16:12:28 [info] [FFmpeg] 检查 Native Addon 可用性...
10-05 16:12:31 [NAPCAT] 10-05 16:12:28 [info] [FFmpeg] ✓ 使用 Native Addon 适配器
10-05 16:12:31 [NAPCAT] 10-05 16:12:29 [info] [PacketHandler] 初始化成功
10-05 16:12:31 [NAPCAT] 10-05 16:12:29 [info] [NapCat] [Core] NapCat.Core Version: 4.18.29
10-05 16:12:31 [NAPCAT] [I] <MemoryFile.cpp:98::open> open fd[0x24], /root/.config/QQ/nt_qq/global/nt_data/mmkv/nt_mmkv_global_misc
10-05 16:12:31 [NAPCAT] [I] <MemoryFile.cpp:98::open> open fd[0x27], /root/.config/QQ/nt_qq/global/nt_data/mmkv/nt_mmkv_global_misc.crc
10-05 16:12:31 [NAPCAT] [I] <MMKV_IO.cpp:213::loadMetaInfoAndCheck> meta file [nt_mmkv_global_misc] has flag [0]
10-05 16:12:31 [NAPCAT] [I] <MMKV_IO.cpp:87::loadFromFile> loading [nt_mmkv_global_misc] with 77 actual size, file size 4096, InterProcess 1, meta info version:4
10-05 16:12:31 [NAPCAT] [I] <MMKV_IO.cpp:92::loadFromFile> loading [nt_mmkv_global_misc] with crc 1813886533 sequence 1 version 4
10-05 16:12:31 [NAPCAT] [I] <MMKV_IO.cpp:136::loadFromFile> loaded [nt_mmkv_global_misc] with 2 key-values
10-05 16:12:31 [NAPCAT] [I] <MMKV.cpp:233::initializeMMKV> root dir: /root/.config/QQ/nt_qq/global/nt_data/mmkv
10-05 16:12:31 [NAPCAT] [I] <MemoryFile.cpp:98::open> open fd[0x28], /root/.config/QQ/nt_qq/global/nt_data/mmkv/nt_mmkv_o3
10-05 16:12:31 [NAPCAT] [I] <MemoryFile.cpp:98::open> open fd[0x29], /root/.config/QQ/nt_qq/global/nt_data/mmkv/nt_mmkv_o3.crc
10-05 16:12:31 [NAPCAT] [I] <MMKV_IO.cpp:213::loadMetaInfoAndCheck> meta file [nt_mmkv_o3] has flag [0]
10-05 16:12:31 [NAPCAT] [I] <MMKV_IO.cpp:87::loadFromFile> loading [nt_mmkv_o3] with 111 actual size, file size 4096, InterProcess 1, meta info version:4
10-05 16:12:31 [NAPCAT] [I] <MMKV_IO.cpp:92::loadFromFile> loading [nt_mmkv_o3] with crc 3792612646 sequence 1 version 4
10-05 16:12:31 [NAPCAT] [I] <MMKV_IO.cpp:136::loadFromFile> loaded [nt_mmkv_o3] with 2 key-values
10-05 16:12:31 [NAPCAT] 10-05 16:12:29 [error] [NapCat] [UtilityProcess] Worker进程退出，退出码: 11
10-05 16:12:31 [NAPCAT] 10-05 16:12:29 [warn] [NapCat] [UtilityProcess] Worker进程意外退出 (1/3)，正在尝试重新拉起...
10-05 16:12:31 [NAPCAT] [launcher] loadNapCat.js generated in current directory
10-05 16:12:31 [NAPCAT] [9900:1005/161229.787628:ERROR:base/files/file_path_watcher_inotify.cc:923] Failed to read /proc/sys/fs/inotify/max_user_watches
10-05 16:12:31 [NAPCAT] [9900:1005/161229.788825:ERROR:net/base/address_tracker_linux.cc:242] Could not bind NETLINK socket: Permission denied (13)
10-05 16:12:31 [NAPCAT] NapCat Shell App Loading...
10-05 16:12:31 [NAPCAT] [launcher] intercepted package.json: /opt/QQ/resources/app/package.json, replacing content
10-05 16:12:31 [NAPCAT] [launcher] Generated relative path: ../../../../root
10-05 16:12:31 [NAPCAT] [launcher] New main field: "main": "../../../../root/loadNapCat.js"
10-05 16:12:31 [NAPCAT] [launcher] package.json content: {
10-05 16:12:31 [NAPCAT]   "name": "QQ",
10-05 16:12:31 [NAPCAT]   "version": "3.2.33-52892",
10-05 16:12:31 [NAPCAT]   "private": true,
10-05 16:12:32 [NAPCAT]   "description": "QQ",
10-05 16:12:32 [NAPCAT]   "productName": "QQ",
10-05 16:12:32 [NAPCAT]   "author": {
10-05 16:12:32 [NAPCAT]     "name": "Tencent",
10-05 16:12:32 [NAPCAT]     "email": "QQ-Team@tencent.com"
10-05 16:12:32 [NAPCAT]   },
10-05 16:12:32 [NAPCAT]   "homepage": "https://im.qq.com",
10-05 16:12:32 [NAPCAT]   "sideEffects": true,
10-05 16:12:32 [NAPCAT]   "bin": {
10-05 16:12:32 [NAPCAT]     "qd": "externals/devtools/cli/index.js"
10-05 16:12:32 [NAPCAT]   },
10-05 16:12:32 [NAPCAT]   "appid": {
10-05 16:12:32 [NAPCAT]     "win32": "537382716",
10-05 16:12:32 [NAPCAT]     "darwin": "537382742",
10-05 16:12:32 [NAPCAT]     "linux": "537382753",
10-05 16:12:32 [NAPCAT]     "ohos": "5373141859"
10-05 16:12:32 [NAPCAT]   },
10-05 16:12:32 [NAPCAT]   "main": "../../../../root/loadNapCat.js",
10-05 16:12:32 [NAPCAT]   "peerDependenciesMeta": {
10-05 16:12:32 [NAPCAT]     "*": {
10-05 16:12:32 [NAPCAT]       "optional": true
10-05 16:12:32 [NAPCAT]     }
10-05 16:12:32 [NAPCAT]   },
10-05 16:12:32 [NAPCAT]   "pnpm": {
10-05 16:12:32 [NAPCAT]     "patchedDependencies": {
10-05 16:12:32 [NAPCAT]       "@vue/runtime-dom@3.5.12": "patches/@vue__runtime-dom@3.5.12.patch",
10-05 16:12:32 [NAPCAT]       "@swc/helpers@0.5.3": "patches/@swc__helpers@0.5.3.patch",
10-05 16:12:32 [NAPCAT]       "vuex@4.1.0": "patches/vuex@4.1.0.patch",
10-05 16:12:32 [NAPCAT]       "typescript-parser@2.6.1": "patches/typescript-parser@2.6.1.patch",
10-05 16:12:32 [NAPCAT]       "@tencent/qqplay-downloadsdk": "patches/@tencent__qqplay-downloadsdk.patch",
10-05 16:12:32 [NAPCAT]       "@tencent/universal-report@4.5.4": "patches/@tencent__universal-report@4.5.4.patch",
10-05 16:12:32 [NAPCAT]       "typescript@7.0.2": "patches/typescript@7.0.2.patch"
10-05 16:12:32 [NAPCAT]     },
10-05 16:12:32 [NAPCAT]     "packageExtensions": {
10-05 16:12:32 [NAPCAT]       "qute": {
10-05 16:12:33 [NAPCAT]         "dependencies": {},
10-05 16:12:33 [NAPCAT]         "devDependencies": {}
10-05 16:12:33 [NAPCAT]       }
10-05 16:12:33 [NAPCAT]     },
10-05 16:12:33 [NAPCAT]     "overrides": {
10-05 16:12:33 [NAPCAT]       "@types/react": "-",
10-05 16:12:33 [NAPCAT]       "@types/react-dom": "-",
10-05 16:12:33 [NAPCAT]       "@tencent/yuanbao-react-markdown>@types/hast": "-",
10-05 16:12:33 [NAPCAT]       "@tencent/yuanbao-react-markdown>devlop": "-",
10-05 16:12:33 [NAPCAT]       "@tencent/yuanbao-react-markdown>hast-util-to-jsx-runtime": "-",
10-05 16:12:33 [NAPCAT]       "@tencent/yuanbao-react-markdown>html-url-attributes": "-",
10-05 16:12:33 [NAPCAT]       "@tencent/yuanbao-react-markdown>mdast-util-to-hast": "-",
10-05 16:12:33 [NAPCAT]       "@tencent/yuanbao-react-markdown>rehype-parse": "-",
10-05 16:12:33 [NAPCAT]       "@tencent/yuanbao-react-markdown>rehype-stringify": "-",
10-05 16:12:33 [NAPCAT]       "@tencent/yuanbao-react-markdown>remark-parse": "-",
10-05 16:12:33 [NAPCAT]       "@tencent/yuanbao-react-markdown>remark-rehype": "-",
10-05 16:12:33 [NAPCAT]       "@tencent/yuanbao-react-markdown>unified": "-",
10-05 16:12:33 [NAPCAT]       "@tencent/yuanbao-react-markdown>unist-util-visit": "-",
10-05 16:12:33 [NAPCAT]       "@tencent/yuanbao-react-markdown>vfile": "-",
10-05 16:12:33 [NAPCAT]       "@types/d3-dispatch": "3.0.6"
10-05 16:12:33 [NAPCAT]     }
10-05 16:12:33 [NAPCAT]   },
10-05 16:12:33 [NAPCAT]   "buildVersion": "52892",
10-05 16:12:33 [NAPCAT]   "platform": "linux",
10-05 16:12:33 [NAPCAT]   "eleArch": "arm64",
10-05 16:12:33 [NAPCAT]   "linuxFormat": "deb"
10-05 16:12:33 [NAPCAT] }
10-05 16:12:33 [AstrBot Android] 检测到 QQ 内部组件异常退出——看门狗将在约 5 分钟内自动清理并重启（登录态不丢，无需重新扫码）
10-05 16:12:33 [NAPCAT] prepare write and writev hooks
10-05 16:12:33 [NAPCAT] 10-05 16:12:31 [info] [PacketHandler] 加载成功
10-05 16:12:33 [NAPCAT] 10-05 16:12:31 [info] [Napi2NativeLoader] 加载成功
10-05 16:12:33 [NAPCAT] 10-05 16:12:31 [info] [FFmpeg] 检查 Native Addon 可用性...
10-05 16:12:33 [NAPCAT] 10-05 16:12:31 [info] [FFmpeg] ✓ 使用 Native Addon 适配器
10-05 16:12:33 [NAPCAT] 10-05 16:12:31 [info] [PacketHandler] 初始化成功
10-05 16:12:33 [NAPCAT] 10-05 16:12:31 [info] [NapCat] [Core] NapCat.Core Version: 4.18.29
10-05 16:12:33 [NAPCAT] [I] <MemoryFile.cpp:98::open> open fd[0x24], /root/.config/QQ/nt_qq/global/nt_data/mmkv/nt_mmkv_global_misc
10-05 16:12:33 [NAPCAT] [I] <MemoryFile.cpp:98::open> open fd[0x27], /root/.config/QQ/nt_qq/global/nt_data/mmkv/nt_mmkv_global_misc.crc
10-05 16:12:33 [NAPCAT] [I] <MMKV_IO.cpp:213::loadMetaInfoAndCheck> meta file [nt_mmkv_global_misc] has flag [0]
10-05 16:12:34 [NAPCAT] [I] <MMKV_IO.cpp:87::loadFromFile> loading [nt_mmkv_global_misc] with 77 actual size, file size 4096, InterProcess 1, meta info version:4
10-05 16:12:34 [NAPCAT] [I] <MMKV_IO.cpp:92::loadFromFile> loading [nt_mmkv_global_misc] with crc 1813886533 sequence 1 version 4
10-05 16:12:34 [NAPCAT] [I] <MMKV_IO.cpp:136::loadFromFile> loaded [nt_mmkv_global_misc] with 2 key-values
10-05 16:12:34 [NAPCAT] [I] <MMKV.cpp:233::initializeMMKV> root dir: /root/.config/QQ/nt_qq/global/nt_data/mmkv
10-05 16:12:34 [NAPCAT] [I] <MemoryFile.cpp:98::open> open fd[0x28], /root/.config/QQ/nt_qq/global/nt_data/mmkv/nt_mmkv_o3
10-05 16:12:34 [NAPCAT] [I] <MemoryFile.cpp:98::open> open fd[0x29], /root/.config/QQ/nt_qq/global/nt_data/mmkv/nt_mmkv_o3.crc
10-05 16:12:34 [NAPCAT] [I] <MMKV_IO.cpp:213::loadMetaInfoAndCheck> meta file [nt_mmkv_o3] has flag [0]
10-05 16:12:34 [NAPCAT] [I] <MMKV_IO.cpp:87::loadFromFile> loading [nt_mmkv_o3] with 111 actual size, file size 4096, InterProcess 1, meta info version:4
10-05 16:12:34 [NAPCAT] [I] <MMKV_IO.cpp:92::loadFromFile> loading [nt_mmkv_o3] with crc 3792612646 sequence 1 version 4
10-05 16:12:34 [NAPCAT] [I] <MMKV_IO.cpp:136::loadFromFile> loaded [nt_mmkv_o3] with 2 key-values
10-05 16:12:34 [NAPCAT] 10-05 16:12:31 [error] [NapCat] [UtilityProcess] Worker进程退出，退出码: 11
10-05 16:12:34 [NAPCAT] 10-05 16:12:31 [warn] [NapCat] [UtilityProcess] Worker进程意外退出 (2/3)，正在尝试重新拉起...
10-05 16:12:34 [NAPCAT] [launcher] loadNapCat.js generated in current directory
10-05 16:12:34 [NAPCAT] [10351:1005/161231.607405:ERROR:base/files/file_path_watcher_inotify.cc:923] Failed to read /proc/sys/fs/inotify/max_user_watches
10-05 16:12:34 [NAPCAT] [10351:1005/161231.607729:ERROR:net/base/address_tracker_linux.cc:242] Could not bind NETLINK socket: Permission denied (13)
10-05 16:12:34 [NAPCAT] NapCat Shell App Loading...
10-05 16:12:34 [NAPCAT] [launcher] intercepted package.json: /opt/QQ/resources/app/package.json, replacing content
10-05 16:12:34 [NAPCAT] [launcher] Generated relative path: ../../../../root
10-05 16:12:34 [NAPCAT] [launcher] New main field: "main": "../../../../root/loadNapCat.js"
10-05 16:12:34 [NAPCAT] [launcher] package.json content: {
10-05 16:12:34 [NAPCAT]   "name": "QQ",
10-05 16:12:34 [NAPCAT]   "version": "3.2.33-52892",
10-05 16:12:34 [NAPCAT]   "private": true,
10-05 16:12:34 [NAPCAT]   "description": "QQ",
10-05 16:12:34 [NAPCAT]   "productName": "QQ",
10-05 16:12:34 [NAPCAT]   "author": {
10-05 16:12:34 [NAPCAT]     "name": "Tencent",
10-05 16:12:34 [NAPCAT]     "email": "QQ-Team@tencent.com"
10-05 16:12:34 [NAPCAT]   },
10-05 16:12:34 [NAPCAT]   "homepage": "https://im.qq.com",
10-05 16:12:34 [NAPCAT]   "sideEffects": true,
10-05 16:12:34 [NAPCAT]   "bin": {
10-05 16:12:34 [NAPCAT]     "qd": "externals/devtools/cli/index.js"
10-05 16:12:34 [NAPCAT]   },
10-05 16:12:34 [NAPCAT]   "appid": {
10-05 16:12:34 [NAPCAT]     "win32": "537382716",
10-05 16:12:34 [NAPCAT]     "darwin": "537382742",
10-05 16:12:35 [NAPCAT]     "linux": "537382753",
10-05 16:12:35 [NAPCAT]     "ohos": "5373141859"
10-05 16:12:35 [NAPCAT]   },
10-05 16:12:35 [NAPCAT]   "main": "../../../../root/loadNapCat.js",
10-05 16:12:35 [NAPCAT]   "peerDependenciesMeta": {
10-05 16:12:35 [NAPCAT]     "*": {
10-05 16:12:35 [NAPCAT]       "optional": true
10-05 16:12:35 [NAPCAT]     }
10-05 16:12:35 [NAPCAT]   },
10-05 16:12:35 [NAPCAT]   "pnpm": {
10-05 16:12:35 [NAPCAT]     "patchedDependencies": {
10-05 16:12:35 [NAPCAT]       "@vue/runtime-dom@3.5.12": "patches/@vue__runtime-dom@3.5.12.patch",
10-05 16:12:35 [NAPCAT]       "@swc/helpers@0.5.3": "patches/@swc__helpers@0.5.3.patch",
10-05 16:12:35 [NAPCAT]       "vuex@4.1.0": "patches/vuex@4.1.0.patch",
10-05 16:12:35 [NAPCAT]       "typescript-parser@2.6.1": "patches/typescript-parser@2.6.1.patch",
10-05 16:12:35 [NAPCAT]       "@tencent/qqplay-downloadsdk": "patches/@tencent__qqplay-downloadsdk.patch",
10-05 16:12:35 [NAPCAT]       "@tencent/universal-report@4.5.4": "patches/@tencent__universal-report@4.5.4.patch",
10-05 16:12:35 [NAPCAT]       "typescript@7.0.2": "patches/typescript@7.0.2.patch"
10-05 16:12:35 [NAPCAT]     },
10-05 16:12:35 [NAPCAT]     "packageExtensions": {
10-05 16:12:35 [NAPCAT]       "qute": {
10-05 16:12:35 [NAPCAT]         "dependencies": {},
10-05 16:12:35 [NAPCAT]         "devDependencies": {}
10-05 16:12:35 [NAPCAT]       }
10-05 16:12:35 [NAPCAT]     },
10-05 16:12:35 [NAPCAT]     "overrides": {
10-05 16:12:35 [NAPCAT]       "@types/react": "-",
10-05 16:12:35 [NAPCAT]       "@types/react-dom": "-",
10-05 16:12:35 [NAPCAT]       "@tencent/yuanbao-react-markdown>@types/hast": "-",
10-05 16:12:35 [NAPCAT]       "@tencent/yuanbao-react-markdown>devlop": "-",
10-05 16:12:36 [NAPCAT]       "@tencent/yuanbao-react-markdown>hast-util-to-jsx-runtime": "-",
10-05 16:12:36 [NAPCAT]       "@tencent/yuanbao-react-markdown>html-url-attributes": "-",
10-05 16:12:36 [NAPCAT]       "@tencent/yuanbao-react-markdown>mdast-util-to-hast": "-",
10-05 16:12:36 [NAPCAT]       "@tencent/yuanbao-react-markdown>rehype-parse": "-",
10-05 16:12:36 [NAPCAT]       "@tencent/yuanbao-react-markdown>rehype-stringify": "-",
10-05 16:12:36 [NAPCAT]       "@tencent/yuanbao-react-markdown>remark-parse": "-",
10-05 16:12:36 [NAPCAT]       "@tencent/yuanbao-react-markdown>remark-rehype": "-",
10-05 16:12:36 [NAPCAT]       "@tencent/yuanbao-react-markdown>unified": "-",
10-05 16:12:36 [NAPCAT]       "@tencent/yuanbao-react-markdown>unist-util-visit": "-",
10-05 16:12:36 [NAPCAT]       "@tencent/yuanbao-react-markdown>vfile": "-",
10-05 16:12:36 [NAPCAT]       "@types/d3-dispatch": "3.0.6"
10-05 16:12:36 [NAPCAT]     }
10-05 16:12:36 [NAPCAT]   },
10-05 16:12:36 [NAPCAT]   "buildVersion": "52892",
10-05 16:12:36 [NAPCAT]   "platform": "linux",
10-05 16:12:36 [NAPCAT]   "eleArch": "arm64",
10-05 16:12:36 [NAPCAT]   "linuxFormat": "deb"
10-05 16:12:36 [NAPCAT] }
10-05 16:12:36 [NAPCAT] prepare write and writev hooks
10-05 16:12:36 [NAPCAT] 10-05 16:12:32 [info] [PacketHandler] 加载成功
10-05 16:12:36 [NAPCAT] 10-05 16:12:32 [info] [Napi2NativeLoader] 加载成功
10-05 16:12:36 [NAPCAT] 10-05 16:12:32 [info] [FFmpeg] 检查 Native Addon 可用性...
10-05 16:12:36 [NAPCAT] 10-05 16:12:32 [info] [FFmpeg] ✓ 使用 Native Addon 适配器
10-05 16:12:36 [NAPCAT] 10-05 16:12:33 [info] [PacketHandler] 初始化成功
10-05 16:12:36 [NAPCAT] 10-05 16:12:33 [info] [NapCat] [Core] NapCat.Core Version: 4.18.29
10-05 16:12:36 [NAPCAT] [I] <MemoryFile.cpp:98::open> open fd[0x26], /root/.config/QQ/nt_qq/global/nt_data/mmkv/nt_mmkv_global_misc
10-05 16:12:36 [NAPCAT] [I] <MemoryFile.cpp:98::open> open fd[0x27], /root/.config/QQ/nt_qq/global/nt_data/mmkv/nt_mmkv_global_misc.crc
10-05 16:12:36 [NAPCAT] [I] <MMKV_IO.cpp:213::loadMetaInfoAndCheck> meta file [nt_mmkv_global_misc] has flag [0]
10-05 16:12:36 [NAPCAT] [I] <MMKV_IO.cpp:87::loadFromFile> loading [nt_mmkv_global_misc] with 77 actual size, file size 4096, InterProcess 1, meta info version:4
10-05 16:12:36 [NAPCAT] [I] <MMKV_IO.cpp:92::loadFromFile> loading [nt_mmkv_global_misc] with crc 1813886533 sequence 1 version 4
10-05 16:12:36 [NAPCAT] [I] <MMKV.cpp:233::initializeMMKV> root dir: /root/.config/QQ/nt_qq/global/nt_data/mmkv
10-05 16:12:36 [NAPCAT] [I] <MMKV_IO.cpp:136::loadFromFile> loaded [nt_mmkv_global_misc] with 2 key-values
10-05 16:12:36 [NAPCAT] [I] <MemoryFile.cpp:98::open> open fd[0x28], /root/.config/QQ/nt_qq/global/nt_data/mmkv/nt_mmkv_o3
10-05 16:12:37 [NAPCAT] [I] <MemoryFile.cpp:98::open> open fd[0x29], /root/.config/QQ/nt_qq/global/nt_data/mmkv/nt_mmkv_o3.crc
10-05 16:12:37 [NAPCAT] [I] <MMKV_IO.cpp:213::loadMetaInfoAndCheck> meta file [nt_mmkv_o3] has flag [0]
10-05 16:12:37 [NAPCAT] [I] <MMKV_IO.cpp:87::loadFromFile> loading [nt_mmkv_o3] with 111 actual size, file size 4096, InterProcess 1, meta info version:4
10-05 16:12:37 [NAPCAT] [I] <MMKV_IO.cpp:92::loadFromFile> loading [nt_mmkv_o3] with crc 3792612646 sequence 1 version 4
10-05 16:12:37 [NAPCAT] [I] <MMKV_IO.cpp:136::loadFromFile> loaded [nt_mmkv_o3] with 2 key-values
10-05 16:12:37 [NAPCAT] 10-05 16:12:33 [error] [NapCat] [UtilityProcess] Worker进程退出，退出码: 11
10-05 16:12:37 [NAPCAT] 10-05 16:12:33 [error] [NapCat] [UtilityProcess] Worker进程在 10 秒内异常退出 3 次，主进程退出
10-05 16:12:37 [NAPCAT] 10-05 16:12:33 [warn] [NapCat] [UtilityProcess] Worker进程意外退出 (3/3)，正在尝试重新拉起...
10-05 16:12:37 [NAPCAT] 10-05 16:12:33 [error] [NapCat] [UtilityProcess] Worker进程在 10 秒内异常退出 3 次，主进程退出
10-05 16:12:37 [NAPCAT] 10-05 16:12:33 [warn] [NapCat] [UtilityProcess] Worker进程意外退出 (4/3)，正在尝试重新拉起...
10-05 16:12:37 [NAPCAT] [launcher] loadNapCat.js generated in current directory
10-05 16:12:48 [AstrBot Android] NapCat 启动中…（已等待 30 秒，QQ 首次引导较慢）
10-05 16:13:19 [AstrBot Android] NapCat 启动中…（已等待 60 秒，QQ 首次引导较慢）
10-05 16:13:49 [AstrBot Android] NapCat 启动中…（已等待 90 秒，QQ 首次引导较慢）
10-05 16:14:19 [AstrBot Android] NapCat 启动中…（已等待 120 秒，QQ 首次引导较慢）
10-05 16:14:49 [AstrBot Android] NapCat 启动中…（已等待 150 秒，QQ 首次引导较慢）
10-05 16:15:20 [AstrBot Android] NapCat 启动中…（已等待 180 秒，QQ 首次引导较慢）
10-05 16:15:50 [AstrBot Android] NapCat 启动中…（已等待 210 秒，QQ 首次引导较慢）
10-05 16:16:21 [AstrBot Android] NapCat 启动中…（已等待 240 秒，QQ 首次引导较慢）
10-05 16:16:36 引擎输出读取结束（主动停止）
10-05 16:16:41 引擎已停止

===== AstrBot 引擎会话开始 10-05 18:48:09 =====
10-05 18:48:09 启动脚本已与 APK 资产对齐（v2.18 每次启动强制刷新）
10-05 18:48:09 AstrBot 机器人开关已关闭：本次仅启动 NapCat（手环 QQ 直连），不安装/启动 AstrBot
10-05 18:48:09 拉起容器（proot → astrbot-startup.sh）…
10-05 18:48:09 [AstrBot Android] resolv.conf 已重写（原: nameserver 8.8.8.8 → 公共解析器x4）
10-05 18:48:11 [AstrBot Android] DNS 自检通过（getent 解析正常）
10-05 18:48:11 [STAGE:5:仅 NapCat 模式（AstrBot 机器人开关已关闭）]
10-05 18:48:11 [31m- 仅 NapCat 模式（AstrBot 机器人开关已关闭）[0m
10-05 18:48:12 [AstrBot Android] 反检测自动开启失败（无可用 node 运行时），请手动开启：打开 NapCat WebUI :5099 → 反检测开关配置 → 全部开关打开并保存
10-05 18:48:12 [AstrBot Android] 反检测自动开启失败（无可用 node 运行时），请手动开启：打开 NapCat WebUI :5099 → 反检测开关配置 → 全部开关打开并保存
10-05 18:48:12 [AstrBot Android] 检测到 NapCat 崩溃（第 1 次），执行自愈第 1 级（登录态尽量保留）
10-05 18:48:12 [AstrBot Android] 清理崩溃现场（残留进程/残锁/缓存）...
10-05 18:48:12 [STAGE:90:启动 NapCat（首次需扫码登录 QQ，Token 在 App「密码与登录」卡复制）]
10-05 18:48:12 [31m- 启动 NapCat（首次需扫码登录 QQ，Token 在 App「密码与登录」卡复制）[0m
10-05 18:48:12 [31m- NapCat 启动中[0m
10-05 18:48:13 [AstrBot Android] NapCat 已后台拉起（控制台: /root/napcat/napcat-console.log）
10-05 18:48:13 [AstrBot Android] QQ 登录完成后 OneBot :3001/:3000 自动可用；未登录时打开 WebUI :5099 扫码
10-05 18:48:13 [AstrBot Android] NapCat 看门狗已启动（2 分钟巡检：进程保活 + 崩溃自愈阶梯 + 登录后配置自动升级重启）
10-05 18:48:13 [STAGE:92:NapCat 启动中（QQ 引导完成后 :3001/:3000 生效；AstrBot 已按开关关闭）]
10-05 18:48:13 [31m- NapCat 启动中（QQ 引导完成后 :3001/:3000 生效；AstrBot 已按开关关闭）[0m
10-05 18:48:13 [NAPCAT] [launcher] loadNapCat.js generated in current directory
10-05 18:48:13 [NAPCAT] not mini app. 
10-05 18:48:13 [NAPCAT] [launcher] loadNapCat.js generated in current directory
10-05 18:48:13 [NAPCAT] [preload] succeeded. /opt/QQ/resources/app/major.node
10-05 18:48:13 [NAPCAT] [launcher] loadNapCat.js generated in current directory
10-05 18:48:13 [NAPCAT] [preload] succeeded. /opt/QQ/resources/app/major.node
10-05 18:48:13 [NAPCAT] [19427:1005/184813.772554:ERROR:base/files/file_path_watcher_inotify.cc:923] Failed to read /proc/sys/fs/inotify/max_user_watches
10-05 18:48:13 [NAPCAT] [19421:1005/184813.773077:ERROR:base/files/file_path_watcher_inotify.cc:923] Failed to read /proc/sys/fs/inotify/max_user_watches
10-05 18:48:13 [NAPCAT] [19405:1005/184813.872234:ERROR:dbus/bus.cc:406] Failed to connect to the bus: Failed to connect to socket /run/dbus/system_bus_socket: No such file or director
10-05 18:48:14 [NAPCAT] resourcesPath: /opt/QQ/resources
10-05 18:48:14 [NAPCAT] [launcher] intercepted package.json: /opt/QQ/resources/app/package.json, replacing content
10-05 18:48:14 [NAPCAT] [launcher] Generated relative path: ../../../../root
10-05 18:48:14 [NAPCAT] [launcher] New main field: "main": "../../../../root/loadNapCat.js"
10-05 18:48:14 [NAPCAT] [launcher] package.json content: {
10-05 18:48:14 [NAPCAT]   "name": "QQ",
10-05 18:48:14 [NAPCAT]   "version": "3.2.33-52892",
10-05 18:48:14 [NAPCAT]   "private": true,
10-05 18:48:14 [NAPCAT]   "description": "QQ",
10-05 18:48:14 [NAPCAT]   "productName": "QQ",
10-05 18:48:14 [NAPCAT]   "author": {
10-05 18:48:14 [NAPCAT]     "name": "Tencent",
10-05 18:48:14 [NAPCAT]     "email": "QQ-Team@tencent.com"
10-05 18:48:14 [NAPCAT]   },
10-05 18:48:14 [NAPCAT]   "homepage": "https://im.qq.com",
10-05 18:48:14 [NAPCAT]   "sideEffects": true,
10-05 18:48:14 [NAPCAT]   "bin": {
10-05 18:48:14 [NAPCAT]     "qd": "externals/devtools/cli/index.js"
10-05 18:48:14 [NAPCAT]   },
10-05 18:48:14 [NAPCAT]   "appid": {
10-05 18:48:14 [NAPCAT]     "win32": "537382716",
10-05 18:48:14 [NAPCAT]     "darwin": "537382742",
10-05 18:48:14 [NAPCAT]     "linux": "537382753",
10-05 18:48:14 [NAPCAT]     "ohos": "5373141859"
10-05 18:48:14 [NAPCAT]   },
10-05 18:48:14 [NAPCAT]   "main": "../../../../root/loadNapCat.js",
10-05 18:48:14 [NAPCAT]   "peerDependenciesMeta": {
10-05 18:48:14 [NAPCAT]     "*": {
10-05 18:48:15 [NAPCAT]       "optional": true
10-05 18:48:15 [NAPCAT]     }
10-05 18:48:15 [NAPCAT]   },
10-05 18:48:15 [NAPCAT]   "pnpm": {
10-05 18:48:15 [NAPCAT]     "patchedDependencies": {
10-05 18:48:15 [NAPCAT]       "@vue/runtime-dom@3.5.12": "patches/@vue__runtime-dom@3.5.12.patch",
10-05 18:48:15 [NAPCAT]       "@swc/helpers@0.5.3": "patches/@swc__helpers@0.5.3.patch",
10-05 18:48:15 [NAPCAT]       "vuex@4.1.0": "patches/vuex@4.1.0.patch",
10-05 18:48:15 [NAPCAT]       "typescript-parser@2.6.1": "patches/typescript-parser@2.6.1.patch",
10-05 18:48:15 [NAPCAT]       "@tencent/qqplay-downloadsdk": "patches/@tencent__qqplay-downloadsdk.patch",
10-05 18:48:15 [NAPCAT]       "@tencent/universal-report@4.5.4": "patches/@tencent__universal-report@4.5.4.patch",
10-05 18:48:15 [NAPCAT]       "typescript@7.0.2": "patches/typescript@7.0.2.patch"
10-05 18:48:15 [NAPCAT]     },
10-05 18:48:15 [NAPCAT]     "packageExtensions": {
10-05 18:48:15 [NAPCAT]       "qute": {
10-05 18:48:15 [NAPCAT]         "dependencies": {},
10-05 18:48:15 [NAPCAT]         "devDependencies": {}
10-05 18:48:15 [NAPCAT]       }
10-05 18:48:15 [NAPCAT]     },
10-05 18:48:15 [NAPCAT]     "overrides": {
10-05 18:48:15 [NAPCAT]       "@types/react": "-",
10-05 18:48:15 [NAPCAT]       "@types/react-dom": "-",
10-05 18:48:15 [NAPCAT]       "@tencent/yuanbao-react-markdown>@types/hast": "-",
10-05 18:48:15 [NAPCAT]       "@tencent/yuanbao-react-markdown>devlop": "-",
10-05 18:48:15 [NAPCAT]       "@tencent/yuanbao-react-markdown>hast-util-to-jsx-runtime": "-",
10-05 18:48:15 [NAPCAT]       "@tencent/yuanbao-react-markdown>html-url-attributes": "-",
10-05 18:48:15 [NAPCAT]       "@tencent/yuanbao-react-markdown>mdast-util-to-hast": "-",
10-05 18:48:16 [NAPCAT]       "@tencent/yuanbao-react-markdown>rehype-parse": "-",
10-05 18:48:16 [NAPCAT]       "@tencent/yuanbao-react-markdown>rehype-stringify": "-",
10-05 18:48:16 [NAPCAT]       "@tencent/yuanbao-react-markdown>remark-parse": "-",
10-05 18:48:16 [NAPCAT]       "@tencent/yuanbao-react-markdown>remark-rehype": "-",
10-05 18:48:16 [NAPCAT]       "@tencent/yuanbao-react-markdown>unified": "-",
10-05 18:48:16 [NAPCAT]       "@tencent/yuanbao-react-markdown>unist-util-visit": "-",
10-05 18:48:16 [NAPCAT]       "@tencent/yuanbao-react-markdown>vfile": "-",
10-05 18:48:16 [NAPCAT]       "@types/d3-dispatch": "3.0.6"
10-05 18:48:16 [NAPCAT]     }
10-05 18:48:16 [NAPCAT]   },
10-05 18:48:16 [NAPCAT]   "buildVersion": "52892",
10-05 18:48:16 [NAPCAT]   "platform": "linux",
10-05 18:48:16 [NAPCAT]   "eleArch": "arm64",
10-05 18:48:16 [NAPCAT]   "linuxFormat": "deb"
10-05 18:48:16 [NAPCAT] }
10-05 18:48:16 [NAPCAT] [19405:1005/184816.153329:ERROR:dbus/bus.cc:406] Failed to connect to the bus: Could not parse server address: Unknown address type (examples of valid types are
10-05 18:48:16 [NAPCAT] [19405:1005/184816.153410:ERROR:dbus/bus.cc:406] Failed to connect to the bus: Could not parse server address: Unknown address type (examples of valid types are
10-05 18:48:16 [NAPCAT] [19405:1005/184816.155619:ERROR:base/files/file_path_watcher_inotify.cc:923] Failed to read /proc/sys/fs/inotify/max_user_watches
10-05 18:48:16 [NAPCAT] [19405:1005/184816.155634:ERROR:dbus/bus.cc:406] Failed to connect to the bus: Failed to connect to socket /run/dbus/system_bus_socket: No such file or director
10-05 18:48:17 [NAPCAT] [19405:1005/184816.156000:ERROR:dbus/bus.cc:406] Failed to connect to the bus: Failed to connect to socket /run/dbus/system_bus_socket: No such file or director
10-05 18:48:17 [NAPCAT] [19405:1005/184816.156096:ERROR:net/base/address_tracker_linux.cc:242] Could not bind NETLINK socket: Permission denied (13)
10-05 18:48:17 [NAPCAT] [19405:1005/184816.196002:ERROR:device/udev_linux/udev_watcher.cc:51] Failed to initialize a udev monitor.
10-05 18:48:17 [NAPCAT] [19405:1005/184816.253845:ERROR:dbus/object_proxy.cc:573] Failed to call method: org.freedesktop.DBus.NameHasOwner: object_path= /org/freedesktop/DBus: unknown 
10-05 18:48:17 [NAPCAT] [19405:1005/184816.253958:ERROR:dbus/object_proxy.cc:573] Failed to call method: org.freedesktop.DBus.NameHasOwner: object_path= /org/freedesktop/DBus: unknown 
10-05 18:48:17 [NAPCAT] [19405:1005/184816.256101:ERROR:dbus/bus.cc:406] Failed to connect to the bus: Could not parse server address: Unknown address type (examples of valid types are
10-05 18:48:17 [NAPCAT] [19405:1005/184816.256144:ERROR:dbus/bus.cc:406] Failed to connect to the bus: Could not parse server address: Unknown address type (examples of valid types are
10-05 18:48:17 [NAPCAT] [19405:1005/184816.256159:ERROR:dbus/object_proxy.cc:573] Failed to call method: org.freedesktop.DBus.NameHasOwner: object_path= /org/freedesktop/DBus: unknown 
10-05 18:48:17 [NAPCAT] [19405:1005/184816.258643:ERROR:dbus/object_proxy.cc:573] Failed to call method: org.freedesktop.DBus.NameHasOwner: object_path= /org/freedesktop/DBus: unknown 
10-05 18:48:17 [NAPCAT] [19938:1005/184816.440725:ERROR:base/files/file_path_watcher_inotify.cc:923] Failed to read /proc/sys/fs/inotify/max_user_watches
10-05 18:48:17 [NAPCAT] [launcher] loadNapCat.js generated in current directory
10-05 18:48:17 [NAPCAT] [19925:1005/184816.692690:ERROR:base/files/file_path_watcher_inotify.cc:923] Failed to read /proc/sys/fs/inotify/max_user_watches
10-05 18:48:17 [NAPCAT] [19925:1005/184816.694157:ERROR:net/base/address_tracker_linux.cc:242] Could not bind NETLINK socket: Permission denied (13)
10-05 18:48:17 [NAPCAT] [19912:1005/184817.061364:ERROR:ui/gl/angle_platform_impl.cc:42] Display.cpp:1097 (initialize): ANGLE Display::initialize error 12289: GLX is not present.
10-05 18:48:17 [NAPCAT] ERR: Display.cpp:1097 (initialize): ANGLE Display::initialize error 12289: GLX is not present.
10-05 18:48:17 [NAPCAT] [19912:1005/184817.062010:ERROR:ui/gl/egl_util.cc:92] EGL Driver message (Critical) eglInitialize: GLX is not present.
10-05 18:48:17 [NAPCAT] [19912:1005/184817.062930:ERROR:ui/gl/gl_display.cc:639] eglInitialize OpenGL failed with error EGL_NOT_INITIALIZED, trying next display type
10-05 18:48:17 [NAPCAT] [19912:1005/184817.064062:ERROR:ui/gl/angle_platform_impl.cc:42] Display.cpp:1097 (initialize): ANGLE Display::initialize error 12289: GLX is not present.
10-05 18:48:17 [NAPCAT] ERR: Display.cpp:1097 (initialize): ANGLE Display::initialize error 12289: GLX is not present.
10-05 18:48:17 [NAPCAT] [19912:1005/184817.064290:ERROR:ui/gl/egl_util.cc:92] EGL Driver message (Critical) eglInitialize: GLX is not present.
10-05 18:48:17 [NAPCAT] [19912:1005/184817.064609:ERROR:ui/gl/gl_display.cc:639] eglInitialize OpenGLES failed with error EGL_NOT_INITIALIZED
10-05 18:48:17 [NAPCAT] [19912:1005/184817.065630:ERROR:ui/gl/gl_display.cc:674] Initialization of all EGL display types failed.
10-05 18:48:17 [NAPCAT] [19912:1005/184817.066169:ERROR:ui/ozone/common/gl_ozone_egl.cc:26] GLDisplayEGL::Initialize failed.
10-05 18:48:17 [NAPCAT] [19912:1005/184817.365762:ERROR:ui/gl/angle_platform_impl.cc:42] Display.cpp:1097 (initialize): ANGLE Display::initialize error 12289: GLX is not present.
10-05 18:48:17 [NAPCAT] ERR: Display.cpp:1097 (initialize): ANGLE Display::initialize error 12289: GLX is not present.
10-05 18:48:17 [NAPCAT] [19912:1005/184817.366997:ERROR:ui/gl/egl_util.cc:92] EGL Driver message (Critical) eglInitialize: GLX is not present.
10-05 18:48:17 [NAPCAT] [19912:1005/184817.367630:ERROR:ui/gl/gl_display.cc:639] eglInitialize OpenGL failed with error EGL_NOT_INITIALIZED, trying next display type
10-05 18:48:17 [NAPCAT] [19912:1005/184817.368325:ERROR:ui/gl/angle_platform_impl.cc:42] Display.cpp:1097 (initialize): ANGLE Display::initialize error 12289: GLX is not present.
10-05 18:48:17 [NAPCAT] ERR: Display.cpp:1097 (initialize): ANGLE Display::initialize error 12289: GLX is not present.
10-05 18:48:17 [NAPCAT] [19912:1005/184817.369033:ERROR:ui/gl/egl_util.cc:92] EGL Driver message (Critical) eglInitialize: GLX is not present.
10-05 18:48:17 [NAPCAT] [19912:1005/184817.369436:ERROR:ui/gl/gl_display.cc:639] eglInitialize OpenGLES failed with error EGL_NOT_INITIALIZED
10-05 18:48:18 [NAPCAT] [19912:1005/184817.369772:ERROR:ui/gl/gl_display.cc:674] Initialization of all EGL display types failed.
10-05 18:48:18 [NAPCAT] [19912:1005/184817.370141:ERROR:ui/ozone/common/gl_ozone_egl.cc:26] GLDisplayEGL::Initialize failed.
10-05 18:48:18 [NAPCAT] [19912:1005/184817.383694:ERROR:components/viz/service/main/viz_main_impl.cc:189] Exiting GPU process due to errors during initialization
10-05 18:48:18 [NAPCAT] NapCat Shell App Loading...
10-05 18:48:18 [NAPCAT] [launcher] intercepted package.json: /opt/QQ/resources/app/package.json, replacing content
10-05 18:48:18 [NAPCAT] [launcher] Generated relative path: ../../../../root
10-05 18:48:18 [NAPCAT] [launcher] New main field: "main": "../../../../root/loadNapCat.js"
10-05 18:48:18 [NAPCAT] [launcher] package.json content: {
10-05 18:48:18 [NAPCAT]   "name": "QQ",
10-05 18:48:18 [NAPCAT]   "version": "3.2.33-52892",
10-05 18:48:18 [NAPCAT]   "private": true,
10-05 18:48:18 [NAPCAT]   "description": "QQ",
10-05 18:48:18 [NAPCAT]   "productName": "QQ",
10-05 18:48:18 [NAPCAT]   "author": {
10-05 18:48:18 [NAPCAT]     "name": "Tencent",
10-05 18:48:18 [NAPCAT]     "email": "QQ-Team@tencent.com"
10-05 18:48:18 [NAPCAT]   },
10-05 18:48:18 [NAPCAT]   "homepage": "https://im.qq.com",
10-05 18:48:18 [NAPCAT]   "sideEffects": true,
10-05 18:48:18 [NAPCAT]   "bin": {
10-05 18:48:18 [NAPCAT]     "qd": "externals/devtools/cli/index.js"
10-05 18:48:18 [NAPCAT]   },
10-05 18:48:18 [NAPCAT]   "appid": {
10-05 18:48:19 [NAPCAT]     "win32": "537382716",
10-05 18:48:19 [NAPCAT]     "darwin": "537382742",
10-05 18:48:19 [NAPCAT]     "linux": "537382753",
10-05 18:48:19 [NAPCAT]     "ohos": "5373141859"
10-05 18:48:19 [NAPCAT]   },
10-05 18:48:19 [NAPCAT]   "main": "../../../../root/loadNapCat.js",
10-05 18:48:19 [NAPCAT]   "peerDependenciesMeta": {
10-05 18:48:19 [NAPCAT]     "*": {
10-05 18:48:19 [NAPCAT]       "optional": true
10-05 18:48:19 [NAPCAT]     }
10-05 18:48:19 [NAPCAT]   },
10-05 18:48:19 [NAPCAT]   "pnpm": {
10-05 18:48:19 [NAPCAT]     "patchedDependencies": {
10-05 18:48:19 [NAPCAT]       "@vue/runtime-dom@3.5.12": "patches/@vue__runtime-dom@3.5.12.patch",
10-05 18:48:19 [NAPCAT]       "@swc/helpers@0.5.3": "patches/@swc__helpers@0.5.3.patch",
10-05 18:48:19 [NAPCAT]       "vuex@4.1.0": "patches/vuex@4.1.0.patch",
10-05 18:48:19 [NAPCAT]       "typescript-parser@2.6.1": "patches/typescript-parser@2.6.1.patch",
10-05 18:48:19 [NAPCAT]       "@tencent/qqplay-downloadsdk": "patches/@tencent__qqplay-downloadsdk.patch",
10-05 18:48:19 [NAPCAT]       "@tencent/universal-report@4.5.4": "patches/@tencent__universal-report@4.5.4.patch",
10-05 18:48:19 [NAPCAT]       "typescript@7.0.2": "patches/typescript@7.0.2.patch"
10-05 18:48:19 [NAPCAT]     },
10-05 18:48:19 [NAPCAT]     "packageExtensions": {
10-05 18:48:19 [NAPCAT]       "qute": {
10-05 18:48:19 [NAPCAT]         "dependencies": {},
10-05 18:48:19 [NAPCAT]         "devDependencies": {}
10-05 18:48:19 [NAPCAT]       }
10-05 18:48:19 [NAPCAT]     },
10-05 18:48:19 [NAPCAT]     "overrides": {
10-05 18:48:19 [NAPCAT]       "@types/react": "-",
10-05 18:48:19 [NAPCAT]       "@types/react-dom": "-",
10-05 18:48:19 [NAPCAT]       "@tencent/yuanbao-react-markdown>@types/hast": "-",
10-05 18:48:19 [NAPCAT]       "@tencent/yuanbao-react-markdown>devlop": "-",
10-05 18:48:19 [NAPCAT]       "@tencent/yuanbao-react-markdown>hast-util-to-jsx-runtime": "-",
10-05 18:48:19 [NAPCAT]       "@tencent/yuanbao-react-markdown>html-url-attributes": "-",
10-05 18:48:19 [NAPCAT]       "@tencent/yuanbao-react-markdown>mdast-util-to-hast": "-",
10-05 18:48:19 [NAPCAT]       "@tencent/yuanbao-react-markdown>rehype-parse": "-",
10-05 18:48:19 [NAPCAT]       "@tencent/yuanbao-react-markdown>rehype-stringify": "-",
10-05 18:48:20 [NAPCAT]       "@tencent/yuanbao-react-markdown>remark-parse": "-",
10-05 18:48:20 [NAPCAT]       "@tencent/yuanbao-react-markdown>remark-rehype": "-",
10-05 18:48:20 [NAPCAT]       "@tencent/yuanbao-react-markdown>unified": "-",
10-05 18:48:20 [NAPCAT]       "@tencent/yuanbao-react-markdown>unist-util-visit": "-",
10-05 18:48:20 [NAPCAT]       "@tencent/yuanbao-react-markdown>vfile": "-",
10-05 18:48:20 [NAPCAT]       "@types/d3-dispatch": "3.0.6"
10-05 18:48:20 [NAPCAT]     }
10-05 18:48:20 [NAPCAT]   },
10-05 18:48:20 [NAPCAT]   "buildVersion": "52892",
10-05 18:48:20 [NAPCAT]   "platform": "linux",
10-05 18:48:20 [NAPCAT]   "eleArch": "arm64",
10-05 18:48:20 [NAPCAT]   "linuxFormat": "deb"
10-05 18:48:20 [NAPCAT] }
10-05 18:48:20 [NAPCAT] prepare write and writev hooks
10-05 18:48:20 [NAPCAT] 10-05 18:48:18 [info] [PacketHandler] 加载成功
10-05 18:48:20 [NAPCAT] 10-05 18:48:18 [info] [Napi2NativeLoader] 加载成功
10-05 18:48:20 [NAPCAT] 10-05 18:48:18 [info] [FFmpeg] 检查 Native Addon 可用性...
10-05 18:48:20 [NAPCAT] 10-05 18:48:18 [info] [FFmpeg] ✓ 使用 Native Addon 适配器
10-05 18:48:20 [NAPCAT] 10-05 18:48:18 [info] [PacketHandler] 初始化成功
10-05 18:48:20 [NAPCAT] 10-05 18:48:18 [info] [NapCat] [Core] NapCat.Core Version: 4.18.29
10-05 18:48:20 [NAPCAT] [I] <MemoryFile.cpp:98::open> open fd[0x26], /root/.config/QQ/nt_qq/global/nt_data/mmkv/nt_mmkv_global_misc
10-05 18:48:20 [NAPCAT] [I] <MemoryFile.cpp:98::open> open fd[0x27], /root/.config/QQ/nt_qq/global/nt_data/mmkv/nt_mmkv_global_misc.crc
10-05 18:48:20 [NAPCAT] [I] <MMKV_IO.cpp:213::loadMetaInfoAndCheck> meta file [nt_mmkv_global_misc] has flag [0]
10-05 18:48:20 [NAPCAT] [I] <MMKV_IO.cpp:87::loadFromFile> loading [nt_mmkv_global_misc] with 77 actual size, file size 4096, InterProcess 1, meta info version:4
10-05 18:48:20 [NAPCAT] [I] <MMKV_IO.cpp:92::loadFromFile> loading [nt_mmkv_global_misc] with crc 1813886533 sequence 1 version 4
10-05 18:48:20 [NAPCAT] [I] <MMKV_IO.cpp:136::loadFromFile> loaded [nt_mmkv_global_misc] with 2 key-values
10-05 18:48:20 [NAPCAT] [I] <MMKV.cpp:233::initializeMMKV> root dir: /root/.config/QQ/nt_qq/global/nt_data/mmkv
10-05 18:48:20 [NAPCAT] [I] <MemoryFile.cpp:98::open> open fd[0x28], /root/.config/QQ/nt_qq/global/nt_data/mmkv/nt_mmkv_o3
10-05 18:48:20 [NAPCAT] [I] <MemoryFile.cpp:98::open> open fd[0x29], /root/.config/QQ/nt_qq/global/nt_data/mmkv/nt_mmkv_o3.crc
10-05 18:48:20 [NAPCAT] [I] <MMKV_IO.cpp:213::loadMetaInfoAndCheck> meta file [nt_mmkv_o3] has flag [0]
10-05 18:48:20 [NAPCAT] [I] <MMKV_IO.cpp:87::loadFromFile> loading [nt_mmkv_o3] with 111 actual size, file size 4096, InterProcess 1, meta info version:4
10-05 18:48:20 [NAPCAT] [I] <MMKV_IO.cpp:92::loadFromFile> loading [nt_mmkv_o3] with crc 3792612646 sequence 1 version 4
10-05 18:48:20 [NAPCAT] [I] <MMKV_IO.cpp:136::loadFromFile> loaded [nt_mmkv_o3] with 2 key-values
10-05 18:48:20 [NAPCAT] 10-05 18:48:18 [error] [NapCat] [UtilityProcess] Worker进程退出，退出码: 11
10-05 18:48:20 [NAPCAT] 10-05 18:48:18 [warn] [NapCat] [UtilityProcess] Worker进程意外退出 (1/3)，正在尝试重新拉起...
10-05 18:48:20 [NAPCAT] [launcher] loadNapCat.js generated in current directory
10-05 18:48:20 [NAPCAT] [20403:1005/184819.192392:ERROR:base/files/file_path_watcher_inotify.cc:923] Failed to read /proc/sys/fs/inotify/max_user_watches
10-05 18:48:20 [NAPCAT] [20403:1005/184819.193381:ERROR:net/base/address_tracker_linux.cc:242] Could not bind NETLINK socket: Permission denied (13)
10-05 18:48:20 [NAPCAT] NapCat Shell App Loading...
10-05 18:48:20 [NAPCAT] [launcher] intercepted package.json: /opt/QQ/resources/app/package.json, replacing content
10-05 18:48:20 [NAPCAT] [launcher] Generated relative path: ../../../../root
10-05 18:48:20 [NAPCAT] [launcher] New main field: "main": "../../../../root/loadNapCat.js"
10-05 18:48:20 [NAPCAT] [launcher] package.json content: {
10-05 18:48:20 [NAPCAT]   "name": "QQ",
10-05 18:48:20 [NAPCAT]   "version": "3.2.33-52892",
10-05 18:48:20 [NAPCAT]   "private": true,
10-05 18:48:21 [NAPCAT]   "description": "QQ",
10-05 18:48:21 [NAPCAT]   "productName": "QQ",
10-05 18:48:21 [NAPCAT]   "author": {
10-05 18:48:21 [NAPCAT]     "name": "Tencent",
10-05 18:48:21 [NAPCAT]     "email": "QQ-Team@tencent.com"
10-05 18:48:21 [NAPCAT]   },
10-05 18:48:21 [NAPCAT]   "homepage": "https://im.qq.com",
10-05 18:48:21 [NAPCAT]   "sideEffects": true,
10-05 18:48:21 [NAPCAT]   "bin": {
10-05 18:48:21 [NAPCAT]     "qd": "externals/devtools/cli/index.js"
10-05 18:48:21 [NAPCAT]   },
10-05 18:48:21 [NAPCAT]   "appid": {
10-05 18:48:21 [NAPCAT]     "win32": "537382716",
10-05 18:48:21 [NAPCAT]     "darwin": "537382742",
10-05 18:48:21 [NAPCAT]     "linux": "537382753",
10-05 18:48:21 [NAPCAT]     "ohos": "5373141859"
10-05 18:48:21 [NAPCAT]   },
10-05 18:48:21 [NAPCAT]   "main": "../../../../root/loadNapCat.js",
10-05 18:48:21 [NAPCAT]   "peerDependenciesMeta": {
10-05 18:48:21 [NAPCAT]     "*": {
10-05 18:48:21 [NAPCAT]       "optional": true
10-05 18:48:21 [NAPCAT]     }
10-05 18:48:21 [NAPCAT]   },
10-05 18:48:21 [NAPCAT]   "pnpm": {
10-05 18:48:21 [NAPCAT]     "patchedDependencies": {
10-05 18:48:21 [NAPCAT]       "@vue/runtime-dom@3.5.12": "patches/@vue__runtime-dom@3.5.12.patch",
10-05 18:48:21 [NAPCAT]       "@swc/helpers@0.5.3": "patches/@swc__helpers@0.5.3.patch",
10-05 18:48:21 [NAPCAT]       "vuex@4.1.0": "patches/vuex@4.1.0.patch",
10-05 18:48:21 [NAPCAT]       "typescript-parser@2.6.1": "patches/typescript-parser@2.6.1.patch",
10-05 18:48:21 [NAPCAT]       "@tencent/qqplay-downloadsdk": "patches/@tencent__qqplay-downloadsdk.patch",
10-05 18:48:22 [NAPCAT]       "@tencent/universal-report@4.5.4": "patches/@tencent__universal-report@4.5.4.patch",
10-05 18:48:22 [NAPCAT]       "typescript@7.0.2": "patches/typescript@7.0.2.patch"
10-05 18:48:22 [NAPCAT]     },
10-05 18:48:22 [NAPCAT]     "packageExtensions": {
10-05 18:48:22 [NAPCAT]       "qute": {
10-05 18:48:22 [NAPCAT]         "dependencies": {},
10-05 18:48:22 [NAPCAT]         "devDependencies": {}
10-05 18:48:22 [NAPCAT]       }
10-05 18:48:22 [NAPCAT]     },
10-05 18:48:22 [NAPCAT]     "overrides": {
10-05 18:48:22 [NAPCAT]       "@types/react": "-",
10-05 18:48:22 [NAPCAT]       "@types/react-dom": "-",
10-05 18:48:22 [NAPCAT]       "@tencent/yuanbao-react-markdown>@types/hast": "-",
10-05 18:48:22 [NAPCAT]       "@tencent/yuanbao-react-markdown>devlop": "-",
10-05 18:48:22 [NAPCAT]       "@tencent/yuanbao-react-markdown>hast-util-to-jsx-runtime": "-",
10-05 18:48:22 [NAPCAT]       "@tencent/yuanbao-react-markdown>html-url-attributes": "-",
10-05 18:48:22 [NAPCAT]       "@tencent/yuanbao-react-markdown>mdast-util-to-hast": "-",
10-05 18:48:22 [NAPCAT]       "@tencent/yuanbao-react-markdown>rehype-parse": "-",
10-05 18:48:22 [NAPCAT]       "@tencent/yuanbao-react-markdown>rehype-stringify": "-",
10-05 18:48:22 [NAPCAT]       "@tencent/yuanbao-react-markdown>remark-parse": "-",
10-05 18:48:22 [NAPCAT]       "@tencent/yuanbao-react-markdown>remark-rehype": "-",
10-05 18:48:22 [NAPCAT]       "@tencent/yuanbao-react-markdown>unified": "-",
10-05 18:48:22 [NAPCAT]       "@tencent/yuanbao-react-markdown>unist-util-visit": "-",
10-05 18:48:22 [NAPCAT]       "@tencent/yuanbao-react-markdown>vfile": "-",
10-05 18:48:22 [NAPCAT]       "@types/d3-dispatch": "3.0.6"
10-05 18:48:22 [NAPCAT]     }
10-05 18:48:23 [NAPCAT]   },
10-05 18:48:23 [NAPCAT]   "buildVersion": "52892",
10-05 18:48:23 [NAPCAT]   "platform": "linux",
10-05 18:48:23 [NAPCAT]   "eleArch": "arm64",
10-05 18:48:23 [NAPCAT]   "linuxFormat": "deb"
10-05 18:48:23 [NAPCAT] }
10-05 18:48:23 [NAPCAT] prepare write and writev hooks
10-05 18:48:23 [NAPCAT] 10-05 18:48:20 [info] [PacketHandler] 加载成功
10-05 18:48:23 [NAPCAT] 10-05 18:48:20 [info] [Napi2NativeLoader] 加载成功
10-05 18:48:23 [NAPCAT] 10-05 18:48:20 [info] [FFmpeg] 检查 Native Addon 可用性...
10-05 18:48:23 [NAPCAT] 10-05 18:48:20 [info] [FFmpeg] ✓ 使用 Native Addon 适配器
10-05 18:48:23 [NAPCAT] 10-05 18:48:20 [info] [PacketHandler] 初始化成功
10-05 18:48:23 [NAPCAT] 10-05 18:48:20 [info] [NapCat] [Core] NapCat.Core Version: 4.18.29
10-05 18:48:23 [NAPCAT] 10-05 18:48:20 [error] [NapCat] [UtilityProcess] Worker进程退出，退出码: 11
10-05 18:48:23 [NAPCAT] 10-05 18:48:20 [warn] [NapCat] [UtilityProcess] Worker进程意外退出 (2/3)，正在尝试重新拉起...
10-05 18:48:23 [AstrBot Android] 检测到 QQ 内部组件异常退出——看门狗将在约 2 分钟内自动清理并重启（自愈阶梯见日志；登录态尽量保留）
10-05 18:48:23 [NAPCAT] [launcher] loadNapCat.js generated in current directory
10-05 18:48:23 [NAPCAT] [20835:1005/184820.984215:ERROR:base/files/file_path_watcher_inotify.cc:923] Failed to read /proc/sys/fs/inotify/max_user_watches
10-05 18:48:23 [NAPCAT] [20835:1005/184820.985048:ERROR:net/base/address_tracker_linux.cc:242] Could not bind NETLINK socket: Permission denied (13)
10-05 18:48:23 [NAPCAT] NapCat Shell App Loading...
10-05 18:48:23 [NAPCAT] [launcher] intercepted package.json: /opt/QQ/resources/app/package.json, replacing content
10-05 18:48:23 [NAPCAT] [launcher] Generated relative path: ../../../../root
10-05 18:48:23 [NAPCAT] [launcher] New main field: "main": "../../../../root/loadNapCat.js"
10-05 18:48:23 [NAPCAT] [launcher] package.json content: {
10-05 18:48:23 [NAPCAT]   "name": "QQ",
10-05 18:48:23 [NAPCAT]   "version": "3.2.33-52892",
10-05 18:48:23 [NAPCAT]   "private": true,
10-05 18:48:23 [NAPCAT]   "description": "QQ",
10-05 18:48:23 [NAPCAT]   "productName": "QQ",
10-05 18:48:23 [NAPCAT]   "author": {
10-05 18:48:23 [NAPCAT]     "name": "Tencent",
10-05 18:48:23 [NAPCAT]     "email": "QQ-Team@tencent.com"
10-05 18:48:23 [NAPCAT]   },
10-05 18:48:23 [NAPCAT]   "homepage": "https://im.qq.com",
10-05 18:48:23 [NAPCAT]   "sideEffects": true,
10-05 18:48:23 [NAPCAT]   "bin": {
10-05 18:48:23 [NAPCAT]     "qd": "externals/devtools/cli/index.js"
10-05 18:48:23 [NAPCAT]   },
10-05 18:48:23 [NAPCAT]   "appid": {
10-05 18:48:23 [NAPCAT]     "win32": "537382716",
10-05 18:48:23 [NAPCAT]     "darwin": "537382742",
10-05 18:48:24 [NAPCAT]     "linux": "537382753",
10-05 18:48:24 [NAPCAT]     "ohos": "5373141859"
10-05 18:48:24 [NAPCAT]   },
10-05 18:48:24 [NAPCAT]   "main": "../../../../root/loadNapCat.js",
10-05 18:48:24 [NAPCAT]   "peerDependenciesMeta": {
10-05 18:48:24 [NAPCAT]     "*": {
10-05 18:48:24 [NAPCAT]       "optional": true
10-05 18:48:24 [NAPCAT]     }
10-05 18:48:24 [NAPCAT]   },
10-05 18:48:24 [NAPCAT]   "pnpm": {
10-05 18:48:24 [NAPCAT]     "patchedDependencies": {
10-05 18:48:24 [NAPCAT]       "@vue/runtime-dom@3.5.12": "patches/@vue__runtime-dom@3.5.12.patch",
10-05 18:48:24 [NAPCAT]       "@swc/helpers@0.5.3": "patches/@swc__helpers@0.5.3.patch",
10-05 18:48:24 [NAPCAT]       "vuex@4.1.0": "patches/vuex@4.1.0.patch",
10-05 18:48:24 [NAPCAT]       "typescript-parser@2.6.1": "patches/typescript-parser@2.6.1.patch",
10-05 18:48:24 [NAPCAT]       "@tencent/qqplay-downloadsdk": "patches/@tencent__qqplay-downloadsdk.patch",
10-05 18:48:24 [NAPCAT]       "@tencent/universal-report@4.5.4": "patches/@tencent__universal-report@4.5.4.patch",
10-05 18:48:24 [NAPCAT]       "typescript@7.0.2": "patches/typescript@7.0.2.patch"
10-05 18:48:24 [NAPCAT]     },
10-05 18:48:24 [NAPCAT]     "packageExtensions": {
10-05 18:48:24 [NAPCAT]       "qute": {
10-05 18:48:24 [NAPCAT]         "dependencies": {},
10-05 18:48:24 [NAPCAT]         "devDependencies": {}
10-05 18:48:24 [NAPCAT]       }
10-05 18:48:24 [NAPCAT]     },
10-05 18:48:24 [NAPCAT]     "overrides": {
10-05 18:48:24 [NAPCAT]       "@types/react": "-",
10-05 18:48:24 [NAPCAT]       "@types/react-dom": "-",
10-05 18:48:24 [NAPCAT]       "@tencent/yuanbao-react-markdown>@types/hast": "-",
10-05 18:48:24 [NAPCAT]       "@tencent/yuanbao-react-markdown>devlop": "-",
10-05 18:48:25 [NAPCAT]       "@tencent/yuanbao-react-markdown>hast-util-to-jsx-runtime": "-",
10-05 18:48:25 [NAPCAT]       "@tencent/yuanbao-react-markdown>html-url-attributes": "-",
10-05 18:48:25 [NAPCAT]       "@tencent/yuanbao-react-markdown>mdast-util-to-hast": "-",
10-05 18:48:25 [NAPCAT]       "@tencent/yuanbao-react-markdown>rehype-parse": "-",
10-05 18:48:25 [NAPCAT]       "@tencent/yuanbao-react-markdown>rehype-stringify": "-",
10-05 18:48:25 [NAPCAT]       "@tencent/yuanbao-react-markdown>remark-parse": "-",
10-05 18:48:25 [NAPCAT]       "@tencent/yuanbao-react-markdown>remark-rehype": "-",
10-05 18:48:25 [NAPCAT]       "@tencent/yuanbao-react-markdown>unified": "-",
10-05 18:48:25 [NAPCAT]       "@tencent/yuanbao-react-markdown>unist-util-visit": "-",
10-05 18:48:25 [NAPCAT]       "@tencent/yuanbao-react-markdown>vfile": "-",
10-05 18:48:25 [NAPCAT]       "@types/d3-dispatch": "3.0.6"
10-05 18:48:25 [NAPCAT]     }
10-05 18:48:25 [NAPCAT]   },
10-05 18:48:25 [NAPCAT]   "buildVersion": "52892",
10-05 18:48:25 [NAPCAT]   "platform": "linux",
10-05 18:48:25 [NAPCAT]   "eleArch": "arm64",
10-05 18:48:25 [NAPCAT]   "linuxFormat": "deb"
10-05 18:48:25 [NAPCAT] }
10-05 18:48:25 [NAPCAT] prepare write and writev hooks
10-05 18:48:25 [NAPCAT] 10-05 18:48:22 [info] [PacketHandler] 加载成功
10-05 18:48:25 [NAPCAT] 10-05 18:48:22 [info] [Napi2NativeLoader] 加载成功
10-05 18:48:25 [NAPCAT] 10-05 18:48:22 [info] [FFmpeg] 检查 Native Addon 可用性...
10-05 18:48:25 [NAPCAT] 10-05 18:48:22 [info] [FFmpeg] ✓ 使用 Native Addon 适配器
10-05 18:48:25 [NAPCAT] 10-05 18:48:22 [info] [PacketHandler] 初始化成功
10-05 18:48:25 [NAPCAT] 10-05 18:48:22 [info] [NapCat] [Core] NapCat.Core Version: 4.18.29
10-05 18:48:25 [NAPCAT] [I] <MemoryFile.cpp:98::open> open fd[0x27], /root/.config/QQ/nt_qq/global/nt_data/mmkv/nt_mmkv_global_misc.crc
10-05 18:48:25 [NAPCAT] [I] <MMKV_IO.cpp:213::loadMetaInfoAndCheck> meta file [nt_mmkv_global_misc] has flag [0]
10-05 18:48:25 [NAPCAT] [I] <MMKV_IO.cpp:87::loadFromFile> loading [nt_mmkv_global_misc] with 77 actual size, file size 4096, InterProcess 1, meta info version:4
10-05 18:48:25 [NAPCAT] [I] <MMKV_IO.cpp:92::loadFromFile> loading [nt_mmkv_global_misc] with crc 1813886533 sequence 1 version 4
10-05 18:48:25 [NAPCAT] [I] <MMKV_IO.cpp:136::loadFromFile> loaded [nt_mmkv_global_misc] with 2 key-values
10-05 18:48:25 [NAPCAT] [I] <MMKV.cpp:233::initializeMMKV> root dir: /root/.config/QQ/nt_qq/global/nt_data/mmkv
10-05 18:48:25 [NAPCAT] [I] <MemoryFile.cpp:98::open> open fd[0x28], /root/.config/QQ/nt_qq/global/nt_data/mmkv/nt_mmkv_o3
10-05 18:48:25 [NAPCAT] [I] <MemoryFile.cpp:98::open> open fd[0x29], /root/.config/QQ/nt_qq/global/nt_data/mmkv/nt_mmkv_o3.crc
10-05 18:48:25 [NAPCAT] [I] <MMKV_IO.cpp:213::loadMetaInfoAndCheck> meta file [nt_mmkv_o3] has flag [0]
10-05 18:48:25 [NAPCAT] [I] <MMKV_IO.cpp:87::loadFromFile> loading [nt_mmkv_o3] with 111 actual size, file size 4096, InterProcess 1, meta info version:4
10-05 18:48:26 [NAPCAT] [I] <MMKV_IO.cpp:92::loadFromFile> loading [nt_mmkv_o3] with crc 3792612646 sequence 1 version 4
10-05 18:48:26 [NAPCAT] [I] <MMKV_IO.cpp:136::loadFromFile> loaded [nt_mmkv_o3] with 2 key-values
10-05 18:48:26 [NAPCAT] 10-05 18:48:22 [error] [NapCat] [UtilityProcess] Worker进程退出，退出码: 11
10-05 18:48:26 [NAPCAT] 10-05 18:48:22 [error] [NapCat] [UtilityProcess] Worker进程在 10 秒内异常退出 3 次，主进程退出
10-05 18:48:26 [NAPCAT] 10-05 18:48:22 [warn] [NapCat] [UtilityProcess] Worker进程意外退出 (3/3)，正在尝试重新拉起...
10-05 18:48:26 [NAPCAT] [launcher] loadNapCat.js generated in current directory
10-05 18:48:38 [AstrBot Android] NapCat 启动中…（已等待 30 秒，QQ 首次引导较慢）
10-05 18:49:08 [AstrBot Android] NapCat 启动中…（已等待 60 秒，QQ 首次引导较慢）
10-05 18:49:38 [AstrBot Android] NapCat 启动中…（已等待 90 秒，QQ 首次引导较慢）
10-05 18:50:08 [AstrBot Android] NapCat 启动中…（已等待 120 秒，QQ 首次引导较慢）
10-05 18:50:39 [AstrBot Android] NapCat 启动中…（已等待 150 秒，QQ 首次引导较慢）
10-05 18:51:09 [AstrBot Android] NapCat 启动中…（已等待 180 秒，QQ 首次引导较慢）
10-05 18:51:39 [AstrBot Android] NapCat 启动中…（已等待 210 秒，QQ 首次引导较慢）
10-05 18:52:09 [AstrBot Android] NapCat 启动中…（已等待 240 秒，QQ 首次引导较慢）
10-05 18:52:40 [AstrBot Android] NapCat 启动中…（已等待 270 秒，QQ 首次引导较慢）
10-05 18:53:10 [AstrBot Android] NapCat 启动中…（已等待 300 秒，QQ 首次引导较慢）
10-05 18:53:15 [AstrBot Android] NapCat 仍在启动（QQ 未登录时端口不会开启；可开 WebUI :5099 扫码，App 会持续自动检测）
10-05 18:53:15 [31m- NapCat 运行中（仅 NapCat 模式）[0m
10-05 18:53:57 引擎输出读取结束（主动停止）

===== AstrBot 引擎会话开始 10-05 21:44:15 =====
10-05 21:44:15 启动脚本已与 APK 资产对齐（v2.27.0 每次启动强制刷新）
10-05 21:44:15 AstrBot 机器人开关已关闭：本次仅启动 NapCat（手环 QQ 直连），不安装/启动 AstrBot
10-05 21:44:15 拉起容器（proot → astrbot-startup.sh）…
10-05 21:44:15 [AstrBot Android] resolv.conf 已重写（原: nameserver 8.8.8.8 → 公共解析器x4）
10-05 21:44:15 [AstrBot Android] DNS 自检通过（getent 解析正常）
10-05 21:44:15 [STAGE:5:仅 NapCat 模式（AstrBot 机器人开关已关闭）]
10-05 21:44:15 [31m- 仅 NapCat 模式（AstrBot 机器人开关已关闭）[0m
10-05 21:44:16 反检测已全部开启：napcat.json（hook/window/module/process/container/js + o3HookMode）
10-05 21:44:16 反检测已全部开启：napcat_3836305211.json（hook/window/module/process/container/js + o3HookMode）
10-05 21:44:16 反检测已全部开启：napcat_protocol_3836305211.json（hook/window/module/process/container/js + o3HookMode）
10-05 21:44:16 [AstrBot Android] 反检测已自动全开（重启 NapCat 生效，看门狗/启动链会自动重启）
10-05 21:44:16 [AstrBot Android] 检测到 NapCat 非钉扎版 v4.18.28（漂移版在本环境有 Worker SIGSEGV 崩溃循环）——立即重装钉扎版（配置保留）...
10-05 21:44:16 [AstrBot Android] 重装 NapCat v4.18.28（配置保留）...
10-05 21:44:16 开始网络测试: Github...
10-05 21:44:18 将使用Github代理: https://ghfast.top（多源竞速）
10-05 21:44:18 下载源: https://ghfast.top → install.sh
10-05 21:44:18   % Total    % Received % Xferd  Average Speed   Time    Time     Time  Current
10-05 21:44:18                                  Dload  Upload   Total   Spent    Left  Speed
10-05 21:44:19   0     0    0     0    0     0      0      0 --:--:-- --:--:-- --:--:--     0
10-05 21:44:19   0     0    0     0    0     0      0      0 --:--:-- --:--:-- --:--:--     0
10-05 21:44:19 100  9610  100  9610    0     0   7518      0  0:00:01  0:00:01 --:--:--  7525
10-05 21:44:19 预下载 NapCat v4.18.28 离线包（多源竞速，20 秒无数据自动换源）...
10-05 21:44:19 复用已选 Github 代理: https://ghfast.top
10-05 21:44:19 下载源: https://ghfast.top → NapCat.Shell.zip
10-05 21:44:20   % Total    % Received % Xferd  Average Speed   Time    Time     Time  Current
10-05 21:44:20                                  Dload  Upload   Total   Spent    Left  Speed
10-05 21:44:20   0     0    0     0    0     0      0      0 --:--:-- --:--:-- --:--:--     0
10-05 21:44:21   0     0    0     0    0     0      0      0 --:--:-- --:--:-- --:--:--     0
10-05 21:44:22   0     0    0     0    0     0      0      0 --:--:--  0:00:01 --:--:--     0
10-05 21:44:23   1 28.1M    1  303k    0     0   144k      0  0:03:19  0:00:02  0:03:17  144k
10-05 21:44:24   5 28.1M    5 1679k    0     0   534k      0  0:00:53  0:00:03  0:00:50  534k
10-05 21:44:25  13 28.1M   13 3839k    0     0   916k      0  0:00:31  0:00:04  0:00:27  916k
10-05 21:44:26  23 28.1M   23 6703k    0     0  1318k      0  0:00:21  0:00:05  0:00:16 1335k
10-05 21:44:27  32 28.1M   32 9439k    0     0  1546k      0  0:00:18  0:00:06  0:00:12 1873k
10-05 21:44:28  46 28.1M   46 13.0M    0     0  1886k      0  0:00:15  0:00:07  0:00:08 2621k
10-05 21:44:29  59 28.1M   59 16.6M    0     0  2116k      0  0:00:13  0:00:08  0:00:05 3128k
10-05 21:44:30  75 28.1M   75 21.2M    0     0  2387k      0  0:00:12  0:00:09  0:00:03 3643k
10-05 21:44:30  90 28.1M   90 25.3M    0     0  2579k      0  0:00:11  0:00:10  0:00:01 3863k
10-05 21:44:30 100 28.1M  100 28.1M    0     0  2750k      0  0:00:10  0:00:10 --:--:-- 4432k
10-05 21:44:31 NapCat 离线包预下载完成（上游脚本将跳过其内部下载）
10-05 21:44:31 [H[2J[3J[0;1;34;94m[2026-10-05 21:44:31]: NapCat Shell 安装脚本 [0m
10-05 21:44:31 [0;1;34;94m[2026-10-05 21:44:31]: 脚本正在以 root 权限运行。 [0m
10-05 21:44:31 [0;1;34;94m[2026-10-05 21:44:31]: 开始更新依赖... [0m
10-05 21:44:31 [0;1;34;94m[2026-10-05 21:44:31]: 当前高级包管理器: apt-get [0m
10-05 21:44:40 [0;1;32;92m[2026-10-05 21:44:40]: 依赖安装成功... [0m
10-05 21:44:40 [0;1;33;93m[2026-10-05 21:44:40]: 检测到已下载NapCat安装包,跳过下载... [0m
10-05 21:44:40 [0;1;34;94m[2026-10-05 21:44:40]: 正在验证 NapCat.Shell.zip... [0m
10-05 21:44:41 [0;1;34;94m[2026-10-05 21:44:41]: 正在解压 NapCat.Shell.zip... [0m
10-05 21:44:42 [0;1;33;93m[2026-10-05 21:44:42]: LinuxQQ 已由 AstrBot Android 安装，跳过上游重复安装 [0m
10-05 21:44:42 [0;1;34;94m[2026-10-05 21:44:42]: 当前系统架构: arm64 [0m
10-05 21:44:42 [0;1;34;94m[2026-10-05 21:44:42]: 开始网络测试: Github... [0m
10-05 21:44:42 [0;1;34;94m[2026-10-05 21:44:42]: 测试代理: https://ghfast.top [0m
10-05 21:44:44 [0;1;34;94m[2026-10-05 21:44:44]: 将使用Github代理: https://ghfast.top [0m
10-05 21:44:44 [0;1;34;94m[2026-10-05 21:44:44]: 开始下载 launcher.cpp ... [0m
10-05 21:44:44 #=#=#                                                                          
10-05 21:44:44 ##O#-#                                                                         
10-05 21:44:44 ##O=#  #                                                                       
10-05 21:44:44 #=#=-#  #                                                                      
10-05 21:44:45 -#O#- #   #                                                                    
10-05 21:44:45 -=#=#   #   #                                                                  
10-05 21:44:45 -=O#-#   #   #                                                                 
10-05 21:44:45 ######################################################################## 100.0%
10-05 21:44:45 [0;1;32;92m[2026-10-05 21:44:45]: launcher.cpp 下载成功。 [0m
10-05 21:44:45 [0;1;34;94m[2026-10-05 21:44:45]: 正在编译 libnapcat_launcher.so ... [0m
10-05 21:44:46 [0;1;32;92m[2026-10-05 21:44:46]: libnapcat_launcher.so 编译成功。 [0m
10-05 21:44:46 [0;1;34;94m[2026-10-05 21:44:46]: 启动步骤: [0m
10-05 21:44:46 [0;1;34;94m[2026-10-05 21:44:46]: 输入 Xvfb :1 -screen 0 1x1x8 +extension GLX +render > /dev/null 2>&1 & [0m
10-05 21:44:46 [0;1;34;94m[2026-10-05 21:44:46]: 输入 export DISPLAY=:1 [0m
10-05 21:44:46 [0;1;34;94m[2026-10-05 21:44:46]: 输入 sudo su [0m
10-05 21:44:46 [0;1;34;94m[2026-10-05 21:44:46]: 输入 LD_PRELOAD=./libnapcat_launcher.so qq --no-sandbox [0m
10-05 21:44:46 [0;1;34;94m[2026-10-05 21:44:46]: 或直接运行 sudo bash ./launcher.sh 启动 NapCat Shell [0m
10-05 21:44:47 [AstrBot Android] 钉扎版 v4.18.28 重装完成，崩溃源已移除
10-05 21:44:47 [STAGE:90:启动 NapCat（首次需扫码登录 QQ，Token 在 App「密码与登录」卡复制）]
10-05 21:44:47 [31m- 启动 NapCat（首次需扫码登录 QQ，Token 在 App「密码与登录」卡复制）[0m
10-05 21:44:47 [31m- NapCat 启动中[0m
10-05 21:44:47 [AstrBot Android] NapCat 已后台拉起（控制台: /root/napcat/napcat-console.log）
10-05 21:44:47 [AstrBot Android] QQ 登录完成后 OneBot :3001/:3000 自动可用；未登录时打开 WebUI :5099 扫码
10-05 21:44:47 [AstrBot Android] NapCat 看门狗已启动（2 分钟巡检：进程保活 + 崩溃自愈阶梯 + 版本钉扎强制执行 + 登录后配置自动升级重启）
10-05 21:44:47 [STAGE:92:NapCat 启动中（QQ 引导完成后 :3001/:3000 生效；AstrBot 已按开关关闭）]
10-05 21:44:47 [31m- NapCat 启动中（QQ 引导完成后 :3001/:3000 生效；AstrBot 已按开关关闭）[0m
10-05 21:44:48 [NAPCAT] [launcher] loadNapCat.js generated in current directory
10-05 21:44:48 [NAPCAT] not mini app. 
10-05 21:44:48 [NAPCAT] [launcher] loadNapCat.js generated in current directory
10-05 21:44:48 [NAPCAT] [preload] succeeded. /opt/QQ/resources/app/major.node
10-05 21:44:48 [NAPCAT] [launcher] loadNapCat.js generated in current directory
10-05 21:44:48 [NAPCAT] [preload] succeeded. /opt/QQ/resources/app/major.node
10-05 21:44:48 [NAPCAT] [16281:1005/214448.283255:ERROR:base/files/file_path_watcher_inotify.cc:923] Failed to read /proc/sys/fs/inotify/max_user_watches
10-05 21:44:48 [NAPCAT] [16280:1005/214448.293091:ERROR:base/files/file_path_watcher_inotify.cc:923] Failed to read /proc/sys/fs/inotify/max_user_watches
10-05 21:44:48 [NAPCAT] [16260:1005/214448.338308:ERROR:dbus/bus.cc:406] Failed to connect to the bus: Failed to connect to socket /run/dbus/system_bus_socket: No such file or director
10-05 21:44:48 [NAPCAT] resourcesPath: /opt/QQ/resources
10-05 21:44:48 [NAPCAT] [launcher] intercepted package.json: /opt/QQ/resources/app/package.json, replacing content
10-05 21:44:48 [NAPCAT] [launcher] Generated relative path: ../../../../root
10-05 21:44:48 [NAPCAT] [launcher] New main field: "main": "../../../../root/loadNapCat.js"
10-05 21:44:48 [NAPCAT] [launcher] package.json content: {
10-05 21:44:48 [NAPCAT]   "name": "QQ",
10-05 21:44:48 [NAPCAT]   "version": "3.2.33-52892",
10-05 21:44:48 [NAPCAT]   "private": true,
10-05 21:44:48 [NAPCAT]   "description": "QQ",
10-05 21:44:48 [NAPCAT]   "productName": "QQ",
10-05 21:44:48 [NAPCAT]   "author": {
10-05 21:44:48 [NAPCAT]     "name": "Tencent",
10-05 21:44:48 [NAPCAT]     "email": "QQ-Team@tencent.com"
10-05 21:44:48 [NAPCAT]   },
10-05 21:44:48 [NAPCAT]   "homepage": "https://im.qq.com",
10-05 21:44:48 [NAPCAT]   "sideEffects": true,
10-05 21:44:48 [NAPCAT]   "bin": {
10-05 21:44:48 [NAPCAT]     "qd": "externals/devtools/cli/index.js"
10-05 21:44:48 [NAPCAT]   },
10-05 21:44:48 [NAPCAT]   "appid": {
10-05 21:44:48 [NAPCAT]     "win32": "537382716",
10-05 21:44:48 [NAPCAT]     "darwin": "537382742",
10-05 21:44:49 [NAPCAT]     "linux": "537382753",
10-05 21:44:49 [NAPCAT]     "ohos": "5373141859"
10-05 21:44:49 [NAPCAT]   },
10-05 21:44:49 [NAPCAT]   "main": "../../../../root/loadNapCat.js",
10-05 21:44:49 [NAPCAT]   "peerDependenciesMeta": {
10-05 21:44:49 [NAPCAT]     "*": {
10-05 21:44:49 [NAPCAT]       "optional": true
10-05 21:44:49 [NAPCAT]     }
10-05 21:44:49 [NAPCAT]   },
10-05 21:44:49 [NAPCAT]   "pnpm": {
10-05 21:44:49 [NAPCAT]     "patchedDependencies": {
10-05 21:44:49 [NAPCAT]       "@vue/runtime-dom@3.5.12": "patches/@vue__runtime-dom@3.5.12.patch",
10-05 21:44:49 [NAPCAT]       "@swc/helpers@0.5.3": "patches/@swc__helpers@0.5.3.patch",
10-05 21:44:49 [NAPCAT]       "vuex@4.1.0": "patches/vuex@4.1.0.patch",
10-05 21:44:49 [NAPCAT]       "typescript-parser@2.6.1": "patches/typescript-parser@2.6.1.patch",
10-05 21:44:49 [NAPCAT]       "@tencent/qqplay-downloadsdk": "patches/@tencent__qqplay-downloadsdk.patch",
10-05 21:44:49 [NAPCAT]       "@tencent/universal-report@4.5.4": "patches/@tencent__universal-report@4.5.4.patch",
10-05 21:44:49 [NAPCAT]       "typescript@7.0.2": "patches/typescript@7.0.2.patch"
10-05 21:44:49 [NAPCAT]     },
10-05 21:44:49 [NAPCAT]     "packageExtensions": {
10-05 21:44:49 [NAPCAT]       "qute": {
10-05 21:44:49 [NAPCAT]         "dependencies": {},
10-05 21:44:49 [NAPCAT]         "devDependencies": {}
10-05 21:44:49 [NAPCAT]       }
10-05 21:44:49 [NAPCAT]     },
10-05 21:44:49 [NAPCAT]     "overrides": {
10-05 21:44:49 [NAPCAT]       "@types/react": "-",
10-05 21:44:49 [NAPCAT]       "@types/react-dom": "-",
10-05 21:44:49 [NAPCAT]       "@tencent/yuanbao-react-markdown>@types/hast": "-",
10-05 21:44:49 [NAPCAT]       "@tencent/yuanbao-react-markdown>devlop": "-",
10-05 21:44:49 [NAPCAT]       "@tencent/yuanbao-react-markdown>hast-util-to-jsx-runtime": "-",
10-05 21:44:49 [NAPCAT]       "@tencent/yuanbao-react-markdown>html-url-attributes": "-",
10-05 21:44:49 [NAPCAT]       "@tencent/yuanbao-react-markdown>mdast-util-to-hast": "-",
10-05 21:44:49 [NAPCAT]       "@tencent/yuanbao-react-markdown>rehype-parse": "-",
10-05 21:44:49 [NAPCAT]       "@tencent/yuanbao-react-markdown>rehype-stringify": "-",
10-05 21:44:49 [NAPCAT]       "@tencent/yuanbao-react-markdown>remark-parse": "-",
10-05 21:44:49 [NAPCAT]       "@tencent/yuanbao-react-markdown>remark-rehype": "-",
10-05 21:44:49 [NAPCAT]       "@tencent/yuanbao-react-markdown>unified": "-",
10-05 21:44:49 [NAPCAT]       "@tencent/yuanbao-react-markdown>unist-util-visit": "-",
10-05 21:44:49 [NAPCAT]       "@tencent/yuanbao-react-markdown>vfile": "-",
10-05 21:44:49 [NAPCAT]       "@types/d3-dispatch": "3.0.6"
10-05 21:44:49 [NAPCAT]     }
10-05 21:44:49 [NAPCAT]   },
10-05 21:44:49 [NAPCAT]   "buildVersion": "52892",
10-05 21:44:49 [NAPCAT]   "platform": "linux",
10-05 21:44:49 [NAPCAT]   "eleArch": "arm64",
10-05 21:44:49 [NAPCAT]   "linuxFormat": "deb"
10-05 21:44:49 [NAPCAT] }
10-05 21:44:50 [NAPCAT] [16260:1005/214450.071904:ERROR:dbus/bus.cc:406] Failed to connect to the bus: Could not parse server address: Unknown address type (examples of valid types are
10-05 21:44:50 [NAPCAT] [16260:1005/214450.072212:ERROR:dbus/bus.cc:406] Failed to connect to the bus: Could not parse server address: Unknown address type (examples of valid types are
10-05 21:44:50 [NAPCAT] [16260:1005/214450.072527:ERROR:net/base/address_tracker_linux.cc:242] Could not bind NETLINK socket: Permission denied (13)
10-05 21:44:50 [NAPCAT] [16260:1005/214450.072834:ERROR:base/files/file_path_watcher_inotify.cc:923] Failed to read /proc/sys/fs/inotify/max_user_watches
10-05 21:44:50 [NAPCAT] [16260:1005/214450.072956:ERROR:dbus/bus.cc:406] Failed to connect to the bus: Failed to connect to socket /run/dbus/system_bus_socket: No such file or director
10-05 21:44:50 [NAPCAT] [16260:1005/214450.073466:ERROR:dbus/bus.cc:406] Failed to connect to the bus: Failed to connect to socket /run/dbus/system_bus_socket: No such file or director
10-05 21:44:50 [NAPCAT] [16260:1005/214450.110486:ERROR:device/udev_linux/udev_watcher.cc:51] Failed to initialize a udev monitor.
10-05 21:44:50 [NAPCAT] [16260:1005/214450.133710:ERROR:dbus/object_proxy.cc:573] Failed to call method: org.freedesktop.DBus.NameHasOwner: object_path= /org/freedesktop/DBus: unknown 
10-05 21:44:50 [NAPCAT] [16260:1005/214450.133836:ERROR:dbus/object_proxy.cc:573] Failed to call method: org.freedesktop.DBus.NameHasOwner: object_path= /org/freedesktop/DBus: unknown 
10-05 21:44:50 [NAPCAT] [16260:1005/214450.134520:ERROR:dbus/bus.cc:406] Failed to connect to the bus: Could not parse server address: Unknown address type (examples of valid types are
10-05 21:44:50 [NAPCAT] [16260:1005/214450.134563:ERROR:dbus/bus.cc:406] Failed to connect to the bus: Could not parse server address: Unknown address type (examples of valid types are
10-05 21:44:50 [NAPCAT] [16260:1005/214450.134579:ERROR:dbus/object_proxy.cc:573] Failed to call method: org.freedesktop.DBus.NameHasOwner: object_path= /org/freedesktop/DBus: unknown 
10-05 21:44:50 [NAPCAT] [16260:1005/214450.145192:ERROR:dbus/object_proxy.cc:573] Failed to call method: org.freedesktop.DBus.NameHasOwner: object_path= /org/freedesktop/DBus: unknown 
10-05 21:44:50 [NAPCAT] [16736:1005/214450.274832:ERROR:base/files/file_path_watcher_inotify.cc:923] Failed to read /proc/sys/fs/inotify/max_user_watches
10-05 21:44:50 [NAPCAT] [launcher] loadNapCat.js generated in current directory
10-05 21:44:50 [NAPCAT] [16734:1005/214450.366298:ERROR:net/base/address_tracker_linux.cc:242] Could not bind NETLINK socket: Permission denied (13)
10-05 21:44:50 [NAPCAT] [16734:1005/214450.366525:ERROR:base/files/file_path_watcher_inotify.cc:923] Failed to read /proc/sys/fs/inotify/max_user_watches
10-05 21:44:50 [NAPCAT] [16717:1005/214450.675572:ERROR:ui/gl/angle_platform_impl.cc:42] Display.cpp:1097 (initialize): ANGLE Display::initialize error 12289: GLX is not present.
10-05 21:44:50 [NAPCAT] ERR: Display.cpp:1097 (initialize): ANGLE Display::initialize error 12289: GLX is not present.
10-05 21:44:50 [NAPCAT] [16717:1005/214450.675947:ERROR:ui/gl/egl_util.cc:92] EGL Driver message (Critical) eglInitialize: GLX is not present.
10-05 21:44:50 [NAPCAT] [16717:1005/214450.676237:ERROR:ui/gl/gl_display.cc:639] eglInitialize OpenGL failed with error EGL_NOT_INITIALIZED, trying next display type
10-05 21:44:50 [NAPCAT] [16717:1005/214450.676665:ERROR:ui/gl/angle_platform_impl.cc:42] Display.cpp:1097 (initialize): ANGLE Display::initialize error 12289: GLX is not present.
10-05 21:44:50 [NAPCAT] ERR: Display.cpp:1097 (initialize): ANGLE Display::initialize error 12289: GLX is not present.
10-05 21:44:50 [NAPCAT] [16717:1005/214450.677009:ERROR:ui/gl/egl_util.cc:92] EGL Driver message (Critical) eglInitialize: GLX is not present.
10-05 21:44:50 [NAPCAT] [16717:1005/214450.677524:ERROR:ui/gl/gl_display.cc:639] eglInitialize OpenGLES failed with error EGL_NOT_INITIALIZED
10-05 21:44:50 [NAPCAT] [16717:1005/214450.678032:ERROR:ui/gl/gl_display.cc:674] Initialization of all EGL display types failed.
10-05 21:44:50 [NAPCAT] [16717:1005/214450.679043:ERROR:ui/ozone/common/gl_ozone_egl.cc:26] GLDisplayEGL::Initialize failed.
10-05 21:44:50 [NAPCAT] [16717:1005/214450.941774:ERROR:ui/gl/angle_platform_impl.cc:42] Display.cpp:1097 (initialize): ANGLE Display::initialize error 12289: GLX is not present.
10-05 21:44:50 [NAPCAT] ERR: Display.cpp:1097 (initialize): ANGLE Display::initialize error 12289: GLX is not present.
10-05 21:44:51 [NAPCAT] [16717:1005/214450.942185:ERROR:ui/gl/egl_util.cc:92] EGL Driver message (Critical) eglInitialize: GLX is not present.
10-05 21:44:51 [NAPCAT] [16717:1005/214450.943090:ERROR:ui/gl/gl_display.cc:639] eglInitialize OpenGL failed with error EGL_NOT_INITIALIZED, trying next display type
10-05 21:44:51 [NAPCAT] [16717:1005/214450.944184:ERROR:ui/gl/angle_platform_impl.cc:42] Display.cpp:1097 (initialize): ANGLE Display::initialize error 12289: GLX is not present.
10-05 21:44:51 [NAPCAT] ERR: Display.cpp:1097 (initialize): ANGLE Display::initialize error 12289: GLX is not present.
10-05 21:44:51 [NAPCAT] [16717:1005/214450.944494:ERROR:ui/gl/egl_util.cc:92] EGL Driver message (Critical) eglInitialize: GLX is not present.
10-05 21:44:51 [NAPCAT] [16717:1005/214450.944683:ERROR:ui/gl/gl_display.cc:639] eglInitialize OpenGLES failed with error EGL_NOT_INITIALIZED
10-05 21:44:51 [NAPCAT] [16717:1005/214450.945180:ERROR:ui/gl/gl_display.cc:674] Initialization of all EGL display types failed.
10-05 21:44:51 [NAPCAT] [16717:1005/214450.945749:ERROR:ui/ozone/common/gl_ozone_egl.cc:26] GLDisplayEGL::Initialize failed.
10-05 21:44:51 [NAPCAT] [16717:1005/214450.958000:ERROR:components/viz/service/main/viz_main_impl.cc:189] Exiting GPU process due to errors during initialization
10-05 21:44:51 [NAPCAT] NapCat Shell App Loading...
10-05 21:44:51 [NAPCAT] [launcher] intercepted package.json: /opt/QQ/resources/app/package.json, replacing content
10-05 21:44:51 [NAPCAT] [launcher] Generated relative path: ../../../../root
10-05 21:44:51 [NAPCAT] [launcher] New main field: "main": "../../../../root/loadNapCat.js"
10-05 21:44:51 [NAPCAT] [launcher] package.json content: {
10-05 21:44:51 [NAPCAT]   "name": "QQ",
10-05 21:44:51 [NAPCAT]   "version": "3.2.33-52892",
10-05 21:44:51 [NAPCAT]   "private": true,
10-05 21:44:51 [NAPCAT]   "description": "QQ",
10-05 21:44:51 [NAPCAT]   "productName": "QQ",
10-05 21:44:51 [NAPCAT]   "author": {
10-05 21:44:51 [NAPCAT]     "name": "Tencent",
10-05 21:44:51 [NAPCAT]     "email": "QQ-Team@tencent.com"
10-05 21:44:52 [NAPCAT]   },
10-05 21:44:52 [NAPCAT]   "homepage": "https://im.qq.com",
10-05 21:44:52 [NAPCAT]   "sideEffects": true,
10-05 21:44:52 [NAPCAT]   "bin": {
10-05 21:44:52 [NAPCAT]     "qd": "externals/devtools/cli/index.js"
10-05 21:44:52 [NAPCAT]   },
10-05 21:44:52 [NAPCAT]   "appid": {
10-05 21:44:52 [NAPCAT]     "win32": "537382716",
10-05 21:44:52 [NAPCAT]     "darwin": "537382742",
10-05 21:44:52 [NAPCAT]     "linux": "537382753",
10-05 21:44:52 [NAPCAT]     "ohos": "5373141859"
10-05 21:44:52 [NAPCAT]   },
10-05 21:44:52 [NAPCAT]   "main": "../../../../root/loadNapCat.js",
10-05 21:44:52 [NAPCAT]   "peerDependenciesMeta": {
10-05 21:44:52 [NAPCAT]     "*": {
10-05 21:44:52 [NAPCAT]       "optional": true
10-05 21:44:52 [NAPCAT]     }
10-05 21:44:52 [NAPCAT]   },
10-05 21:44:52 [NAPCAT]   "pnpm": {
10-05 21:44:52 [NAPCAT]     "patchedDependencies": {
10-05 21:44:52 [NAPCAT]       "@vue/runtime-dom@3.5.12": "patches/@vue__runtime-dom@3.5.12.patch",
10-05 21:44:52 [NAPCAT]       "@swc/helpers@0.5.3": "patches/@swc__helpers@0.5.3.patch",
10-05 21:44:52 [NAPCAT]       "vuex@4.1.0": "patches/vuex@4.1.0.patch",
10-05 21:44:52 [NAPCAT]       "typescript-parser@2.6.1": "patches/typescript-parser@2.6.1.patch",
10-05 21:44:52 [NAPCAT]       "@tencent/qqplay-downloadsdk": "patches/@tencent__qqplay-downloadsdk.patch",
10-05 21:44:52 [NAPCAT]       "@tencent/universal-report@4.5.4": "patches/@tencent__universal-report@4.5.4.patch",
10-05 21:44:52 [NAPCAT]       "typescript@7.0.2": "patches/typescript@7.0.2.patch"
10-05 21:44:52 [NAPCAT]     },
10-05 21:44:52 [NAPCAT]     "packageExtensions": {
10-05 21:44:52 [NAPCAT]       "qute": {
10-05 21:44:52 [NAPCAT]         "dependencies": {},
10-05 21:44:52 [NAPCAT]         "devDependencies": {}
10-05 21:44:52 [NAPCAT]       }
10-05 21:44:52 [NAPCAT]     },
10-05 21:44:52 [NAPCAT]     "overrides": {
10-05 21:44:52 [NAPCAT]       "@types/react": "-",
10-05 21:44:52 [NAPCAT]       "@types/react-dom": "-",
10-05 21:44:52 [NAPCAT]       "@tencent/yuanbao-react-markdown>@types/hast": "-",
10-05 21:44:52 [NAPCAT]       "@tencent/yuanbao-react-markdown>devlop": "-",
10-05 21:44:52 [NAPCAT]       "@tencent/yuanbao-react-markdown>hast-util-to-jsx-runtime": "-",
10-05 21:44:52 [NAPCAT]       "@tencent/yuanbao-react-markdown>html-url-attributes": "-",
10-05 21:44:53 [NAPCAT]       "@tencent/yuanbao-react-markdown>mdast-util-to-hast": "-",
10-05 21:44:53 [NAPCAT]       "@tencent/yuanbao-react-markdown>rehype-parse": "-",
10-05 21:44:53 [NAPCAT]       "@tencent/yuanbao-react-markdown>rehype-stringify": "-",
10-05 21:44:53 [NAPCAT]       "@tencent/yuanbao-react-markdown>remark-parse": "-",
10-05 21:44:53 [NAPCAT]       "@tencent/yuanbao-react-markdown>remark-rehype": "-",
10-05 21:44:53 [NAPCAT]       "@tencent/yuanbao-react-markdown>unified": "-",
10-05 21:44:53 [NAPCAT]       "@tencent/yuanbao-react-markdown>unist-util-visit": "-",
10-05 21:44:53 [NAPCAT]       "@tencent/yuanbao-react-markdown>vfile": "-",
10-05 21:44:53 [NAPCAT]       "@types/d3-dispatch": "3.0.6"
10-05 21:44:53 [NAPCAT]     }
10-05 21:44:53 [NAPCAT]   },
10-05 21:44:53 [NAPCAT]   "buildVersion": "52892",
10-05 21:44:53 [NAPCAT]   "platform": "linux",
10-05 21:44:53 [NAPCAT]   "eleArch": "arm64",
10-05 21:44:53 [NAPCAT]   "linuxFormat": "deb"
10-05 21:44:53 [NAPCAT] }
10-05 21:44:53 [NAPCAT] prepare write and writev hooks
10-05 21:44:53 [NAPCAT] 10-05 21:44:51 [info] [PacketHandler] 加载成功
10-05 21:44:53 [NAPCAT] 10-05 21:44:51 [info] [Napi2NativeLoader] 加载成功
10-05 21:44:53 [NAPCAT] 10-05 21:44:51 [info] [FFmpeg] 检查 Native Addon 可用性...
10-05 21:44:53 [NAPCAT] 10-05 21:44:51 [info] [FFmpeg] ✓ 使用 Native Addon 适配器
10-05 21:44:53 [NAPCAT] 10-05 21:44:51 [info] [PacketHandler] 初始化成功
10-05 21:44:53 [NAPCAT] 10-05 21:44:51 [info] [NapCat] [Core] NapCat.Core Version: 4.18.28
10-05 21:44:53 [NAPCAT] [I] <MemoryFile.cpp:98::open> open fd[0x23], /root/.config/QQ/nt_qq/global/nt_data/mmkv/nt_mmkv_global_misc
10-05 21:44:53 [NAPCAT] [I] <MemoryFile.cpp:98::open> open fd[0x27], /root/.config/QQ/nt_qq/global/nt_data/mmkv/nt_mmkv_global_misc.crc
10-05 21:44:53 [NAPCAT] [I] <MMKV_IO.cpp:213::loadMetaInfoAndCheck> meta file [nt_mmkv_global_misc] has flag [0]
10-05 21:44:53 [NAPCAT] [I] <MMKV.cpp:233::initializeMMKV> root dir: /root/.config/QQ/nt_qq/global/nt_data/mmkv
10-05 21:44:53 [NAPCAT] [I] <MMKV_IO.cpp:87::loadFromFile> loading [nt_mmkv_global_misc] with 77 actual size, file size 4096, InterProcess 1, meta info version:4
10-05 21:44:53 [NAPCAT] [I] <MMKV_IO.cpp:92::loadFromFile> loading [nt_mmkv_global_misc] with crc 1813886533 sequence 1 version 4
10-05 21:44:53 [NAPCAT] [I] <MMKV_IO.cpp:136::loadFromFile> loaded [nt_mmkv_global_misc] with 2 key-values
10-05 21:44:53 [NAPCAT] [I] <MemoryFile.cpp:98::open> open fd[0x28], /root/.config/QQ/nt_qq/global/nt_data/mmkv/nt_mmkv_o3
10-05 21:44:53 [NAPCAT] [I] <MemoryFile.cpp:98::open> open fd[0x29], /root/.config/QQ/nt_qq/global/nt_data/mmkv/nt_mmkv_o3.crc
10-05 21:44:53 [NAPCAT] [I] <MMKV_IO.cpp:213::loadMetaInfoAndCheck> meta file [nt_mmkv_o3] has flag [0]
10-05 21:44:53 [NAPCAT] [I] <MMKV_IO.cpp:87::loadFromFile> loading [nt_mmkv_o3] with 111 actual size, file size 4096, InterProcess 1, meta info version:4
10-05 21:44:53 [NAPCAT] [I] <MMKV_IO.cpp:92::loadFromFile> loading [nt_mmkv_o3] with crc 3792612646 sequence 1 version 4
10-05 21:44:53 [NAPCAT] [I] <MMKV_IO.cpp:136::loadFromFile> loaded [nt_mmkv_o3] with 2 key-values
10-05 21:44:53 [NAPCAT] 10-05 21:44:52 [error] [NapCat] [UtilityProcess] Worker进程退出，退出码: 11
10-05 21:44:53 [NAPCAT] 10-05 21:44:52 [warn] [NapCat] [UtilityProcess] Worker进程意外退出 (1/3)，正在尝试重新拉起...
10-05 21:44:53 [NAPCAT] [launcher] loadNapCat.js generated in current directory
10-05 21:44:53 [NAPCAT] [17127:1005/214452.398797:ERROR:net/base/address_tracker_linux.cc:242] Could not bind NETLINK socket: Permission denied (13)
10-05 21:44:53 [NAPCAT] [17127:1005/214452.398881:ERROR:base/files/file_path_watcher_inotify.cc:923] Failed to read /proc/sys/fs/inotify/max_user_watches
10-05 21:44:53 [NAPCAT] NapCat Shell App Loading...
10-05 21:44:53 [NAPCAT] [launcher] intercepted package.json: /opt/QQ/resources/app/package.json, replacing content
10-05 21:44:53 [NAPCAT] [launcher] Generated relative path: ../../../../root
10-05 21:44:53 [NAPCAT] [launcher] New main field: "main": "../../../../root/loadNapCat.js"
10-05 21:44:53 [NAPCAT] [launcher] package.json content: {
10-05 21:44:54 [NAPCAT]   "name": "QQ",
10-05 21:44:54 [NAPCAT]   "version": "3.2.33-52892",
10-05 21:44:54 [NAPCAT]   "private": true,
10-05 21:44:54 [NAPCAT]   "description": "QQ",
10-05 21:44:54 [NAPCAT]   "productName": "QQ",
10-05 21:44:54 [NAPCAT]   "author": {
10-05 21:44:54 [NAPCAT]     "name": "Tencent",
10-05 21:44:54 [NAPCAT]     "email": "QQ-Team@tencent.com"
10-05 21:44:54 [NAPCAT]   },
10-05 21:44:54 [NAPCAT]   "homepage": "https://im.qq.com",
10-05 21:44:54 [NAPCAT]   "sideEffects": true,
10-05 21:44:54 [NAPCAT]   "bin": {
10-05 21:44:54 [NAPCAT]     "qd": "externals/devtools/cli/index.js"
10-05 21:44:54 [NAPCAT]   },
10-05 21:44:54 [NAPCAT]   "appid": {
10-05 21:44:54 [NAPCAT]     "win32": "537382716",
10-05 21:44:54 [NAPCAT]     "darwin": "537382742",
10-05 21:44:54 [NAPCAT]     "linux": "537382753",
10-05 21:44:54 [NAPCAT]     "ohos": "5373141859"
10-05 21:44:54 [NAPCAT]   },
10-05 21:44:54 [NAPCAT]   "main": "../../../../root/loadNapCat.js",
10-05 21:44:54 [NAPCAT]   "peerDependenciesMeta": {
10-05 21:44:54 [NAPCAT]     "*": {
10-05 21:44:54 [NAPCAT]       "optional": true
10-05 21:44:54 [NAPCAT]     }
10-05 21:44:54 [NAPCAT]   },
10-05 21:44:54 [NAPCAT]   "pnpm": {
10-05 21:44:54 [NAPCAT]     "patchedDependencies": {
10-05 21:44:54 [NAPCAT]       "@vue/runtime-dom@3.5.12": "patches/@vue__runtime-dom@3.5.12.patch",
10-05 21:44:54 [NAPCAT]       "@swc/helpers@0.5.3": "patches/@swc__helpers@0.5.3.patch",
10-05 21:44:54 [NAPCAT]       "vuex@4.1.0": "patches/vuex@4.1.0.patch",
10-05 21:44:54 [NAPCAT]       "typescript-parser@2.6.1": "patches/typescript-parser@2.6.1.patch",
10-05 21:44:54 [NAPCAT]       "@tencent/qqplay-downloadsdk": "patches/@tencent__qqplay-downloadsdk.patch",
10-05 21:44:54 [NAPCAT]       "@tencent/universal-report@4.5.4": "patches/@tencent__universal-report@4.5.4.patch",
10-05 21:44:54 [NAPCAT]       "typescript@7.0.2": "patches/typescript@7.0.2.patch"
10-05 21:44:54 [NAPCAT]     },
10-05 21:44:54 [NAPCAT]     "packageExtensions": {
10-05 21:44:54 [NAPCAT]       "qute": {
10-05 21:44:54 [NAPCAT]         "dependencies": {},
10-05 21:44:54 [NAPCAT]         "devDependencies": {}
10-05 21:44:54 [NAPCAT]       }
10-05 21:44:54 [NAPCAT]     },
10-05 21:44:54 [NAPCAT]     "overrides": {
10-05 21:44:54 [NAPCAT]       "@types/react": "-",
10-05 21:44:54 [NAPCAT]       "@types/react-dom": "-",
10-05 21:44:54 [NAPCAT]       "@tencent/yuanbao-react-markdown>@types/hast": "-",
10-05 21:44:54 [NAPCAT]       "@tencent/yuanbao-react-markdown>devlop": "-",
10-05 21:44:55 [NAPCAT]       "@tencent/yuanbao-react-markdown>hast-util-to-jsx-runtime": "-",
10-05 21:44:55 [NAPCAT]       "@tencent/yuanbao-react-markdown>html-url-attributes": "-",
10-05 21:44:55 [NAPCAT]       "@tencent/yuanbao-react-markdown>mdast-util-to-hast": "-",
10-05 21:44:55 [NAPCAT]       "@tencent/yuanbao-react-markdown>rehype-parse": "-",
10-05 21:44:55 [NAPCAT]       "@tencent/yuanbao-react-markdown>rehype-stringify": "-",
10-05 21:44:55 [NAPCAT]       "@tencent/yuanbao-react-markdown>remark-parse": "-",
10-05 21:44:55 [NAPCAT]       "@tencent/yuanbao-react-markdown>remark-rehype": "-",
10-05 21:44:55 [NAPCAT]       "@tencent/yuanbao-react-markdown>unified": "-",
10-05 21:44:55 [NAPCAT]       "@tencent/yuanbao-react-markdown>unist-util-visit": "-",
10-05 21:44:55 [NAPCAT]       "@tencent/yuanbao-react-markdown>vfile": "-",
10-05 21:44:55 [NAPCAT]       "@types/d3-dispatch": "3.0.6"
10-05 21:44:55 [NAPCAT]     }
10-05 21:44:55 [NAPCAT]   },
10-05 21:44:55 [NAPCAT]   "buildVersion": "52892",
10-05 21:44:55 [NAPCAT]   "platform": "linux",
10-05 21:44:55 [NAPCAT]   "eleArch": "arm64",
10-05 21:44:55 [NAPCAT]   "linuxFormat": "deb"
10-05 21:44:55 [NAPCAT] }
10-05 21:44:55 [NAPCAT] prepare write and writev hooks
10-05 21:44:55 [NAPCAT] 10-05 21:44:53 [info] [PacketHandler] 加载成功
10-05 21:44:55 [NAPCAT] 10-05 21:44:53 [info] [Napi2NativeLoader] 加载成功
10-05 21:44:55 [NAPCAT] 10-05 21:44:53 [info] [FFmpeg] 检查 Native Addon 可用性...
10-05 21:44:55 [NAPCAT] 10-05 21:44:53 [info] [FFmpeg] ✓ 使用 Native Addon 适配器
10-05 21:44:55 [NAPCAT] 10-05 21:44:53 [info] [PacketHandler] 初始化成功
10-05 21:44:55 [NAPCAT] 10-05 21:44:53 [info] [NapCat] [Core] NapCat.Core Version: 4.18.28
10-05 21:44:55 [NAPCAT] [I] <MemoryFile.cpp:98::open> open fd[0x26], /root/.config/QQ/nt_qq/global/nt_data/mmkv/nt_mmkv_global_misc
10-05 21:44:55 [NAPCAT] [I] <MemoryFile.cpp:98::open> open fd[0x27], /root/.config/QQ/nt_qq/global/nt_data/mmkv/nt_mmkv_global_misc.crc
10-05 21:44:55 [NAPCAT] [I] <MMKV_IO.cpp:213::loadMetaInfoAndCheck> meta file [nt_mmkv_global_misc] has flag [0]
10-05 21:44:55 [NAPCAT] [I] <MMKV_IO.cpp:87::loadFromFile> loading [nt_mmkv_global_misc] with 77 actual size, file size 4096, InterProcess 1, meta info version:4
10-05 21:44:55 [NAPCAT] [I] <MMKV_IO.cpp:92::loadFromFile> loading [nt_mmkv_global_misc] with crc 1813886533 sequence 1 version 4
10-05 21:44:55 [NAPCAT] [I] <MMKV_IO.cpp:136::loadFromFile> loaded [nt_mmkv_global_misc] with 2 key-values
10-05 21:44:55 [NAPCAT] [I] <MMKV.cpp:233::initializeMMKV> root dir: /root/.config/QQ/nt_qq/global/nt_data/mmkv
10-05 21:44:55 [NAPCAT] [I] <MemoryFile.cpp:98::open> open fd[0x28], /root/.config/QQ/nt_qq/global/nt_data/mmkv/nt_mmkv_o3
10-05 21:44:55 [NAPCAT] [I] <MemoryFile.cpp:98::open> open fd[0x29], /root/.config/QQ/nt_qq/global/nt_data/mmkv/nt_mmkv_o3.crc
10-05 21:44:55 [NAPCAT] [I] <MMKV_IO.cpp:213::loadMetaInfoAndCheck> meta file [nt_mmkv_o3] has flag [0]
10-05 21:44:55 [NAPCAT] [I] <MMKV_IO.cpp:87::loadFromFile> loading [nt_mmkv_o3] with 111 actual size, file size 4096, InterProcess 1, meta info version:4
10-05 21:44:55 [NAPCAT] [I] <MMKV_IO.cpp:92::loadFromFile> loading [nt_mmkv_o3] with crc 3792612646 sequence 1 version 4
10-05 21:44:55 [NAPCAT] [I] <MMKV_IO.cpp:136::loadFromFile> loaded [nt_mmkv_o3] with 2 key-values
10-05 21:44:56 [NAPCAT] 10-05 21:44:54 [error] [NapCat] [UtilityProcess] Worker进程退出，退出码: 11
10-05 21:44:56 [NAPCAT] 10-05 21:44:54 [warn] [NapCat] [UtilityProcess] Worker进程意外退出 (2/3)，正在尝试重新拉起...
10-05 21:44:56 [NAPCAT] [launcher] loadNapCat.js generated in current directory
10-05 21:44:56 [NAPCAT] [17637:1005/214454.391381:ERROR:base/files/file_path_watcher_inotify.cc:923] Failed to read /proc/sys/fs/inotify/max_user_watches
10-05 21:44:56 [NAPCAT] [17637:1005/214454.392359:ERROR:net/base/address_tracker_linux.cc:242] Could not bind NETLINK socket: Permission denied (13)
10-05 21:44:56 [NAPCAT] NapCat Shell App Loading...
10-05 21:44:56 [NAPCAT] [launcher] intercepted package.json: /opt/QQ/resources/app/package.json, replacing content
10-05 21:44:56 [NAPCAT] [launcher] Generated relative path: ../../../../root
10-05 21:44:56 [NAPCAT] [launcher] New main field: "main": "../../../../root/loadNapCat.js"
10-05 21:44:56 [NAPCAT] [launcher] package.json content: {
10-05 21:44:56 [NAPCAT]   "name": "QQ",
10-05 21:44:56 [NAPCAT]   "version": "3.2.33-52892",
10-05 21:44:56 [NAPCAT]   "private": true,
10-05 21:44:56 [NAPCAT]   "description": "QQ",
10-05 21:44:56 [NAPCAT]   "productName": "QQ",
10-05 21:44:56 [NAPCAT]   "author": {
10-05 21:44:56 [NAPCAT]     "name": "Tencent",
10-05 21:44:56 [NAPCAT]     "email": "QQ-Team@tencent.com"
10-05 21:44:56 [NAPCAT]   },
10-05 21:44:56 [NAPCAT]   "homepage": "https://im.qq.com",
10-05 21:44:56 [NAPCAT]   "sideEffects": true,
10-05 21:44:56 [NAPCAT]   "bin": {
10-05 21:44:56 [NAPCAT]     "qd": "externals/devtools/cli/index.js"
10-05 21:44:56 [NAPCAT]   },
10-05 21:44:56 [NAPCAT]   "appid": {
10-05 21:44:56 [NAPCAT]     "win32": "537382716",
10-05 21:44:56 [NAPCAT]     "darwin": "537382742",
10-05 21:44:57 [NAPCAT]     "linux": "537382753",
10-05 21:44:57 [NAPCAT]     "ohos": "5373141859"
10-05 21:44:57 [NAPCAT]   },
10-05 21:44:57 [NAPCAT]   "main": "../../../../root/loadNapCat.js",
10-05 21:44:57 [NAPCAT]   "peerDependenciesMeta": {
10-05 21:44:57 [NAPCAT]     "*": {
10-05 21:44:57 [NAPCAT]       "optional": true
10-05 21:44:57 [NAPCAT]     }
10-05 21:44:57 [NAPCAT]   },
10-05 21:44:57 [NAPCAT]   "pnpm": {
10-05 21:44:57 [NAPCAT]     "patchedDependencies": {
10-05 21:44:57 [NAPCAT]       "@vue/runtime-dom@3.5.12": "patches/@vue__runtime-dom@3.5.12.patch",
10-05 21:44:57 [NAPCAT]       "@swc/helpers@0.5.3": "patches/@swc__helpers@0.5.3.patch",
10-05 21:44:57 [NAPCAT]       "vuex@4.1.0": "patches/vuex@4.1.0.patch",
10-05 21:44:57 [NAPCAT]       "typescript-parser@2.6.1": "patches/typescript-parser@2.6.1.patch",
10-05 21:44:57 [NAPCAT]       "@tencent/qqplay-downloadsdk": "patches/@tencent__qqplay-downloadsdk.patch",
10-05 21:44:57 [NAPCAT]       "@tencent/universal-report@4.5.4": "patches/@tencent__universal-report@4.5.4.patch",
10-05 21:44:57 [NAPCAT]       "typescript@7.0.2": "patches/typescript@7.0.2.patch"
10-05 21:44:57 [NAPCAT]     },
10-05 21:44:57 [NAPCAT]     "packageExtensions": {
10-05 21:44:57 [NAPCAT]       "qute": {
10-05 21:44:57 [NAPCAT]         "dependencies": {},
10-05 21:44:57 [NAPCAT]         "devDependencies": {}
10-05 21:44:57 [NAPCAT]       }
10-05 21:44:57 [NAPCAT]     },
10-05 21:44:57 [NAPCAT]     "overrides": {
10-05 21:44:57 [NAPCAT]       "@types/react": "-",
10-05 21:44:57 [AstrBot Android] 检测到 NapCat 崩溃（主进程退出）——立即执行自愈重启（第 1 轮；阶梯级别按崩溃计数自动升级）
10-05 21:44:57 [NAPCAT]       "@types/react-dom": "-",
10-05 21:44:58 [NAPCAT]       "@tencent/yuanbao-react-markdown>@types/hast": "-",
10-05 21:44:58 [NAPCAT]       "@tencent/yuanbao-react-markdown>devlop": "-",
10-05 21:44:58 [NAPCAT]       "@tencent/yuanbao-react-markdown>hast-util-to-jsx-runtime": "-",
10-05 21:44:58 [NAPCAT]       "@tencent/yuanbao-react-markdown>html-url-attributes": "-",
10-05 21:44:58 [NAPCAT]       "@tencent/yuanbao-react-markdown>mdast-util-to-hast": "-",
10-05 21:44:58 [NAPCAT]       "@tencent/yuanbao-react-markdown>rehype-parse": "-",
10-05 21:44:58 [NAPCAT]       "@tencent/yuanbao-react-markdown>rehype-stringify": "-",
10-05 21:44:58 [NAPCAT]       "@tencent/yuanbao-react-markdown>remark-parse": "-",
10-05 21:44:58 [NAPCAT]       "@tencent/yuanbao-react-markdown>remark-rehype": "-",
10-05 21:44:58 [NAPCAT]       "@tencent/yuanbao-react-markdown>unified": "-",
10-05 21:44:58 [NAPCAT]       "@tencent/yuanbao-react-markdown>unist-util-visit": "-",
10-05 21:44:58 [NAPCAT]       "@tencent/yuanbao-react-markdown>vfile": "-",
10-05 21:44:58 [NAPCAT]       "@types/d3-dispatch": "3.0.6"
10-05 21:44:58 [NAPCAT]     }
10-05 21:44:58 [NAPCAT]   },
10-05 21:44:58 [NAPCAT]   "buildVersion": "52892",
10-05 21:44:58 [NAPCAT]   "platform": "linux",
10-05 21:44:58 [NAPCAT]   "eleArch": "arm64",
10-05 21:44:58 [NAPCAT]   "linuxFormat": "deb"
10-05 21:44:58 [NAPCAT] }
10-05 21:44:58 [NAPCAT] prepare write and writev hooks
10-05 21:44:58 [NAPCAT] 10-05 21:44:55 [info] [PacketHandler] 加载成功
10-05 21:44:58 [NAPCAT] 10-05 21:44:55 [info] [Napi2NativeLoader] 加载成功
10-05 21:44:58 [NAPCAT] 10-05 21:44:55 [info] [FFmpeg] 检查 Native Addon 可用性...
10-05 21:44:58 [NAPCAT] 10-05 21:44:55 [info] [FFmpeg] ✓ 使用 Native Addon 适配器
10-05 21:44:58 [NAPCAT] 10-05 21:44:55 [info] [PacketHandler] 初始化成功
10-05 21:44:58 [NAPCAT] 10-05 21:44:55 [info] [NapCat] [Core] NapCat.Core Version: 4.18.28
10-05 21:44:59 [NAPCAT] [I] <MemoryFile.cpp:98::open> open fd[0x26], /root/.config/QQ/nt_qq/global/nt_data/mmkv/nt_mmkv_global_misc.crc
10-05 21:44:59 [NAPCAT] [I] <MMKV_IO.cpp:213::loadMetaInfoAndCheck> meta file [nt_mmkv_global_misc] has flag [0]
10-05 21:44:59 [NAPCAT] [I] <MMKV_IO.cpp:87::loadFromFile> loading [nt_mmkv_global_misc] with 77 actual size, file size 4096, InterProcess 1, meta info version:4
10-05 21:44:59 [NAPCAT] [I] <MMKV.cpp:233::initializeMMKV> root dir: /root/.config/QQ/nt_qq/global/nt_data/mmkv
10-05 21:44:59 [NAPCAT] [I] <MMKV_IO.cpp:92::loadFromFile> loading [nt_mmkv_global_misc] with crc 1813886533 sequence 1 version 4
10-05 21:44:59 [NAPCAT] [I] <MMKV_IO.cpp:136::loadFromFile> loaded [nt_mmkv_global_misc] with 2 key-values
10-05 21:44:59 [NAPCAT] [I] <MemoryFile.cpp:98::open> open fd[0x28], /root/.config/QQ/nt_qq/global/nt_data/mmkv/nt_mmkv_o3
10-05 21:44:59 [NAPCAT] [I] <MemoryFile.cpp:98::open> open fd[0x29], /root/.config/QQ/nt_qq/global/nt_data/mmkv/nt_mmkv_o3.crc
10-05 21:44:59 [NAPCAT] [I] <MMKV_IO.cpp:213::loadMetaInfoAndCheck> meta file [nt_mmkv_o3] has flag [0]
10-05 21:44:59 [NAPCAT] [I] <MMKV_IO.cpp:87::loadFromFile> loading [nt_mmkv_o3] with 111 actual size, file size 4096, InterProcess 1, meta info version:4
10-05 21:44:59 [NAPCAT] [I] <MMKV_IO.cpp:92::loadFromFile> loading [nt_mmkv_o3] with crc 3792612646 sequence 1 version 4
10-05 21:44:59 [NAPCAT] [I] <MMKV_IO.cpp:136::loadFromFile> loaded [nt_mmkv_o3] with 2 key-values
10-05 21:44:59 [NAPCAT] 10-05 21:44:55 [error] [NapCat] [UtilityProcess] Worker进程退出，退出码: 11
10-05 21:44:59 [NAPCAT] 10-05 21:44:55 [error] [NapCat] [UtilityProcess] Worker进程在 10 秒内异常退出 3 次，主进程退出
10-05 21:44:59 [NAPCAT] 10-05 21:44:55 [warn] [NapCat] [UtilityProcess] Worker进程意外退出 (3/3)，正在尝试重新拉起...
10-05 21:44:59 [NAPCAT] 10-05 21:44:55 [error] [NapCat] [UtilityProcess] Worker进程在 10 秒内异常退出 3 次，主进程退出
10-05 21:44:59 [NAPCAT] 10-05 21:44:55 [warn] [NapCat] [UtilityProcess] Worker进程意外退出 (4/3)，正在尝试重新拉起...
10-05 21:44:59 [NAPCAT] [launcher] loadNapCat.js generated in current directory
10-05 21:45:02 [AstrBot Android] 自愈第 1 轮已执行（详见 /root/napcat/watchdog.log；若已进入禁 bypass 态，反检测将保持关闭直至手动恢复）
10-05 21:45:02 [NAPCAT] [launcher] loadNapCat.js generated in current directory
10-05 21:45:02 [NAPCAT] not mini app. 
10-05 21:45:02 [NAPCAT] [launcher] loadNapCat.js generated in current directory
10-05 21:45:02 [NAPCAT] [preload] succeeded. /opt/QQ/resources/app/major.node
10-05 21:45:02 [NAPCAT] [18817:1005/214502.441045:ERROR:base/files/file_path_watcher_inotify.cc:923] Failed to read /proc/sys/fs/inotify/max_user_watches
10-05 21:45:02 [NAPCAT] [launcher] loadNapCat.js generated in current directory
10-05 21:45:02 [NAPCAT] [preload] succeeded. /opt/QQ/resources/app/major.node
10-05 21:45:02 [NAPCAT] [18806:1005/214502.468183:ERROR:dbus/bus.cc:406] Failed to connect to the bus: Failed to connect to socket /run/dbus/system_bus_socket: No such file or director
10-05 21:45:02 [NAPCAT] [18816:1005/214502.479841:ERROR:base/files/file_path_watcher_inotify.cc:923] Failed to read /proc/sys/fs/inotify/max_user_watches
10-05 21:45:02 [NAPCAT] resourcesPath: /opt/QQ/resources
10-05 21:45:02 [NAPCAT] [launcher] intercepted package.json: /opt/QQ/resources/app/package.json, replacing content
10-05 21:45:02 [NAPCAT] [launcher] Generated relative path: ../../../../root
10-05 21:45:02 [NAPCAT] [launcher] New main field: "main": "../../../../root/loadNapCat.js"
10-05 21:45:02 [NAPCAT] [launcher] package.json content: {
10-05 21:45:02 [NAPCAT]   "name": "QQ",
10-05 21:45:02 [NAPCAT]   "version": "3.2.33-52892",
10-05 21:45:02 [NAPCAT]   "private": true,
10-05 21:45:02 [NAPCAT]   "description": "QQ",
10-05 21:45:02 [NAPCAT]   "productName": "QQ",
10-05 21:45:02 [NAPCAT]   "author": {
10-05 21:45:02 [NAPCAT]     "name": "Tencent",
10-05 21:45:02 [NAPCAT]     "email": "QQ-Team@tencent.com"
10-05 21:45:02 [NAPCAT]   },
10-05 21:45:02 [NAPCAT]   "homepage": "https://im.qq.com",
10-05 21:45:02 [NAPCAT]   "sideEffects": true,
10-05 21:45:03 [NAPCAT]   "bin": {
10-05 21:45:03 [NAPCAT]     "qd": "externals/devtools/cli/index.js"
10-05 21:45:03 [NAPCAT]   },
10-05 21:45:03 [NAPCAT]   "appid": {
10-05 21:45:03 [NAPCAT]     "win32": "537382716",
10-05 21:45:03 [NAPCAT]     "darwin": "537382742",
10-05 21:45:03 [NAPCAT]     "linux": "537382753",
10-05 21:45:03 [NAPCAT]     "ohos": "5373141859"
10-05 21:45:03 [NAPCAT]   },
10-05 21:45:03 [NAPCAT]   "main": "../../../../root/loadNapCat.js",
10-05 21:45:03 [NAPCAT]   "peerDependenciesMeta": {
10-05 21:45:03 [NAPCAT]     "*": {
10-05 21:45:03 [NAPCAT]       "optional": true
10-05 21:45:03 [NAPCAT]     }
10-05 21:45:03 [NAPCAT]   },
10-05 21:45:03 [NAPCAT]   "pnpm": {
10-05 21:45:03 [NAPCAT]     "patchedDependencies": {
10-05 21:45:03 [NAPCAT]       "@vue/runtime-dom@3.5.12": "patches/@vue__runtime-dom@3.5.12.patch",
10-05 21:45:03 [NAPCAT]       "@swc/helpers@0.5.3": "patches/@swc__helpers@0.5.3.patch",
10-05 21:45:03 [NAPCAT]       "vuex@4.1.0": "patches/vuex@4.1.0.patch",
10-05 21:45:03 [NAPCAT]       "typescript-parser@2.6.1": "patches/typescript-parser@2.6.1.patch",
10-05 21:45:03 [NAPCAT]       "@tencent/qqplay-downloadsdk": "patches/@tencent__qqplay-downloadsdk.patch",
10-05 21:45:03 [NAPCAT]       "@tencent/universal-report@4.5.4": "patches/@tencent__universal-report@4.5.4.patch",
10-05 21:45:03 [NAPCAT]       "typescript@7.0.2": "patches/typescript@7.0.2.patch"
10-05 21:45:03 [NAPCAT]     },
10-05 21:45:03 [NAPCAT]     "packageExtensions": {
10-05 21:45:03 [NAPCAT]       "qute": {
10-05 21:45:03 [NAPCAT]         "dependencies": {},
10-05 21:45:03 [NAPCAT]         "devDependencies": {}
10-05 21:45:03 [NAPCAT]       }
10-05 21:45:03 [NAPCAT]     },
10-05 21:45:03 [NAPCAT]     "overrides": {
10-05 21:45:03 [NAPCAT]       "@types/react": "-",
10-05 21:45:03 [NAPCAT]       "@types/react-dom": "-",
10-05 21:45:03 [NAPCAT]       "@tencent/yuanbao-react-markdown>@types/hast": "-",
10-05 21:45:03 [NAPCAT]       "@tencent/yuanbao-react-markdown>devlop": "-",
10-05 21:45:03 [NAPCAT]       "@tencent/yuanbao-react-markdown>hast-util-to-jsx-runtime": "-",
10-05 21:45:03 [NAPCAT]       "@tencent/yuanbao-react-markdown>html-url-attributes": "-",
10-05 21:45:03 [NAPCAT]       "@tencent/yuanbao-react-markdown>mdast-util-to-hast": "-",
10-05 21:45:03 [NAPCAT]       "@tencent/yuanbao-react-markdown>rehype-parse": "-",
10-05 21:45:03 [NAPCAT]       "@tencent/yuanbao-react-markdown>rehype-stringify": "-",
10-05 21:45:03 [NAPCAT]       "@tencent/yuanbao-react-markdown>remark-parse": "-",
10-05 21:45:03 [NAPCAT]       "@tencent/yuanbao-react-markdown>remark-rehype": "-",
10-05 21:45:03 [NAPCAT]       "@tencent/yuanbao-react-markdown>unified": "-",
10-05 21:45:03 [NAPCAT]       "@tencent/yuanbao-react-markdown>unist-util-visit": "-",
10-05 21:45:04 [NAPCAT]       "@tencent/yuanbao-react-markdown>vfile": "-",
10-05 21:45:04 [NAPCAT]       "@types/d3-dispatch": "3.0.6"
10-05 21:45:04 [NAPCAT]     }
10-05 21:45:04 [NAPCAT]   },
10-05 21:45:04 [NAPCAT]   "buildVersion": "52892",
10-05 21:45:04 [NAPCAT]   "platform": "linux",
10-05 21:45:04 [NAPCAT]   "eleArch": "arm64",
10-05 21:45:04 [NAPCAT]   "linuxFormat": "deb"
10-05 21:45:04 [NAPCAT] }
10-05 21:45:04 [NAPCAT] [18806:1005/214504.123352:ERROR:dbus/bus.cc:406] Failed to connect to the bus: Could not parse server address: Unknown address type (examples of valid types are
10-05 21:45:04 [NAPCAT] [18806:1005/214504.123443:ERROR:dbus/bus.cc:406] Failed to connect to the bus: Could not parse server address: Unknown address type (examples of valid types are
10-05 21:45:04 [NAPCAT] [18806:1005/214504.124107:ERROR:base/files/file_path_watcher_inotify.cc:923] Failed to read /proc/sys/fs/inotify/max_user_watches
10-05 21:45:04 [NAPCAT] [18806:1005/214504.124312:ERROR:dbus/bus.cc:406] Failed to connect to the bus: Failed to connect to socket /run/dbus/system_bus_socket: No such file or director
10-05 21:45:04 [NAPCAT] [18806:1005/214504.124710:ERROR:net/base/address_tracker_linux.cc:242] Could not bind NETLINK socket: Permission denied (13)
10-05 21:45:04 [NAPCAT] [18806:1005/214504.124809:ERROR:dbus/bus.cc:406] Failed to connect to the bus: Failed to connect to socket /run/dbus/system_bus_socket: No such file or director
10-05 21:45:04 [NAPCAT] [18806:1005/214504.135768:ERROR:device/udev_linux/udev_watcher.cc:51] Failed to initialize a udev monitor.
10-05 21:45:04 [NAPCAT] [18806:1005/214504.160989:ERROR:dbus/object_proxy.cc:573] Failed to call method: org.freedesktop.DBus.NameHasOwner: object_path= /org/freedesktop/DBus: unknown 
10-05 21:45:04 [NAPCAT] [18806:1005/214504.161219:ERROR:dbus/object_proxy.cc:573] Failed to call method: org.freedesktop.DBus.NameHasOwner: object_path= /org/freedesktop/DBus: unknown 
10-05 21:45:04 [NAPCAT] [18806:1005/214504.161277:ERROR:dbus/bus.cc:406] Failed to connect to the bus: Could not parse server address: Unknown address type (examples of valid types are
10-05 21:45:04 [NAPCAT] [18806:1005/214504.161327:ERROR:dbus/bus.cc:406] Failed to connect to the bus: Could not parse server address: Unknown address type (examples of valid types are
10-05 21:45:04 [NAPCAT] [18806:1005/214504.161349:ERROR:dbus/object_proxy.cc:573] Failed to call method: org.freedesktop.DBus.NameHasOwner: object_path= /org/freedesktop/DBus: unknown 
10-05 21:45:04 [NAPCAT] [18806:1005/214504.178300:ERROR:dbus/object_proxy.cc:573] Failed to call method: org.freedesktop.DBus.NameHasOwner: object_path= /org/freedesktop/DBus: unknown 
10-05 21:45:04 [NAPCAT] [19402:1005/214504.331406:ERROR:base/files/file_path_watcher_inotify.cc:923] Failed to read /proc/sys/fs/inotify/max_user_watches
10-05 21:45:04 [NAPCAT] [launcher] loadNapCat.js generated in current directory
10-05 21:45:04 [NAPCAT] [19401:1005/214504.349671:ERROR:base/files/file_path_watcher_inotify.cc:923] Failed to read /proc/sys/fs/inotify/max_user_watches
10-05 21:45:04 [NAPCAT] [19401:1005/214504.349944:ERROR:net/base/address_tracker_linux.cc:242] Could not bind NETLINK socket: Permission denied (13)
10-05 21:45:04 [NAPCAT] [19390:1005/214504.475108:ERROR:ui/gl/angle_platform_impl.cc:42] Display.cpp:1097 (initialize): ANGLE Display::initialize error 12289: GLX is not present.
10-05 21:45:04 [NAPCAT] ERR: Display.cpp:1097 (initialize): ANGLE Display::initialize error 12289: GLX is not present.
10-05 21:45:04 [NAPCAT] [19390:1005/214504.475772:ERROR:ui/gl/egl_util.cc:92] EGL Driver message (Critical) eglInitialize: GLX is not present.
10-05 21:45:04 [NAPCAT] [19390:1005/214504.476238:ERROR:ui/gl/gl_display.cc:639] eglInitialize OpenGL failed with error EGL_NOT_INITIALIZED, trying next display type
10-05 21:45:04 [NAPCAT] [19390:1005/214504.476855:ERROR:ui/gl/angle_platform_impl.cc:42] Display.cpp:1097 (initialize): ANGLE Display::initialize error 12289: GLX is not present.
10-05 21:45:04 [NAPCAT] ERR: Display.cpp:1097 (initialize): ANGLE Display::initialize error 12289: GLX is not present.
10-05 21:45:04 [NAPCAT] [19390:1005/214504.477195:ERROR:ui/gl/egl_util.cc:92] EGL Driver message (Critical) eglInitialize: GLX is not present.
10-05 21:45:04 [NAPCAT] [19390:1005/214504.477632:ERROR:ui/gl/gl_display.cc:639] eglInitialize OpenGLES failed with error EGL_NOT_INITIALIZED
10-05 21:45:05 [NAPCAT] [19390:1005/214504.477993:ERROR:ui/gl/gl_display.cc:674] Initialization of all EGL display types failed.
10-05 21:45:05 [NAPCAT] [19390:1005/214504.478428:ERROR:ui/ozone/common/gl_ozone_egl.cc:26] GLDisplayEGL::Initialize failed.
10-05 21:45:05 [NAPCAT] [19390:1005/214504.597446:ERROR:ui/gl/angle_platform_impl.cc:42] Display.cpp:1097 (initialize): ANGLE Display::initialize error 12289: GLX is not present.
10-05 21:45:05 [NAPCAT] ERR: Display.cpp:1097 (initialize): ANGLE Display::initialize error 12289: GLX is not present.
10-05 21:45:05 [NAPCAT] [19390:1005/214504.597878:ERROR:ui/gl/egl_util.cc:92] EGL Driver message (Critical) eglInitialize: GLX is not present.
10-05 21:45:05 [NAPCAT] [19390:1005/214504.599419:ERROR:ui/gl/gl_display.cc:639] eglInitialize OpenGL failed with error EGL_NOT_INITIALIZED, trying next display type
10-05 21:45:05 [NAPCAT] [19390:1005/214504.600500:ERROR:ui/gl/angle_platform_impl.cc:42] Display.cpp:1097 (initialize): ANGLE Display::initialize error 12289: GLX is not present.
10-05 21:45:05 [NAPCAT] ERR: Display.cpp:1097 (initialize): ANGLE Display::initialize error 12289: GLX is not present.
10-05 21:45:05 [NAPCAT] [19390:1005/214504.601423:ERROR:ui/gl/egl_util.cc:92] EGL Driver message (Critical) eglInitialize: GLX is not present.
10-05 21:45:05 [NAPCAT] [19390:1005/214504.601974:ERROR:ui/gl/gl_display.cc:639] eglInitialize OpenGLES failed with error EGL_NOT_INITIALIZED
10-05 21:45:05 [NAPCAT] [19390:1005/214504.602264:ERROR:ui/gl/gl_display.cc:674] Initialization of all EGL display types failed.
10-05 21:45:05 [NAPCAT] [19390:1005/214504.607388:ERROR:ui/ozone/common/gl_ozone_egl.cc:26] GLDisplayEGL::Initialize failed.
10-05 21:45:05 [NAPCAT] [19390:1005/214504.612253:ERROR:components/viz/service/main/viz_main_impl.cc:189] Exiting GPU process due to errors during initialization
10-05 21:45:05 [NAPCAT] NapCat Shell App Loading...
10-05 21:45:05 [NAPCAT] [launcher] intercepted package.json: /opt/QQ/resources/app/package.json, replacing content
10-05 21:45:05 [NAPCAT] [launcher] Generated relative path: ../../../../root
10-05 21:45:05 [NAPCAT] [launcher] New main field: "main": "../../../../root/loadNapCat.js"
10-05 21:45:05 [NAPCAT] [launcher] package.json content: {
10-05 21:45:05 [NAPCAT]   "name": "QQ",
10-05 21:45:05 [NAPCAT]   "version": "3.2.33-52892",
10-05 21:45:05 [NAPCAT]   "private": true,
10-05 21:45:05 [NAPCAT]   "description": "QQ",
10-05 21:45:05 [NAPCAT]   "productName": "QQ",
10-05 21:45:05 [NAPCAT]   "author": {
10-05 21:45:05 [NAPCAT]     "name": "Tencent",
10-05 21:45:06 [NAPCAT]     "email": "QQ-Team@tencent.com"
10-05 21:45:06 [NAPCAT]   },
10-05 21:45:06 [NAPCAT]   "homepage": "https://im.qq.com",
10-05 21:45:06 [NAPCAT]   "sideEffects": true,
10-05 21:45:06 [NAPCAT]   "bin": {
10-05 21:45:06 [NAPCAT]     "qd": "externals/devtools/cli/index.js"
10-05 21:45:06 [NAPCAT]   },
10-05 21:45:06 [NAPCAT]   "appid": {
10-05 21:45:06 [NAPCAT]     "win32": "537382716",
10-05 21:45:06 [NAPCAT]     "darwin": "537382742",
10-05 21:45:06 [NAPCAT]     "linux": "537382753",
10-05 21:45:06 [NAPCAT]     "ohos": "5373141859"
10-05 21:45:06 [NAPCAT]   },
10-05 21:45:06 [NAPCAT]   "main": "../../../../root/loadNapCat.js",
10-05 21:45:06 [NAPCAT]   "peerDependenciesMeta": {
10-05 21:45:06 [NAPCAT]     "*": {
10-05 21:45:06 [NAPCAT]       "optional": true
10-05 21:45:06 [NAPCAT]     }
10-05 21:45:06 [NAPCAT]   },
10-05 21:45:06 [NAPCAT]   "pnpm": {
10-05 21:45:06 [NAPCAT]     "patchedDependencies": {
10-05 21:45:06 [NAPCAT]       "@vue/runtime-dom@3.5.12": "patches/@vue__runtime-dom@3.5.12.patch",
10-05 21:45:06 [NAPCAT]       "@swc/helpers@0.5.3": "patches/@swc__helpers@0.5.3.patch",
10-05 21:45:06 [NAPCAT]       "vuex@4.1.0": "patches/vuex@4.1.0.patch",
10-05 21:45:06 [NAPCAT]       "typescript-parser@2.6.1": "patches/typescript-parser@2.6.1.patch",
10-05 21:45:06 [NAPCAT]       "@tencent/qqplay-downloadsdk": "patches/@tencent__qqplay-downloadsdk.patch",
10-05 21:45:06 [NAPCAT]       "@tencent/universal-report@4.5.4": "patches/@tencent__universal-report@4.5.4.patch",
10-05 21:45:06 [NAPCAT]       "typescript@7.0.2": "patches/typescript@7.0.2.patch"
10-05 21:45:06 [NAPCAT]     },
10-05 21:45:06 [NAPCAT]     "packageExtensions": {
10-05 21:45:06 [NAPCAT]       "qute": {
10-05 21:45:06 [NAPCAT]         "dependencies": {},
10-05 21:45:06 [NAPCAT]         "devDependencies": {}
10-05 21:45:07 [NAPCAT]       }
10-05 21:45:07 [NAPCAT]     },
10-05 21:45:07 [NAPCAT]     "overrides": {
10-05 21:45:07 [NAPCAT]       "@types/react": "-",
10-05 21:45:07 [NAPCAT]       "@types/react-dom": "-",
10-05 21:45:07 [NAPCAT]       "@tencent/yuanbao-react-markdown>@types/hast": "-",
10-05 21:45:07 [NAPCAT]       "@tencent/yuanbao-react-markdown>devlop": "-",
10-05 21:45:07 [NAPCAT]       "@tencent/yuanbao-react-markdown>hast-util-to-jsx-runtime": "-",
10-05 21:45:07 [NAPCAT]       "@tencent/yuanbao-react-markdown>html-url-attributes": "-",
10-05 21:45:07 [NAPCAT]       "@tencent/yuanbao-react-markdown>mdast-util-to-hast": "-",
10-05 21:45:07 [NAPCAT]       "@tencent/yuanbao-react-markdown>rehype-parse": "-",
10-05 21:45:07 [NAPCAT]       "@tencent/yuanbao-react-markdown>rehype-stringify": "-",
10-05 21:45:07 [NAPCAT]       "@tencent/yuanbao-react-markdown>remark-parse": "-",
10-05 21:45:07 [NAPCAT]       "@tencent/yuanbao-react-markdown>remark-rehype": "-",
10-05 21:45:07 [NAPCAT]       "@tencent/yuanbao-react-markdown>unified": "-",
10-05 21:45:07 [NAPCAT]       "@tencent/yuanbao-react-markdown>unist-util-visit": "-",
10-05 21:45:07 [NAPCAT]       "@tencent/yuanbao-react-markdown>vfile": "-",
10-05 21:45:07 [NAPCAT]       "@types/d3-dispatch": "3.0.6"
10-05 21:45:07 [NAPCAT]     }
10-05 21:45:07 [NAPCAT]   },
10-05 21:45:07 [NAPCAT]   "buildVersion": "52892",
10-05 21:45:07 [NAPCAT]   "platform": "linux",
10-05 21:45:07 [NAPCAT]   "eleArch": "arm64",
10-05 21:45:07 [NAPCAT]   "linuxFormat": "deb"
10-05 21:45:07 [NAPCAT] }
10-05 21:45:07 [NAPCAT] prepare write and writev hooks
10-05 21:45:07 [NAPCAT] 10-05 21:45:05 [info] [PacketHandler] 加载成功
10-05 21:45:07 [NAPCAT] 10-05 21:45:05 [info] [Napi2NativeLoader] 加载成功
10-05 21:45:07 [NAPCAT] 10-05 21:45:05 [info] [FFmpeg] 检查 Native Addon 可用性...
10-05 21:45:07 [NAPCAT] 10-05 21:45:05 [info] [FFmpeg] ✓ 使用 Native Addon 适配器
10-05 21:45:07 [NAPCAT] 10-05 21:45:05 [info] [PacketHandler] 初始化成功
10-05 21:45:07 [NAPCAT] 10-05 21:45:05 [info] [NapCat] Napi2NativeLoader: Bypass已通过环境变量禁用
10-05 21:45:07 [NAPCAT] 10-05 21:45:05 [info] [NapCat] [Core] NapCat.Core Version: 4.18.28
10-05 21:45:07 [NAPCAT] [I] <MemoryFile.cpp:98::open> open fd[0x25], /root/.config/QQ/nt_qq/global/nt_data/mmkv/nt_mmkv_global_misc
10-05 21:45:07 [NAPCAT] [I] <MemoryFile.cpp:98::open> open fd[0x27], /root/.config/QQ/nt_qq/global/nt_data/mmkv/nt_mmkv_global_misc.crc
10-05 21:45:07 [NAPCAT] [I] <MMKV_IO.cpp:213::loadMetaInfoAndCheck> meta file [nt_mmkv_global_misc] has flag [0]
10-05 21:45:07 [NAPCAT] [I] <MMKV_IO.cpp:87::loadFromFile> loading [nt_mmkv_global_misc] with 77 actual size, file size 4096, InterProcess 1, meta info version:4
10-05 21:45:07 [NAPCAT] [I] <MMKV.cpp:233::initializeMMKV> root dir: /root/.config/QQ/nt_qq/global/nt_data/mmkv
10-05 21:45:07 [NAPCAT] [I] <MMKV_IO.cpp:92::loadFromFile> loading [nt_mmkv_global_misc] with crc 1813886533 sequence 1 version 4
10-05 21:45:07 [NAPCAT] [I] <MMKV_IO.cpp:136::loadFromFile> loaded [nt_mmkv_global_misc] with 2 key-values
10-05 21:45:07 [NAPCAT] [I] <MemoryFile.cpp:98::open> open fd[0x26], /root/.config/QQ/nt_qq/global/nt_data/mmkv/nt_mmkv_o3
10-05 21:45:07 [NAPCAT] [I] <MemoryFile.cpp:98::open> open fd[0x28], /root/.config/QQ/nt_qq/global/nt_data/mmkv/nt_mmkv_o3.crc
10-05 21:45:07 [NAPCAT] [I] <MMKV_IO.cpp:213::loadMetaInfoAndCheck> meta file [nt_mmkv_o3] has flag [0]
10-05 21:45:07 [NAPCAT] [I] <MMKV_IO.cpp:87::loadFromFile> loading [nt_mmkv_o3] with 111 actual size, file size 4096, InterProcess 1, meta info version:4
10-05 21:45:07 [NAPCAT] [I] <MMKV_IO.cpp:92::loadFromFile> loading [nt_mmkv_o3] with crc 3792612646 sequence 1 version 4
10-05 21:45:07 [NAPCAT] [I] <MMKV_IO.cpp:136::loadFromFile> loaded [nt_mmkv_o3] with 2 key-values
10-05 21:45:07 [NAPCAT] 10-05 21:45:05 [info] [NapCat] [WebUi] WebUi Token: bandqq-napcat
10-05 21:45:07 [NAPCAT] 10-05 21:45:05 [info] [NapCat] [WebUi] WebUi User Panel Url: http://127.0.0.1:5099/webui?token=bandqq-napcat
10-05 21:45:07 [NAPCAT] 10-05 21:45:05 [info] [NapCat] [WebUi] WebUi User Panel Url: http://[::]:5099/webui?token=bandqq-napcat
10-05 21:45:07 [NAPCAT] 10-05 21:45:06 [info] 等待网络连接...
10-05 21:45:07 [NAPCAT] 10-05 21:45:06 [info] 网络已连接
10-05 21:45:07 [NAPCAT] 10-05 21:45:06 [info] 没有 -q 指令指定快速登录，将使用二维码登录方式
10-05 21:45:07 [NAPCAT] 10-05 21:45:06 [info] 可用于快速登录 of QQ：
10-05 21:45:07 [NAPCAT] 1. 3836305211 一秋呀(小号)大号2308534727
10-05 21:45:07 [NAPCAT] 10-05 21:45:06 [warn] 请扫描下面的二维码，然后在手Q上授权登录：
10-05 21:45:07 [NAPCAT] 10-05 21:45:06 [warn] 
10-05 21:45:08 [NAPCAT] ▄▄▄▄▄▄▄▄▄▄▄▄▄▄▄▄▄▄▄▄▄▄▄▄▄▄▄▄▄▄▄▄▄▄▄
10-05 21:45:08 [NAPCAT] █ ▄▄▄▄▄ █▀ █▀▀▀ ▀▀▀▀█ ▀██▀█ ▄▄▄▄▄ █
10-05 21:45:08 [NAPCAT] █ █   █ █▀ ▄ █▀█ ▀▀ ▀█ ▀ ▀█ █   █ █
10-05 21:45:08 [NAPCAT] █ █▄▄▄█ █▀█ █▄█▄▀▀█▀▄ ▄██▀█ █▄▄▄█ █
10-05 21:45:08 [NAPCAT] █▄▄▄▄▄▄▄█▄█▄█ █▄▀ █▄█▄▀▄▀▄█▄▄▄▄▄▄▄█
10-05 21:45:08 [NAPCAT] █   ▄ █▄▄▄ ▄█▄▄▀█▄██▀▄█  ▄▄▀▄█▄▀ ▀█
10-05 21:45:08 [NAPCAT] █ ██▄▀▄▄▀█ ▀ ▄██▄▀▄ ▀▄▀█▀█▀▀▄ ▄▀▄██
10-05 21:45:08 [NAPCAT] ██  ▀ ▀▄ █▄▀▄▀▄▀▄▀▄▄▀▀  ██▄▀ ▄▄█▀▀█
10-05 21:45:08 [NAPCAT] █▄▄█▀▄ ▄█▄█▄█▀██▄▀▄ █ ▀ ▀   ▀██▀▄██
10-05 21:45:08 [NAPCAT] ██ ██ ▄▄▄▄█ █▄▄▀▄█ ▄▀ ▀▀██▄▀█▄▀█ ▀█
10-05 21:45:08 [NAPCAT] ██▄  ▄▄▄▀█▄▀ ▄██  █ █▄▀███ ▄▀█▄▀▄██
10-05 21:45:08 [NAPCAT] █ █▀▀▀▄▄███▀▄▀▄▀  ▄▄█ ▀  ▀█▀█▄▀█ ▀█
10-05 21:45:08 [NAPCAT] █ █▄▄▀▀▄▄▄▄▄█▀█▀ █▄▄▀▀▀ ▀▀  ▄  ▀▄██
10-05 21:45:08 [NAPCAT] █▄█▄▄▄▄▄▄▀▀ █▄▄▀█▀▄█▄▀▄▄▄ ▄▄▄  ▀█ █
10-05 21:45:08 [NAPCAT] █ ▄▄▄▄▄ █▄▄▄ ▄▄▄ ▄█ ▀▄ ▀  █▄█ ▀ ▄██
10-05 21:45:08 [NAPCAT] █ █   █ █ ▀ ▄ ▄▀▄▀▀██▀▀▀▀▄ ▄  ▄█▄██
10-05 21:45:08 [NAPCAT] █ █▄▄▄█ █  ▀███▀ ▀▄ █▄▀█ █▄▄ ▀▀ ▄██
10-05 21:45:08 [NAPCAT] █▄▄▄▄▄▄▄█▄█▄██▄█▄▄███▄▄▄█▄██▄▄▄█▄██
10-05 21:45:08 [NAPCAT] 二维码解码URL: https://txz.qq.com/p?k=RWnNHBzW2wI2QCNQuc1iR1R283pZTahU&f=1600001615
10-05 21:45:08 [NAPCAT] 如果控制台二维码无法扫码，可以复制解码url到二维码生成网站生成二维码再扫码，也可以打开下方的二维码路径图片进�
10-05 21:45:08 [NAPCAT] 10-05 21:45:06 [warn] 二维码已保存到 /root/napcat/cache/qrcode.png
10-05 21:45:22 [AstrBot Android] NapCat 启动中…（已等待 30 秒，QQ 首次引导较慢）
10-05 21:45:42 [NAPCAT] 10-05 21:45:41 [info] [Core] [Login] 二维码已被扫描，等待确认...
10-05 21:45:45 [NAPCAT] linux-bugly: init bugly ...
10-05 21:45:45 [NAPCAT] [BuglyManager.cpp][InitBuglyManager][198]InitBuglyManager path: /root/.config/QQ/crash_files/
10-05 21:45:45 [NAPCAT] [BuglyService.cpp][registBugly][589]set signal stack
10-05 21:45:45 [NAPCAT] [BuglyService.cpp][registSignalHandler][520]regist native handler
10-05 21:45:45 [NAPCAT] [BuglyService.cpp][setParam][618]setParam, key:appVersion, value:3.2.33-52892..
10-05 21:45:45 [NAPCAT] linux-bugly: init bugly done.
10-05 21:45:46 [NAPCAT] 10-05 21:45:46 [info] [NapCat] 已启用数据库辅助支持能力
10-05 21:45:46 [NAPCAT] [I] <MMKV.cpp:260::mmkvWithID> prepare to load nt_recent_emoji_mmkv (id 4d09ada208e1df49389b85b8d4dc11d8) from rootPath /root/.config/QQ/nt_qq_0d0741be72783462f
10-05 21:45:46 [NAPCAT] [I] <MemoryFile.cpp:98::open> open fd[0x55], /root/.config/QQ/nt_qq_0d0741be72783462f580b59d95c70ea4/nt_data/mmkv/nt_recent_emoji_mmkv
10-05 21:45:46 [NAPCAT] [I] <MemoryFile.cpp:98::open> open fd[0x56], /root/.config/QQ/nt_qq_0d0741be72783462f580b59d95c70ea4/nt_data/mmkv/nt_recent_emoji_mmkv.crc
10-05 21:45:46 [NAPCAT] [I] <MMKV_IO.cpp:213::loadMetaInfoAndCheck> meta file [nt_recent_emoji_mmkv] has flag [0]
10-05 21:45:46 [NAPCAT] [I] <MMKV_IO.cpp:87::loadFromFile> loading [nt_recent_emoji_mmkv] with 0 actual size, file size 4096, InterProcess 0, meta info version:4
10-05 21:45:46 [NAPCAT] [I] <MMKV_IO.cpp:136::loadFromFile> loaded [nt_recent_emoji_mmkv] with 0 key-values
10-05 21:45:46 [NAPCAT] [I] <MMKV.cpp:260::mmkvWithID> prepare to load nt_mmkv_united_config_no_login_v3 (id nt_mmkv_united_config_no_login_v3) from rootPath /root/.config/QQ/nt_qq/glo
10-05 21:45:46 [NAPCAT] [I] <MemoryFile.cpp:98::open> open fd[0x62], /root/.config/QQ/nt_qq/global/nt_data/mmkv/nt_mmkv_united_config_no_login_v3
10-05 21:45:46 [NAPCAT] [I] <MemoryFile.cpp:98::open> open fd[0x63], /root/.config/QQ/nt_qq/global/nt_data/mmkv/nt_mmkv_united_config_no_login_v3.crc
10-05 21:45:46 [NAPCAT] [I] <MMKV_IO.cpp:213::loadMetaInfoAndCheck> meta file [nt_mmkv_united_config_no_login_v3] has flag [0]
10-05 21:45:46 [NAPCAT] [I] <MMKV_IO.cpp:87::loadFromFile> loading [nt_mmkv_united_config_no_login_v3] with 14732 actual size, file size 16384, InterProcess 1, meta info version:4
10-05 21:45:46 [NAPCAT] [I] <MMKV_IO.cpp:92::loadFromFile> loading [nt_mmkv_united_config_no_login_v3] with crc 1802410612 sequence 3 version 4
10-05 21:45:46 [NAPCAT] [I] <MMKV_IO.cpp:136::loadFromFile> loaded [nt_mmkv_united_config_no_login_v3] with 364 key-values
10-05 21:45:46 [NAPCAT] [I] <MMKV.cpp:260::mmkvWithID> prepare to load nt_mmkv_flash_transfer (id 2c205ab7ef22e396d3aa9169b0203f14) from rootPath /root/.config/QQ/nt_qq_0d0741be7278346
10-05 21:45:47 [NAPCAT] [I] <MemoryFile.cpp:98::open> open fd[0xbc], /root/.config/QQ/nt_qq_0d0741be72783462f580b59d95c70ea4/nt_data/mmkv/nt_mmkv_flash_transfer
10-05 21:45:47 [NAPCAT] [I] <MemoryFile.cpp:98::open> open fd[0xbe], /root/.config/QQ/nt_qq_0d0741be72783462f580b59d95c70ea4/nt_data/mmkv/nt_mmkv_flash_transfer.crc
10-05 21:45:47 [NAPCAT] [I] <MMKV_IO.cpp:213::loadMetaInfoAndCheck> meta file [nt_mmkv_flash_transfer] has flag [0]
10-05 21:45:47 [NAPCAT] 10-05 21:45:46 [debug] 本账号数据/缓存目录： /root/.config/QQ/NapCat/data
10-05 21:45:47 [NAPCAT] [I] <MMKV_IO.cpp:87::loadFromFile> loading [nt_mmkv_flash_transfer] with 250 actual size, file size 4096, InterProcess 0, meta info version:4
10-05 21:45:47 [NAPCAT] [I] <MMKV_IO.cpp:92::loadFromFile> loading [nt_mmkv_flash_transfer] with crc 596840416 sequence 1 version 4
10-05 21:45:47 [NAPCAT] [I] <MMKV_IO.cpp:136::loadFromFile> loaded [nt_mmkv_flash_transfer] with 2 key-values
10-05 21:45:47 [NAPCAT] 10-05 21:45:46 [debug] [Core] [Config] 配置文件/root/napcat/config/napcat_3836305211.json加载 {"fileLog":true,"consoleLog":true,"fileLogLevel":"debug","co
10-05 21:45:47 [NAPCAT] 10-05 21:45:46 [info] [ServerTime] 时间同步完成，偏差 -902ms
10-05 21:45:47 [NAPCAT] 10-05 21:45:46 [info] [Core] [Packet] 使用 NativePacketClient 作为后端
10-05 21:45:47 [NAPCAT] 10-05 21:45:46 [info] [Core] [Packet] [PacketClient] NativePacketClient Hook 初始化成功 platform=linux.arm64
10-05 21:45:47 [NAPCAT] [I] <MemoryFile.cpp:98::open> open fd[0xc1], /root/.config/QQ/nt_qq/global/nt_data/mmkv/mmkv.default
10-05 21:45:47 [NAPCAT] [I] <MemoryFile.cpp:98::open> open fd[0xc5], /root/.config/QQ/nt_qq/global/nt_data/mmkv/mmkv.default.crc
10-05 21:45:47 [NAPCAT] [I] <MMKV_IO.cpp:213::loadMetaInfoAndCheck> meta file [mmkv.default] has flag [0]
10-05 21:45:47 [NAPCAT] [I] <MMKV_IO.cpp:87::loadFromFile> loading [mmkv.default] with 28 actual size, file size 4096, InterProcess 0, meta info version:4
10-05 21:45:47 [NAPCAT] [I] <MMKV_IO.cpp:92::loadFromFile> loading [mmkv.default] with crc 1670258981 sequence 1 version 4
10-05 21:45:47 [AstrBot Android] NapCat 端口已监听，自愈计数清零
10-05 21:45:47 [STAGE:100:NapCat 已就绪（:3001/:3000 可连，手环消息链路可用）]
10-05 21:45:47 [31m- NapCat 已就绪（:3001/:3000 可连，手环消息链路可用）[0m
10-05 21:45:47 [31m- NapCat 运行中（仅 NapCat 模式）[0m
10-05 21:45:47 [NAPCAT] [I] <MMKV_IO.cpp:136::loadFromFile> loaded [mmkv.default] with 1 key-values
10-05 21:45:48 [NAPCAT] 10-05 21:45:47 [info] [AdapterManager] 开始初始化协议适配器...
10-05 21:45:48 [NAPCAT] 10-05 21:45:47 [info] [Notice] [OneBot11] [network] 配置加载
10-05 21:45:48 [NAPCAT] HTTP服务: 127.0.0.1:3000, : 已启动
10-05 21:45:48 [NAPCAT] WebSocket服务: 127.0.0.1:3001, : 已启动
10-05 21:45:48 [NAPCAT] 10-05 21:45:47 [info] [OneBot] [WebSocket Server] Server Started undefined:undefined
10-05 21:45:48 [NAPCAT] 10-05 21:45:47 [info] [AdapterManager] OneBot11 适配器初始化完成
10-05 21:45:48 [NAPCAT] 10-05 21:45:47 [info] [AdapterManager] NapCat Protocol 适配器未启用，跳过初始化
10-05 21:45:48 [NAPCAT] 10-05 21:45:47 [info] [AdapterManager] 协议适配器初始化完成，已加载 2 个适配器
10-05 21:45:48 [NAPCAT] 10-05 21:45:47 [info] [OneBot] [HTTP Server Adapter] Start On 127.0.0.1:3000
10-05 21:45:48 [NAPCAT] 10-05 21:45:48 [info] 一秋呀(小号)大号2308534727 | 接收 <- 私聊 (2080643384) 请求添加你为好友
10-05 21:45:48 [NAPCAT] 10-05 21:45:48 [info] 一秋呀(小号)大号2308534727 | 接收 <- 群聊 [华强北安卓手表交流极(1031894167)] [su8/m53/m99/s100/m89h(已出)m89(手持
10-05 21:45:48 [NAPCAT] 10-05 21:45:48 [info] 一秋呀(小号)大号2308534727 | 接收 <- 群聊 [华强北安卓手表交流极(1031894167)] [琉白雨心(1625936837)] [回复消息
10-05 21:45:49 [NAPCAT] 10-05 21:45:48 [info] 一秋呀(小号)大号2308534727 | 接收 <- 群聊 [华强北安卓手表交流极(1031894167)] [su8/m53/m99/s100/m89h(已出)m89(手持
10-05 21:45:49 [NAPCAT] 10-05 21:45:48 [info] 一秋呀(小号)大号2308534727 | 接收 <- 群聊 [华强北安卓手表交流极(1031894167)] [琉白雨心(1625936837)] Ai泡沫快�
10-05 21:45:49 [NAPCAT] 10-05 21:45:48 [info] 一秋呀(小号)大号2308534727 | 接收 <- 群聊 [华强北安卓手表交流极(1031894167)] [大耗子21(3690086414)] [回复消息 
10-05 21:45:49 [NAPCAT] 10-05 21:45:48 [info] 一秋呀(小号)大号2308534727 | 接收 <- 群聊 [华强北安卓手表交流极(1031894167)] [su8/m53/m99/s100/m89h(已出)m89(手持
10-05 21:45:49 [NAPCAT] 10-05 21:45:48 [info] 一秋呀(小号)大号2308534727 | 接收 <- 群聊 [华强北安卓手表交流极(1031894167)] [大耗子21(3690086414)] 应该可以�
10-05 21:45:49 [NAPCAT] 10-05 21:45:48 [info] 一秋呀(小号)大号2308534727 | 接收 <- 群聊 [华强北安卓手表交流极(1031894167)] [罗德岛蜜袜工坊(2922139695)] [图
10-05 21:45:49 [NAPCAT] 10-05 21:45:48 [info] 一秋呀(小号)大号2308534727 | 接收 <- 群聊 [华强北安卓手表交流极(1031894167)] [琉白雨心(1625936837)] [回复消息
10-05 21:45:49 [NAPCAT] 10-05 21:45:48 [info] 一秋呀(小号)大号2308534727 | 接收 <- 群聊 [华强北安卓手表交流极(1031894167)] [su8/m53/m99/s100/m89h(已出)m89(手持
10-05 21:45:49 [NAPCAT] 10-05 21:45:48 [info] 一秋呀(小号)大号2308534727 | 接收 <- 群聊 [华强北安卓手表交流极(1031894167)] [罗德岛蜜袜工坊(2922139695)] [图
10-05 21:45:49 [NAPCAT] 10-05 21:45:48 [info] 一秋呀(小号)大号2308534727 | 接收 <- 群聊 [华强北安卓手表交流极(1031894167)] [罗德岛蜜袜工坊(2922139695)] 🫡
10-05 21:45:49 [NAPCAT] 10-05 21:45:48 [info] 一秋呀(小号)大号2308534727 | 接收 <- 群聊 [华强北安卓手表交流极(1031894167)] [大耗子21(3690086414)] [回复消息 
10-05 21:45:49 [NAPCAT] 10-05 21:45:48 [info] 一秋呀(小号)大号2308534727 | 接收 <- 群聊 [华强北安卓手表交流极(1031894167)] [W·X·B微信不安全认证(3946469453
10-05 21:45:49 [NAPCAT] 10-05 21:45:48 [info] 一秋呀(小号)大号2308534727 | 接收 <- 群聊 [华强北安卓手表交流极(1031894167)] [琉白雨心(1625936837)] [回复消息
10-05 21:45:49 [NAPCAT] 10-05 21:45:48 [info] 一秋呀(小号)大号2308534727 | 接收 <- 群聊 [华强北安卓手表交流极(1031894167)] [不会起名(2815703615)] [回复消息
10-05 21:45:49 [NAPCAT] 10-05 21:45:48 [info] 一秋呀(小号)大号2308534727 | 接收 <- 群聊 [华强北安卓手表交流极(1031894167)] [W·X·B微信不安全认证(3946469453
10-05 21:45:49 [NAPCAT] 10-05 21:45:48 [info] 一秋呀(小号)大号2308534727 | 接收 <- 群聊 [华强北安卓手表交流极(1031894167)] [琉白雨心(1625936837)] [回复消息
10-05 21:45:49 [NAPCAT] 10-05 21:45:48 [info] 一秋呀(小号)大号2308534727 | 接收 <- 群聊 [华强北安卓手表交流极(1031894167)] [大耗子21(3690086414)] [回复消息 
10-05 21:45:49 [NAPCAT] 10-05 21:45:48 [info] 一秋呀(小号)大号2308534727 | 接收 <- 群聊 [华强北安卓手表交流极(1031894167)] [不会起名(2815703615)] 等到明年�
10-05 21:45:50 [NAPCAT] 10-05 21:45:48 [info] 一秋呀(小号)大号2308534727 | 接收 <- 群聊 [华强北安卓手表交流极(1031894167)] [不会起名(2815703615)] 太难用了
10-05 21:45:50 [NAPCAT] 10-05 21:45:48 [info] 一秋呀(小号)大号2308534727 | 接收 <- 群聊 [华强北安卓手表交流极(1031894167)] [洲纪.(CD20max)(2105023896)] [回复�
10-05 21:45:50 [NAPCAT] 10-05 21:45:48 [info] 一秋呀(小号)大号2308534727 | 接收 <- 群聊 [华强北安卓手表交流极(1031894167)] [su8/m53/m99/s100/m89h(已出)m89(手持
10-05 21:45:50 [NAPCAT] 10-05 21:45:48 [info] 一秋呀(小号)大号2308534727 | 接收 <- 群聊 [华强北安卓手表交流极(1031894167)]
10-05 21:45:50 [NAPCAT] 10-05 21:45:48 [info] 一秋呀(小号)大号2308534727 | 接收 <- 群聊 [华强北安卓手表交流极(1031894167)] [不会起名(2815703615)] [回复消息
10-05 21:45:50 [NAPCAT] 10-05 21:45:48 [info] 一秋呀(小号)大号2308534727 | 接收 <- 群聊 [华强北安卓手表交流极(1031894167)] [琉白雨心(1625936837)] 那你确实�
10-05 21:45:50 [NAPCAT] 10-05 21:45:48 [info] 一秋呀(小号)大号2308534727 | 接收 <- 群聊 [华强北安卓手表交流极(1031894167)] [su8/m53/m99/s100/m89h(已出)m89(手持
10-05 21:45:50 [NAPCAT] 10-05 21:45:48 [info] 一秋呀(小号)大号2308534727 | 接收 <- 群聊 [华强北安卓手表交流极(1031894167)] [不会起名(2815703615)] 不用小米
10-05 21:45:50 [NAPCAT] 10-05 21:45:48 [info] 一秋呀(小号)大号2308534727 | 接收 <- 群聊 [华强北安卓手表交流极(1031894167)] [罗德岛蜜袜工坊(2922139695)] ？�
10-05 21:45:50 [NAPCAT] 10-05 21:45:48 [info] 一秋呀(小号)大号2308534727 | 接收 <- 群聊 [华强北安卓手表交流极(1031894167)] [不会起名(2815703615)] 不是啊，�
10-05 21:45:50 [NAPCAT] 10-05 21:45:48 [info] 一秋呀(小号)大号2308534727 | 接收 <- 群聊 [Air启动器交流群(966475918)] [雨中漫步(3671795001)] 我再查一下
10-05 21:45:50 [NAPCAT] 10-05 21:45:48 [info] 一秋呀(小号)大号2308534727 | 接收 <- 群聊 [Air启动器交流群(966475918)] [15 17.0.2(2265208929)] @Rikka (3794305154)   你�
10-05 21:45:50 [NAPCAT] 10-05 21:45:48 [info] 一秋呀(小号)大号2308534727 | 接收 <- 群聊 [Air启动器交流群(966475918)] [15 17.0.2(2265208929)] 这两个是不同的环�
10-05 21:45:50 [NAPCAT] 10-05 21:45:48 [info] 一秋呀(小号)大号2308534727 | 接收 <- 群聊 [Air启动器交流群(966475918)] [雨中漫步(3671795001)] 嘶
10-05 21:45:50 [NAPCAT] 10-05 21:45:48 [info] 一秋呀(小号)大号2308534727 | 接收 <- 群聊 [Air启动器交流群(966475918)] [15 17.0.2(2265208929)] 反过来同理
10-05 21:45:50 [NAPCAT] 10-05 21:45:48 [info] 一秋呀(小号)大号2308534727 | 接收 <- 群聊 [Air启动器交流群(966475918)] [雨中漫步(3671795001)] 怎么感觉记忆里�
10-05 21:45:50 [NAPCAT] 10-05 21:45:48 [info] 一秋呀(小号)大号2308534727 | 接收 <- 群聊 [Air启动器交流群(966475918)] [15 17.0.2(2265208929)] 所以不推荐换工具�
10-05 21:45:50 [NAPCAT] 10-05 21:45:48 [info] 一秋呀(小号)大号2308534727 | 接收 <- 群聊 [Air启动器交流群(966475918)] [雨中漫步(3671795001)] 不就总共三个人�
10-05 21:45:51 [NAPCAT] 10-05 21:45:48 [info] 一秋呀(小号)大号2308534727 | 接收 <- 群聊 [Air启动器交流群(966475918)] [Rikka(3794305154)] [图片]
10-05 21:45:51 [NAPCAT] 10-05 21:45:48 [info] 一秋呀(小号)大号2308534727 | 接收 <- 群聊 [Air启动器交流群(966475918)] [雨中漫步(3671795001)] 你的系统？
10-05 21:45:51 [NAPCAT] 10-05 21:45:48 [info] 一秋呀(小号)大号2308534727 | 接收 <- 群聊 [Air启动器交流群(966475918)] [Rikka(3794305154)] y
10-05 21:45:51 [NAPCAT] 10-05 21:45:48 [info] 一秋呀(小号)大号2308534727 | 接收 <- 群聊 [Air启动器交流群(966475918)] [雨中漫步(3671795001)] 我还记得你说用�
10-05 21:45:51 [NAPCAT] 10-05 21:45:48 [info] 一秋呀(小号)大号2308534727 | 接收 <- 群聊 [Air启动器交流群(966475918)] [雨中漫步(3671795001)] 硬件不同
10-05 21:45:51 [NAPCAT] 10-05 21:45:48 [info] 一秋呀(小号)大号2308534727 | 接收 <- 群聊 [Air启动器交流群(966475918)] [雨中漫步(3671795001)] 系统是多少
10-05 21:45:51 [NAPCAT] 10-05 21:45:48 [info] 一秋呀(小号)大号2308534727 | 接收 <- 群聊 [Air启动器交流群(966475918)] [15 17.0.2(2265208929)] [回复消息 [雨中漫�
10-05 21:45:51 [NAPCAT] 10-05 21:45:48 [info] 一秋呀(小号)大号2308534727 | 接收 <- 群聊 [Air启动器交流群(966475918)] [雨中漫步(3671795001)] 感觉记忆有点乱�
10-05 21:45:51 [NAPCAT] 10-05 21:45:48 [info] 一秋呀(小号)大号2308534727 | 接收 <- 群聊 [Air启动器交流群(966475918)] [15 17.0.2(2265208929)] 没事乱不了，处理�
10-05 21:45:51 [NAPCAT] 10-05 21:45:48 [info] 一秋呀(小号)大号2308534727 | 接收 <- 群聊 [Air启动器交流群(966475918)] [雨中漫步(3671795001)] 越狱会封QQ啊
10-05 21:45:51 [NAPCAT] 10-05 21:45:48 [info] 一秋呀(小号)大号2308534727 | 接收 <- 群聊 [Air启动器交流群(966475918)] [15 17.0.2(2265208929)] 会啊
10-05 21:45:51 [NAPCAT] 10-05 21:45:48 [info] 一秋呀(小号)大号2308534727 | 接收 <- 群聊 [Air启动器交流群(966475918)] [雨中漫步(3671795001)] 我没隔离的时候�
10-05 21:45:51 [NAPCAT] 10-05 21:45:48 [info] 一秋呀(小号)大号2308534727 | 接收 <- 群聊 [Air启动器交流群(966475918)] [15 17.0.2(2265208929)] +1
10-05 21:45:51 [NAPCAT] 10-05 21:45:48 [info] 一秋呀(小号)大号2308534727 | 接收 <- 群聊 [Air启动器交流群(966475918)] [15 17.0.2(2265208929)] 隐根好用
10-05 21:45:51 [NAPCAT] 10-05 21:45:48 [info] 一秋呀(小号)大号2308534727 | 接收 <- 群聊 [Air启动器交流群(966475918)] [15 17.0.2(2265208929)] 隐藏后就没退过
10-05 21:45:51 [NAPCAT] 10-05 21:45:48 [info] 一秋呀(小号)大号2308534727 | 接收 <- 群聊 [Air启动器交流群(966475918)] [15 17.0.2(2265208929)] [回复消息 [雨中漫�
10-05 21:45:51 [NAPCAT] 10-05 21:45:48 [info] 一秋呀(小号)大号2308534727 | 接收 <- 群聊 [Air启动器交流群(966475918)] [15 17.0.2(2265208929)] 所以，现在你得先�
10-05 21:45:51 [NAPCAT] 10-05 21:45:48 [info] 一秋呀(小号)大号2308534727 | 接收 <- 群聊 [Air启动器交流群(966475918)] [15 17.0.2(2265208929)] https://relaxin.owngoal.de
10-05 21:45:51 [NAPCAT] 10-05 21:45:48 [info] 一秋呀(小号)大号2308534727 | 接收 <- 群聊 [Air启动器交流群(966475918)] [雨中漫步(3671795001)] 多巴胺也可以安�
10-05 21:45:51 [NAPCAT] 10-05 21:45:48 [info] 一秋呀(小号)大号2308534727 | 接收 <- 群聊 [Air启动器交流群(966475918)] [15 17.0.2(2265208929)] 这个是relaxin的官网�
10-05 21:45:51 [NAPCAT] 10-05 21:45:48 [info] 一秋呀(小号)大号2308534727 | 接收 <- 群聊 [Air启动器交流群(966475918)] [15 17.0.2(2265208929)] [回复消息 [雨中漫�
10-05 21:45:51 [NAPCAT] 10-05 21:45:48 [info] 一秋呀(小号)大号2308534727 | 接收 <- 群聊 [Air启动器交流群(966475918)] [雨中漫步(3671795001)] 不过越不了就别�
10-05 21:45:51 [NAPCAT] 10-05 21:45:48 [info] 一秋呀(小号)大号2308534727 | 发送 -> 群聊 [Prisma启动器交流群(1126547426)] [一秋呀(小号)大号2308534727(3836305211)
10-05 21:45:51 [NAPCAT] 10-05 21:45:48 [info] 一秋呀(小号)大号2308534727 | 接收 <- 群聊 [Prisma启动器交流群(1126547426)] [JYN2018X(3193980187)] 微软账号的是显�
10-05 21:45:51 [NAPCAT] 10-05 21:45:48 [info] 一秋呀(小号)大号2308534727 | 发送 -> 群聊 [Prisma启动器交流群(1126547426)] [一秋呀(小号)大号2308534727(3836305211)
10-05 21:45:51 [NAPCAT] 10-05 21:45:48 [info] 一秋呀(小号)大号2308534727 | 接收 <- 群聊 [Prisma启动器交流群(1126547426)] [JYN2018X(3193980187)] 不过用little skin登
10-05 21:45:51 [NAPCAT] 10-05 21:45:48 [info] 一秋呀(小号)大号2308534727 | 发送 -> 群聊 [Prisma启动器交流群(1126547426)] [一秋呀(小号)大号2308534727(3836305211)
10-05 21:45:51 [NAPCAT] 10-05 21:45:48 [info] 一秋呀(小号)大号2308534727 | 接收 <- 群聊 [Prisma启动器交流群(1126547426)] [JYN2018X(3193980187)] [图片]
10-05 21:45:51 [NAPCAT] 10-05 21:45:48 [info] 一秋呀(小号)大号2308534727 | 发送 -> 群聊 [Prisma启动器交流群(1126547426)] [一秋呀(小号)大号2308534727(3836305211)
10-05 21:45:51 [NAPCAT] 10-05 21:45:48 [info] 一秋呀(小号)大号2308534727 | 接收 <- 群聊 [Prisma启动器交流群(1126547426)] [JYN2018X(3193980187)] [图片]
10-05 21:45:51 [NAPCAT] 10-05 21:45:48 [info] 一秋呀(小号)大号2308534727 | 发送 -> 群聊 [Prisma启动器交流群(1126547426)] [一秋呀(小号)大号2308534727(3836305211)
10-05 21:45:51 [NAPCAT] 10-05 21:45:48 [info] 一秋呀(小号)大号2308534727 | 接收 <- 群聊 [Prisma启动器交流群(1126547426)] [JYN2018X(3193980187)] 我用我自己的
10-05 21:45:51 [NAPCAT] 10-05 21:45:48 [info] 一秋呀(小号)大号2308534727 | 发送 -> 群聊 [Prisma启动器交流群(1126547426)] [一秋呀(小号)大号2308534727(3836305211)
10-05 21:45:51 [NAPCAT] 10-05 21:45:48 [info] 一秋呀(小号)大号2308534727 | 接收 <- 群聊 [Prisma启动器交流群(1126547426)] [JYN2018X(3193980187)] 这个因为比较好�
10-05 21:45:52 [NAPCAT] 10-05 21:45:48 [info] 一秋呀(小号)大号2308534727 | 接收 <- 群聊 [Prisma启动器交流群(1126547426)] [JYN2018X(3193980187)] 隔壁安卓FCL也是�
10-05 21:45:52 [NAPCAT] 10-05 21:45:48 [info] 一秋呀(小号)大号2308534727 | 接收 <- 群聊 [Prisma启动器交流群(1126547426)] [JYN2018X(3193980187)] [图片]
10-05 21:45:52 [NAPCAT] 10-05 21:45:48 [info] 一秋呀(小号)大号2308534727 | 接收 <- 群聊 [Prisma启动器交流群(1126547426)] [JYN2018X(3193980187)] 这边还在等
10-05 21:45:52 [NAPCAT] 10-05 21:45:48 [info] 一秋呀(小号)大号2308534727 | 发送 -> 群聊 [Prisma启动器交流群(1126547426)] [一秋呀(小号)大号2308534727(3836305211)
10-05 21:45:52 [NAPCAT] 10-05 21:45:48 [info] 一秋呀(小号)大号2308534727 | 发送 -> 群聊 [Prisma启动器交流群(1126547426)] [一秋呀(小号)大号2308534727(3836305211)
10-05 21:45:52 [NAPCAT] 10-05 21:45:48 [info] 一秋呀(小号)大号2308534727 | 发送 -> 群聊 [Prisma启动器交流群(1126547426)] [一秋呀(小号)大号2308534727(3836305211)
10-05 21:45:52 [NAPCAT] 10-05 21:45:48 [info] 一秋呀(小号)大号2308534727 | 接收 <- 群聊 [Prisma启动器交流群(1126547426)] [JYN2018X(3193980187)] [图片]
10-05 21:45:52 [NAPCAT] 10-05 21:45:48 [info] 一秋呀(小号)大号2308534727 | 接收 <- 群聊 [Prisma启动器交流群(1126547426)] [JYN2018X(3193980187)] 那好吧
10-05 21:45:52 [NAPCAT] 10-05 21:45:48 [info] 一秋呀(小号)大号2308534727 | 接收 <- 群聊 [Prisma启动器交流群(1126547426)] [JYN2018X(3193980187)] 我一般只用微软�
10-05 21:45:52 [NAPCAT] 10-05 21:45:48 [info] 一秋呀(小号)大号2308534727 | 接收 <- 群聊 [Prisma启动器交流群(1126547426)] [JYN2018X(3193980187)] 重新发了一个
10-05 21:45:52 [NAPCAT] 10-05 21:45:48 [info] 一秋呀(小号)大号2308534727 | 接收 <- 群聊 [Prisma启动器交流群(1126547426)] [KXdw(3810534681)] [回复消息 未找到消�
10-05 21:45:52 [NAPCAT] 10-05 21:45:48 [info] 一秋呀(小号)大号2308534727 | 接收 <- 群聊 [Prisma启动器交流群(1126547426)] [KXdw(3810534681)] ai也说加了
10-05 21:45:52 [NAPCAT] 10-05 21:45:48 [info] 一秋呀(小号)大号2308534727 | 接收 <- 群聊 [Prisma启动器交流群(1126547426)]
10-05 21:45:52 [NAPCAT] 10-05 21:45:48 [info] 一秋呀(小号)大号2308534727 | 接收 <- 群聊 [Prisma启动器交流群(1126547426)] [Q群管家(2854196310)] @一秋呀(小号)大
10-05 21:45:52 [NAPCAT] 10-05 21:45:48 [info] 一秋呀(小号)大号2308534727 | 发送 -> 群聊 [Prisma启动器交流群(1126547426)] [一秋呀(小号)大号2308534727(3836305211)
10-05 21:45:52 [NAPCAT] 10-05 21:45:48 [info] 一秋呀(小号)大号2308534727 | 发送 -> 群聊 [Prisma启动器交流群(1126547426)] [一秋呀(小号)大号2308534727(3836305211)
10-05 21:45:52 [NAPCAT] 10-05 21:45:48 [info] 一秋呀(小号)大号2308534727 | 发送 -> 群聊 [Prisma启动器交流群(1126547426)] [一秋呀(小号)大号2308534727(3836305211)
10-05 21:45:52 [NAPCAT] 10-05 21:45:48 [info] 一秋呀(小号)大号2308534727 | 发送 -> 群聊 [Prisma启动器交流群(1126547426)] [一秋呀(小号)大号2308534727(3836305211)
10-05 21:45:52 [NAPCAT] 10-05 21:45:48 [info] 一秋呀(小号)大号2308534727 | 接收 <- 群聊 [REDMI Note 9 | 休眠期(925211535)] [✡ Meow Love ✡(791411054)] [回复消息 �
10-05 21:45:52 [NAPCAT] 10-05 21:45:48 [info] 一秋呀(小号)大号2308534727 | 接收 <- 群聊 [REDMI Note 9 | 休眠期(925211535)] [✡ Meow Love ✡(791411054)] 基线
10-05 21:45:52 [NAPCAT] 10-05 21:45:48 [info] 一秋呀(小号)大号2308534727 | 接收 <- 群聊 [REDMI Note 9 | 休眠期(925211535)] [✡ Meow Love ✡(791411054)] 如果有机会�
10-05 21:45:52 [NAPCAT] 10-05 21:45:48 [info] 一秋呀(小号)大号2308534727 | 接收 <- 群聊 [REDMI Note 9 | 休眠期(925211535)] [三（指令找我）(3762549711)]  ...
10-05 21:45:52 [NAPCAT] 10-05 21:45:48 [info] 一秋呀(小号)大号2308534727 | 接收 <- 群聊 [REDMI Note 9 | 休眠期(925211535)] [进门请关屋(670549227)] 搞钱了啦
10-05 21:45:52 [NAPCAT] 10-05 21:45:48 [info] 一秋呀(小号)大号2308534727 | 接收 <- 群聊 [REDMI Note 9 | 休眠期(925211535)] [和栗薰子(1249490264)] [图片]
10-05 21:45:52 [NAPCAT] 10-05 21:45:48 [info] 一秋呀(小号)大号2308534727 | 接收 <- 群聊 [REDMI Note 9 | 休眠期(925211535)] [。(3539938)] [图片]
10-05 21:45:52 [NAPCAT] 10-05 21:45:48 [info] 一秋呀(小号)大号2308534727 | 接收 <- 群聊 [REDMI Note 9 | 休眠期(925211535)] [。(3539938)] [图片]
10-05 21:45:52 [NAPCAT] 10-05 21:45:48 [info] 一秋呀(小号)大号2308534727 | 接收 <- 群聊 [REDMI Note 9 | 休眠期(925211535)] [PC-政治 被抓老师(2905538605)] [图片]
10-05 21:45:52 [NAPCAT] 10-05 21:45:48 [info] 一秋呀(小号)大号2308534727 | 接收 <- 群聊 [REDMI Note 9 | 休眠期(925211535)] [PC-政治 被抓老师(2905538605)] 谁啊
10-05 21:45:52 [NAPCAT] 10-05 21:45:48 [info] 一秋呀(小号)大号2308534727 | 接收 <- 群聊 [REDMI Note 9 | 休眠期(925211535)] [进门请关屋(670549227)] [图片]
10-05 21:45:52 [NAPCAT] 10-05 21:45:48 [info] 一秋呀(小号)大号2308534727 | 接收 <- 群聊 [REDMI Note 9 | 休眠期(925211535)] [进门请关屋(670549227)] 这个咋整
10-05 21:45:52 [NAPCAT] 10-05 21:45:48 [info] 一秋呀(小号)大号2308534727 | 接收 <- 群聊 [REDMI Note 9 | 休眠期(925211535)] [进门请关屋(670549227)] 我已气哭
10-05 21:45:52 [NAPCAT] 10-05 21:45:48 [info] 一秋呀(小号)大号2308534727 | 接收 <- 群聊 [REDMI Note 9 | 休眠期(925211535)] [和栗薰子(1249490264)] [回复消息 [进�
10-05 21:45:52 [NAPCAT] 10-05 21:45:48 [info] 一秋呀(小号)大号2308534727 | 接收 <- 群聊 [REDMI Note 9 | 休眠期(925211535)] [和栗薰子(1249490264)] 有个相关设置�
10-05 21:45:52 [NAPCAT] 10-05 21:45:48 [info] 一秋呀(小号)大号2308534727 | 接收 <- 群聊 [REDMI Note 9 | 休眠期(925211535)] [和栗薰子(1249490264)] 可以给软件允�
10-05 21:45:52 [NAPCAT] 10-05 21:45:48 [info] 一秋呀(小号)大号2308534727 | 接收 <- 群聊 [REDMI Note 9 | 休眠期(925211535)] [和栗薰子(1249490264)] 自己找
10-05 21:45:52 [NAPCAT] 10-05 21:45:48 [info] 一秋呀(小号)大号2308534727 | 接收 <- 群聊 [REDMI Note 9 | 休眠期(925211535)] [进门请关屋(670549227)] 找不到啊 @<&ÿ
10-05 21:45:52 [NAPCAT] 10-05 21:45:48 [info] 一秋呀(小号)大号2308534727 | 接收 <- 群聊 [REDMI Note 9 | 休眠期(925211535)] [紫秋晚枫Sky_flame(213757601)] 我去投降
10-05 21:45:52 [NAPCAT] 10-05 21:45:48 [info] 一秋呀(小号)大号2308534727 | 接收 <- 群聊 [REDMI Note 9 | 休眠期(925211535)] [⠀(3330307097)] 不留一个后台就会变�
10-05 21:45:52 [NAPCAT] 10-05 21:45:48 [info] 一秋呀(小号)大号2308534727 | 接收 <- 群聊 [REDMI Note 9 | 休眠期(925211535)] [和栗薰子(1249490264)] @进门请关屋 (67
10-05 21:45:52 [NAPCAT] 10-05 21:45:48 [info] 一秋呀(小号)大号2308534727 | 接收 <- 群聊 [REDMI Note 9 | 休眠期(925211535)] [和栗薰子(1249490264)] 反正是有开关�
10-05 21:45:52 [NAPCAT] 10-05 21:45:48 [info] 一秋呀(小号)大号2308534727 | 接收 <- 群聊 [REDMI Note 9 | 休眠期(925211535)] [和栗薰子(1249490264)] 我之前搞过
10-05 21:45:52 [NAPCAT] 10-05 21:45:48 [info] 一秋呀(小号)大号2308534727 | 接收 <- 群聊 [REDMI Note 9 | 休眠期(925211535)] [。(3539938)] 我准备开始搞个c16
10-05 21:45:53 [NAPCAT] 10-05 21:45:48 [info] 一秋呀(小号)大号2308534727 | 接收 <- 群聊 [REDMI Note 9 | 休眠期(925211535)] [。(3539938)] 第一步 先独立odm
10-05 21:45:53 [NAPCAT] 10-05 21:45:48 [info] 一秋呀(小号)大号2308534727 | 接收 <- 群聊 [REDMI Note 9 | 休眠期(925211535)] [PC-政治 被抓老师(2905538605)] 不用
10-05 21:45:53 [NAPCAT] 10-05 21:45:48 [info] 一秋呀(小号)大号2308534727 | 接收 <- 群聊 [REDMI Note 9 | 休眠期(925211535)] [PC-政治 被抓老师(2905538605)] 哥
10-05 21:45:53 [NAPCAT] 10-05 21:45:48 [info] 一秋呀(小号)大号2308534727 | 接收 <- 群聊 [REDMI Note 9 | 休眠期(925211535)] [PC-政治 被抓老师(2905538605)] 那些插�
10-05 21:45:53 [NAPCAT] 10-05 21:45:48 [info] 一秋呀(小号)大号2308534727 | 接收 <- 群聊 [REDMI Note 9 | 休眠期(925211535)] [PC-政治 被抓老师(2905538605)] 所以手�
10-05 21:45:53 [NAPCAT] 10-05 21:45:48 [info] 一秋呀(小号)大号2308534727 | 接收 <- 群聊 [REDMI Note 9 | 休眠期(925211535)] [。(3539938)] 慢慢研究咯
10-05 21:45:53 [NAPCAT] 10-05 21:45:48 [info] 一秋呀(小号)大号2308534727 | 接收 <- 群聊 [电脑硬件交流群(1029798214)] [伊什塔尔(750494463)] 怀疑是挖矿盘重�
10-05 21:45:53 [NAPCAT] 10-05 21:45:48 [info] 一秋呀(小号)大号2308534727 | 接收 <- 群聊 [电脑硬件交流群(1029798214)] [啊哈(2449380452)] 有这种可能
10-05 21:45:53 [NAPCAT] 10-05 21:45:48 [info] 一秋呀(小号)大号2308534727 | 接收 <- 群聊 [电脑硬件交流群(1029798214)] [啊哈(2449380452)] 😂所以没敢买
10-05 21:45:53 [NAPCAT] 10-05 21:45:48 [info] 一秋呀(小号)大号2308534727 | 接收 <- 群聊 [电脑硬件交流群(1029798214)] [啊哈(2449380452)] 能不能买来用嘛
10-05 21:45:53 [NAPCAT] 10-05 21:45:48 [info] 一秋呀(小号)大号2308534727 | 接收 <- 群聊 [电脑硬件交流群(1029798214)] [啊哈(2449380452)] 会不会用没多久就挂�
10-05 21:45:53 [NAPCAT] 10-05 21:45:48 [info] 一秋呀(小号)大号2308534727 | 接收 <- 群聊 [电脑硬件交流群(1029798214)] [伊什塔尔(750494463)] 你要看具体颗粒�
10-05 21:45:53 [NAPCAT] 10-05 21:45:48 [info] 一秋呀(小号)大号2308534727 | 接收 <- 群聊 [电脑硬件交流群(1029798214)] [啊哈(2449380452)] 闪迪颗粒
10-05 21:45:53 [NAPCAT] 10-05 21:45:48 [info] 一秋呀(小号)大号2308534727 | 接收 <- 群聊 [电脑硬件交流群(1029798214)] [伊什塔尔(750494463)] 那就算了
10-05 21:45:53 [NAPCAT] 10-05 21:45:48 [info] 一秋呀(小号)大号2308534727 | 接收 <- 群聊 [电脑硬件交流群(1029798214)] [伊什塔尔(750494463)] 主控是什么主控
10-05 21:45:53 [NAPCAT] 10-05 21:45:48 [info] 一秋呀(小号)大号2308534727 | 接收 <- 群聊 [电脑硬件交流群(1029798214)] [啊哈(2449380452)] 2246xt
10-05 21:45:53 [NAPCAT] 10-05 21:45:48 [info] 一秋呀(小号)大号2308534727 | 接收 <- 群聊 [电脑硬件交流群(1029798214)] [伊什塔尔(750494463)] @啊哈 (2449380452)  �
10-05 21:45:53 [NAPCAT] 10-05 21:45:48 [info] 一秋呀(小号)大号2308534727 | 接收 <- 群聊 [电脑硬件交流群(1029798214)] [啊哈(2449380452)] 好的明白了不建议入
10-05 21:45:53 [NAPCAT] 10-05 21:45:48 [info] 一秋呀(小号)大号2308534727 | 接收 <- 群聊 [电脑硬件交流群(1029798214)] [伊什塔尔(750494463)] 2246en 2258H 带缓存�
10-05 21:45:53 [NAPCAT] 10-05 21:45:48 [info] 一秋呀(小号)大号2308534727 | 接收 <- 群聊 [电脑硬件交流群(1029798214)] [伊什塔尔(750494463)] 2246XT 2258XT就算了
10-05 21:45:53 [NAPCAT] 10-05 21:45:48 [info] 一秋呀(小号)大号2308534727 | 接收 <- 群聊 [电脑硬件交流群(1029798214)] [啊哈(2449380452)] 好的谢谢指点
10-05 21:45:53 [NAPCAT] 10-05 21:45:48 [info] 一秋呀(小号)大号2308534727 | 接收 <- 群聊 [电脑硬件交流群(1029798214)]
10-05 21:45:53 [NAPCAT] 10-05 21:45:48 [info] 一秋呀(小号)大号2308534727 | 接收 <- 群聊 [电脑硬件交流群(1029798214)]
10-05 21:45:53 [NAPCAT] 10-05 21:45:48 [info] 一秋呀(小号)大号2308534727 | 接收 <- 群聊 [电脑硬件交流群(1029798214)] [伊什塔尔(750494463)] @啊哈 (2449380452)  �
10-05 21:45:53 [NAPCAT] 10-05 21:45:48 [info] 一秋呀(小号)大号2308534727 | 接收 <- 群聊 [电脑硬件交流群(1029798214)] [伊什塔尔(750494463)] 30HX已经卖掉了 ...
10-05 21:45:53 [NAPCAT] 10-05 21:45:48 [info] 一秋呀(小号)大号2308534727 | 接收 <- 群聊 [电脑硬件交流群(1029798214)] [棣乛（开学飞升勿踢）(3682290597)] 40�
10-05 21:45:54 [NAPCAT] 10-05 21:45:48 [info] 一秋呀(小号)大号2308534727 | 接收 <- 群聊 [电脑硬件交流群(1029798214)] [伊什塔尔(750494463)] @棣乛（开学飞升�
10-05 21:45:54 [NAPCAT] 10-05 21:45:48 [info] 一秋呀(小号)大号2308534727 | 接收 <- 群聊 [电脑硬件交流群(1029798214)] [棣乛（开学飞升勿踢）(3682290597)] ？
10-05 21:45:54 [NAPCAT] 10-05 21:45:48 [info] 一秋呀(小号)大号2308534727 | 接收 <- 群聊 [电脑硬件交流群(1029798214)] [啊哈(2449380452)] @伊什塔尔 (750494463)  �
10-05 21:45:54 [NAPCAT] 10-05 21:45:48 [info] 一秋呀(小号)大号2308534727 | 接收 <- 群聊 [电脑硬件交流群(1029798214)] [棣乛（开学飞升勿踢）(3682290597)] 6
10-05 21:45:54 [NAPCAT] 10-05 21:45:48 [info] 一秋呀(小号)大号2308534727 | 接收 <- 群聊 [电脑硬件交流群(1029798214)] [啊哈(2449380452)] @棣乛（开学飞升勿踢
10-05 21:45:54 [NAPCAT] 10-05 21:45:48 [info] 一秋呀(小号)大号2308534727 | 接收 <- 群聊 [电脑硬件交流群(1029798214)] [啊哈(2449380452)] 😂
10-05 21:45:54 [NAPCAT] 10-05 21:45:48 [info] 一秋呀(小号)大号2308534727 | 接收 <- 群聊 [电脑硬件交流群(1029798214)] [棣乛（开学飞升勿踢）(3682290597)] 200
10-05 21:45:54 [NAPCAT] 10-05 21:45:48 [info] 一秋呀(小号)大号2308534727 | 接收 <- 群聊 [电脑硬件交流群(1029798214)] [棣乛（开学飞升勿踢）(3682290597)] 再�
10-05 21:45:54 [NAPCAT] 10-05 21:45:48 [info] 一秋呀(小号)大号2308534727 | 接收 <- 群聊 [电脑硬件交流群(1029798214)] [棣乛（开学飞升勿踢）(3682290597)] [图
10-05 21:45:54 [NAPCAT] 10-05 21:45:48 [info] 一秋呀(小号)大号2308534727 | 接收 <- 群聊 [电脑硬件交流群(1029798214)] [棣乛（开学飞升勿踢）(3682290597)] 卖�
10-05 21:45:54 [NAPCAT] 10-05 21:45:48 [info] 一秋呀(小号)大号2308534727 | 接收 <- 群聊 [小米Vela交流群②(1124665323)] [思绪似雪(2370380733)] 我还没下
10-05 21:45:54 [NAPCAT] 10-05 21:45:48 [info] 一秋呀(小号)大号2308534727 | 接收 <- 群聊 [小米Vela交流群②(1124665323)] [思绪似雪(2370380733)] 先问问
10-05 21:45:54 [NAPCAT] 10-05 21:45:48 [info] 一秋呀(小号)大号2308534727 | 接收 <- 群聊 [小米Vela交流群②(1124665323)] [思绪似雪(2370380733)] [表情 ]
10-05 21:45:54 [NAPCAT] 10-05 21:45:48 [info] 一秋呀(小号)大号2308534727 | 接收 <- 群聊 [小米Vela交流群②(1124665323)] [123456(3444677332)] [表情 /又是早八]
10-05 21:45:54 [NAPCAT] 10-05 21:45:48 [info] 一秋呀(小号)大号2308534727 | 接收 <- 群聊 [小米Vela交流群②(1124665323)] [123456(3444677332)] 肯定不能啊
10-05 21:45:54 [NAPCAT] 10-05 21:45:48 [info] 一秋呀(小号)大号2308534727 | 接收 <- 群聊 [小米Vela交流群②(1124665323)] [123456(3444677332)] 但是如果你下了单机
10-05 21:45:54 [NAPCAT] 10-05 21:45:48 [info] 一秋呀(小号)大号2308534727 | 接收 <- 群聊 [小米Vela交流群②(1124665323)] [123456(3444677332)] [图片]
10-05 21:45:54 [NAPCAT] 10-05 21:45:48 [info] 一秋呀(小号)大号2308534727 | 接收 <- 群聊 [小米Vela交流群②(1124665323)] [Q群管家(2854196310)] @𝙍𝙖𝙞𝙣 (2080
10-05 21:45:54 [NAPCAT] 10-05 21:45:48 [info] 一秋呀(小号)大号2308534727 | 接收 <- 群聊 [小米Vela交流群②(1124665323)] [我不是人(2788514305)] [表情 /我酸了]
10-05 21:45:54 [NAPCAT] 10-05 21:45:48 [info] 一秋呀(小号)大号2308534727 | 接收 <- 群聊 [小米Vela交流群②(1124665323)]
10-05 21:45:54 [NAPCAT] 10-05 21:45:48 [info] 一秋呀(小号)大号2308534727 | 接收 <- 群聊 [小米Vela交流群②(1124665323)] [𝙍𝙖𝙞𝙣(2080643384)] @Q群管家 (2854
10-05 21:45:54 [NAPCAT] 10-05 21:45:48 [info] 一秋呀(小号)大号2308534727 | 接收 <- 群聊 [小米Vela交流群②(1124665323)] [Q群管家(2854196310)] [卡片消息]
10-05 21:45:54 [NAPCAT] 10-05 21:45:48 [info] 一秋呀(小号)大号2308534727 | 接收 <- 群聊 [小米Vela交流群②(1124665323)] [Q群管家(2854196310)] @𝙍𝙖𝙞𝙣 (2080
10-05 21:45:54 [NAPCAT] 10-05 21:45:48 [info] 一秋呀(小号)大号2308534727 | 接收 <- 群聊 [小米Vela交流群②(1124665323)] [Q群管家(2854196310)] @𝙍𝙖𝙞𝙣 (2080
10-05 21:45:54 [NAPCAT] 10-05 21:45:48 [info] 一秋呀(小号)大号2308534727 | 接收 <- 群聊 [小米Vela交流群②(1124665323)] [𝙍𝙖𝙞𝙣(2080643384)] 有教程吗？
10-05 21:45:54 [NAPCAT] 10-05 21:45:48 [info] 一秋呀(小号)大号2308534727 | 接收 <- 群聊 [小米Vela交流群②(1124665323)] [𝙍𝙖𝙞𝙣(2080643384)] 看不懂
10-05 21:45:54 [NAPCAT] 10-05 21:45:48 [info] 一秋呀(小号)大号2308534727 | 接收 <- 群聊 [小米Vela交流群②(1124665323)] [𝙍𝙖𝙞𝙣(2080643384)] [表情 /流泪]
10-05 21:45:54 [NAPCAT] 10-05 21:45:48 [info] 一秋呀(小号)大号2308534727 | 接收 <- 群聊 [小米Vela交流群②(1124665323)] [𝙍𝙖𝙞𝙣(2080643384)] 有人教下吗
10-05 21:45:54 [NAPCAT] 10-05 21:45:48 [info] 一秋呀(小号)大号2308534727 | 接收 <- 群聊 [小米Vela交流群②(1124665323)] [𝙍𝙖𝙞𝙣(2080643384)] [表情 /无语]
10-05 21:45:54 [NAPCAT] 10-05 21:45:48 [info] 一秋呀(小号)大号2308534727 | 接收 <- 群聊 [小米Vela交流群②(1124665323)] [Q群管家(2854196310)] @。 (2978030095)   欢
10-05 21:45:54 [NAPCAT] 10-05 21:45:48 [info] 一秋呀(小号)大号2308534727 | 接收 <- 群聊 [小米Vela交流群②(1124665323)] [。(2978030095)] [图片]
10-05 21:45:54 [NAPCAT] 10-05 21:45:48 [info] 一秋呀(小号)大号2308534727 | 接收 <- 群聊 [小米Vela交流群②(1124665323)] [。(2978030095)] 这个下了要钱吗
10-05 21:45:54 [NAPCAT] 10-05 21:45:48 [info] 一秋呀(小号)大号2308534727 | 接收 <- 群聊 [小米Vela交流群②(1124665323)] [123456(3444677332)] 不要
10-05 21:45:54 [NAPCAT] 10-05 21:45:48 [info] 一秋呀(小号)大号2308534727 | 接收 <- 群聊 [小米Vela交流群②(1124665323)] [。(2978030095)] 谢谢
10-05 21:45:54 [NAPCAT] 10-05 21:45:48 [info] 一秋呀(小号)大号2308534727 | 接收 <- 群聊 [小米Vela交流群②(1124665323)] [123456(3444677332)] [图片]
10-05 21:45:54 [NAPCAT] 10-05 21:45:48 [info] 一秋呀(小号)大号2308534727 | 接收 <- 群聊 [小米Vela交流群②(1124665323)] [。(2978030095)] 会变砖吗 [表情 ]
10-05 21:45:54 [NAPCAT] 10-05 21:45:48 [info] 一秋呀(小号)大号2308534727 | 接收 <- 群聊 [小米Vela交流群②(1124665323)] [123456(3444677332)] 应该不会，反正我没
10-05 21:45:54 [NAPCAT] 10-05 21:45:48 [info] 一秋呀(小号)大号2308534727 | 接收 <- 群聊 [小米Vela交流群②(1124665323)] [。(2978030095)] OK
10-05 21:45:54 [NAPCAT] 10-05 21:45:48 [info] 一秋呀(小号)大号2308534727 | 接收 <- 群聊 [小米Vela交流群②(1124665323)] [我不会被遗忘(3662267022)] 不太好弄，
10-05 21:45:54 [NAPCAT] 10-05 21:45:48 [info] 一秋呀(小号)大号2308534727 | 接收 <- 群聊 [小米Vela交流群②(1124665323)] [123456(3444677332)] 雀食
10-05 21:45:54 [NAPCAT] 10-05 21:45:48 [info] 一秋呀(小号)大号2308534727 | 接收 <- 群聊 [[TLD]长途旅行-交流群-1�(802072961)] [MikoLost(3670473880)] 额
10-05 21:45:54 [NAPCAT] 10-05 21:45:48 [info] 一秋呀(小号)大号2308534727 | 接收 <- 群聊 [[TLD]长途旅行-交流群-1�(802072961)] [aiq /kel /bs＂ˊo..尐爺(2210015372)
10-05 21:45:54 [NAPCAT] 10-05 21:45:48 [info] 一秋呀(小号)大号2308534727 | 接收 <- 群聊 [[TLD]长途旅行-交流群-1�(802072961)] [fugd(3771557851)] 发什么视频
10-05 21:45:54 [NAPCAT] 10-05 21:45:48 [info] 一秋呀(小号)大号2308534727 | 接收 <- 群聊 [[TLD]长途旅行-交流群-1�(802072961)] [aiq /kel /bs＂ˊo..尐爺(2210015372)
10-05 21:45:54 [NAPCAT] 10-05 21:45:48 [info] 一秋呀(小号)大号2308534727 | 接收 <- 群聊 [[TLD]长途旅行-交流群-1�(802072961)] [aiq /kel /bs＂ˊo..尐爺(2210015372)
10-05 21:45:55 [NAPCAT] 10-05 21:45:48 [info] 一秋呀(小号)大号2308534727 | 接收 <- 群聊 [[TLD]长途旅行-交流群-1�(802072961)] [aiq /kel /bs＂ˊo..尐爺(2210015372)
10-05 21:45:55 [NAPCAT] 10-05 21:45:48 [info] 一秋呀(小号)大号2308534727 | 接收 <- 群聊 [[TLD]长途旅行-交流群-1�(802072961)] [MikoLost(3670473880)] 气死我了竟�
10-05 21:45:55 [NAPCAT] 10-05 21:45:48 [info] 一秋呀(小号)大号2308534727 | 接收 <- 群聊 [[TLD]长途旅行-交流群-1�(802072961)] [远人程(3662372410)] 😰
10-05 21:45:55 [NAPCAT] 10-05 21:45:48 [info] 一秋呀(小号)大号2308534727 | 接收 <- 群聊 [[TLD]长途旅行-交流群-1�(802072961)] [B站小黑子(2397678228)] Your comput
10-05 21:45:55 [NAPCAT] 10-05 21:45:48 [info] 一秋呀(小号)大号2308534727 | 接收 <- 群聊 [[TLD]长途旅行-交流群-1�(802072961)] [拼装爱好者Peter(544197959)] [刚�
10-05 21:45:55 [NAPCAT] 10-05 21:45:48 [info] 一秋呀(小号)大号2308534727 | 接收 <- 群聊 [[TLD]长途旅行-交流群-1�(802072961)] [Angela(2123126692)] 冒泡
10-05 21:45:55 [NAPCAT] 10-05 21:45:48 [info] 一秋呀(小号)大号2308534727 | 接收 <- 群聊 [[TLD]长途旅行-交流群-1�(802072961)] [正常人(3641584180)] acfan亲自投�
10-05 21:45:55 [NAPCAT] 10-05 21:45:48 [info] 一秋呀(小号)大号2308534727 | 接收 <- 群聊 [[TLD]长途旅行-交流群-1�(802072961)] [肥猫(39056999)] [图片]
10-05 21:45:55 [NAPCAT] 10-05 21:45:48 [info] 一秋呀(小号)大号2308534727 | 接收 <- 群聊 [[TLD]长途旅行-交流群-1�(802072961)] [B站小黑子(2397678228)] [回复消�
10-05 21:45:55 [NAPCAT] 10-05 21:45:48 [info] 一秋呀(小号)大号2308534727 | 接收 <- 群聊 [[TLD]长途旅行-交流群-1�(802072961)] [正常人(3641584180)] 我写错了
10-05 21:45:55 [NAPCAT] 10-05 21:45:48 [info] 一秋呀(小号)大号2308534727 | 接收 <- 群聊 [[TLD]长途旅行-交流群-1�(802072961)] [Q群管家(2854196310)] @小宋🔥电
10-05 21:45:55 [NAPCAT] 10-05 21:45:48 [info] 一秋呀(小号)大号2308534727 | 接收 <- 群聊 [[TLD]长途旅行-交流群-1�(802072961)] [一脸问号(3969274899)] ？
10-05 21:45:55 [NAPCAT] 10-05 21:45:48 [info] 一秋呀(小号)大号2308534727 | 接收 <- 群聊 [[TLD]长途旅行-交流群-1�(802072961)] [正常人(3641584180)] [图片]
10-05 21:45:55 [NAPCAT] 10-05 21:45:48 [info] 一秋呀(小号)大号2308534727 | 接收 <- 群聊 [[TLD]长途旅行-交流群-1�(802072961)] [雾川(3596936177)] 我都是放虚拟
10-05 21:45:55 [NAPCAT] 10-05 21:45:48 [info] 一秋呀(小号)大号2308534727 | 接收 <- 群聊 [[TLD]长途旅行-交流群-1�(802072961)] [我喜欢玩音箱(3171992194)] [回�
10-05 21:45:55 [NAPCAT] 10-05 21:45:48 [info] 一秋呀(小号)大号2308534727 | 接收 <- 群聊 [[TLD]长途旅行-交流群-1�(802072961)] [我喜欢玩音箱(3171992194)] 他说
10-05 21:45:55 [NAPCAT] 10-05 21:45:48 [info] 一秋呀(小号)大号2308534727 | 接收 <- 群聊 [[TLD]长途旅行-交流群-1�(802072961)] [hix(3630437278)] [回复消息 [正常
10-05 21:45:55 [NAPCAT] 10-05 21:45:48 [info] 一秋呀(小号)大号2308534727 | 接收 <- 群聊 [[TLD]长途旅行-交流群-1�(802072961)] [一脸问号(3969274899)] @我喜欢�
10-05 21:45:55 [NAPCAT] 10-05 21:45:48 [info] 一秋呀(小号)大号2308534727 | 接收 <- 群聊 [[TLD]长途旅行-交流群-1�(802072961)] [MikoLost(3670473880)] 有人吗
10-05 21:45:55 [NAPCAT] 10-05 21:45:48 [info] 一秋呀(小号)大号2308534727 | 接收 <- 群聊 [[TLD]长途旅行-交流群-1�(802072961)] [阿式boy(3380556650)] 人
10-05 21:45:55 [NAPCAT] 10-05 21:45:48 [info] 一秋呀(小号)大号2308534727 | 接收 <- 群聊 [[TLD]长途旅行-交流群-1�(802072961)] [是黄JIA啊(3781006674)] 死人（me�
10-05 21:45:55 [NAPCAT] 10-05 21:45:48 [info] 一秋呀(小号)大号2308534727 | 接收 <- 群聊 [[TLD]长途旅行-交流群-1�(802072961)] [正常人(3641584180)] [图片]
10-05 21:45:55 [NAPCAT] 10-05 21:45:48 [info] 一秋呀(小号)大号2308534727 | 接收 <- 群聊 [[TLD]长途旅行-交流群-1�(802072961)] [MikoLost(3670473880)] 正常
10-05 21:45:55 [NAPCAT] 10-05 21:45:48 [info] 一秋呀(小号)大号2308534727 | 接收 <- 群聊 [[TLD]长途旅行-交流群-1�(802072961)] [MikoLost(3670473880)] 蛋孵鸡呢
10-05 21:45:55 [NAPCAT] 10-05 21:45:48 [info] 一秋呀(小号)大号2308534727 | 接收 <- 群聊 [[TLD]长途旅行-交流群-1�(802072961)] [正常人(3641584180)] 无所不能的
10-05 21:45:55 [NAPCAT] 10-05 21:45:48 [info] 一秋呀(小号)大号2308534727 | 接收 <- 群聊 [Zundamon Kernel Release(720726952)] [小周子(2302956352)] @甘棠 (3158400060)  
10-05 21:45:55 [NAPCAT] 10-05 21:45:48 [info] 一秋呀(小号)大号2308534727 | 接收 <- 群聊 [Zundamon Kernel Release(720726952)] [小周子(2302956352)] 签到
10-05 21:45:55 [NAPCAT] 10-05 21:45:48 [info] 一秋呀(小号)大号2308534727 | 接收 <- 群聊 [Zundamon Kernel Release(720726952)] [爸爸(193216344)] [图片]
10-05 21:45:55 [NAPCAT] 10-05 21:45:48 [info] 一秋呀(小号)大号2308534727 | 接收 <- 群聊 [Zundamon Kernel Release(720726952)] [小周子(2302956352)] 看见没
10-05 21:45:55 [NAPCAT] 10-05 21:45:48 [info] 一秋呀(小号)大号2308534727 | 接收 <- 群聊 [Zundamon Kernel Release(720726952)] [小周子(2302956352)] 触发关键词
10-05 21:45:55 [NAPCAT] 10-05 21:45:48 [info] 一秋呀(小号)大号2308534727 | 接收 <- 群聊 [Zundamon Kernel Release(720726952)] [苓(3254678451)] [图片]
10-05 21:45:55 [NAPCAT] 10-05 21:45:48 [info] 一秋呀(小号)大号2308534727 | 接收 <- 群聊 [Zundamon Kernel Release(720726952)] [苓(3254678451)] 这100w你拿好
10-05 21:45:55 [NAPCAT] 10-05 21:45:48 [info] 一秋呀(小号)大号2308534727 | 接收 <- 群聊 [Zundamon Kernel Release(720726952)] [胡董(2057436414)] @小周子 (2302956352)  
10-05 21:45:55 [NAPCAT] 10-05 21:45:48 [info] 一秋呀(小号)大号2308534727 | 接收 <- 群聊 [Zundamon Kernel Release(720726952)] [小周子(2302956352)] [图片]
10-05 21:45:55 [NAPCAT] 10-05 21:45:48 [info] 一秋呀(小号)大号2308534727 | 接收 <- 群聊 [Zundamon Kernel Release(720726952)] [AI貔貅(834065112)] [图片]
10-05 21:45:55 [NAPCAT] 10-05 21:45:48 [info] 一秋呀(小号)大号2308534727 | 接收 <- 群聊 [Zundamon Kernel Release(720726952)] [胡董(2057436414)] @小周子 (2302956352)  �
10-05 21:45:55 [NAPCAT] 10-05 21:45:48 [info] 一秋呀(小号)大号2308534727 | 接收 <- 群聊 [Zundamon Kernel Release(720726952)] [五仁(1308935300)] 群友有用Raphael_MIUI14_
10-05 21:45:55 [NAPCAT] 10-05 21:45:48 [info] 一秋呀(小号)大号2308534727 | 接收 <- 群聊 [Zundamon Kernel Release(720726952)] [五仁(1308935300)] 找到boot-x的了，这个
10-05 21:45:55 [NAPCAT] 10-05 21:45:48 [info] 一秋呀(小号)大号2308534727 | 接收 <- 群聊 [Zundamon Kernel Release(720726952)] [小周子(2302956352)] [回复消息 [胡董(20
10-05 21:45:55 [NAPCAT] 10-05 21:45:48 [info] 一秋呀(小号)大号2308534727 | 接收 <- 群聊 [Zundamon Kernel Release(720726952)] [小周子(2302956352)] ✅ 装机后校准步�
10-05 21:45:55 [NAPCAT] 10-05 21:45:48 [info] 一秋呀(小号)大号2308534727 | 接收 <- 群聊 [Zundamon Kernel Release(720726952)] [爸爸(193216344)] [图片]
10-05 21:45:55 [NAPCAT] 10-05 21:45:48 [info] 一秋呀(小号)大号2308534727 | 接收 <- 群聊 [Zundamon Kernel Release(720726952)] [果果果果(811825523)] 签到
10-05 21:45:55 [NAPCAT] 10-05 21:45:48 [info] 一秋呀(小号)大号2308534727 | 接收 <- 群聊 [Zundamon Kernel Release(720726952)] [胡董(2057436414)] [回复消息 [小周子(23
10-05 21:45:55 [NAPCAT] 10-05 21:45:48 [info] 一秋呀(小号)大号2308534727 | 接收 <- 群聊 [Zundamon Kernel Release(720726952)] [小周子(2302956352)] [回复消息 [胡董(20
10-05 21:45:55 [NAPCAT] 10-05 21:45:48 [info] 一秋呀(小号)大号2308534727 | 接收 <- 群聊 [Zundamon Kernel Release(720726952)] [胡董(2057436414)] [回复消息 [小周子(23
10-05 21:45:55 [NAPCAT] 10-05 21:45:48 [info] 一秋呀(小号)大号2308534727 | 接收 <- 群聊 [Zundamon Kernel Release(720726952)] [小周子(2302956352)] [回复消息 [胡董(20
10-05 21:45:55 [NAPCAT] 10-05 21:45:48 [info] 一秋呀(小号)大号2308534727 | 接收 <- 群聊 [Zundamon Kernel Release(720726952)] [小周子(2302956352)] 包邮的
10-05 21:45:55 [NAPCAT] 10-05 21:45:48 [info] 一秋呀(小号)大号2308534727 | 接收 <- 群聊 [Zundamon Kernel Release(720726952)] [胡董(2057436414)] [回复消息 [小周子(23
10-05 21:45:55 [NAPCAT] 10-05 21:45:48 [info] 一秋呀(小号)大号2308534727 | 接收 <- 群聊 [Zundamon Kernel Release(720726952)] [scf555(3056084316)] [图片]
10-05 21:45:55 [NAPCAT] 10-05 21:45:48 [info] 一秋呀(小号)大号2308534727 | 接收 <- 群聊 [Zundamon Kernel Release(720726952)] [小周子(2302956352)] [回复消息 [胡董(20
10-05 21:45:55 [NAPCAT] 10-05 21:45:48 [info] 一秋呀(小号)大号2308534727 | 接收 <- 群聊 [Zundamon Kernel Release(720726952)] [果果果果(811825523)] 小男娘
10-05 21:45:55 [NAPCAT] 10-05 21:45:48 [info] 一秋呀(小号)大号2308534727 | 接收 <- 群聊 [Zundamon Kernel Release(720726952)] [爸爸(193216344)] [图片]
10-05 21:45:55 [NAPCAT] 10-05 21:45:48 [info] 一秋呀(小号)大号2308534727 | 接收 <- 群聊 [Zundamon Kernel Release(720726952)] [小周子(2302956352)] [回复消息 [果果果
10-05 21:45:55 [NAPCAT] 10-05 21:45:48 [info] 一秋呀(小号)大号2308534727 | 接收 <- 群聊 [Zundamon Kernel Release(720726952)] [老头(753873828)] 小骚逼
10-05 21:45:55 [NAPCAT] 10-05 21:45:48 [info] 一秋呀(小号)大号2308534727 | 接收 <- 群聊 [Zundamon Kernel Release(720726952)] [老头(753873828)] [图片]
10-05 21:45:56 [NAPCAT] 10-05 21:45:48 [info] 一秋呀(小号)大号2308534727 | 接收 <- 群聊 [我的世界●一秋小镇(194636275)] [caw2206(无事勿扰 有事勿扰 有疑询
10-05 21:45:56 [NAPCAT] 10-05 21:45:48 [info] 一秋呀(小号)大号2308534727 | 接收 <- 群聊 [我的世界●一秋小镇(194636275)] [Him1388002468(2319161649)] [图片]  终于
10-05 21:45:56 [NAPCAT] 10-05 21:45:48 [info] 一秋呀(小号)大号2308534727 | 接收 <- 群聊 [我的世界●一秋小镇(194636275)]
10-05 21:45:56 [NAPCAT] 10-05 21:45:48 [info] 一秋呀(小号)大号2308534727 | 接收 <- 群聊 [我的世界●一秋小镇(194636275)] [Him1388002468(2319161649)] [视频]
10-05 21:45:56 [NAPCAT] 10-05 21:45:48 [info] 一秋呀(小号)大号2308534727 | 接收 <- 群聊 [我的世界●一秋小镇(194636275)] [Him1388002468(2319161649)] [回复消息 [H
10-05 21:45:56 [NAPCAT] 10-05 21:45:48 [info] 一秋呀(小号)大号2308534727 | 接收 <- 群聊 [我的世界●一秋小镇(194636275)] [Him1388002468(2319161649)] [图片] 真结�
10-05 21:45:56 [NAPCAT] 10-05 21:45:48 [info] 一秋呀(小号)大号2308534727 | 接收 <- 群聊 [我的世界●一秋小镇(194636275)] [Him1388002468(2319161649)] [图片]
10-05 21:45:56 [NAPCAT] 10-05 21:45:48 [info] 一秋呀(小号)大号2308534727 | 接收 <- 群聊 [我的世界●一秋小镇(194636275)] [chuyingweiqi(2022231446)] 服务器好了�
10-05 21:45:56 [NAPCAT] 10-05 21:45:48 [info] 一秋呀(小号)大号2308534727 | 发送 -> 群聊 [我的世界●一秋小镇(194636275)] [一秋呀(小号)大号2308534727(383630521
10-05 21:45:56 [NAPCAT] 10-05 21:45:48 [info] 一秋呀(小号)大号2308534727 | 接收 <- 群聊 [我的世界●一秋小镇(194636275)] [caw2206(无事勿扰 有事勿扰 有疑询
10-05 21:45:56 [NAPCAT] 10-05 21:45:48 [info] 一秋呀(小号)大号2308534727 | 发送 -> 群聊 [我的世界●一秋小镇(194636275)] [一秋呀(小号)大号2308534727(383630521
10-05 21:45:56 [NAPCAT] 10-05 21:45:48 [info] 一秋呀(小号)大号2308534727 | 发送 -> 群聊 [我的世界●一秋小镇(194636275)] [一秋呀(小号)大号2308534727(383630521
10-05 21:45:56 [NAPCAT] 10-05 21:45:48 [info] 一秋呀(小号)大号2308534727 | 发送 -> 群聊 [我的世界●一秋小镇(194636275)] [一秋呀(小号)大号2308534727(383630521
10-05 21:45:56 [NAPCAT] 10-05 21:45:48 [info] 一秋呀(小号)大号2308534727 | 接收 <- 群聊 [我的世界●一秋小镇(194636275)] [caw2206(无事勿扰 有事勿扰 有疑询
10-05 21:45:56 [NAPCAT] 10-05 21:45:48 [info] 一秋呀(小号)大号2308534727 | 接收 <- 群聊 [小米vela交流群(群满加(885186458)] [Q群管家(2854196310)] @쿤쿤 (34872820
10-05 21:45:56 [NAPCAT] 10-05 21:45:48 [info] 一秋呀(小号)大号2308534727 | 接收 <- 群聊 [小米vela交流群(群满加(885186458)] [쿤쿤(3487282044)] [图片]
10-05 21:45:56 [NAPCAT] 10-05 21:45:48 [info] 一秋呀(小号)大号2308534727 | 接收 <- 群聊 [小米vela交流群(群满加(885186458)] [쿤쿤(3487282044)] 这几个应该下载
10-05 21:45:56 [NAPCAT] 10-05 21:45:48 [info] 一秋呀(小号)大号2308534727 | 接收 <- 群聊 [小米vela交流群(群满加(885186458)] [憨衣(1250996494)] 群里最新的
10-05 21:45:56 [NAPCAT] 10-05 21:45:48 [info] 一秋呀(小号)大号2308534727 | 接收 <- 群聊 [小米vela交流群(群满加(885186458)] [Minecraft_DBS-#2(2319161649)] [回复消�
10-05 21:45:56 [NAPCAT] 10-05 21:45:48 [info] 一秋呀(小号)大号2308534727 | 接收 <- 群聊 [小米vela交流群(群满加(885186458)] [Minecraft_DBS-#2(2319161649)] 又是为�
10-05 21:45:56 [NAPCAT] 10-05 21:45:49 [info] 一秋呀(小号)大号2308534727 | 接收 <- 群聊 [0.2之窝11(1054294792)] [百灵(793585313)] ...现在还有人吗？
10-05 21:45:56 [NAPCAT] 10-05 21:45:49 [info] 一秋呀(小号)大号2308534727 | 接收 <- 群聊 [0.2之窝11(1054294792)] [『落』(3380993189)] ？
10-05 21:45:56 [NAPCAT] 10-05 21:45:49 [info] 一秋呀(小号)大号2308534727 | 接收 <- 群聊 [华强北安卓手表交流极客联盟(1031894167)] [su8/m53/m99/s100/m89h(已出)m
10-05 21:45:56 [NAPCAT] 10-05 21:45:51 [info] 一秋呀(小号)大号2308534727 | 接收 <- 群聊 [华强北安卓手表交流极客联盟(1031894167)] [罗德岛蜜袜工坊(29221396
10-05 21:45:56 [NAPCAT] 10-05 21:45:53 [info] 一秋呀(小号)大号2308534727 | 接收 <- 群聊 [华强北安卓手表交流极客联盟(1031894167)] [琉白雨心(1625936837)] 看�
10-05 21:45:56 [NAPCAT] 10-05 21:45:53 [info] 一秋呀(小号)大号2308534727 | 接收 <- 群聊 [华强北安卓手表交流极客联盟(1031894167)] [su8/m53/m99/s100/m89h(已出)m
10-05 21:45:56 [NAPCAT] [BuglyManager.cpp][UploadBugly][107]!!!in UploadBugly.
10-05 21:45:56 [NAPCAT] [NativeCrashHandler.cpp][getCrashDetailBeanFromRecord][52]!!!! in NativeCrashHandler getCrashDetailBeanFromRecord, open file error!!!,dumpFilePath:/root/.config
10-05 21:45:56 [NAPCAT] [NativeCrashHandler.cpp][uploadCrashEvent][331]get null crashDetailBean, return!
10-05 21:46:08 [NAPCAT] 10-05 21:46:08 [info] 一秋呀(小号)大号2308534727 | 接收 <- 群聊 [华强北安卓手表交流极客联盟(1031894167)] [su8/m53/m99/s100/m89h(已出)m
10-05 21:46:17 [NAPCAT] 10-05 21:46:17 [info] 一秋呀(小号)大号2308534727 | 接收 <- 群聊 [华强北安卓手表交流极客联盟(1031894167)] [琉白雨心(1625936837)] [回
10-05 21:46:22 [NAPCAT] 10-05 21:46:21 [info] 一秋呀(小号)大号2308534727 | 接收 <- 群聊 [华强北安卓手表交流极客联盟(1031894167)] [不会起名(2815703615)] 这�
10-05 21:46:31 [NAPCAT] 10-05 21:46:31 [info] 一秋呀(小号)大号2308534727 | 接收 <- 群聊 [华强北安卓手表交流极客联盟(1031894167)] [su8/m53/m99/s100/m89h(已出)m
10-05 21:46:34 [NAPCAT] 10-05 21:46:34 [info] 一秋呀(小号)大号2308534727 | 接收 <- 群聊 [华强北安卓手表交流极客联盟(1031894167)] [su8/m53/m99/s100/m89h(已出)m
10-05 21:46:44 [NAPCAT] 10-05 21:46:44 [info] 一秋呀(小号)大号2308534727 | 发送 -> 群聊 [Prisma启动器交流群(1126547426)] [一秋呀(小号)大号2308534727(3836305211)
10-05 21:46:44 [NAPCAT] 10-05 21:46:44 [info] 一秋呀(小号)大号2308534727 | 接收 <- 临时消息 (1770946116)
10-05 21:46:45 [NAPCAT] 10-05 21:46:45 [error] 一秋呀(小号)大号2308534727 | [KickedOffLine] [下线通知] 你的账号当前登录已失效，请重新登录。
10-05 21:46:46 [NAPCAT] 10-05 21:46:46 [info] 一秋呀(小号)大号2308534727 | 账号状态变更为离线
10-05 21:46:48 [NAPCAT] 10-05 21:46:48 [warn] 一秋呀(小号)大号2308534727 | [Core] [Login] 账号被踢下线，正在重启 Worker 以重新创建 QQ 登录服务 {"result":true
10-05 21:46:48 [NAPCAT] 10-05 21:46:48 [warn] [NapCat] [Process] 进程 19401 仍在运行，尝试强制杀掉
10-05 21:46:52 [NAPCAT] 10-05 21:46:52 [info] [NapCat] [Process] 已清理残留进程: PID 19402 (Utility)
10-05 21:46:53 [NAPCAT] 10-05 21:46:52 [info] [NapCat] [Process] 已清理残留进程: PID 19514 (GPU)
10-05 21:46:53 [NAPCAT] [18806:1005/214652.965178:ERROR:content/browser/gpu/gpu_process_host.cc:1003] GPU process exited unexpectedly: exit_code=15
10-05 21:46:53 [NAPCAT] [18806:1005/214652.992812:ERROR:content/browser/network_service_instance_impl.cc:610] Network service crashed or was terminated, restarting service.
10-05 21:46:53 [NAPCAT] [24241:1005/214653.234436:ERROR:base/files/file_path_watcher_inotify.cc:923] Failed to read /proc/sys/fs/inotify/max_user_watches
10-05 21:46:53 [NAPCAT] [launcher] loadNapCat.js generated in current directory
10-05 21:46:53 [NAPCAT] [24233:1005/214653.270196:ERROR:base/files/file_path_watcher_inotify.cc:923] Failed to read /proc/sys/fs/inotify/max_user_watches
10-05 21:46:53 [NAPCAT] [24233:1005/214653.270286:ERROR:net/base/address_tracker_linux.cc:242] Could not bind NETLINK socket: Permission denied (13)
10-05 21:46:55 [NAPCAT] NapCat Shell App Loading...
10-05 21:46:55 [NAPCAT] [launcher] intercepted package.json: /opt/QQ/resources/app/package.json, replacing content
10-05 21:46:55 [NAPCAT] [launcher] Generated relative path: ../../../../root
10-05 21:46:55 [NAPCAT] [launcher] New main field: "main": "../../../../root/loadNapCat.js"
10-05 21:46:55 [NAPCAT] [launcher] package.json content: {
10-05 21:46:55 [NAPCAT]   "name": "QQ",
10-05 21:46:55 [NAPCAT]   "version": "3.2.33-52892",
10-05 21:46:55 [NAPCAT]   "private": true,
10-05 21:46:55 [NAPCAT]   "description": "QQ",
10-05 21:46:55 [NAPCAT]   "productName": "QQ",
10-05 21:46:55 [NAPCAT]   "author": {
10-05 21:46:55 [NAPCAT]     "name": "Tencent",
10-05 21:46:55 [NAPCAT]     "email": "QQ-Team@tencent.com"
10-05 21:46:55 [NAPCAT]   },
10-05 21:46:55 [NAPCAT]   "homepage": "https://im.qq.com",
10-05 21:46:55 [NAPCAT]   "sideEffects": true,
10-05 21:46:55 [NAPCAT]   "bin": {
10-05 21:46:55 [NAPCAT]     "qd": "externals/devtools/cli/index.js"
10-05 21:46:55 [NAPCAT]   },
10-05 21:46:55 [NAPCAT]   "appid": {
10-05 21:46:55 [NAPCAT]     "win32": "537382716",
10-05 21:46:55 [NAPCAT]     "darwin": "537382742",
10-05 21:46:55 [NAPCAT]     "linux": "537382753",
10-05 21:46:55 [NAPCAT]     "ohos": "5373141859"
10-05 21:46:55 [NAPCAT]   },
10-05 21:46:55 [NAPCAT]   "main": "../../../../root/loadNapCat.js",
10-05 21:46:55 [NAPCAT]   "peerDependenciesMeta": {
10-05 21:46:55 [NAPCAT]     "*": {
10-05 21:46:55 [NAPCAT]       "optional": true
10-05 21:46:56 [NAPCAT]     }
10-05 21:46:56 [NAPCAT]   },
10-05 21:46:56 [NAPCAT]   "pnpm": {
10-05 21:46:56 [NAPCAT]     "patchedDependencies": {
10-05 21:46:56 [NAPCAT]       "@vue/runtime-dom@3.5.12": "patches/@vue__runtime-dom@3.5.12.patch",
10-05 21:46:56 [NAPCAT]       "@swc/helpers@0.5.3": "patches/@swc__helpers@0.5.3.patch",
10-05 21:46:56 [NAPCAT]       "vuex@4.1.0": "patches/vuex@4.1.0.patch",
10-05 21:46:56 [NAPCAT]       "typescript-parser@2.6.1": "patches/typescript-parser@2.6.1.patch",
10-05 21:46:56 [NAPCAT]       "@tencent/qqplay-downloadsdk": "patches/@tencent__qqplay-downloadsdk.patch",
10-05 21:46:56 [NAPCAT]       "@tencent/universal-report@4.5.4": "patches/@tencent__universal-report@4.5.4.patch",
10-05 21:46:56 [NAPCAT]       "typescript@7.0.2": "patches/typescript@7.0.2.patch"
10-05 21:46:56 [NAPCAT]     },
10-05 21:46:56 [NAPCAT]     "packageExtensions": {
10-05 21:46:56 [NAPCAT]       "qute": {
10-05 21:46:56 [NAPCAT]         "dependencies": {},
10-05 21:46:56 [NAPCAT]         "devDependencies": {}
10-05 21:46:56 [NAPCAT]       }
10-05 21:46:56 [NAPCAT]     },
10-05 21:46:56 [NAPCAT]     "overrides": {
10-05 21:46:56 [NAPCAT]       "@types/react": "-",
10-05 21:46:56 [NAPCAT]       "@types/react-dom": "-",
10-05 21:46:56 [NAPCAT]       "@tencent/yuanbao-react-markdown>@types/hast": "-",
10-05 21:46:56 [NAPCAT]       "@tencent/yuanbao-react-markdown>devlop": "-",
10-05 21:46:56 [NAPCAT]       "@tencent/yuanbao-react-markdown>hast-util-to-jsx-runtime": "-",
10-05 21:46:56 [NAPCAT]       "@tencent/yuanbao-react-markdown>html-url-attributes": "-",
10-05 21:46:56 [NAPCAT]       "@tencent/yuanbao-react-markdown>mdast-util-to-hast": "-",
10-05 21:46:56 [NAPCAT]       "@tencent/yuanbao-react-markdown>rehype-parse": "-",
10-05 21:46:56 [NAPCAT]       "@tencent/yuanbao-react-markdown>rehype-stringify": "-",
10-05 21:46:56 [NAPCAT]       "@tencent/yuanbao-react-markdown>remark-parse": "-",
10-05 21:46:56 [NAPCAT]       "@tencent/yuanbao-react-markdown>remark-rehype": "-",
10-05 21:46:56 [NAPCAT]       "@tencent/yuanbao-react-markdown>unified": "-",
10-05 21:46:56 [NAPCAT]       "@tencent/yuanbao-react-markdown>unist-util-visit": "-",
10-05 21:46:56 [NAPCAT]       "@tencent/yuanbao-react-markdown>vfile": "-",
10-05 21:46:56 [NAPCAT]       "@types/d3-dispatch": "3.0.6"
10-05 21:46:56 [NAPCAT]     }
10-05 21:46:56 [NAPCAT]   },
10-05 21:46:56 [NAPCAT]   "buildVersion": "52892",
10-05 21:46:56 [NAPCAT]   "platform": "linux",
10-05 21:46:56 [NAPCAT]   "eleArch": "arm64",
10-05 21:46:56 [NAPCAT]   "linuxFormat": "deb"
10-05 21:46:56 [NAPCAT] }
10-05 21:46:56 [NAPCAT] prepare write and writev hooks
10-05 21:46:56 [NAPCAT] 10-05 21:46:55 [info] [PacketHandler] 加载成功
10-05 21:46:56 [NAPCAT] 10-05 21:46:55 [info] [Napi2NativeLoader] 加载成功
10-05 21:46:56 [NAPCAT] 10-05 21:46:55 [info] [FFmpeg] 检查 Native Addon 可用性...
10-05 21:46:56 [NAPCAT] 10-05 21:46:55 [info] [FFmpeg] ✓ 使用 Native Addon 适配器
10-05 21:46:56 [NAPCAT] 10-05 21:46:55 [info] [PacketHandler] 初始化成功
10-05 21:46:56 [NAPCAT] 10-05 21:46:55 [info] [NapCat] Napi2NativeLoader: Bypass已通过环境变量禁用
10-05 21:46:57 [NAPCAT] 10-05 21:46:55 [info] [NapCat] [Core] NapCat.Core Version: 4.18.28
10-05 21:46:57 [NAPCAT] [I] <MemoryFile.cpp:98::open> open fd[0x23], /root/.config/QQ/nt_qq/global/nt_data/mmkv/nt_mmkv_global_misc
10-05 21:46:57 [NAPCAT] [I] <MemoryFile.cpp:98::open> open fd[0x25], /root/.config/QQ/nt_qq/global/nt_data/mmkv/nt_mmkv_global_misc.crc
10-05 21:46:57 [NAPCAT] [I] <MMKV_IO.cpp:213::loadMetaInfoAndCheck> meta file [nt_mmkv_global_misc] has flag [0]
10-05 21:46:57 [NAPCAT] [I] <MMKV_IO.cpp:87::loadFromFile> loading [nt_mmkv_global_misc] with 139 actual size, file size 4096, InterProcess 1, meta info version:4
10-05 21:46:57 [NAPCAT] [I] <MMKV_IO.cpp:92::loadFromFile> loading [nt_mmkv_global_misc] with crc 3268764796 sequence 1 version 4
10-05 21:46:57 [NAPCAT] [I] <MMKV_IO.cpp:136::loadFromFile> loaded [nt_mmkv_global_misc] with 2 key-values
10-05 21:46:57 [NAPCAT] [I] <MMKV.cpp:233::initializeMMKV> root dir: /root/.config/QQ/nt_qq/global/nt_data/mmkv
10-05 21:46:57 [NAPCAT] [I] <MemoryFile.cpp:98::open> open fd[0x26], /root/.config/QQ/nt_qq/global/nt_data/mmkv/nt_mmkv_o3
10-05 21:46:57 [NAPCAT] [I] <MemoryFile.cpp:98::open> open fd[0x27], /root/.config/QQ/nt_qq/global/nt_data/mmkv/nt_mmkv_o3.crc
10-05 21:46:57 [NAPCAT] [I] <MMKV_IO.cpp:213::loadMetaInfoAndCheck> meta file [nt_mmkv_o3] has flag [0]
10-05 21:46:57 [NAPCAT] [I] <MMKV_IO.cpp:87::loadFromFile> loading [nt_mmkv_o3] with 147 actual size, file size 4096, InterProcess 1, meta info version:4
10-05 21:46:57 [NAPCAT] [I] <MMKV_IO.cpp:92::loadFromFile> loading [nt_mmkv_o3] with crc 3845623087 sequence 1 version 4
10-05 21:46:57 [NAPCAT] [I] <MMKV_IO.cpp:136::loadFromFile> loaded [nt_mmkv_o3] with 2 key-values
10-05 21:46:57 [NAPCAT] 10-05 21:46:55 [info] [NapCat] [WebUi] WebUi Token: bandqq-napcat
10-05 21:46:57 [NAPCAT] 10-05 21:46:55 [info] [NapCat] [WebUi] WebUi User Panel Url: http://127.0.0.1:5099/webui?token=bandqq-napcat
10-05 21:46:57 [NAPCAT] 10-05 21:46:55 [info] [NapCat] [WebUi] WebUi User Panel Url: http://[::]:5099/webui?token=bandqq-napcat
10-05 21:46:57 [NAPCAT] 10-05 21:46:55 [info] 等待网络连接...
10-05 21:46:57 [NAPCAT] 10-05 21:46:56 [info] 网络已连接
10-05 21:46:57 [NAPCAT] 10-05 21:46:56 [info] 没有 -q 指令指定快速登录，将使用二维码登录方式
10-05 21:46:57 [NAPCAT] 10-05 21:46:56 [info] 可用于快速登录 of QQ：
10-05 21:46:57 [NAPCAT] 1. 3836305211 一秋呀(小号)大号2308534727
10-05 21:46:57 [NAPCAT] 10-05 21:46:56 [warn] 请扫描下面的二维码，然后在手Q上授权登录：
10-05 21:46:57 [NAPCAT] 10-05 21:46:56 [warn] 
10-05 21:46:57 [NAPCAT] ▄▄▄▄▄▄▄▄▄▄▄▄▄▄▄▄▄▄▄▄▄▄▄▄▄▄▄▄▄▄▄▄▄▄▄
10-05 21:46:57 [NAPCAT] █ ▄▄▄▄▄ █▄▄▄ ▀▄██ ▄█▀▀▄▀█ █ ▄▄▄▄▄ █
10-05 21:46:57 [NAPCAT] █ █   █ ██▄▀ █ ▀▄▄███▄▄█  █ █   █ █
10-05 21:46:57 [NAPCAT] █ █▄▄▄█ ██▀▄ ▄████▀▀▄▀▄█▀▄█ █▄▄▄█ █
10-05 21:46:57 [NAPCAT] █▄▄▄▄▄▄▄█ ▀▄█ ▀ █ █▄▀ █ ▀▄█▄▄▄▄▄▄▄█
10-05 21:46:57 [NAPCAT] █ ▄▀▄ ▀▄▀▀▄▀█▄██▀▀▀▀█▄▄█▀▄█▄▀▀█▀▀▄█
10-05 21:46:57 [NAPCAT] █▄  ▄  ▄▀ ▄██▄█▄ █ ▀█ █ ▄▄▀  ▄▀▀▄▄█
10-05 21:46:57 [NAPCAT] █▄▄▄▀██▄ ▄  █▀▀▄  ▄██▄ █▄▄▀▄▄███▄▄█
10-05 21:46:57 [NAPCAT] █▀▄██▄▀▄▄██ █▀▄▀ ▄▄█▄▀▄▄█ ▀▄█ █▀█▀█
10-05 21:46:57 [NAPCAT] █ █▄█▄ ▄▀██▀ ▄▄  ▀▀▄▀▀  ▄█▄ ▀ ▄█  █
10-05 21:46:57 [NAPCAT] █▄▀ ▀▄█▄█▄█▀▀▄   ▄██▄▄██▄██▀█▄█▀▀ █
10-05 21:46:57 [NAPCAT] █ █▄█ ▀▄██▀▀▄▀██ ███▄▄██ ▀▄█▀▀▀█▀██
10-05 21:46:57 [NAPCAT] █ █  ▀▄▄▀▄   ▀█  █ ▄▀█▄ ▄▀ ▀ ▄█▀▄▄█
10-05 21:46:57 [NAPCAT] █▄▄█▄██▄▄▀█▀▄▄▀▄▄▀█▀▄█▄▀█ ▄▄▄ ▀▀ ██
10-05 21:46:57 [NAPCAT] █ ▄▄▄▄▄ ██▀▄ ▄█ ▄ ▄█▄███  █▄█ ▀ █▀█
10-05 21:46:57 [NAPCAT] █ █   █ █ ▀▀▀ ▄ ▄▄█ ▄ ▀ ▄▄ ▄▄▄▀█▄▄█
10-05 21:46:57 [NAPCAT] █ █▄▄▄█ █▀ █▄█ ▄▄▄▄█ ▀▄█▀█▀▀▄   ▀ █
10-05 21:46:57 [NAPCAT] █▄▄▄▄▄▄▄█▄▄▄████▄█▄█▄▄███▄▄█▄█▄████
10-05 21:46:57 [NAPCAT] 二维码解码URL: https://txz.qq.com/p?k=pFg*5EVINtWlqLsVplYvuYLW7Qg-pPVr&f=1600001615
10-05 21:46:57 [NAPCAT] 如果控制台二维码无法扫码，可以复制解码url到二维码生成网站生成二维码再扫码，也可以打开下方的二维码路径图片进�
10-05 21:46:57 [NAPCAT] 10-05 21:46:56 [warn] 二维码已保存到 /root/napcat/cache/qrcode.png
10-05 21:48:29 引擎输出读取结束（主动停止）
10-05 21:48:37 引擎已停止

===== AstrBot 引擎会话开始 10-05 23:25:45 =====
10-05 23:25:45 启动脚本已与 APK 资产对齐（v2.28.0 每次启动强制刷新）
10-05 23:25:45 AstrBot 机器人开关已关闭：本次仅启动 NapCat（手环 QQ 直连），不安装/启动 AstrBot
10-05 23:25:45 拉起容器（proot → astrbot-startup.sh）…
10-05 23:25:46 [AstrBot Android] resolv.conf 已重写（原: nameserver 8.8.8.8 → 公共解析器x4）
10-05 23:25:46 [AstrBot Android] DNS 自检通过（getent 解析正常）
10-05 23:25:46 [STAGE:5:仅 NapCat 模式（AstrBot 机器人开关已关闭）]
10-05 23:25:46 [31m- 仅 NapCat 模式（AstrBot 机器人开关已关闭）[0m
10-05 23:25:46 [AstrBot Android] 反检测状态：关闭（bypass 钩子崩溃自愈禁用；NAPCAT_DISABLE_BYPASS=1 短路配置，跳过写入）
10-05 23:25:46 [AstrBot Android] 反检测分级复检：旧全禁标记（漂移崩溃时代产物）迁移为 nohook 形态——仅禁用 hook 钩子（实证崩溃源），window/module/process/container/js 五项恢复开启；若仍崩将自动回到全禁（仅复检一次，不循环）
10-05 23:25:46 [AstrBot Android] 反检测状态：部分（hook 单项崩溃规避，window/module/process/container/js 五项保持开启）
10-05 23:25:46 反检测已开启：napcat.json（五项/hook 规避 + o3HookMode）
10-05 23:25:47 反检测已开启：napcat_3836305211.json（五项/hook 规避 + o3HookMode）
10-05 23:25:47 反检测已开启：napcat_protocol_3836305211.json（五项/hook 规避 + o3HookMode）
10-05 23:25:47 [AstrBot Android] 反检测配置已更新（重启 NapCat 生效，看门狗/启动链会自动重启）
10-05 23:25:47 [STAGE:90:启动 NapCat（首次需扫码登录 QQ，Token 在 App「密码与登录」卡复制）]
10-05 23:25:47 [31m- 启动 NapCat（首次需扫码登录 QQ，Token 在 App「密码与登录」卡复制）[0m
10-05 23:25:47 [31m- NapCat 启动中[0m
10-05 23:25:47 [AstrBot Android] NapCat 已后台拉起（控制台: /root/napcat/napcat-console.log）
10-05 23:25:47 [AstrBot Android] QQ 登录完成后 OneBot :3001/:3000 自动可用；未登录时打开 WebUI :5099 扫码
10-05 23:25:47 [AstrBot Android] NapCat 看门狗已启动（2 分钟巡检：进程保活 + 崩溃自愈阶梯 + 版本钉扎强制执行 + 登录后配置自动升级重启）
10-05 23:25:47 [STAGE:92:NapCat 启动中（QQ 引导完成后 :3001/:3000 生效；AstrBot 已按开关关闭）]
10-05 23:25:47 [31m- NapCat 启动中（QQ 引导完成后 :3001/:3000 生效；AstrBot 已按开关关闭）[0m
10-05 23:25:48 [NAPCAT] [launcher] loadNapCat.js generated in current directory
10-05 23:25:48 [NAPCAT] not mini app. 
10-05 23:25:48 [NAPCAT] [launcher] loadNapCat.js generated in current directory
10-05 23:25:48 [NAPCAT] [preload] succeeded. /opt/QQ/resources/app/major.node
10-05 23:25:48 [NAPCAT] [launcher] loadNapCat.js generated in current directory
10-05 23:25:48 [NAPCAT] [preload] succeeded. /opt/QQ/resources/app/major.node
10-05 23:25:48 [NAPCAT] [26003:1005/232548.218765:ERROR:base/files/file_path_watcher_inotify.cc:923] Failed to read /proc/sys/fs/inotify/max_user_watches
10-05 23:25:48 [NAPCAT] [26002:1005/232548.219503:ERROR:base/files/file_path_watcher_inotify.cc:923] Failed to read /proc/sys/fs/inotify/max_user_watches
10-05 23:25:48 [NAPCAT] [25977:1005/232548.277694:ERROR:dbus/bus.cc:406] Failed to connect to the bus: Failed to connect to socket /run/dbus/system_bus_socket: No such file or director
10-05 23:25:48 [NAPCAT] resourcesPath: /opt/QQ/resources
10-05 23:25:48 [NAPCAT] [launcher] intercepted package.json: /opt/QQ/resources/app/package.json, replacing content
10-05 23:25:48 [NAPCAT] [launcher] Generated relative path: ../../../../root
10-05 23:25:48 [NAPCAT] [launcher] New main field: "main": "../../../../root/loadNapCat.js"
10-05 23:25:48 [NAPCAT] [launcher] package.json content: {
10-05 23:25:48 [NAPCAT]   "name": "QQ",
10-05 23:25:48 [NAPCAT]   "version": "3.2.33-52892",
10-05 23:25:48 [NAPCAT]   "private": true,
10-05 23:25:48 [NAPCAT]   "description": "QQ",
10-05 23:25:48 [NAPCAT]   "productName": "QQ",
10-05 23:25:48 [NAPCAT]   "author": {
10-05 23:25:48 [NAPCAT]     "name": "Tencent",
10-05 23:25:48 [NAPCAT]     "email": "QQ-Team@tencent.com"
10-05 23:25:48 [NAPCAT]   },
10-05 23:25:48 [NAPCAT]   "homepage": "https://im.qq.com",
10-05 23:25:48 [NAPCAT]   "sideEffects": true,
10-05 23:25:48 [NAPCAT]   "bin": {
10-05 23:25:48 [NAPCAT]     "qd": "externals/devtools/cli/index.js"
10-05 23:25:48 [NAPCAT]   },
10-05 23:25:48 [NAPCAT]   "appid": {
10-05 23:25:48 [NAPCAT]     "win32": "537382716",
10-05 23:25:48 [NAPCAT]     "darwin": "537382742",
10-05 23:25:49 [NAPCAT]     "linux": "537382753",
10-05 23:25:49 [NAPCAT]     "ohos": "5373141859"
10-05 23:25:49 [NAPCAT]   },
10-05 23:25:49 [NAPCAT]   "main": "../../../../root/loadNapCat.js",
10-05 23:25:49 [NAPCAT]   "peerDependenciesMeta": {
10-05 23:25:49 [NAPCAT]     "*": {
10-05 23:25:49 [NAPCAT]       "optional": true
10-05 23:25:49 [NAPCAT]     }
10-05 23:25:49 [NAPCAT]   },
10-05 23:25:49 [NAPCAT]   "pnpm": {
10-05 23:25:49 [NAPCAT]     "patchedDependencies": {
10-05 23:25:49 [NAPCAT]       "@vue/runtime-dom@3.5.12": "patches/@vue__runtime-dom@3.5.12.patch",
10-05 23:25:49 [NAPCAT]       "@swc/helpers@0.5.3": "patches/@swc__helpers@0.5.3.patch",
10-05 23:25:49 [NAPCAT]       "vuex@4.1.0": "patches/vuex@4.1.0.patch",
10-05 23:25:49 [NAPCAT]       "typescript-parser@2.6.1": "patches/typescript-parser@2.6.1.patch",
10-05 23:25:49 [NAPCAT]       "@tencent/qqplay-downloadsdk": "patches/@tencent__qqplay-downloadsdk.patch",
10-05 23:25:49 [NAPCAT]       "@tencent/universal-report@4.5.4": "patches/@tencent__universal-report@4.5.4.patch",
10-05 23:25:49 [NAPCAT]       "typescript@7.0.2": "patches/typescript@7.0.2.patch"
10-05 23:25:49 [NAPCAT]     },
10-05 23:25:49 [NAPCAT]     "packageExtensions": {
10-05 23:25:49 [NAPCAT]       "qute": {
10-05 23:25:49 [NAPCAT]         "dependencies": {},
10-05 23:25:49 [NAPCAT]         "devDependencies": {}
10-05 23:25:49 [NAPCAT]       }
10-05 23:25:49 [NAPCAT]     },
10-05 23:25:49 [NAPCAT]     "overrides": {
10-05 23:25:49 [NAPCAT]       "@types/react": "-",
10-05 23:25:49 [NAPCAT]       "@types/react-dom": "-",
10-05 23:25:49 [NAPCAT]       "@tencent/yuanbao-react-markdown>@types/hast": "-",
10-05 23:25:49 [NAPCAT]       "@tencent/yuanbao-react-markdown>devlop": "-",
10-05 23:25:49 [NAPCAT]       "@tencent/yuanbao-react-markdown>hast-util-to-jsx-runtime": "-",
10-05 23:25:49 [NAPCAT]       "@tencent/yuanbao-react-markdown>html-url-attributes": "-",
10-05 23:25:49 [NAPCAT]       "@tencent/yuanbao-react-markdown>mdast-util-to-hast": "-",
10-05 23:25:49 [NAPCAT]       "@tencent/yuanbao-react-markdown>rehype-parse": "-",
10-05 23:25:49 [NAPCAT]       "@tencent/yuanbao-react-markdown>rehype-stringify": "-",
10-05 23:25:49 [NAPCAT]       "@tencent/yuanbao-react-markdown>remark-parse": "-",
10-05 23:25:49 [NAPCAT]       "@tencent/yuanbao-react-markdown>remark-rehype": "-",
10-05 23:25:49 [NAPCAT]       "@tencent/yuanbao-react-markdown>unified": "-",
10-05 23:25:49 [NAPCAT]       "@tencent/yuanbao-react-markdown>unist-util-visit": "-",
10-05 23:25:49 [NAPCAT]       "@tencent/yuanbao-react-markdown>vfile": "-",
10-05 23:25:49 [NAPCAT]       "@types/d3-dispatch": "3.0.6"
10-05 23:25:49 [NAPCAT]     }
10-05 23:25:49 [NAPCAT]   },
10-05 23:25:50 [NAPCAT]   "buildVersion": "52892",
10-05 23:25:50 [NAPCAT]   "platform": "linux",
10-05 23:25:50 [NAPCAT]   "eleArch": "arm64",
10-05 23:25:50 [NAPCAT]   "linuxFormat": "deb"
10-05 23:25:50 [NAPCAT] }
10-05 23:25:50 [NAPCAT] [25977:1005/232550.205659:ERROR:dbus/bus.cc:406] Failed to connect to the bus: Could not parse server address: Unknown address type (examples of valid types are
10-05 23:25:50 [NAPCAT] [25977:1005/232550.205730:ERROR:dbus/bus.cc:406] Failed to connect to the bus: Could not parse server address: Unknown address type (examples of valid types are
10-05 23:25:50 [NAPCAT] [25977:1005/232550.206872:ERROR:base/files/file_path_watcher_inotify.cc:923] Failed to read /proc/sys/fs/inotify/max_user_watches
10-05 23:25:50 [NAPCAT] [25977:1005/232550.207298:ERROR:dbus/bus.cc:406] Failed to connect to the bus: Failed to connect to socket /run/dbus/system_bus_socket: No such file or director
10-05 23:25:50 [NAPCAT] [25977:1005/232550.207372:ERROR:net/base/address_tracker_linux.cc:242] Could not bind NETLINK socket: Permission denied (13)
10-05 23:25:50 [NAPCAT] [25977:1005/232550.208200:ERROR:dbus/bus.cc:406] Failed to connect to the bus: Failed to connect to socket /run/dbus/system_bus_socket: No such file or director
10-05 23:25:50 [NAPCAT] [25977:1005/232550.231826:ERROR:device/udev_linux/udev_watcher.cc:51] Failed to initialize a udev monitor.
10-05 23:25:50 [NAPCAT] [25977:1005/232550.274973:ERROR:dbus/object_proxy.cc:573] Failed to call method: org.freedesktop.DBus.NameHasOwner: object_path= /org/freedesktop/DBus: unknown 
10-05 23:25:50 [NAPCAT] [25977:1005/232550.275106:ERROR:dbus/object_proxy.cc:573] Failed to call method: org.freedesktop.DBus.NameHasOwner: object_path= /org/freedesktop/DBus: unknown 
10-05 23:25:50 [NAPCAT] [25977:1005/232550.275211:ERROR:dbus/bus.cc:406] Failed to connect to the bus: Could not parse server address: Unknown address type (examples of valid types are
10-05 23:25:50 [NAPCAT] [25977:1005/232550.275258:ERROR:dbus/bus.cc:406] Failed to connect to the bus: Could not parse server address: Unknown address type (examples of valid types are
10-05 23:25:50 [NAPCAT] [25977:1005/232550.275283:ERROR:dbus/object_proxy.cc:573] Failed to call method: org.freedesktop.DBus.NameHasOwner: object_path= /org/freedesktop/DBus: unknown 
10-05 23:25:50 [NAPCAT] [25977:1005/232550.289002:ERROR:dbus/object_proxy.cc:573] Failed to call method: org.freedesktop.DBus.NameHasOwner: object_path= /org/freedesktop/DBus: unknown 
10-05 23:25:50 [NAPCAT] [26477:1005/232550.417860:ERROR:base/files/file_path_watcher_inotify.cc:923] Failed to read /proc/sys/fs/inotify/max_user_watches
10-05 23:25:50 [NAPCAT] [launcher] loadNapCat.js generated in current directory
10-05 23:25:50 [NAPCAT] [26476:1005/232550.482211:ERROR:base/files/file_path_watcher_inotify.cc:923] Failed to read /proc/sys/fs/inotify/max_user_watches
10-05 23:25:50 [NAPCAT] [26476:1005/232550.482490:ERROR:net/base/address_tracker_linux.cc:242] Could not bind NETLINK socket: Permission denied (13)
10-05 23:25:50 [NAPCAT] [26459:1005/232550.738913:ERROR:ui/gl/angle_platform_impl.cc:42] Display.cpp:1097 (initialize): ANGLE Display::initialize error 12289: GLX is not present.
10-05 23:25:50 [NAPCAT] ERR: Display.cpp:1097 (initialize): ANGLE Display::initialize error 12289: GLX is not present.
10-05 23:25:50 [NAPCAT] [26459:1005/232550.739374:ERROR:ui/gl/egl_util.cc:92] EGL Driver message (Critical) eglInitialize: GLX is not present.
10-05 23:25:50 [NAPCAT] [26459:1005/232550.739647:ERROR:ui/gl/gl_display.cc:639] eglInitialize OpenGL failed with error EGL_NOT_INITIALIZED, trying next display type
10-05 23:25:50 [NAPCAT] [26459:1005/232550.740044:ERROR:ui/gl/angle_platform_impl.cc:42] Display.cpp:1097 (initialize): ANGLE Display::initialize error 12289: GLX is not present.
10-05 23:25:50 [NAPCAT] ERR: Display.cpp:1097 (initialize): ANGLE Display::initialize error 12289: GLX is not present.
10-05 23:25:50 [NAPCAT] [26459:1005/232550.740267:ERROR:ui/gl/egl_util.cc:92] EGL Driver message (Critical) eglInitialize: GLX is not present.
10-05 23:25:50 [NAPCAT] [26459:1005/232550.740485:ERROR:ui/gl/gl_display.cc:639] eglInitialize OpenGLES failed with error EGL_NOT_INITIALIZED
10-05 23:25:50 [NAPCAT] [26459:1005/232550.740806:ERROR:ui/gl/gl_display.cc:674] Initialization of all EGL display types failed.
10-05 23:25:50 [NAPCAT] [26459:1005/232550.741052:ERROR:ui/ozone/common/gl_ozone_egl.cc:26] GLDisplayEGL::Initialize failed.
10-05 23:25:50 [NAPCAT] [26459:1005/232550.965521:ERROR:ui/gl/angle_platform_impl.cc:42] Display.cpp:1097 (initialize): ANGLE Display::initialize error 12289: GLX is not present.
10-05 23:25:51 [NAPCAT] ERR: Display.cpp:1097 (initialize): ANGLE Display::initialize error 12289: GLX is not present.
10-05 23:25:51 [NAPCAT] [26459:1005/232550.966194:ERROR:ui/gl/egl_util.cc:92] EGL Driver message (Critical) eglInitialize: GLX is not present.
10-05 23:25:51 [NAPCAT] [26459:1005/232550.966573:ERROR:ui/gl/gl_display.cc:639] eglInitialize OpenGL failed with error EGL_NOT_INITIALIZED, trying next display type
10-05 23:25:51 [NAPCAT] [26459:1005/232550.967285:ERROR:ui/gl/angle_platform_impl.cc:42] Display.cpp:1097 (initialize): ANGLE Display::initialize error 12289: GLX is not present.
10-05 23:25:51 [NAPCAT] ERR: Display.cpp:1097 (initialize): ANGLE Display::initialize error 12289: GLX is not present.
10-05 23:25:51 [NAPCAT] [26459:1005/232550.967536:ERROR:ui/gl/egl_util.cc:92] EGL Driver message (Critical) eglInitialize: GLX is not present.
10-05 23:25:51 [NAPCAT] [26459:1005/232550.968229:ERROR:ui/gl/gl_display.cc:639] eglInitialize OpenGLES failed with error EGL_NOT_INITIALIZED
10-05 23:25:51 [NAPCAT] [26459:1005/232550.968522:ERROR:ui/gl/gl_display.cc:674] Initialization of all EGL display types failed.
10-05 23:25:51 [NAPCAT] [26459:1005/232550.970216:ERROR:ui/ozone/common/gl_ozone_egl.cc:26] GLDisplayEGL::Initialize failed.
10-05 23:25:51 [NAPCAT] [26459:1005/232550.976237:ERROR:components/viz/service/main/viz_main_impl.cc:189] Exiting GPU process due to errors during initialization
10-05 23:25:51 [NAPCAT] NapCat Shell App Loading...
10-05 23:25:51 [NAPCAT] [launcher] intercepted package.json: /opt/QQ/resources/app/package.json, replacing content
10-05 23:25:51 [NAPCAT] [launcher] Generated relative path: ../../../../root
10-05 23:25:51 [NAPCAT] [launcher] New main field: "main": "../../../../root/loadNapCat.js"
10-05 23:25:51 [NAPCAT] [launcher] package.json content: {
10-05 23:25:51 [NAPCAT]   "name": "QQ",
10-05 23:25:51 [NAPCAT]   "version": "3.2.33-52892",
10-05 23:25:51 [NAPCAT]   "private": true,
10-05 23:25:51 [NAPCAT]   "description": "QQ",
10-05 23:25:51 [NAPCAT]   "productName": "QQ",
10-05 23:25:51 [NAPCAT]   "author": {
10-05 23:25:51 [NAPCAT]     "name": "Tencent",
10-05 23:25:51 [NAPCAT]     "email": "QQ-Team@tencent.com"
10-05 23:25:51 [NAPCAT]   },
10-05 23:25:51 [NAPCAT]   "homepage": "https://im.qq.com",
10-05 23:25:51 [NAPCAT]   "sideEffects": true,
10-05 23:25:51 [NAPCAT]   "bin": {
10-05 23:25:52 [NAPCAT]     "qd": "externals/devtools/cli/index.js"
10-05 23:25:52 [NAPCAT]   },
10-05 23:25:52 [NAPCAT]   "appid": {
10-05 23:25:52 [NAPCAT]     "win32": "537382716",
10-05 23:25:52 [NAPCAT]     "darwin": "537382742",
10-05 23:25:52 [NAPCAT]     "linux": "537382753",
10-05 23:25:52 [NAPCAT]     "ohos": "5373141859"
10-05 23:25:52 [NAPCAT]   },
10-05 23:25:52 [NAPCAT]   "main": "../../../../root/loadNapCat.js",
10-05 23:25:52 [NAPCAT]   "peerDependenciesMeta": {
10-05 23:25:52 [NAPCAT]     "*": {
10-05 23:25:52 [NAPCAT]       "optional": true
10-05 23:25:52 [NAPCAT]     }
10-05 23:25:52 [NAPCAT]   },
10-05 23:25:52 [NAPCAT]   "pnpm": {
10-05 23:25:52 [NAPCAT]     "patchedDependencies": {
10-05 23:25:52 [NAPCAT]       "@vue/runtime-dom@3.5.12": "patches/@vue__runtime-dom@3.5.12.patch",
10-05 23:25:52 [NAPCAT]       "@swc/helpers@0.5.3": "patches/@swc__helpers@0.5.3.patch",
10-05 23:25:52 [NAPCAT]       "vuex@4.1.0": "patches/vuex@4.1.0.patch",
10-05 23:25:52 [NAPCAT]       "typescript-parser@2.6.1": "patches/typescript-parser@2.6.1.patch",
10-05 23:25:52 [NAPCAT]       "@tencent/qqplay-downloadsdk": "patches/@tencent__qqplay-downloadsdk.patch",
10-05 23:25:52 [NAPCAT]       "@tencent/universal-report@4.5.4": "patches/@tencent__universal-report@4.5.4.patch",
10-05 23:25:52 [NAPCAT]       "typescript@7.0.2": "patches/typescript@7.0.2.patch"
10-05 23:25:52 [NAPCAT]     },
10-05 23:25:52 [NAPCAT]     "packageExtensions": {
10-05 23:25:52 [NAPCAT]       "qute": {
10-05 23:25:52 [NAPCAT]         "dependencies": {},
10-05 23:25:52 [NAPCAT]         "devDependencies": {}
10-05 23:25:52 [NAPCAT]       }
10-05 23:25:52 [NAPCAT]     },
10-05 23:25:52 [NAPCAT]     "overrides": {
10-05 23:25:52 [NAPCAT]       "@types/react": "-",
10-05 23:25:52 [NAPCAT]       "@types/react-dom": "-",
10-05 23:25:52 [NAPCAT]       "@tencent/yuanbao-react-markdown>@types/hast": "-",
10-05 23:25:52 [NAPCAT]       "@tencent/yuanbao-react-markdown>devlop": "-",
10-05 23:25:52 [NAPCAT]       "@tencent/yuanbao-react-markdown>hast-util-to-jsx-runtime": "-",
10-05 23:25:52 [NAPCAT]       "@tencent/yuanbao-react-markdown>html-url-attributes": "-",
10-05 23:25:52 [NAPCAT]       "@tencent/yuanbao-react-markdown>mdast-util-to-hast": "-",
10-05 23:25:52 [NAPCAT]       "@tencent/yuanbao-react-markdown>rehype-parse": "-",
10-05 23:25:52 [NAPCAT]       "@tencent/yuanbao-react-markdown>rehype-stringify": "-",
10-05 23:25:52 [NAPCAT]       "@tencent/yuanbao-react-markdown>remark-parse": "-",
10-05 23:25:52 [NAPCAT]       "@tencent/yuanbao-react-markdown>remark-rehype": "-",
10-05 23:25:52 [NAPCAT]       "@tencent/yuanbao-react-markdown>unified": "-",
10-05 23:25:52 [NAPCAT]       "@tencent/yuanbao-react-markdown>unist-util-visit": "-",
10-05 23:25:52 [NAPCAT]       "@tencent/yuanbao-react-markdown>vfile": "-",
10-05 23:25:52 [NAPCAT]       "@types/d3-dispatch": "3.0.6"
10-05 23:25:53 [NAPCAT]     }
10-05 23:25:53 [NAPCAT]   },
10-05 23:25:53 [NAPCAT]   "buildVersion": "52892",
10-05 23:25:53 [NAPCAT]   "platform": "linux",
10-05 23:25:53 [NAPCAT]   "eleArch": "arm64",
10-05 23:25:53 [NAPCAT]   "linuxFormat": "deb"
10-05 23:25:53 [NAPCAT] }
10-05 23:25:53 [NAPCAT] prepare write and writev hooks
10-05 23:25:53 [NAPCAT] 10-05 23:25:51 [info] [PacketHandler] 加载成功
10-05 23:25:53 [NAPCAT] 10-05 23:25:51 [info] [Napi2NativeLoader] 加载成功
10-05 23:25:53 [NAPCAT] 10-05 23:25:51 [info] [FFmpeg] 检查 Native Addon 可用性...
10-05 23:25:53 [NAPCAT] 10-05 23:25:51 [info] [FFmpeg] ✓ 使用 Native Addon 适配器
10-05 23:25:53 [NAPCAT] 10-05 23:25:51 [info] [PacketHandler] 初始化成功
10-05 23:25:53 [NAPCAT] 10-05 23:25:51 [info] [NapCat] [Core] NapCat.Core Version: 4.18.28
10-05 23:25:53 [NAPCAT] [I] <MemoryFile.cpp:98::open> open fd[0x26], /root/.config/QQ/nt_qq/global/nt_data/mmkv/nt_mmkv_global_misc
10-05 23:25:53 [NAPCAT] [I] <MemoryFile.cpp:98::open> open fd[0x27], /root/.config/QQ/nt_qq/global/nt_data/mmkv/nt_mmkv_global_misc.crc
10-05 23:25:53 [NAPCAT] [I] <MMKV_IO.cpp:213::loadMetaInfoAndCheck> meta file [nt_mmkv_global_misc] has flag [0]
10-05 23:25:53 [NAPCAT] [I] <MMKV_IO.cpp:87::loadFromFile> loading [nt_mmkv_global_misc] with 139 actual size, file size 4096, InterProcess 1, meta info version:4
10-05 23:25:53 [NAPCAT] [I] <MMKV_IO.cpp:92::loadFromFile> loading [nt_mmkv_global_misc] with crc 3268764796 sequence 1 version 4
10-05 23:25:53 [NAPCAT] [I] <MMKV_IO.cpp:136::loadFromFile> loaded [nt_mmkv_global_misc] with 2 key-values
10-05 23:25:53 [NAPCAT] [I] <MMKV.cpp:233::initializeMMKV> root dir: /root/.config/QQ/nt_qq/global/nt_data/mmkv
10-05 23:25:53 [NAPCAT] [I] <MemoryFile.cpp:98::open> open fd[0x28], /root/.config/QQ/nt_qq/global/nt_data/mmkv/nt_mmkv_o3
10-05 23:25:53 [NAPCAT] [I] <MemoryFile.cpp:98::open> open fd[0x29], /root/.config/QQ/nt_qq/global/nt_data/mmkv/nt_mmkv_o3.crc
10-05 23:25:53 [NAPCAT] [I] <MMKV_IO.cpp:213::loadMetaInfoAndCheck> meta file [nt_mmkv_o3] has flag [0]
10-05 23:25:53 [NAPCAT] [I] <MMKV_IO.cpp:87::loadFromFile> loading [nt_mmkv_o3] with 147 actual size, file size 4096, InterProcess 1, meta info version:4
10-05 23:25:53 [NAPCAT] [I] <MMKV_IO.cpp:92::loadFromFile> loading [nt_mmkv_o3] with crc 3845623087 sequence 1 version 4
10-05 23:25:53 [NAPCAT] [I] <MMKV_IO.cpp:136::loadFromFile> loaded [nt_mmkv_o3] with 2 key-values
10-05 23:25:53 [NAPCAT] 10-05 23:25:52 [error] [NapCat] [UtilityProcess] Worker进程退出，退出码: 11
10-05 23:25:53 [NAPCAT] 10-05 23:25:52 [warn] [NapCat] [UtilityProcess] Worker进程意外退出 (1/3)，正在尝试重新拉起...
10-05 23:25:53 [NAPCAT] [launcher] loadNapCat.js generated in current directory
10-05 23:25:53 [NAPCAT] [26833:1005/232552.254917:ERROR:base/files/file_path_watcher_inotify.cc:923] Failed to read /proc/sys/fs/inotify/max_user_watches
10-05 23:25:53 [NAPCAT] [26833:1005/232552.255630:ERROR:net/base/address_tracker_linux.cc:242] Could not bind NETLINK socket: Permission denied (13)
10-05 23:25:53 [NAPCAT] NapCat Shell App Loading...
10-05 23:25:53 [NAPCAT] [launcher] intercepted package.json: /opt/QQ/resources/app/package.json, replacing content
10-05 23:25:53 [NAPCAT] [launcher] Generated relative path: ../../../../root
10-05 23:25:53 [NAPCAT] [launcher] New main field: "main": "../../../../root/loadNapCat.js"
10-05 23:25:53 [NAPCAT] [launcher] package.json content: {
10-05 23:25:53 [NAPCAT]   "name": "QQ",
10-05 23:25:53 [NAPCAT]   "version": "3.2.33-52892",
10-05 23:25:53 [NAPCAT]   "private": true,
10-05 23:25:54 [NAPCAT]   "description": "QQ",
10-05 23:25:54 [NAPCAT]   "productName": "QQ",
10-05 23:25:54 [NAPCAT]   "author": {
10-05 23:25:54 [NAPCAT]     "name": "Tencent",
10-05 23:25:54 [NAPCAT]     "email": "QQ-Team@tencent.com"
10-05 23:25:54 [NAPCAT]   },
10-05 23:25:54 [NAPCAT]   "homepage": "https://im.qq.com",
10-05 23:25:54 [NAPCAT]   "sideEffects": true,
10-05 23:25:54 [NAPCAT]   "bin": {
10-05 23:25:54 [NAPCAT]     "qd": "externals/devtools/cli/index.js"
10-05 23:25:54 [NAPCAT]   },
10-05 23:25:54 [NAPCAT]   "appid": {
10-05 23:25:54 [NAPCAT]     "win32": "537382716",
10-05 23:25:54 [NAPCAT]     "darwin": "537382742",
10-05 23:25:54 [NAPCAT]     "linux": "537382753",
10-05 23:25:54 [NAPCAT]     "ohos": "5373141859"
10-05 23:25:54 [NAPCAT]   },
10-05 23:25:54 [NAPCAT]   "main": "../../../../root/loadNapCat.js",
10-05 23:25:54 [NAPCAT]   "peerDependenciesMeta": {
10-05 23:25:54 [NAPCAT]     "*": {
10-05 23:25:54 [NAPCAT]       "optional": true
10-05 23:25:54 [NAPCAT]     }
10-05 23:25:54 [NAPCAT]   },
10-05 23:25:54 [NAPCAT]   "pnpm": {
10-05 23:25:54 [NAPCAT]     "patchedDependencies": {
10-05 23:25:54 [NAPCAT]       "@vue/runtime-dom@3.5.12": "patches/@vue__runtime-dom@3.5.12.patch",
10-05 23:25:54 [NAPCAT]       "@swc/helpers@0.5.3": "patches/@swc__helpers@0.5.3.patch",
10-05 23:25:54 [NAPCAT]       "vuex@4.1.0": "patches/vuex@4.1.0.patch",
10-05 23:25:54 [NAPCAT]       "typescript-parser@2.6.1": "patches/typescript-parser@2.6.1.patch",
10-05 23:25:54 [NAPCAT]       "@tencent/qqplay-downloadsdk": "patches/@tencent__qqplay-downloadsdk.patch",
10-05 23:25:54 [NAPCAT]       "@tencent/universal-report@4.5.4": "patches/@tencent__universal-report@4.5.4.patch",
10-05 23:25:54 [NAPCAT]       "typescript@7.0.2": "patches/typescript@7.0.2.patch"
10-05 23:25:54 [NAPCAT]     },
10-05 23:25:54 [NAPCAT]     "packageExtensions": {
10-05 23:25:54 [NAPCAT]       "qute": {
10-05 23:25:54 [NAPCAT]         "dependencies": {},
10-05 23:25:54 [NAPCAT]         "devDependencies": {}
10-05 23:25:54 [NAPCAT]       }
10-05 23:25:54 [NAPCAT]     },
10-05 23:25:54 [NAPCAT]     "overrides": {
10-05 23:25:54 [NAPCAT]       "@types/react": "-",
10-05 23:25:54 [NAPCAT]       "@types/react-dom": "-",
10-05 23:25:54 [NAPCAT]       "@tencent/yuanbao-react-markdown>@types/hast": "-",
10-05 23:25:55 [NAPCAT]       "@tencent/yuanbao-react-markdown>devlop": "-",
10-05 23:25:55 [NAPCAT]       "@tencent/yuanbao-react-markdown>hast-util-to-jsx-runtime": "-",
10-05 23:25:55 [NAPCAT]       "@tencent/yuanbao-react-markdown>html-url-attributes": "-",
10-05 23:25:55 [NAPCAT]       "@tencent/yuanbao-react-markdown>mdast-util-to-hast": "-",
10-05 23:25:55 [NAPCAT]       "@tencent/yuanbao-react-markdown>rehype-parse": "-",
10-05 23:25:55 [NAPCAT]       "@tencent/yuanbao-react-markdown>rehype-stringify": "-",
10-05 23:25:55 [NAPCAT]       "@tencent/yuanbao-react-markdown>remark-parse": "-",
10-05 23:25:55 [NAPCAT]       "@tencent/yuanbao-react-markdown>remark-rehype": "-",
10-05 23:25:55 [NAPCAT]       "@tencent/yuanbao-react-markdown>unified": "-",
10-05 23:25:55 [NAPCAT]       "@tencent/yuanbao-react-markdown>unist-util-visit": "-",
10-05 23:25:55 [NAPCAT]       "@tencent/yuanbao-react-markdown>vfile": "-",
10-05 23:25:55 [NAPCAT]       "@types/d3-dispatch": "3.0.6"
10-05 23:25:55 [NAPCAT]     }
10-05 23:25:55 [NAPCAT]   },
10-05 23:25:55 [NAPCAT]   "buildVersion": "52892",
10-05 23:25:55 [NAPCAT]   "platform": "linux",
10-05 23:25:55 [NAPCAT]   "eleArch": "arm64",
10-05 23:25:55 [NAPCAT]   "linuxFormat": "deb"
10-05 23:25:55 [NAPCAT] }
10-05 23:25:55 [NAPCAT] prepare write and writev hooks
10-05 23:25:55 [NAPCAT] 10-05 23:25:53 [info] [PacketHandler] 加载成功
10-05 23:25:55 [NAPCAT] 10-05 23:25:53 [info] [Napi2NativeLoader] 加载成功
10-05 23:25:55 [NAPCAT] 10-05 23:25:53 [info] [FFmpeg] 检查 Native Addon 可用性...
10-05 23:25:55 [NAPCAT] 10-05 23:25:53 [info] [FFmpeg] ✓ 使用 Native Addon 适配器
10-05 23:25:55 [NAPCAT] 10-05 23:25:53 [info] [PacketHandler] 初始化成功
10-05 23:25:55 [NAPCAT] 10-05 23:25:53 [info] [NapCat] [Core] NapCat.Core Version: 4.18.28
10-05 23:25:55 [NAPCAT] [I] <MemoryFile.cpp:98::open> open fd[0x26], /root/.config/QQ/nt_qq/global/nt_data/mmkv/nt_mmkv_global_misc
10-05 23:25:55 [NAPCAT] [I] <MemoryFile.cpp:98::open> open fd[0x28], /root/.config/QQ/nt_qq/global/nt_data/mmkv/nt_mmkv_global_misc.crc
10-05 23:25:55 [NAPCAT] [I] <MMKV_IO.cpp:213::loadMetaInfoAndCheck> meta file [nt_mmkv_global_misc] has flag [0]
10-05 23:25:55 [NAPCAT] [I] <MMKV_IO.cpp:87::loadFromFile> loading [nt_mmkv_global_misc] with 139 actual size, file size 4096, InterProcess 1, meta info version:4
10-05 23:25:55 [NAPCAT] [I] <MMKV.cpp:233::initializeMMKV> root dir: /root/.config/QQ/nt_qq/global/nt_data/mmkv
10-05 23:25:55 [NAPCAT] [I] <MMKV_IO.cpp:92::loadFromFile> loading [nt_mmkv_global_misc] with crc 3268764796 sequence 1 version 4
10-05 23:25:55 [NAPCAT] [I] <MMKV_IO.cpp:136::loadFromFile> loaded [nt_mmkv_global_misc] with 2 key-values
10-05 23:25:55 [NAPCAT] [I] <MemoryFile.cpp:98::open> open fd[0x27], /root/.config/QQ/nt_qq/global/nt_data/mmkv/nt_mmkv_o3
10-05 23:25:55 [NAPCAT] [I] <MemoryFile.cpp:98::open> open fd[0x29], /root/.config/QQ/nt_qq/global/nt_data/mmkv/nt_mmkv_o3.crc
10-05 23:25:55 [NAPCAT] [I] <MMKV_IO.cpp:213::loadMetaInfoAndCheck> meta file [nt_mmkv_o3] has flag [0]
10-05 23:25:55 [NAPCAT] [I] <MMKV_IO.cpp:87::loadFromFile> loading [nt_mmkv_o3] with 147 actual size, file size 4096, InterProcess 1, meta info version:4
10-05 23:25:55 [NAPCAT] [I] <MMKV_IO.cpp:92::loadFromFile> loading [nt_mmkv_o3] with crc 3845623087 sequence 1 version 4
10-05 23:25:55 [NAPCAT] [I] <MMKV_IO.cpp:136::loadFromFile> loaded [nt_mmkv_o3] with 2 key-values
10-05 23:25:56 [NAPCAT] 10-05 23:25:53 [error] [NapCat] [UtilityProcess] Worker进程退出，退出码: 11
10-05 23:25:56 [NAPCAT] 10-05 23:25:53 [warn] [NapCat] [UtilityProcess] Worker进程意外退出 (2/3)，正在尝试重新拉起...
10-05 23:25:56 [NAPCAT] [launcher] loadNapCat.js generated in current directory
10-05 23:25:56 [NAPCAT] [27334:1005/232554.140814:ERROR:base/files/file_path_watcher_inotify.cc:923] Failed to read /proc/sys/fs/inotify/max_user_watches
10-05 23:25:56 [NAPCAT] [27334:1005/232554.144980:ERROR:net/base/address_tracker_linux.cc:242] Could not bind NETLINK socket: Permission denied (13)
10-05 23:25:56 [NAPCAT] NapCat Shell App Loading...
10-05 23:25:56 [NAPCAT] [launcher] intercepted package.json: /opt/QQ/resources/app/package.json, replacing content
10-05 23:25:56 [NAPCAT] [launcher] Generated relative path: ../../../../root
10-05 23:25:56 [NAPCAT] [launcher] New main field: "main": "../../../../root/loadNapCat.js"
10-05 23:25:56 [NAPCAT] [launcher] package.json content: {
10-05 23:25:56 [NAPCAT]   "name": "QQ",
10-05 23:25:56 [NAPCAT]   "version": "3.2.33-52892",
10-05 23:25:56 [NAPCAT]   "private": true,
10-05 23:25:56 [NAPCAT]   "description": "QQ",
10-05 23:25:56 [NAPCAT]   "productName": "QQ",
10-05 23:25:56 [NAPCAT]   "author": {
10-05 23:25:56 [NAPCAT]     "name": "Tencent",
10-05 23:25:56 [NAPCAT]     "email": "QQ-Team@tencent.com"
10-05 23:25:56 [NAPCAT]   },
10-05 23:25:56 [NAPCAT]   "homepage": "https://im.qq.com",
10-05 23:25:56 [NAPCAT]   "sideEffects": true,
10-05 23:25:56 [NAPCAT]   "bin": {
10-05 23:25:56 [NAPCAT]     "qd": "externals/devtools/cli/index.js"
10-05 23:25:56 [NAPCAT]   },
10-05 23:25:56 [NAPCAT]   "appid": {
10-05 23:25:56 [NAPCAT]     "win32": "537382716",
10-05 23:25:56 [NAPCAT]     "darwin": "537382742",
10-05 23:25:56 [NAPCAT]     "linux": "537382753",
10-05 23:25:56 [NAPCAT]     "ohos": "5373141859"
10-05 23:25:56 [NAPCAT]   },
10-05 23:25:56 [NAPCAT]   "main": "../../../../root/loadNapCat.js",
10-05 23:25:56 [NAPCAT]   "peerDependenciesMeta": {
10-05 23:25:56 [NAPCAT]     "*": {
10-05 23:25:56 [NAPCAT]       "optional": true
10-05 23:25:56 [NAPCAT]     }
10-05 23:25:56 [NAPCAT]   },
10-05 23:25:56 [NAPCAT]   "pnpm": {
10-05 23:25:56 [NAPCAT]     "patchedDependencies": {
10-05 23:25:56 [NAPCAT]       "@vue/runtime-dom@3.5.12": "patches/@vue__runtime-dom@3.5.12.patch",
10-05 23:25:56 [NAPCAT]       "@swc/helpers@0.5.3": "patches/@swc__helpers@0.5.3.patch",
10-05 23:25:56 [NAPCAT]       "vuex@4.1.0": "patches/vuex@4.1.0.patch",
10-05 23:25:56 [NAPCAT]       "typescript-parser@2.6.1": "patches/typescript-parser@2.6.1.patch",
10-05 23:25:56 [NAPCAT]       "@tencent/qqplay-downloadsdk": "patches/@tencent__qqplay-downloadsdk.patch",
10-05 23:25:56 [NAPCAT]       "@tencent/universal-report@4.5.4": "patches/@tencent__universal-report@4.5.4.patch",
10-05 23:25:56 [NAPCAT]       "typescript@7.0.2": "patches/typescript@7.0.2.patch"
10-05 23:25:56 [NAPCAT]     },
10-05 23:25:56 [NAPCAT]     "packageExtensions": {
10-05 23:25:56 [NAPCAT]       "qute": {
10-05 23:25:56 [NAPCAT]         "dependencies": {},
10-05 23:25:56 [NAPCAT]         "devDependencies": {}
10-05 23:25:57 [NAPCAT]       }
10-05 23:25:57 [NAPCAT]     },
10-05 23:25:57 [NAPCAT]     "overrides": {
10-05 23:25:57 [NAPCAT]       "@types/react": "-",
10-05 23:25:57 [NAPCAT]       "@types/react-dom": "-",
10-05 23:25:57 [NAPCAT]       "@tencent/yuanbao-react-markdown>@types/hast": "-",
10-05 23:25:57 [NAPCAT]       "@tencent/yuanbao-react-markdown>devlop": "-",
10-05 23:25:57 [NAPCAT]       "@tencent/yuanbao-react-markdown>hast-util-to-jsx-runtime": "-",
10-05 23:25:57 [NAPCAT]       "@tencent/yuanbao-react-markdown>html-url-attributes": "-",
10-05 23:25:57 [NAPCAT]       "@tencent/yuanbao-react-markdown>mdast-util-to-hast": "-",
10-05 23:25:57 [NAPCAT]       "@tencent/yuanbao-react-markdown>rehype-parse": "-",
10-05 23:25:57 [NAPCAT]       "@tencent/yuanbao-react-markdown>rehype-stringify": "-",
10-05 23:25:57 [NAPCAT]       "@tencent/yuanbao-react-markdown>remark-parse": "-",
10-05 23:25:57 [NAPCAT]       "@tencent/yuanbao-react-markdown>remark-rehype": "-",
10-05 23:25:57 [NAPCAT]       "@tencent/yuanbao-react-markdown>unified": "-",
10-05 23:25:57 [NAPCAT]       "@tencent/yuanbao-react-markdown>unist-util-visit": "-",
10-05 23:25:57 [NAPCAT]       "@tencent/yuanbao-react-markdown>vfile": "-",
10-05 23:25:57 [NAPCAT]       "@types/d3-dispatch": "3.0.6"
10-05 23:25:57 [NAPCAT]     }
10-05 23:25:57 [NAPCAT]   },
10-05 23:25:57 [NAPCAT]   "buildVersion": "52892",
10-05 23:25:57 [NAPCAT]   "platform": "linux",
10-05 23:25:57 [NAPCAT]   "eleArch": "arm64",
10-05 23:25:57 [NAPCAT]   "linuxFormat": "deb"
10-05 23:25:57 [NAPCAT] }
10-05 23:25:57 [NAPCAT] prepare write and writev hooks
10-05 23:25:57 [NAPCAT] 10-05 23:25:55 [info] [PacketHandler] 加载成功
10-05 23:25:57 [NAPCAT] 10-05 23:25:55 [info] [Napi2NativeLoader] 加载成功
10-05 23:25:57 [NAPCAT] 10-05 23:25:55 [info] [FFmpeg] 检查 Native Addon 可用性...
10-05 23:25:57 [NAPCAT] 10-05 23:25:55 [info] [FFmpeg] ✓ 使用 Native Addon 适配器
10-05 23:25:57 [NAPCAT] 10-05 23:25:55 [info] [PacketHandler] 初始化成功
10-05 23:25:57 [NAPCAT] 10-05 23:25:55 [info] [NapCat] [Core] NapCat.Core Version: 4.18.28
10-05 23:25:57 [NAPCAT] [I] <MemoryFile.cpp:98::open> open fd[0x26], /root/.config/QQ/nt_qq/global/nt_data/mmkv/nt_mmkv_global_misc
10-05 23:25:57 [NAPCAT] [I] <MemoryFile.cpp:98::open> open fd[0x27], /root/.config/QQ/nt_qq/global/nt_data/mmkv/nt_mmkv_global_misc.crc
10-05 23:25:57 [AstrBot Android] 检测到 NapCat 崩溃（主进程退出）——立即执行自愈重启（第 1 轮；阶梯级别按崩溃计数自动升级）
10-05 23:25:57 [NAPCAT] [I] <MMKV_IO.cpp:213::loadMetaInfoAndCheck> meta file [nt_mmkv_global_misc] has flag [0]
10-05 23:25:57 [NAPCAT] [I] <MMKV_IO.cpp:87::loadFromFile> loading [nt_mmkv_global_misc] with 139 actual size, file size 4096, InterProcess 1, meta info version:4
10-05 23:25:57 [NAPCAT] [I] <MMKV_IO.cpp:92::loadFromFile> loading [nt_mmkv_global_misc] with crc 3268764796 sequence 1 version 4
10-05 23:25:57 [NAPCAT] [I] <MMKV.cpp:233::initializeMMKV> root dir: /root/.config/QQ/nt_qq/global/nt_data/mmkv
10-05 23:25:57 [NAPCAT] [I] <MMKV_IO.cpp:136::loadFromFile> loaded [nt_mmkv_global_misc] with 2 key-values
10-05 23:25:57 [NAPCAT] [I] <MemoryFile.cpp:98::open> open fd[0x28], /root/.config/QQ/nt_qq/global/nt_data/mmkv/nt_mmkv_o3
10-05 23:25:57 [NAPCAT] [I] <MemoryFile.cpp:98::open> open fd[0x29], /root/.config/QQ/nt_qq/global/nt_data/mmkv/nt_mmkv_o3.crc
10-05 23:25:57 [NAPCAT] [I] <MMKV_IO.cpp:213::loadMetaInfoAndCheck> meta file [nt_mmkv_o3] has flag [0]
10-05 23:25:57 [NAPCAT] [I] <MMKV_IO.cpp:87::loadFromFile> loading [nt_mmkv_o3] with 147 actual size, file size 4096, InterProcess 1, meta info version:4
10-05 23:25:57 [NAPCAT] [I] <MMKV_IO.cpp:92::loadFromFile> loading [nt_mmkv_o3] with crc 3845623087 sequence 1 version 4
10-05 23:25:57 [NAPCAT] [I] <MMKV_IO.cpp:136::loadFromFile> loaded [nt_mmkv_o3] with 2 key-values
10-05 23:25:57 [NAPCAT] 10-05 23:25:55 [error] [NapCat] [UtilityProcess] Worker进程退出，退出码: 11
10-05 23:25:57 [NAPCAT] 10-05 23:25:55 [error] [NapCat] [UtilityProcess] Worker进程在 10 秒内异常退出 3 次，主进程退出
10-05 23:25:57 [NAPCAT] 10-05 23:25:55 [warn] [NapCat] [UtilityProcess] Worker进程意外退出 (3/3)，正在尝试重新拉起...
10-05 23:25:57 [NAPCAT] [launcher] loadNapCat.js generated in current directory
10-05 23:26:00 [AstrBot Android] 自愈第 1 轮已执行（详见 /root/napcat/watchdog.log；若已进入禁 bypass 态，反检测将保持关闭直至手动恢复）
10-05 23:26:00 [NAPCAT] [launcher] loadNapCat.js generated in current directory
10-05 23:26:00 [NAPCAT] not mini app. 
10-05 23:26:01 [NAPCAT] [launcher] loadNapCat.js generated in current directory
10-05 23:26:01 [NAPCAT] [preload] succeeded. /opt/QQ/resources/app/major.node
10-05 23:26:01 [NAPCAT] [launcher] loadNapCat.js generated in current directory
10-05 23:26:01 [NAPCAT] [preload] succeeded. /opt/QQ/resources/app/major.node
10-05 23:26:01 [NAPCAT] [28489:1005/232601.104701:ERROR:base/files/file_path_watcher_inotify.cc:923] Failed to read /proc/sys/fs/inotify/max_user_watches
10-05 23:26:01 [NAPCAT] [28488:1005/232601.106787:ERROR:base/files/file_path_watcher_inotify.cc:923] Failed to read /proc/sys/fs/inotify/max_user_watches
10-05 23:26:01 [NAPCAT] [28475:1005/232601.147418:ERROR:dbus/bus.cc:406] Failed to connect to the bus: Failed to connect to socket /run/dbus/system_bus_socket: No such file or director
10-05 23:26:01 [NAPCAT] resourcesPath: /opt/QQ/resources
10-05 23:26:01 [NAPCAT] [launcher] intercepted package.json: /opt/QQ/resources/app/package.json, replacing content
10-05 23:26:01 [NAPCAT] [launcher] Generated relative path: ../../../../root
10-05 23:26:01 [NAPCAT] [launcher] New main field: "main": "../../../../root/loadNapCat.js"
10-05 23:26:01 [NAPCAT] [launcher] package.json content: {
10-05 23:26:01 [NAPCAT]   "name": "QQ",
10-05 23:26:01 [NAPCAT]   "version": "3.2.33-52892",
10-05 23:26:01 [NAPCAT]   "private": true,
10-05 23:26:01 [NAPCAT]   "description": "QQ",
10-05 23:26:01 [NAPCAT]   "productName": "QQ",
10-05 23:26:01 [NAPCAT]   "author": {
10-05 23:26:01 [NAPCAT]     "name": "Tencent",
10-05 23:26:01 [NAPCAT]     "email": "QQ-Team@tencent.com"
10-05 23:26:01 [NAPCAT]   },
10-05 23:26:01 [NAPCAT]   "homepage": "https://im.qq.com",
10-05 23:26:01 [NAPCAT]   "sideEffects": true,
10-05 23:26:01 [NAPCAT]   "bin": {
10-05 23:26:01 [NAPCAT]     "qd": "externals/devtools/cli/index.js"
10-05 23:26:01 [NAPCAT]   },
10-05 23:26:01 [NAPCAT]   "appid": {
10-05 23:26:01 [NAPCAT]     "win32": "537382716",
10-05 23:26:01 [NAPCAT]     "darwin": "537382742",
10-05 23:26:01 [NAPCAT]     "linux": "537382753",
10-05 23:26:01 [NAPCAT]     "ohos": "5373141859"
10-05 23:26:01 [NAPCAT]   },
10-05 23:26:01 [NAPCAT]   "main": "../../../../root/loadNapCat.js",
10-05 23:26:01 [NAPCAT]   "peerDependenciesMeta": {
10-05 23:26:01 [NAPCAT]     "*": {
10-05 23:26:01 [NAPCAT]       "optional": true
10-05 23:26:02 [NAPCAT]     }
10-05 23:26:02 [NAPCAT]   },
10-05 23:26:02 [NAPCAT]   "pnpm": {
10-05 23:26:02 [NAPCAT]     "patchedDependencies": {
10-05 23:26:02 [NAPCAT]       "@vue/runtime-dom@3.5.12": "patches/@vue__runtime-dom@3.5.12.patch",
10-05 23:26:02 [NAPCAT]       "@swc/helpers@0.5.3": "patches/@swc__helpers@0.5.3.patch",
10-05 23:26:02 [NAPCAT]       "vuex@4.1.0": "patches/vuex@4.1.0.patch",
10-05 23:26:02 [NAPCAT]       "typescript-parser@2.6.1": "patches/typescript-parser@2.6.1.patch",
10-05 23:26:02 [NAPCAT]       "@tencent/qqplay-downloadsdk": "patches/@tencent__qqplay-downloadsdk.patch",
10-05 23:26:02 [NAPCAT]       "@tencent/universal-report@4.5.4": "patches/@tencent__universal-report@4.5.4.patch",
10-05 23:26:02 [NAPCAT]       "typescript@7.0.2": "patches/typescript@7.0.2.patch"
10-05 23:26:02 [NAPCAT]     },
10-05 23:26:02 [NAPCAT]     "packageExtensions": {
10-05 23:26:02 [NAPCAT]       "qute": {
10-05 23:26:02 [NAPCAT]         "dependencies": {},
10-05 23:26:02 [NAPCAT]         "devDependencies": {}
10-05 23:26:02 [NAPCAT]       }
10-05 23:26:02 [NAPCAT]     },
10-05 23:26:02 [NAPCAT]     "overrides": {
10-05 23:26:02 [NAPCAT]       "@types/react": "-",
10-05 23:26:02 [NAPCAT]       "@types/react-dom": "-",
10-05 23:26:02 [NAPCAT]       "@tencent/yuanbao-react-markdown>@types/hast": "-",
10-05 23:26:02 [NAPCAT]       "@tencent/yuanbao-react-markdown>devlop": "-",
10-05 23:26:02 [NAPCAT]       "@tencent/yuanbao-react-markdown>hast-util-to-jsx-runtime": "-",
10-05 23:26:02 [NAPCAT]       "@tencent/yuanbao-react-markdown>html-url-attributes": "-",
10-05 23:26:02 [NAPCAT]       "@tencent/yuanbao-react-markdown>mdast-util-to-hast": "-",
10-05 23:26:02 [NAPCAT]       "@tencent/yuanbao-react-markdown>rehype-parse": "-",
10-05 23:26:02 [NAPCAT]       "@tencent/yuanbao-react-markdown>rehype-stringify": "-",
10-05 23:26:02 [NAPCAT]       "@tencent/yuanbao-react-markdown>remark-parse": "-",
10-05 23:26:02 [NAPCAT]       "@tencent/yuanbao-react-markdown>remark-rehype": "-",
10-05 23:26:02 [NAPCAT]       "@tencent/yuanbao-react-markdown>unified": "-",
10-05 23:26:02 [NAPCAT]       "@tencent/yuanbao-react-markdown>unist-util-visit": "-",
10-05 23:26:02 [NAPCAT]       "@tencent/yuanbao-react-markdown>vfile": "-",
10-05 23:26:02 [NAPCAT]       "@types/d3-dispatch": "3.0.6"
10-05 23:26:02 [NAPCAT]     }
10-05 23:26:02 [NAPCAT]   },
10-05 23:26:02 [NAPCAT]   "buildVersion": "52892",
10-05 23:26:02 [NAPCAT]   "platform": "linux",
10-05 23:26:02 [NAPCAT]   "eleArch": "arm64",
10-05 23:26:02 [NAPCAT]   "linuxFormat": "deb"
10-05 23:26:02 [NAPCAT] }
10-05 23:26:02 [NAPCAT] [28475:1005/232602.928144:ERROR:dbus/bus.cc:406] Failed to connect to the bus: Could not parse server address: Unknown address type (examples of valid types are
10-05 23:26:02 [NAPCAT] [28475:1005/232602.928214:ERROR:dbus/bus.cc:406] Failed to connect to the bus: Could not parse server address: Unknown address type (examples of valid types are
10-05 23:26:03 [NAPCAT] [28475:1005/232602.929556:ERROR:dbus/bus.cc:406] Failed to connect to the bus: Failed to connect to socket /run/dbus/system_bus_socket: No such file or director
10-05 23:26:03 [NAPCAT] [28475:1005/232602.929968:ERROR:base/files/file_path_watcher_inotify.cc:923] Failed to read /proc/sys/fs/inotify/max_user_watches
10-05 23:26:03 [NAPCAT] [28475:1005/232602.930020:ERROR:net/base/address_tracker_linux.cc:242] Could not bind NETLINK socket: Permission denied (13)
10-05 23:26:03 [NAPCAT] [28475:1005/232602.930538:ERROR:dbus/bus.cc:406] Failed to connect to the bus: Failed to connect to socket /run/dbus/system_bus_socket: No such file or director
10-05 23:26:03 [NAPCAT] [28475:1005/232602.972717:ERROR:device/udev_linux/udev_watcher.cc:51] Failed to initialize a udev monitor.
10-05 23:26:03 [NAPCAT] [28475:1005/232603.012456:ERROR:dbus/object_proxy.cc:573] Failed to call method: org.freedesktop.DBus.NameHasOwner: object_path= /org/freedesktop/DBus: unknown 
10-05 23:26:03 [NAPCAT] [28475:1005/232603.012602:ERROR:dbus/object_proxy.cc:573] Failed to call method: org.freedesktop.DBus.NameHasOwner: object_path= /org/freedesktop/DBus: unknown 
10-05 23:26:03 [NAPCAT] [28475:1005/232603.012687:ERROR:dbus/bus.cc:406] Failed to connect to the bus: Could not parse server address: Unknown address type (examples of valid types are
10-05 23:26:03 [NAPCAT] [28475:1005/232603.012731:ERROR:dbus/bus.cc:406] Failed to connect to the bus: Could not parse server address: Unknown address type (examples of valid types are
10-05 23:26:03 [NAPCAT] [28475:1005/232603.012754:ERROR:dbus/object_proxy.cc:573] Failed to call method: org.freedesktop.DBus.NameHasOwner: object_path= /org/freedesktop/DBus: unknown 
10-05 23:26:03 [NAPCAT] [28475:1005/232603.065338:ERROR:dbus/object_proxy.cc:573] Failed to call method: org.freedesktop.DBus.NameHasOwner: object_path= /org/freedesktop/DBus: unknown 
10-05 23:26:03 [NAPCAT] [28959:1005/232603.209767:ERROR:base/files/file_path_watcher_inotify.cc:923] Failed to read /proc/sys/fs/inotify/max_user_watches
10-05 23:26:03 [NAPCAT] [launcher] loadNapCat.js generated in current directory
10-05 23:26:03 [NAPCAT] [28957:1005/232603.304316:ERROR:base/files/file_path_watcher_inotify.cc:923] Failed to read /proc/sys/fs/inotify/max_user_watches
10-05 23:26:03 [NAPCAT] [28957:1005/232603.304707:ERROR:net/base/address_tracker_linux.cc:242] Could not bind NETLINK socket: Permission denied (13)
10-05 23:26:03 [NAPCAT] [28940:1005/232603.471410:ERROR:ui/gl/angle_platform_impl.cc:42] Display.cpp:1097 (initialize): ANGLE Display::initialize error 12289: GLX is not present.
10-05 23:26:03 [NAPCAT] ERR: Display.cpp:1097 (initialize): ANGLE Display::initialize error 12289: GLX is not present.
10-05 23:26:03 [NAPCAT] [28940:1005/232603.471952:ERROR:ui/gl/egl_util.cc:92] EGL Driver message (Critical) eglInitialize: GLX is not present.
10-05 23:26:03 [NAPCAT] [28940:1005/232603.472265:ERROR:ui/gl/gl_display.cc:639] eglInitialize OpenGL failed with error EGL_NOT_INITIALIZED, trying next display type
10-05 23:26:03 [NAPCAT] [28940:1005/232603.472620:ERROR:ui/gl/angle_platform_impl.cc:42] Display.cpp:1097 (initialize): ANGLE Display::initialize error 12289: GLX is not present.
10-05 23:26:03 [NAPCAT] ERR: Display.cpp:1097 (initialize): ANGLE Display::initialize error 12289: GLX is not present.
10-05 23:26:03 [NAPCAT] [28940:1005/232603.473039:ERROR:ui/gl/egl_util.cc:92] EGL Driver message (Critical) eglInitialize: GLX is not present.
10-05 23:26:03 [NAPCAT] [28940:1005/232603.473240:ERROR:ui/gl/gl_display.cc:639] eglInitialize OpenGLES failed with error EGL_NOT_INITIALIZED
10-05 23:26:03 [NAPCAT] [28940:1005/232603.473865:ERROR:ui/gl/gl_display.cc:674] Initialization of all EGL display types failed.
10-05 23:26:03 [NAPCAT] [28940:1005/232603.474290:ERROR:ui/ozone/common/gl_ozone_egl.cc:26] GLDisplayEGL::Initialize failed.
10-05 23:26:03 [NAPCAT] [28940:1005/232603.664370:ERROR:ui/gl/angle_platform_impl.cc:42] Display.cpp:1097 (initialize): ANGLE Display::initialize error 12289: GLX is not present.
10-05 23:26:03 [NAPCAT] ERR: Display.cpp:1097 (initialize): ANGLE Display::initialize error 12289: GLX is not present.
10-05 23:26:03 [NAPCAT] [28940:1005/232603.664894:ERROR:ui/gl/egl_util.cc:92] EGL Driver message (Critical) eglInitialize: GLX is not present.
10-05 23:26:03 [NAPCAT] [28940:1005/232603.665427:ERROR:ui/gl/gl_display.cc:639] eglInitialize OpenGL failed with error EGL_NOT_INITIALIZED, trying next display type
10-05 23:26:03 [NAPCAT] [28940:1005/232603.665838:ERROR:ui/gl/angle_platform_impl.cc:42] Display.cpp:1097 (initialize): ANGLE Display::initialize error 12289: GLX is not present.
10-05 23:26:03 [NAPCAT] ERR: Display.cpp:1097 (initialize): ANGLE Display::initialize error 12289: GLX is not present.
10-05 23:26:03 [NAPCAT] [28940:1005/232603.666053:ERROR:ui/gl/egl_util.cc:92] EGL Driver message (Critical) eglInitialize: GLX is not present.
10-05 23:26:03 [NAPCAT] [28940:1005/232603.666514:ERROR:ui/gl/gl_display.cc:639] eglInitialize OpenGLES failed with error EGL_NOT_INITIALIZED
10-05 23:26:03 [NAPCAT] [28940:1005/232603.667599:ERROR:ui/gl/gl_display.cc:674] Initialization of all EGL display types failed.
10-05 23:26:03 [NAPCAT] [28940:1005/232603.668284:ERROR:ui/ozone/common/gl_ozone_egl.cc:26] GLDisplayEGL::Initialize failed.
10-05 23:26:04 [NAPCAT] [28940:1005/232603.673399:ERROR:components/viz/service/main/viz_main_impl.cc:189] Exiting GPU process due to errors during initialization
10-05 23:26:04 [NAPCAT] NapCat Shell App Loading...
10-05 23:26:04 [NAPCAT] [launcher] intercepted package.json: /opt/QQ/resources/app/package.json, replacing content
10-05 23:26:04 [NAPCAT] [launcher] Generated relative path: ../../../../root
10-05 23:26:04 [NAPCAT] [launcher] New main field: "main": "../../../../root/loadNapCat.js"
10-05 23:26:04 [NAPCAT] [launcher] package.json content: {
10-05 23:26:04 [NAPCAT]   "name": "QQ",
10-05 23:26:04 [NAPCAT]   "version": "3.2.33-52892",
10-05 23:26:04 [NAPCAT]   "private": true,
10-05 23:26:04 [NAPCAT]   "description": "QQ",
10-05 23:26:04 [NAPCAT]   "productName": "QQ",
10-05 23:26:04 [NAPCAT]   "author": {
10-05 23:26:04 [NAPCAT]     "name": "Tencent",
10-05 23:26:04 [NAPCAT]     "email": "QQ-Team@tencent.com"
10-05 23:26:04 [NAPCAT]   },
10-05 23:26:04 [NAPCAT]   "homepage": "https://im.qq.com",
10-05 23:26:04 [NAPCAT]   "sideEffects": true,
10-05 23:26:04 [NAPCAT]   "bin": {
10-05 23:26:04 [NAPCAT]     "qd": "externals/devtools/cli/index.js"
10-05 23:26:04 [NAPCAT]   },
10-05 23:26:04 [NAPCAT]   "appid": {
10-05 23:26:04 [NAPCAT]     "win32": "537382716",
10-05 23:26:04 [NAPCAT]     "darwin": "537382742",
10-05 23:26:04 [NAPCAT]     "linux": "537382753",
10-05 23:26:04 [NAPCAT]     "ohos": "5373141859"
10-05 23:26:04 [NAPCAT]   },
10-05 23:26:04 [NAPCAT]   "main": "../../../../root/loadNapCat.js",
10-05 23:26:05 [NAPCAT]   "peerDependenciesMeta": {
10-05 23:26:05 [NAPCAT]     "*": {
10-05 23:26:05 [NAPCAT]       "optional": true
10-05 23:26:05 [NAPCAT]     }
10-05 23:26:05 [NAPCAT]   },
10-05 23:26:05 [NAPCAT]   "pnpm": {
10-05 23:26:05 [NAPCAT]     "patchedDependencies": {
10-05 23:26:05 [NAPCAT]       "@vue/runtime-dom@3.5.12": "patches/@vue__runtime-dom@3.5.12.patch",
10-05 23:26:05 [NAPCAT]       "@swc/helpers@0.5.3": "patches/@swc__helpers@0.5.3.patch",
10-05 23:26:05 [NAPCAT]       "vuex@4.1.0": "patches/vuex@4.1.0.patch",
10-05 23:26:05 [NAPCAT]       "typescript-parser@2.6.1": "patches/typescript-parser@2.6.1.patch",
10-05 23:26:05 [NAPCAT]       "@tencent/qqplay-downloadsdk": "patches/@tencent__qqplay-downloadsdk.patch",
10-05 23:26:05 [NAPCAT]       "@tencent/universal-report@4.5.4": "patches/@tencent__universal-report@4.5.4.patch",
10-05 23:26:05 [NAPCAT]       "typescript@7.0.2": "patches/typescript@7.0.2.patch"
10-05 23:26:05 [NAPCAT]     },
10-05 23:26:05 [NAPCAT]     "packageExtensions": {
10-05 23:26:05 [NAPCAT]       "qute": {
10-05 23:26:05 [NAPCAT]         "dependencies": {},
10-05 23:26:05 [NAPCAT]         "devDependencies": {}
10-05 23:26:05 [NAPCAT]       }
10-05 23:26:05 [NAPCAT]     },
10-05 23:26:05 [NAPCAT]     "overrides": {
10-05 23:26:05 [NAPCAT]       "@types/react": "-",
10-05 23:26:05 [NAPCAT]       "@types/react-dom": "-",
10-05 23:26:05 [NAPCAT]       "@tencent/yuanbao-react-markdown>@types/hast": "-",
10-05 23:26:05 [NAPCAT]       "@tencent/yuanbao-react-markdown>devlop": "-",
10-05 23:26:05 [NAPCAT]       "@tencent/yuanbao-react-markdown>hast-util-to-jsx-runtime": "-",
10-05 23:26:05 [NAPCAT]       "@tencent/yuanbao-react-markdown>html-url-attributes": "-",
10-05 23:26:05 [NAPCAT]       "@tencent/yuanbao-react-markdown>mdast-util-to-hast": "-",
10-05 23:26:05 [NAPCAT]       "@tencent/yuanbao-react-markdown>rehype-parse": "-",
10-05 23:26:05 [NAPCAT]       "@tencent/yuanbao-react-markdown>rehype-stringify": "-",
10-05 23:26:05 [NAPCAT]       "@tencent/yuanbao-react-markdown>remark-parse": "-",
10-05 23:26:05 [NAPCAT]       "@tencent/yuanbao-react-markdown>remark-rehype": "-",
10-05 23:26:05 [NAPCAT]       "@tencent/yuanbao-react-markdown>unified": "-",
10-05 23:26:05 [NAPCAT]       "@tencent/yuanbao-react-markdown>unist-util-visit": "-",
10-05 23:26:05 [NAPCAT]       "@tencent/yuanbao-react-markdown>vfile": "-",
10-05 23:26:05 [NAPCAT]       "@types/d3-dispatch": "3.0.6"
10-05 23:26:05 [NAPCAT]     }
10-05 23:26:05 [NAPCAT]   },
10-05 23:26:05 [NAPCAT]   "buildVersion": "52892",
10-05 23:26:05 [NAPCAT]   "platform": "linux",
10-05 23:26:05 [NAPCAT]   "eleArch": "arm64",
10-05 23:26:05 [NAPCAT]   "linuxFormat": "deb"
10-05 23:26:05 [NAPCAT] }
10-05 23:26:05 [NAPCAT] prepare write and writev hooks
10-05 23:26:06 [NAPCAT] 10-05 23:26:04 [info] [PacketHandler] 加载成功
10-05 23:26:06 [NAPCAT] 10-05 23:26:04 [info] [Napi2NativeLoader] 加载成功
10-05 23:26:06 [NAPCAT] 10-05 23:26:04 [info] [FFmpeg] 检查 Native Addon 可用性...
10-05 23:26:06 [NAPCAT] 10-05 23:26:04 [info] [FFmpeg] ✓ 使用 Native Addon 适配器
10-05 23:26:06 [NAPCAT] 10-05 23:26:04 [info] [PacketHandler] 初始化成功
10-05 23:26:06 [NAPCAT] 10-05 23:26:04 [info] [NapCat] [Core] NapCat.Core Version: 4.18.28
10-05 23:26:06 [NAPCAT] [I] <MMKV.cpp:233::initializeMMKV> root dir: /root/.config/QQ/nt_qq/global/nt_data/mmkv
10-05 23:26:06 [NAPCAT] [I] <MemoryFile.cpp:98::open> open fd[0x25], /root/.config/QQ/nt_qq/global/nt_data/mmkv/nt_mmkv_o3
10-05 23:26:06 [NAPCAT] [I] <MemoryFile.cpp:98::open> open fd[0x27], /root/.config/QQ/nt_qq/global/nt_data/mmkv/nt_mmkv_o3.crc
10-05 23:26:06 [NAPCAT] [I] <MMKV_IO.cpp:213::loadMetaInfoAndCheck> meta file [nt_mmkv_o3] has flag [0]
10-05 23:26:06 [NAPCAT] [I] <MMKV_IO.cpp:87::loadFromFile> loading [nt_mmkv_o3] with 147 actual size, file size 4096, InterProcess 1, meta info version:4
10-05 23:26:06 [NAPCAT] [I] <MMKV_IO.cpp:92::loadFromFile> loading [nt_mmkv_o3] with crc 3845623087 sequence 1 version 4
10-05 23:26:06 [NAPCAT] [I] <MMKV_IO.cpp:136::loadFromFile> loaded [nt_mmkv_o3] with 2 key-values
10-05 23:26:06 [NAPCAT] [I] <MemoryFile.cpp:98::open> open fd[0x2c], /root/.config/QQ/nt_qq/global/nt_data/mmkv/nt_mmkv_global_misc
10-05 23:26:06 [NAPCAT] [I] <MemoryFile.cpp:98::open> open fd[0x2e], /root/.config/QQ/nt_qq/global/nt_data/mmkv/nt_mmkv_global_misc.crc
10-05 23:26:06 [NAPCAT] [I] <MMKV_IO.cpp:213::loadMetaInfoAndCheck> meta file [nt_mmkv_global_misc] has flag [0]
10-05 23:26:06 [NAPCAT] [I] <MMKV_IO.cpp:87::loadFromFile> loading [nt_mmkv_global_misc] with 139 actual size, file size 4096, InterProcess 1, meta info version:4
10-05 23:26:06 [NAPCAT] [I] <MMKV_IO.cpp:92::loadFromFile> loading [nt_mmkv_global_misc] with crc 3268764796 sequence 1 version 4
10-05 23:26:06 [NAPCAT] [I] <MMKV_IO.cpp:136::loadFromFile> loaded [nt_mmkv_global_misc] with 2 key-values
10-05 23:26:06 [NAPCAT] 10-05 23:26:04 [error] [NapCat] [UtilityProcess] Worker进程退出，退出码: 11
10-05 23:26:06 [NAPCAT] 10-05 23:26:04 [warn] [NapCat] [UtilityProcess] Worker进程意外退出 (1/3)，正在尝试重新拉起...
10-05 23:26:06 [NAPCAT] [launcher] loadNapCat.js generated in current directory
10-05 23:26:06 [NAPCAT] [29253:1005/232604.755630:ERROR:base/files/file_path_watcher_inotify.cc:923] Failed to read /proc/sys/fs/inotify/max_user_watches
10-05 23:26:06 [NAPCAT] [29253:1005/232604.756526:ERROR:net/base/address_tracker_linux.cc:242] Could not bind NETLINK socket: Permission denied (13)
10-05 23:26:06 [NAPCAT] NapCat Shell App Loading...
10-05 23:26:06 [NAPCAT] [launcher] intercepted package.json: /opt/QQ/resources/app/package.json, replacing content
10-05 23:26:06 [NAPCAT] [launcher] Generated relative path: ../../../../root
10-05 23:26:06 [NAPCAT] [launcher] New main field: "main": "../../../../root/loadNapCat.js"
10-05 23:26:06 [NAPCAT] [launcher] package.json content: {
10-05 23:26:06 [NAPCAT]   "name": "QQ",
10-05 23:26:06 [NAPCAT]   "version": "3.2.33-52892",
10-05 23:26:06 [NAPCAT]   "private": true,
10-05 23:26:06 [NAPCAT]   "description": "QQ",
10-05 23:26:06 [NAPCAT]   "productName": "QQ",
10-05 23:26:06 [NAPCAT]   "author": {
10-05 23:26:06 [NAPCAT]     "name": "Tencent",
10-05 23:26:06 [NAPCAT]     "email": "QQ-Team@tencent.com"
10-05 23:26:06 [NAPCAT]   },
10-05 23:26:06 [NAPCAT]   "homepage": "https://im.qq.com",
10-05 23:26:06 [NAPCAT]   "sideEffects": true,
10-05 23:26:06 [NAPCAT]   "bin": {
10-05 23:26:06 [NAPCAT]     "qd": "externals/devtools/cli/index.js"
10-05 23:26:06 [NAPCAT]   },
10-05 23:26:07 [NAPCAT]   "appid": {
10-05 23:26:07 [NAPCAT]     "win32": "537382716",
10-05 23:26:07 [NAPCAT]     "darwin": "537382742",
10-05 23:26:07 [NAPCAT]     "linux": "537382753",
10-05 23:26:07 [NAPCAT]     "ohos": "5373141859"
10-05 23:26:07 [NAPCAT]   },
10-05 23:26:07 [NAPCAT]   "main": "../../../../root/loadNapCat.js",
10-05 23:26:07 [NAPCAT]   "peerDependenciesMeta": {
10-05 23:26:07 [NAPCAT]     "*": {
10-05 23:26:07 [NAPCAT]       "optional": true
10-05 23:26:07 [NAPCAT]     }
10-05 23:26:07 [NAPCAT]   },
10-05 23:26:07 [NAPCAT]   "pnpm": {
10-05 23:26:07 [NAPCAT]     "patchedDependencies": {
10-05 23:26:07 [NAPCAT]       "@vue/runtime-dom@3.5.12": "patches/@vue__runtime-dom@3.5.12.patch",
10-05 23:26:07 [NAPCAT]       "@swc/helpers@0.5.3": "patches/@swc__helpers@0.5.3.patch",
10-05 23:26:07 [NAPCAT]       "vuex@4.1.0": "patches/vuex@4.1.0.patch",
10-05 23:26:07 [NAPCAT]       "typescript-parser@2.6.1": "patches/typescript-parser@2.6.1.patch",
10-05 23:26:07 [NAPCAT]       "@tencent/qqplay-downloadsdk": "patches/@tencent__qqplay-downloadsdk.patch",
10-05 23:26:07 [NAPCAT]       "@tencent/universal-report@4.5.4": "patches/@tencent__universal-report@4.5.4.patch",
10-05 23:26:07 [NAPCAT]       "typescript@7.0.2": "patches/typescript@7.0.2.patch"
10-05 23:26:07 [NAPCAT]     },
10-05 23:26:07 [NAPCAT]     "packageExtensions": {
10-05 23:26:07 [NAPCAT]       "qute": {
10-05 23:26:07 [NAPCAT]         "dependencies": {},
10-05 23:26:07 [NAPCAT]         "devDependencies": {}
10-05 23:26:07 [NAPCAT]       }
10-05 23:26:07 [NAPCAT]     },
10-05 23:26:07 [NAPCAT]     "overrides": {
10-05 23:26:07 [NAPCAT]       "@types/react": "-",
10-05 23:26:07 [NAPCAT]       "@types/react-dom": "-",
10-05 23:26:07 [NAPCAT]       "@tencent/yuanbao-react-markdown>@types/hast": "-",
10-05 23:26:07 [NAPCAT]       "@tencent/yuanbao-react-markdown>devlop": "-",
10-05 23:26:07 [NAPCAT]       "@tencent/yuanbao-react-markdown>hast-util-to-jsx-runtime": "-",
10-05 23:26:07 [NAPCAT]       "@tencent/yuanbao-react-markdown>html-url-attributes": "-",
10-05 23:26:07 [NAPCAT]       "@tencent/yuanbao-react-markdown>mdast-util-to-hast": "-",
10-05 23:26:07 [NAPCAT]       "@tencent/yuanbao-react-markdown>rehype-parse": "-",
10-05 23:26:07 [NAPCAT]       "@tencent/yuanbao-react-markdown>rehype-stringify": "-",
10-05 23:26:07 [NAPCAT]       "@tencent/yuanbao-react-markdown>remark-parse": "-",
10-05 23:26:07 [NAPCAT]       "@tencent/yuanbao-react-markdown>remark-rehype": "-",
10-05 23:26:07 [NAPCAT]       "@tencent/yuanbao-react-markdown>unified": "-",
10-05 23:26:07 [NAPCAT]       "@tencent/yuanbao-react-markdown>unist-util-visit": "-",
10-05 23:26:07 [NAPCAT]       "@tencent/yuanbao-react-markdown>vfile": "-",
10-05 23:26:08 [NAPCAT]       "@types/d3-dispatch": "3.0.6"
10-05 23:26:08 [NAPCAT]     }
10-05 23:26:08 [NAPCAT]   },
10-05 23:26:08 [NAPCAT]   "buildVersion": "52892",
10-05 23:26:08 [NAPCAT]   "platform": "linux",
10-05 23:26:08 [NAPCAT]   "eleArch": "arm64",
10-05 23:26:08 [NAPCAT]   "linuxFormat": "deb"
10-05 23:26:08 [NAPCAT] }
10-05 23:26:08 [NAPCAT] prepare write and writev hooks
10-05 23:26:08 [NAPCAT] 10-05 23:26:06 [info] [PacketHandler] 加载成功
10-05 23:26:08 [NAPCAT] 10-05 23:26:06 [info] [Napi2NativeLoader] 加载成功
10-05 23:26:08 [NAPCAT] 10-05 23:26:06 [info] [FFmpeg] 检查 Native Addon 可用性...
10-05 23:26:08 [NAPCAT] 10-05 23:26:06 [info] [FFmpeg] ✓ 使用 Native Addon 适配器
10-05 23:26:08 [NAPCAT] 10-05 23:26:06 [info] [PacketHandler] 初始化成功
10-05 23:26:08 [NAPCAT] 10-05 23:26:06 [info] [NapCat] [Core] NapCat.Core Version: 4.18.28
10-05 23:26:08 [NAPCAT] [I] <MemoryFile.cpp:98::open> open fd[0x27], /root/.config/QQ/nt_qq/global/nt_data/mmkv/nt_mmkv_global_misc
10-05 23:26:08 [NAPCAT] [I] <MemoryFile.cpp:98::open> open fd[0x28], /root/.config/QQ/nt_qq/global/nt_data/mmkv/nt_mmkv_global_misc.crc
10-05 23:26:08 [NAPCAT] [I] <MMKV_IO.cpp:213::loadMetaInfoAndCheck> meta file [nt_mmkv_global_misc] has flag [0]
10-05 23:26:08 [NAPCAT] [I] <MMKV_IO.cpp:87::loadFromFile> loading [nt_mmkv_global_misc] with 139 actual size, file size 4096, InterProcess 1, meta info version:4
10-05 23:26:08 [NAPCAT] [I] <MMKV_IO.cpp:92::loadFromFile> loading [nt_mmkv_global_misc] with crc 3268764796 sequence 1 version 4
10-05 23:26:08 [NAPCAT] [I] <MMKV_IO.cpp:136::loadFromFile> loaded [nt_mmkv_global_misc] with 2 key-values
10-05 23:26:08 [NAPCAT] [I] <MMKV.cpp:233::initializeMMKV> root dir: /root/.config/QQ/nt_qq/global/nt_data/mmkv
10-05 23:26:08 [NAPCAT] [I] <MemoryFile.cpp:98::open> open fd[0x29], /root/.config/QQ/nt_qq/global/nt_data/mmkv/nt_mmkv_o3
10-05 23:26:08 [NAPCAT] [I] <MemoryFile.cpp:98::open> open fd[0x2a], /root/.config/QQ/nt_qq/global/nt_data/mmkv/nt_mmkv_o3.crc
10-05 23:26:08 [NAPCAT] [I] <MMKV_IO.cpp:213::loadMetaInfoAndCheck> meta file [nt_mmkv_o3] has flag [0]
10-05 23:26:08 [NAPCAT] [I] <MMKV_IO.cpp:87::loadFromFile> loading [nt_mmkv_o3] with 147 actual size, file size 4096, InterProcess 1, meta info version:4
10-05 23:26:08 [NAPCAT] [I] <MMKV_IO.cpp:92::loadFromFile> loading [nt_mmkv_o3] with crc 3845623087 sequence 1 version 4
10-05 23:26:08 [NAPCAT] [I] <MMKV_IO.cpp:136::loadFromFile> loaded [nt_mmkv_o3] with 2 key-values
10-05 23:26:08 [NAPCAT] 10-05 23:26:06 [error] [NapCat] [UtilityProcess] Worker进程退出，退出码: 11
10-05 23:26:08 [NAPCAT] 10-05 23:26:06 [warn] [NapCat] [UtilityProcess] Worker进程意外退出 (2/3)，正在尝试重新拉起...
10-05 23:26:08 [NAPCAT] [launcher] loadNapCat.js generated in current directory
10-05 23:26:08 [NAPCAT] [29684:1005/232606.456064:ERROR:base/files/file_path_watcher_inotify.cc:923] Failed to read /proc/sys/fs/inotify/max_user_watches
10-05 23:26:08 [NAPCAT] [29684:1005/232606.456115:ERROR:net/base/address_tracker_linux.cc:242] Could not bind NETLINK socket: Permission denied (13)
10-05 23:26:08 [NAPCAT] NapCat Shell App Loading...
10-05 23:26:08 [NAPCAT] [launcher] intercepted package.json: /opt/QQ/resources/app/package.json, replacing content
10-05 23:26:08 [NAPCAT] [launcher] Generated relative path: ../../../../root
10-05 23:26:08 [NAPCAT] [launcher] New main field: "main": "../../../../root/loadNapCat.js"
10-05 23:26:08 [NAPCAT] [launcher] package.json content: {
10-05 23:26:08 [NAPCAT]   "name": "QQ",
10-05 23:26:08 [NAPCAT]   "version": "3.2.33-52892",
10-05 23:26:08 [NAPCAT]   "private": true,
10-05 23:26:08 [NAPCAT]   "description": "QQ",
10-05 23:26:09 [NAPCAT]   "productName": "QQ",
10-05 23:26:09 [NAPCAT]   "author": {
10-05 23:26:09 [NAPCAT]     "name": "Tencent",
10-05 23:26:09 [NAPCAT]     "email": "QQ-Team@tencent.com"
10-05 23:26:09 [NAPCAT]   },
10-05 23:26:09 [NAPCAT]   "homepage": "https://im.qq.com",
10-05 23:26:09 [NAPCAT]   "sideEffects": true,
10-05 23:26:09 [NAPCAT]   "bin": {
10-05 23:26:09 [NAPCAT]     "qd": "externals/devtools/cli/index.js"
10-05 23:26:09 [NAPCAT]   },
10-05 23:26:09 [NAPCAT]   "appid": {
10-05 23:26:09 [NAPCAT]     "win32": "537382716",
10-05 23:26:09 [NAPCAT]     "darwin": "537382742",
10-05 23:26:09 [NAPCAT]     "linux": "537382753",
10-05 23:26:09 [NAPCAT]     "ohos": "5373141859"
10-05 23:26:09 [NAPCAT]   },
10-05 23:26:09 [NAPCAT]   "main": "../../../../root/loadNapCat.js",
10-05 23:26:09 [NAPCAT]   "peerDependenciesMeta": {
10-05 23:26:09 [NAPCAT]     "*": {
10-05 23:26:09 [NAPCAT]       "optional": true
10-05 23:26:09 [NAPCAT]     }
10-05 23:26:09 [NAPCAT]   },
10-05 23:26:09 [NAPCAT]   "pnpm": {
10-05 23:26:09 [NAPCAT]     "patchedDependencies": {
10-05 23:26:09 [NAPCAT]       "@vue/runtime-dom@3.5.12": "patches/@vue__runtime-dom@3.5.12.patch",
10-05 23:26:09 [NAPCAT]       "@swc/helpers@0.5.3": "patches/@swc__helpers@0.5.3.patch",
10-05 23:26:09 [NAPCAT]       "vuex@4.1.0": "patches/vuex@4.1.0.patch",
10-05 23:26:09 [NAPCAT]       "typescript-parser@2.6.1": "patches/typescript-parser@2.6.1.patch",
10-05 23:26:09 [NAPCAT]       "@tencent/qqplay-downloadsdk": "patches/@tencent__qqplay-downloadsdk.patch",
10-05 23:26:09 [NAPCAT]       "@tencent/universal-report@4.5.4": "patches/@tencent__universal-report@4.5.4.patch",
10-05 23:26:09 [NAPCAT]       "typescript@7.0.2": "patches/typescript@7.0.2.patch"
10-05 23:26:09 [NAPCAT]     },
10-05 23:26:09 [NAPCAT]     "packageExtensions": {
10-05 23:26:09 [NAPCAT]       "qute": {
10-05 23:26:09 [NAPCAT]         "dependencies": {},
10-05 23:26:09 [NAPCAT]         "devDependencies": {}
10-05 23:26:09 [NAPCAT]       }
10-05 23:26:09 [NAPCAT]     },
10-05 23:26:09 [NAPCAT]     "overrides": {
10-05 23:26:09 [NAPCAT]       "@types/react": "-",
10-05 23:26:09 [NAPCAT]       "@types/react-dom": "-",
10-05 23:26:09 [NAPCAT]       "@tencent/yuanbao-react-markdown>@types/hast": "-",
10-05 23:26:09 [NAPCAT]       "@tencent/yuanbao-react-markdown>devlop": "-",
10-05 23:26:09 [NAPCAT]       "@tencent/yuanbao-react-markdown>hast-util-to-jsx-runtime": "-",
10-05 23:26:09 [NAPCAT]       "@tencent/yuanbao-react-markdown>html-url-attributes": "-",
10-05 23:26:10 [NAPCAT]       "@tencent/yuanbao-react-markdown>mdast-util-to-hast": "-",
10-05 23:26:10 [NAPCAT]       "@tencent/yuanbao-react-markdown>rehype-parse": "-",
10-05 23:26:10 [NAPCAT]       "@tencent/yuanbao-react-markdown>rehype-stringify": "-",
10-05 23:26:10 [NAPCAT]       "@tencent/yuanbao-react-markdown>remark-parse": "-",
10-05 23:26:10 [NAPCAT]       "@tencent/yuanbao-react-markdown>remark-rehype": "-",
10-05 23:26:10 [NAPCAT]       "@tencent/yuanbao-react-markdown>unified": "-",
10-05 23:26:10 [NAPCAT]       "@tencent/yuanbao-react-markdown>unist-util-visit": "-",
10-05 23:26:10 [NAPCAT]       "@tencent/yuanbao-react-markdown>vfile": "-",
10-05 23:26:10 [NAPCAT]       "@types/d3-dispatch": "3.0.6"
10-05 23:26:10 [NAPCAT]     }
10-05 23:26:10 [NAPCAT]   },
10-05 23:26:10 [NAPCAT]   "buildVersion": "52892",
10-05 23:26:10 [NAPCAT]   "platform": "linux",
10-05 23:26:10 [NAPCAT]   "eleArch": "arm64",
10-05 23:26:10 [NAPCAT]   "linuxFormat": "deb"
10-05 23:26:10 [NAPCAT] }
10-05 23:26:10 [NAPCAT] prepare write and writev hooks
10-05 23:26:10 [NAPCAT] 10-05 23:26:07 [info] [PacketHandler] 加载成功
10-05 23:26:10 [NAPCAT] 10-05 23:26:07 [info] [Napi2NativeLoader] 加载成功
10-05 23:26:10 [NAPCAT] 10-05 23:26:07 [info] [FFmpeg] 检查 Native Addon 可用性...
10-05 23:26:10 [NAPCAT] 10-05 23:26:07 [info] [FFmpeg] ✓ 使用 Native Addon 适配器
10-05 23:26:10 [NAPCAT] 10-05 23:26:07 [info] [PacketHandler] 初始化成功
10-05 23:26:10 [NAPCAT] 10-05 23:26:07 [info] [NapCat] [Core] NapCat.Core Version: 4.18.28
10-05 23:26:10 [NAPCAT] [I] <MemoryFile.cpp:98::open> open fd[0x26], /root/.config/QQ/nt_qq/global/nt_data/mmkv/nt_mmkv_global_misc
10-05 23:26:10 [NAPCAT] [I] <MemoryFile.cpp:98::open> open fd[0x28], /root/.config/QQ/nt_qq/global/nt_data/mmkv/nt_mmkv_global_misc.crc
10-05 23:26:10 [NAPCAT] [I] <MMKV_IO.cpp:213::loadMetaInfoAndCheck> meta file [nt_mmkv_global_misc] has flag [0]
10-05 23:26:10 [NAPCAT] [I] <MMKV_IO.cpp:87::loadFromFile> loading [nt_mmkv_global_misc] with 139 actual size, file size 4096, InterProcess 1, meta info version:4
10-05 23:26:10 [NAPCAT] [I] <MMKV_IO.cpp:92::loadFromFile> loading [nt_mmkv_global_misc] with crc 3268764796 sequence 1 version 4
10-05 23:26:10 [NAPCAT] [I] <MMKV_IO.cpp:136::loadFromFile> loaded [nt_mmkv_global_misc] with 2 key-values
10-05 23:26:10 [NAPCAT] [I] <MMKV.cpp:233::initializeMMKV> root dir: /root/.config/QQ/nt_qq/global/nt_data/mmkv
10-05 23:26:10 [NAPCAT] [I] <MemoryFile.cpp:98::open> open fd[0x27], /root/.config/QQ/nt_qq/global/nt_data/mmkv/nt_mmkv_o3
10-05 23:26:10 [NAPCAT] [I] <MemoryFile.cpp:98::open> open fd[0x29], /root/.config/QQ/nt_qq/global/nt_data/mmkv/nt_mmkv_o3.crc
10-05 23:26:10 [NAPCAT] [I] <MMKV_IO.cpp:213::loadMetaInfoAndCheck> meta file [nt_mmkv_o3] has flag [0]
10-05 23:26:10 [NAPCAT] [I] <MMKV_IO.cpp:87::loadFromFile> loading [nt_mmkv_o3] with 147 actual size, file size 4096, InterProcess 1, meta info version:4
10-05 23:26:10 [AstrBot Android] 检测到 NapCat 崩溃（主进程退出）——立即执行自愈重启（第 2 轮；阶梯级别按崩溃计数自动升级）
10-05 23:26:10 [NAPCAT] [I] <MMKV_IO.cpp:92::loadFromFile> loading [nt_mmkv_o3] with crc 3845623087 sequence 1 version 4
10-05 23:26:10 [NAPCAT] [I] <MMKV_IO.cpp:136::loadFromFile> loaded [nt_mmkv_o3] with 2 key-values
10-05 23:26:10 [NAPCAT] 10-05 23:26:08 [error] [NapCat] [UtilityProcess] Worker进程退出，退出码: 11
10-05 23:26:10 [NAPCAT] 10-05 23:26:08 [error] [NapCat] [UtilityProcess] Worker进程在 10 秒内异常退出 3 次，主进程退出
10-05 23:26:10 [NAPCAT] 10-05 23:26:08 [warn] [NapCat] [UtilityProcess] Worker进程意外退出 (3/3)，正在尝试重新拉起...
10-05 23:26:10 [NAPCAT] [launcher] loadNapCat.js generated in current directory
10-05 23:26:14 [AstrBot Android] 自愈第 2 轮已执行（详见 /root/napcat/watchdog.log；若已进入禁 bypass 态，反检测将保持关闭直至手动恢复）
10-05 23:26:14 [NAPCAT] [launcher] loadNapCat.js generated in current directory
10-05 23:26:14 [NAPCAT] not mini app. 
10-05 23:26:14 [NAPCAT] [launcher] loadNapCat.js generated in current directory
10-05 23:26:14 [NAPCAT] [preload] succeeded. /opt/QQ/resources/app/major.node
10-05 23:26:14 [NAPCAT] [launcher] loadNapCat.js generated in current directory
10-05 23:26:14 [NAPCAT] [preload] succeeded. /opt/QQ/resources/app/major.node
10-05 23:26:14 [NAPCAT] [30947:1005/232614.740664:ERROR:base/files/file_path_watcher_inotify.cc:923] Failed to read /proc/sys/fs/inotify/max_user_watches
10-05 23:26:14 [NAPCAT] [30946:1005/232614.747129:ERROR:base/files/file_path_watcher_inotify.cc:923] Failed to read /proc/sys/fs/inotify/max_user_watches
10-05 23:26:14 [NAPCAT] [30935:1005/232614.757785:ERROR:dbus/bus.cc:406] Failed to connect to the bus: Failed to connect to socket /run/dbus/system_bus_socket: No such file or director
10-05 23:26:14 [NAPCAT] resourcesPath: /opt/QQ/resources
10-05 23:26:14 [NAPCAT] [launcher] intercepted package.json: /opt/QQ/resources/app/package.json, replacing content
10-05 23:26:14 [NAPCAT] [launcher] Generated relative path: ../../../../root
10-05 23:26:14 [NAPCAT] [launcher] New main field: "main": "../../../../root/loadNapCat.js"
10-05 23:26:15 [NAPCAT] [launcher] package.json content: {
10-05 23:26:15 [NAPCAT]   "name": "QQ",
10-05 23:26:15 [NAPCAT]   "version": "3.2.33-52892",
10-05 23:26:15 [NAPCAT]   "private": true,
10-05 23:26:15 [NAPCAT]   "description": "QQ",
10-05 23:26:15 [NAPCAT]   "productName": "QQ",
10-05 23:26:15 [NAPCAT]   "author": {
10-05 23:26:15 [NAPCAT]     "name": "Tencent",
10-05 23:26:15 [NAPCAT]     "email": "QQ-Team@tencent.com"
10-05 23:26:15 [NAPCAT]   },
10-05 23:26:15 [NAPCAT]   "homepage": "https://im.qq.com",
10-05 23:26:15 [NAPCAT]   "sideEffects": true,
10-05 23:26:15 [NAPCAT]   "bin": {
10-05 23:26:15 [NAPCAT]     "qd": "externals/devtools/cli/index.js"
10-05 23:26:15 [NAPCAT]   },
10-05 23:26:15 [NAPCAT]   "appid": {
10-05 23:26:15 [NAPCAT]     "win32": "537382716",
10-05 23:26:15 [NAPCAT]     "darwin": "537382742",
10-05 23:26:15 [NAPCAT]     "linux": "537382753",
10-05 23:26:15 [NAPCAT]     "ohos": "5373141859"
10-05 23:26:15 [NAPCAT]   },
10-05 23:26:15 [NAPCAT]   "main": "../../../../root/loadNapCat.js",
10-05 23:26:15 [NAPCAT]   "peerDependenciesMeta": {
10-05 23:26:15 [NAPCAT]     "*": {
10-05 23:26:15 [NAPCAT]       "optional": true
10-05 23:26:15 [NAPCAT]     }
10-05 23:26:15 [NAPCAT]   },
10-05 23:26:15 [NAPCAT]   "pnpm": {
10-05 23:26:15 [NAPCAT]     "patchedDependencies": {
10-05 23:26:15 [NAPCAT]       "@vue/runtime-dom@3.5.12": "patches/@vue__runtime-dom@3.5.12.patch",
10-05 23:26:15 [NAPCAT]       "@swc/helpers@0.5.3": "patches/@swc__helpers@0.5.3.patch",
10-05 23:26:15 [NAPCAT]       "vuex@4.1.0": "patches/vuex@4.1.0.patch",
10-05 23:26:16 [NAPCAT]       "typescript-parser@2.6.1": "patches/typescript-parser@2.6.1.patch",
10-05 23:26:16 [NAPCAT]       "@tencent/qqplay-downloadsdk": "patches/@tencent__qqplay-downloadsdk.patch",
10-05 23:26:16 [NAPCAT]       "@tencent/universal-report@4.5.4": "patches/@tencent__universal-report@4.5.4.patch",
10-05 23:26:16 [NAPCAT]       "typescript@7.0.2": "patches/typescript@7.0.2.patch"
10-05 23:26:16 [NAPCAT]     },
10-05 23:26:16 [NAPCAT]     "packageExtensions": {
10-05 23:26:16 [NAPCAT]       "qute": {
10-05 23:26:16 [NAPCAT]         "dependencies": {},
10-05 23:26:16 [NAPCAT]         "devDependencies": {}
10-05 23:26:16 [NAPCAT]       }
10-05 23:26:16 [NAPCAT]     },
10-05 23:26:16 [NAPCAT]     "overrides": {
10-05 23:26:16 [NAPCAT]       "@types/react": "-",
10-05 23:26:16 [NAPCAT]       "@types/react-dom": "-",
10-05 23:26:16 [NAPCAT]       "@tencent/yuanbao-react-markdown>@types/hast": "-",
10-05 23:26:16 [NAPCAT]       "@tencent/yuanbao-react-markdown>devlop": "-",
10-05 23:26:16 [NAPCAT]       "@tencent/yuanbao-react-markdown>hast-util-to-jsx-runtime": "-",
10-05 23:26:16 [NAPCAT]       "@tencent/yuanbao-react-markdown>html-url-attributes": "-",
10-05 23:26:16 [NAPCAT]       "@tencent/yuanbao-react-markdown>mdast-util-to-hast": "-",
10-05 23:26:16 [NAPCAT]       "@tencent/yuanbao-react-markdown>rehype-parse": "-",
10-05 23:26:16 [NAPCAT]       "@tencent/yuanbao-react-markdown>rehype-stringify": "-",
10-05 23:26:16 [NAPCAT]       "@tencent/yuanbao-react-markdown>remark-parse": "-",
10-05 23:26:16 [NAPCAT]       "@tencent/yuanbao-react-markdown>remark-rehype": "-",
10-05 23:26:16 [NAPCAT]       "@tencent/yuanbao-react-markdown>unified": "-",
10-05 23:26:16 [NAPCAT]       "@tencent/yuanbao-react-markdown>unist-util-visit": "-",
10-05 23:26:16 [NAPCAT]       "@tencent/yuanbao-react-markdown>vfile": "-",
10-05 23:26:16 [NAPCAT]       "@types/d3-dispatch": "3.0.6"
10-05 23:26:16 [NAPCAT]     }
10-05 23:26:16 [NAPCAT]   },
10-05 23:26:16 [NAPCAT]   "buildVersion": "52892",
10-05 23:26:16 [NAPCAT]   "platform": "linux",
10-05 23:26:16 [NAPCAT]   "eleArch": "arm64",
10-05 23:26:16 [NAPCAT]   "linuxFormat": "deb"
10-05 23:26:17 [NAPCAT] }
10-05 23:26:17 [NAPCAT] [30935:1005/232616.398069:ERROR:dbus/bus.cc:406] Failed to connect to the bus: Could not parse server address: Unknown address type (examples of valid types are
10-05 23:26:17 [NAPCAT] [30935:1005/232616.398199:ERROR:dbus/bus.cc:406] Failed to connect to the bus: Could not parse server address: Unknown address type (examples of valid types are
10-05 23:26:17 [NAPCAT] [30935:1005/232616.399553:ERROR:base/files/file_path_watcher_inotify.cc:923] Failed to read /proc/sys/fs/inotify/max_user_watches
10-05 23:26:17 [NAPCAT] [30935:1005/232616.401030:ERROR:dbus/bus.cc:406] Failed to connect to the bus: Failed to connect to socket /run/dbus/system_bus_socket: No such file or director
10-05 23:26:17 [NAPCAT] [30935:1005/232616.401417:ERROR:net/base/address_tracker_linux.cc:242] Could not bind NETLINK socket: Permission denied (13)
10-05 23:26:17 [NAPCAT] [30935:1005/232616.401497:ERROR:dbus/bus.cc:406] Failed to connect to the bus: Failed to connect to socket /run/dbus/system_bus_socket: No such file or director
10-05 23:26:17 [NAPCAT] [30935:1005/232616.426086:ERROR:device/udev_linux/udev_watcher.cc:51] Failed to initialize a udev monitor.
10-05 23:26:17 [NAPCAT] [30935:1005/232616.453880:ERROR:dbus/object_proxy.cc:573] Failed to call method: org.freedesktop.DBus.NameHasOwner: object_path= /org/freedesktop/DBus: unknown 
10-05 23:26:17 [NAPCAT] [30935:1005/232616.454063:ERROR:dbus/object_proxy.cc:573] Failed to call method: org.freedesktop.DBus.NameHasOwner: object_path= /org/freedesktop/DBus: unknown 
10-05 23:26:17 [NAPCAT] [30935:1005/232616.454300:ERROR:dbus/bus.cc:406] Failed to connect to the bus: Could not parse server address: Unknown address type (examples of valid types are
10-05 23:26:17 [NAPCAT] [30935:1005/232616.454409:ERROR:dbus/bus.cc:406] Failed to connect to the bus: Could not parse server address: Unknown address type (examples of valid types are
10-05 23:26:17 [NAPCAT] [30935:1005/232616.454463:ERROR:dbus/object_proxy.cc:573] Failed to call method: org.freedesktop.DBus.NameHasOwner: object_path= /org/freedesktop/DBus: unknown 
10-05 23:26:17 [NAPCAT] [30935:1005/232616.464204:ERROR:dbus/object_proxy.cc:573] Failed to call method: org.freedesktop.DBus.NameHasOwner: object_path= /org/freedesktop/DBus: unknown 
10-05 23:26:17 [NAPCAT] [31285:1005/232616.648932:ERROR:base/files/file_path_watcher_inotify.cc:923] Failed to read /proc/sys/fs/inotify/max_user_watches
10-05 23:26:17 [NAPCAT] [launcher] loadNapCat.js generated in current directory
10-05 23:26:17 [NAPCAT] [31284:1005/232616.671167:ERROR:base/files/file_path_watcher_inotify.cc:923] Failed to read /proc/sys/fs/inotify/max_user_watches
10-05 23:26:17 [NAPCAT] [31284:1005/232616.674938:ERROR:net/base/address_tracker_linux.cc:242] Could not bind NETLINK socket: Permission denied (13)
10-05 23:26:17 [NAPCAT] [31274:1005/232616.814294:ERROR:ui/gl/angle_platform_impl.cc:42] Display.cpp:1097 (initialize): ANGLE Display::initialize error 12289: GLX is not present.
10-05 23:26:17 [NAPCAT] ERR: Display.cpp:1097 (initialize): ANGLE Display::initialize error 12289: GLX is not present.
10-05 23:26:17 [NAPCAT] [31274:1005/232616.814903:ERROR:ui/gl/egl_util.cc:92] EGL Driver message (Critical) eglInitialize: GLX is not present.
10-05 23:26:17 [NAPCAT] [31274:1005/232616.815305:ERROR:ui/gl/gl_display.cc:639] eglInitialize OpenGL failed with error EGL_NOT_INITIALIZED, trying next display type
10-05 23:26:17 [NAPCAT] [31274:1005/232616.815987:ERROR:ui/gl/angle_platform_impl.cc:42] Display.cpp:1097 (initialize): ANGLE Display::initialize error 12289: GLX is not present.
10-05 23:26:17 [NAPCAT] ERR: Display.cpp:1097 (initialize): ANGLE Display::initialize error 12289: GLX is not present.
10-05 23:26:17 [NAPCAT] [31274:1005/232616.823889:ERROR:ui/gl/egl_util.cc:92] EGL Driver message (Critical) eglInitialize: GLX is not present.
10-05 23:26:17 [NAPCAT] [31274:1005/232616.824452:ERROR:ui/gl/gl_display.cc:639] eglInitialize OpenGLES failed with error EGL_NOT_INITIALIZED
10-05 23:26:17 [NAPCAT] [31274:1005/232616.824848:ERROR:ui/gl/gl_display.cc:674] Initialization of all EGL display types failed.
10-05 23:26:17 [NAPCAT] [31274:1005/232616.825841:ERROR:ui/ozone/common/gl_ozone_egl.cc:26] GLDisplayEGL::Initialize failed.
10-05 23:26:17 [NAPCAT] [31274:1005/232617.078311:ERROR:ui/gl/angle_platform_impl.cc:42] Display.cpp:1097 (initialize): ANGLE Display::initialize error 12289: GLX is not present.
10-05 23:26:17 [NAPCAT] ERR: Display.cpp:1097 (initialize): ANGLE Display::initialize error 12289: GLX is not present.
10-05 23:26:17 [NAPCAT] [31274:1005/232617.080121:ERROR:ui/gl/egl_util.cc:92] EGL Driver message (Critical) eglInitialize: GLX is not present.
10-05 23:26:17 [NAPCAT] [31274:1005/232617.081955:ERROR:ui/gl/gl_display.cc:639] eglInitialize OpenGL failed with error EGL_NOT_INITIALIZED, trying next display type
10-05 23:26:17 [NAPCAT] [31274:1005/232617.087114:ERROR:ui/gl/angle_platform_impl.cc:42] Display.cpp:1097 (initialize): ANGLE Display::initialize error 12289: GLX is not present.
10-05 23:26:17 [NAPCAT] ERR: Display.cpp:1097 (initialize): ANGLE Display::initialize error 12289: GLX is not present.
10-05 23:26:17 [NAPCAT] [31274:1005/232617.087656:ERROR:ui/gl/egl_util.cc:92] EGL Driver message (Critical) eglInitialize: GLX is not present.
10-05 23:26:17 [NAPCAT] [31274:1005/232617.088210:ERROR:ui/gl/gl_display.cc:639] eglInitialize OpenGLES failed with error EGL_NOT_INITIALIZED
10-05 23:26:17 [NAPCAT] [31274:1005/232617.089107:ERROR:ui/gl/gl_display.cc:674] Initialization of all EGL display types failed.
10-05 23:26:17 [NAPCAT] [31274:1005/232617.089397:ERROR:ui/ozone/common/gl_ozone_egl.cc:26] GLDisplayEGL::Initialize failed.
10-05 23:26:17 [NAPCAT] [31274:1005/232617.098041:ERROR:components/viz/service/main/viz_main_impl.cc:189] Exiting GPU process due to errors during initialization
10-05 23:26:18 [NAPCAT] NapCat Shell App Loading...
10-05 23:26:18 [NAPCAT] [launcher] intercepted package.json: /opt/QQ/resources/app/package.json, replacing content
10-05 23:26:18 [NAPCAT] [launcher] Generated relative path: ../../../../root
10-05 23:26:18 [NAPCAT] [launcher] New main field: "main": "../../../../root/loadNapCat.js"
10-05 23:26:18 [NAPCAT] [launcher] package.json content: {
10-05 23:26:18 [NAPCAT]   "name": "QQ",
10-05 23:26:18 [NAPCAT]   "version": "3.2.33-52892",
10-05 23:26:18 [NAPCAT]   "private": true,
10-05 23:26:18 [NAPCAT]   "description": "QQ",
10-05 23:26:18 [NAPCAT]   "productName": "QQ",
10-05 23:26:18 [NAPCAT]   "author": {
10-05 23:26:18 [NAPCAT]     "name": "Tencent",
10-05 23:26:18 [NAPCAT]     "email": "QQ-Team@tencent.com"
10-05 23:26:18 [NAPCAT]   },
10-05 23:26:18 [NAPCAT]   "homepage": "https://im.qq.com",
10-05 23:26:18 [NAPCAT]   "sideEffects": true,
10-05 23:26:18 [NAPCAT]   "bin": {
10-05 23:26:18 [NAPCAT]     "qd": "externals/devtools/cli/index.js"
10-05 23:26:18 [NAPCAT]   },
10-05 23:26:18 [NAPCAT]   "appid": {
10-05 23:26:18 [NAPCAT]     "win32": "537382716",
10-05 23:26:18 [NAPCAT]     "darwin": "537382742",
10-05 23:26:18 [NAPCAT]     "linux": "537382753",
10-05 23:26:18 [NAPCAT]     "ohos": "5373141859"
10-05 23:26:18 [NAPCAT]   },
10-05 23:26:18 [NAPCAT]   "main": "../../../../root/loadNapCat.js",
10-05 23:26:18 [NAPCAT]   "peerDependenciesMeta": {
10-05 23:26:18 [NAPCAT]     "*": {
10-05 23:26:18 [NAPCAT]       "optional": true
10-05 23:26:18 [NAPCAT]     }
10-05 23:26:18 [NAPCAT]   },
10-05 23:26:18 [NAPCAT]   "pnpm": {
10-05 23:26:18 [NAPCAT]     "patchedDependencies": {
10-05 23:26:18 [NAPCAT]       "@vue/runtime-dom@3.5.12": "patches/@vue__runtime-dom@3.5.12.patch",
10-05 23:26:18 [NAPCAT]       "@swc/helpers@0.5.3": "patches/@swc__helpers@0.5.3.patch",
10-05 23:26:19 [NAPCAT]       "vuex@4.1.0": "patches/vuex@4.1.0.patch",
10-05 23:26:19 [NAPCAT]       "typescript-parser@2.6.1": "patches/typescript-parser@2.6.1.patch",
10-05 23:26:19 [NAPCAT]       "@tencent/qqplay-downloadsdk": "patches/@tencent__qqplay-downloadsdk.patch",
10-05 23:26:19 [NAPCAT]       "@tencent/universal-report@4.5.4": "patches/@tencent__universal-report@4.5.4.patch",
10-05 23:26:19 [NAPCAT]       "typescript@7.0.2": "patches/typescript@7.0.2.patch"
10-05 23:26:19 [NAPCAT]     },
10-05 23:26:19 [NAPCAT]     "packageExtensions": {
10-05 23:26:19 [NAPCAT]       "qute": {
10-05 23:26:19 [NAPCAT]         "dependencies": {},
10-05 23:26:19 [NAPCAT]         "devDependencies": {}
10-05 23:26:19 [NAPCAT]       }
10-05 23:26:19 [NAPCAT]     },
10-05 23:26:19 [NAPCAT]     "overrides": {
10-05 23:26:19 [NAPCAT]       "@types/react": "-",
10-05 23:26:19 [NAPCAT]       "@types/react-dom": "-",
10-05 23:26:19 [NAPCAT]       "@tencent/yuanbao-react-markdown>@types/hast": "-",
10-05 23:26:19 [NAPCAT]       "@tencent/yuanbao-react-markdown>devlop": "-",
10-05 23:26:19 [NAPCAT]       "@tencent/yuanbao-react-markdown>hast-util-to-jsx-runtime": "-",
10-05 23:26:19 [NAPCAT]       "@tencent/yuanbao-react-markdown>html-url-attributes": "-",
10-05 23:26:19 [NAPCAT]       "@tencent/yuanbao-react-markdown>mdast-util-to-hast": "-",
10-05 23:26:19 [NAPCAT]       "@tencent/yuanbao-react-markdown>rehype-parse": "-",
10-05 23:26:19 [NAPCAT]       "@tencent/yuanbao-react-markdown>rehype-stringify": "-",
10-05 23:26:19 [NAPCAT]       "@tencent/yuanbao-react-markdown>remark-parse": "-",
10-05 23:26:19 [NAPCAT]       "@tencent/yuanbao-react-markdown>remark-rehype": "-",
10-05 23:26:19 [NAPCAT]       "@tencent/yuanbao-react-markdown>unified": "-",
10-05 23:26:19 [NAPCAT]       "@tencent/yuanbao-react-markdown>unist-util-visit": "-",
10-05 23:26:19 [NAPCAT]       "@tencent/yuanbao-react-markdown>vfile": "-",
10-05 23:26:19 [NAPCAT]       "@types/d3-dispatch": "3.0.6"
10-05 23:26:19 [NAPCAT]     }
10-05 23:26:19 [NAPCAT]   },
10-05 23:26:19 [NAPCAT]   "buildVersion": "52892",
10-05 23:26:19 [NAPCAT]   "platform": "linux",
10-05 23:26:19 [NAPCAT]   "eleArch": "arm64",
10-05 23:26:19 [NAPCAT]   "linuxFormat": "deb"
10-05 23:26:19 [NAPCAT] }
10-05 23:26:19 [NAPCAT] prepare write and writev hooks
10-05 23:26:19 [NAPCAT] 10-05 23:26:18 [info] [PacketHandler] 加载成功
10-05 23:26:19 [NAPCAT] 10-05 23:26:18 [info] [Napi2NativeLoader] 加载成功
10-05 23:26:19 [NAPCAT] 10-05 23:26:18 [info] [FFmpeg] 检查 Native Addon 可用性...
10-05 23:26:19 [NAPCAT] 10-05 23:26:18 [info] [FFmpeg] ✓ 使用 Native Addon 适配器
10-05 23:26:19 [NAPCAT] 10-05 23:26:18 [info] [PacketHandler] 初始化成功
10-05 23:26:19 [NAPCAT] 10-05 23:26:18 [info] [NapCat] Napi2NativeLoader: Bypass已通过环境变量禁用
10-05 23:26:19 [NAPCAT] 10-05 23:26:18 [info] [NapCat] [Core] NapCat.Core Version: 4.18.28
10-05 23:26:19 [NAPCAT] [I] <MemoryFile.cpp:98::open> open fd[0x25], /root/.config/QQ/nt_qq/global/nt_data/mmkv/nt_mmkv_global_misc
10-05 23:26:19 [NAPCAT] [I] <MemoryFile.cpp:98::open> open fd[0x26], /root/.config/QQ/nt_qq/global/nt_data/mmkv/nt_mmkv_global_misc.crc
10-05 23:26:20 [NAPCAT] [I] <MMKV_IO.cpp:213::loadMetaInfoAndCheck> meta file [nt_mmkv_global_misc] has flag [0]
10-05 23:26:20 [NAPCAT] [I] <MMKV_IO.cpp:87::loadFromFile> loading [nt_mmkv_global_misc] with 139 actual size, file size 4096, InterProcess 1, meta info version:4
10-05 23:26:20 [NAPCAT] [I] <MMKV_IO.cpp:92::loadFromFile> loading [nt_mmkv_global_misc] with crc 3268764796 sequence 1 version 4
10-05 23:26:20 [NAPCAT] [I] <MMKV.cpp:233::initializeMMKV> root dir: /root/.config/QQ/nt_qq/global/nt_data/mmkv
10-05 23:26:20 [NAPCAT] [I] <MMKV_IO.cpp:136::loadFromFile> loaded [nt_mmkv_global_misc] with 2 key-values
10-05 23:26:20 [NAPCAT] [I] <MemoryFile.cpp:98::open> open fd[0x27], /root/.config/QQ/nt_qq/global/nt_data/mmkv/nt_mmkv_o3
10-05 23:26:20 [NAPCAT] [I] <MemoryFile.cpp:98::open> open fd[0x28], /root/.config/QQ/nt_qq/global/nt_data/mmkv/nt_mmkv_o3.crc
10-05 23:26:20 [NAPCAT] [I] <MMKV_IO.cpp:213::loadMetaInfoAndCheck> meta file [nt_mmkv_o3] has flag [0]
10-05 23:26:20 [NAPCAT] [I] <MMKV_IO.cpp:87::loadFromFile> loading [nt_mmkv_o3] with 147 actual size, file size 4096, InterProcess 1, meta info version:4
10-05 23:26:20 [NAPCAT] [I] <MMKV_IO.cpp:92::loadFromFile> loading [nt_mmkv_o3] with crc 3845623087 sequence 1 version 4
10-05 23:26:20 [NAPCAT] [I] <MMKV_IO.cpp:136::loadFromFile> loaded [nt_mmkv_o3] with 2 key-values
10-05 23:26:20 [NAPCAT] 10-05 23:26:18 [info] [NapCat] [WebUi] WebUi Token: bandqq-napcat
10-05 23:26:20 [NAPCAT] 10-05 23:26:18 [info] [NapCat] [WebUi] WebUi User Panel Url: http://127.0.0.1:5099/webui?token=bandqq-napcat
10-05 23:26:20 [NAPCAT] 10-05 23:26:18 [info] [NapCat] [WebUi] WebUi User Panel Url: http://[::]:5099/webui?token=bandqq-napcat
10-05 23:26:20 [NAPCAT] 10-05 23:26:18 [info] 等待网络连接...
10-05 23:26:20 [NAPCAT] 10-05 23:26:18 [info] 网络已连接
10-05 23:26:20 [NAPCAT] 10-05 23:26:18 [info] 没有 -q 指令指定快速登录，将使用二维码登录方式
10-05 23:26:20 [NAPCAT] 10-05 23:26:18 [info] 可用于快速登录 of QQ：
10-05 23:26:20 [NAPCAT] 1. 3836305211 一秋呀(小号)大号2308534727
10-05 23:26:20 [NAPCAT] 10-05 23:26:18 [warn] 请扫描下面的二维码，然后在手Q上授权登录：
10-05 23:26:20 [NAPCAT] 10-05 23:26:18 [warn] 
10-05 23:26:20 [NAPCAT] ▄▄▄▄▄▄▄▄▄▄▄▄▄▄▄▄▄▄▄▄▄▄▄▄▄▄▄▄▄▄▄▄▄▄▄
10-05 23:26:20 [NAPCAT] █ ▄▄▄▄▄ █▄▄▄ ▀▄██ ▀▄ ████▀█ ▄▄▄▄▄ █
10-05 23:26:20 [NAPCAT] █ █   █ ██▄▀ █ ▀▄▄██ ▀▄█  █ █   █ █
10-05 23:26:20 [NAPCAT] █ █▄▄▄█ ██▀▄ ▄████ ▄██▄█ ██ █▄▄▄█ █
10-05 23:26:20 [NAPCAT] █▄▄▄▄▄▄▄█ ▀▄█ ▀ █ █▄▀ █ █▄█▄▄▄▄▄▄▄█
10-05 23:26:20 [NAPCAT] █  ▀▄▄█▄▀█▄▀█▄██▀▀▄█▀▄ ▀▀▄█▄▀▀█▀▀▄█
10-05 23:26:20 [NAPCAT] ██▄▀▀█▀▄▄█▄██▄█▄ █▀▄▀▀▄▄  ▀  ▄▀▀▄▄█
10-05 23:26:20 [NAPCAT] █▀█▄█▄ ▄▄▀  █▀▀▄  █▄█▄█▀▀▀▀▄▄███▄▄█
10-05 23:26:20 [NAPCAT] ███  ▀█▄█ ▄██▀▄▀ ▄██ ▀██▀▀▀▄█ █▀█▀█
10-05 23:26:20 [NAPCAT] █▄██ ▀▄▄ ▄█▀ ▄▄  ▀█▄▄▀██▄▀▄ ▀ ▄█  █
10-05 23:26:20 [NAPCAT] ██▄██▄ ▄▀▀ ▄▀▄   ▀▄▄ ██ ▄██▀█▄█▀▀ █
10-05 23:26:20 [NAPCAT] █ ▄▀ ▀▀▄  █▀▄▀██ ▀▄█  ▄▀ ▀▄█▀▀▀█▀██
10-05 23:26:20 [NAPCAT] █ █ ▀█▄▄▄▄▀▄ ▀█ ▄▄▀▄█ █▀▄▀ ▀ ▄█▀▄▄█
10-05 23:26:20 [NAPCAT] █▄▄▄▄█▄▄█ ▄▄▄▄▀▄ ██▀▀▄███ ▄▄▄ ▀▀ ██
10-05 23:26:20 [NAPCAT] █ ▄▄▄▄▄ ██▀▄ ▄█  ▀▄▀  █▀  █▄█ ▀ █▀█
10-05 23:26:20 [NAPCAT] █ █   █ █ ▄▀▀ ▄    ▀█▀██▄▄ ▄▄▄▀█▄▄█
10-05 23:26:20 [NAPCAT] █ █▄▄▄█ █▀▄█▄█ ▄▄▀▄█ ▀█ ▀█▀▀▄   ▀ █
10-05 23:26:20 [NAPCAT] █▄▄▄▄▄▄▄█▄█▄████▄█▄██▄█▄█▄▄█▄█▄████
10-05 23:26:20 [NAPCAT] 二维码解码URL: https://txz.qq.com/p?k=38eJyEMw3Bf39SL5ZoxIOEs59sfEu357&f=1600001615
10-05 23:26:20 [NAPCAT] 如果控制台二维码无法扫码，可以复制解码url到二维码生成网站生成二维码再扫码，也可以打开下方的二维码路径图片进�
10-05 23:26:20 [NAPCAT] 10-05 23:26:18 [warn] 二维码已保存到 /root/napcat/cache/qrcode.png
10-05 23:26:29 [AstrBot Android] NapCat 启动中…（已等待 30 秒，QQ 首次引导较慢）
10-05 23:26:48 [NAPCAT] 10-05 23:26:48 [info] [Core] [Login] 二维码已被扫描，等待确认...
10-05 23:26:49 [NAPCAT] linux-bugly: init bugly ...
10-05 23:26:49 [NAPCAT] [BuglyManager.cpp][InitBuglyManager][198]InitBuglyManager path: /root/.config/QQ/crash_files/
10-05 23:26:49 [NAPCAT] [BuglyService.cpp][registBugly][589]set signal stack
10-05 23:26:49 [NAPCAT] [BuglyService.cpp][registSignalHandler][520]regist native handler
10-05 23:26:49 [NAPCAT] [BuglyService.cpp][setParam][618]setParam, key:appVersion, value:3.2.33-52892..
10-05 23:26:49 [NAPCAT] linux-bugly: init bugly done.
10-05 23:26:49 [NAPCAT] 10-05 23:26:49 [info] [NapCat] 已启用数据库辅助支持能力
10-05 23:26:50 [NAPCAT] [I] <MMKV.cpp:260::mmkvWithID> prepare to load nt_recent_emoji_mmkv (id 4d09ada208e1df49389b85b8d4dc11d8) from rootPath /root/.config/QQ/nt_qq_0d0741be72783462f
10-05 23:26:50 [NAPCAT] [I] <MemoryFile.cpp:98::open> open fd[0x57], /root/.config/QQ/nt_qq_0d0741be72783462f580b59d95c70ea4/nt_data/mmkv/nt_recent_emoji_mmkv
10-05 23:26:50 [NAPCAT] [I] <MemoryFile.cpp:98::open> open fd[0x58], /root/.config/QQ/nt_qq_0d0741be72783462f580b59d95c70ea4/nt_data/mmkv/nt_recent_emoji_mmkv.crc
10-05 23:26:50 [NAPCAT] [I] <MMKV_IO.cpp:213::loadMetaInfoAndCheck> meta file [nt_recent_emoji_mmkv] has flag [0]
10-05 23:26:50 [NAPCAT] [I] <MMKV_IO.cpp:87::loadFromFile> loading [nt_recent_emoji_mmkv] with 0 actual size, file size 4096, InterProcess 0, meta info version:4
10-05 23:26:50 [NAPCAT] [I] <MMKV_IO.cpp:136::loadFromFile> loaded [nt_recent_emoji_mmkv] with 0 key-values
10-05 23:26:50 [NAPCAT] [I] <MMKV.cpp:260::mmkvWithID> prepare to load nt_mmkv_united_config_no_login_v3 (id nt_mmkv_united_config_no_login_v3) from rootPath /root/.config/QQ/nt_qq/glo
10-05 23:26:50 [NAPCAT] [I] <MemoryFile.cpp:98::open> open fd[0x64], /root/.config/QQ/nt_qq/global/nt_data/mmkv/nt_mmkv_united_config_no_login_v3
10-05 23:26:50 [NAPCAT] [I] <MemoryFile.cpp:98::open> open fd[0x66], /root/.config/QQ/nt_qq/global/nt_data/mmkv/nt_mmkv_united_config_no_login_v3.crc
10-05 23:26:50 [NAPCAT] [I] <MMKV_IO.cpp:213::loadMetaInfoAndCheck> meta file [nt_mmkv_united_config_no_login_v3] has flag [0]
10-05 23:26:50 [NAPCAT] [I] <MMKV_IO.cpp:87::loadFromFile> loading [nt_mmkv_united_config_no_login_v3] with 16165 actual size, file size 16384, InterProcess 1, meta info version:4
10-05 23:26:50 [NAPCAT] [I] <MMKV_IO.cpp:92::loadFromFile> loading [nt_mmkv_united_config_no_login_v3] with crc 2124030642 sequence 3 version 4
10-05 23:26:50 [NAPCAT] [I] <MMKV_IO.cpp:136::loadFromFile> loaded [nt_mmkv_united_config_no_login_v3] with 391 key-values
10-05 23:26:50 [NAPCAT] [I] <MMKV.cpp:260::mmkvWithID> prepare to load nt_mmkv_flash_transfer (id 2c205ab7ef22e396d3aa9169b0203f14) from rootPath /root/.config/QQ/nt_qq_0d0741be7278346
10-05 23:26:50 [NAPCAT] [I] <MemoryFile.cpp:98::open> open fd[0xba], /root/.config/QQ/nt_qq_0d0741be72783462f580b59d95c70ea4/nt_data/mmkv/nt_mmkv_flash_transfer
10-05 23:26:50 [NAPCAT] [I] <MemoryFile.cpp:98::open> open fd[0xc1], /root/.config/QQ/nt_qq_0d0741be72783462f580b59d95c70ea4/nt_data/mmkv/nt_mmkv_flash_transfer.crc
10-05 23:26:50 [NAPCAT] [I] <MMKV_IO.cpp:213::loadMetaInfoAndCheck> meta file [nt_mmkv_flash_transfer] has flag [0]
10-05 23:26:50 [NAPCAT] [I] <MMKV_IO.cpp:87::loadFromFile> loading [nt_mmkv_flash_transfer] with 496 actual size, file size 4096, InterProcess 0, meta info version:4
10-05 23:26:50 [NAPCAT] [I] <MMKV_IO.cpp:92::loadFromFile> loading [nt_mmkv_flash_transfer] with crc 191969466 sequence 1 version 4
10-05 23:26:50 [NAPCAT] [I] <MMKV_IO.cpp:136::loadFromFile> loaded [nt_mmkv_flash_transfer] with 2 key-values
10-05 23:26:50 [NAPCAT] 10-05 23:26:50 [debug] 本账号数据/缓存目录： /root/.config/QQ/NapCat/data
10-05 23:26:51 [NAPCAT] 10-05 23:26:50 [debug] [Core] [Config] 配置文件/root/napcat/config/napcat_3836305211.json加载 {"fileLog":true,"consoleLog":true,"fileLogLevel":"debug","co
10-05 23:26:51 [NAPCAT] 10-05 23:26:50 [info] [ServerTime] 时间同步完成，偏差 -328ms
10-05 23:26:51 [NAPCAT] 10-05 23:26:50 [info] [Core] [Packet] 使用 NativePacketClient 作为后端
10-05 23:26:51 [NAPCAT] 10-05 23:26:50 [info] [Core] [Packet] [PacketClient] NativePacketClient Hook 初始化成功 platform=linux.arm64
10-05 23:26:51 [NAPCAT] [I] <MemoryFile.cpp:98::open> open fd[0xc5], /root/.config/QQ/nt_qq/global/nt_data/mmkv/mmkv.default
10-05 23:26:51 [NAPCAT] [I] <MemoryFile.cpp:98::open> open fd[0xc6], /root/.config/QQ/nt_qq/global/nt_data/mmkv/mmkv.default.crc
10-05 23:26:51 [NAPCAT] [I] <MMKV_IO.cpp:213::loadMetaInfoAndCheck> meta file [mmkv.default] has flag [0]
10-05 23:26:51 [NAPCAT] [I] <MMKV_IO.cpp:87::loadFromFile> loading [mmkv.default] with 28 actual size, file size 4096, InterProcess 0, meta info version:4
10-05 23:26:51 [NAPCAT] [I] <MMKV_IO.cpp:92::loadFromFile> loading [mmkv.default] with crc 1670258981 sequence 1 version 4
10-05 23:26:51 [NAPCAT] [I] <MMKV_IO.cpp:136::loadFromFile> loaded [mmkv.default] with 1 key-values
10-05 23:26:51 [NAPCAT] 10-05 23:26:50 [info] [AdapterManager] 开始初始化协议适配器...
10-05 23:26:52 [NAPCAT] [I] <MMKV_IO.cpp:433::expandAndWriteBack> extending [nt_mmkv_united_config_no_login_v3] file size from 16384 to 32768, incoming size:158, future usage:8232
10-05 23:26:52 [NAPCAT] [I] <MMKV_IO.cpp:516::writeActualSize> [nt_mmkv_united_config_no_login_v3] increase sequence to 4, crc 1163348723, actualSize 15977
10-05 23:26:52 [NAPCAT] [I] <MMKV.cpp:1178::sync> MMKV::sync, SyncFlag = 1
10-05 23:26:52 [NAPCAT] 10-05 23:26:50 [info] [Notice] [OneBot11] [network] 配置加载
10-05 23:26:52 [NAPCAT] HTTP服务: 127.0.0.1:3000, : 已启动
10-05 23:26:52 [NAPCAT] WebSocket服务: 127.0.0.1:3001, : 已启动
10-05 23:26:52 [NAPCAT] 10-05 23:26:50 [info] [OneBot] [WebSocket Server] Server Started undefined:undefined
10-05 23:26:52 [NAPCAT] 10-05 23:26:50 [info] [AdapterManager] OneBot11 适配器初始化完成
10-05 23:26:53 [NAPCAT] 10-05 23:26:50 [info] [AdapterManager] NapCat Protocol 适配器未启用，跳过初始化
10-05 23:26:53 [NAPCAT] 10-05 23:26:50 [info] [AdapterManager] 协议适配器初始化完成，已加载 2 个适配器
10-05 23:26:53 [NAPCAT] 10-05 23:26:50 [info] [OneBot] [HTTP Server Adapter] Start On 127.0.0.1:3000
10-05 23:26:53 [NAPCAT] 10-05 23:26:51 [info] 一秋呀(小号)大号2308534727 | 接收 <- 群聊 [华强北安卓手表交流极(1031894167)] [喵鱼a⁧~喵⁧‭(2171482652)] 这�
10-05 23:26:53 [NAPCAT] 10-05 23:26:51 [info] 一秋呀(小号)大号2308534727 | 接收 <- 群聊 [华强北安卓手表交流极(1031894167)] [独の光 ⁧~喵⁦(3981750101)] [图�
10-05 23:26:53 [NAPCAT] 10-05 23:26:51 [info] 一秋呀(小号)大号2308534727 | 接收 <- 群聊 [华强北安卓手表交流极(1031894167)] [独の光 ⁧~喵⁦(3981750101)] [图�
10-05 23:26:53 [NAPCAT] 10-05 23:26:51 [info] 一秋呀(小号)大号2308534727 | 接收 <- 群聊 [华强北安卓手表交流极(1031894167)] [独の光 ⁧~喵⁦(3981750101)] [图�
10-05 23:26:53 [NAPCAT] 10-05 23:26:51 [info] 一秋呀(小号)大号2308534727 | 接收 <- 群聊 [华强北安卓手表交流极(1031894167)] [独の光 ⁧~喵⁦(3981750101)] [图�
10-05 23:26:53 [NAPCAT] 10-05 23:26:51 [info] 一秋呀(小号)大号2308534727 | 接收 <- 群聊 [华强北安卓手表交流极(1031894167)] [幻想乡最强六花 dw99a a12移植�
10-05 23:26:53 [NAPCAT] 10-05 23:26:51 [info] 一秋呀(小号)大号2308534727 | 接收 <- 群聊 [华强北安卓手表交流极(1031894167)] [ムラサメの将臣(3667916949)] 冒�
10-05 23:26:53 [NAPCAT] 10-05 23:26:51 [info] 一秋呀(小号)大号2308534727 | 接收 <- 群聊 [华强北安卓手表交流极(1031894167)] [琉白雨心(1625936837)] [回复消息
10-05 23:26:53 [NAPCAT] 10-05 23:26:51 [info] 一秋呀(小号)大号2308534727 | 接收 <- 群聊 [华强北安卓手表交流极(1031894167)] [ムラサメの将臣(3667916949)] [图
10-05 23:26:53 [NAPCAT] 10-05 23:26:51 [info] 一秋呀(小号)大号2308534727 | 接收 <- 群聊 [华强北安卓手表交流极(1031894167)] [草表数码(2043337878)] [回复消息
10-05 23:26:53 [NAPCAT] 10-05 23:26:51 [info] 一秋呀(小号)大号2308534727 | 接收 <- 群聊 [华强北安卓手表交流极(1031894167)] [幻想乡最强六花 dw99a a12移植�
10-05 23:26:53 [NAPCAT] 10-05 23:26:51 [info] 一秋呀(小号)大号2308534727 | 接收 <- 群聊 [华强北安卓手表交流极(1031894167)] [琉白雨心(1625936837)] 预告一下�
10-05 23:26:53 [NAPCAT] 10-05 23:26:51 [info] 一秋呀(小号)大号2308534727 | 接收 <- 群聊 [华强北安卓手表交流极(1031894167)] [幻想乡最强六花 dw99a a12移植�
10-05 23:26:53 [NAPCAT] 10-05 23:26:51 [info] 一秋呀(小号)大号2308534727 | 接收 <- 群聊 [华强北安卓手表交流极(1031894167)] [清河(3816091843)] [回复消息 [草�
10-05 23:26:53 [NAPCAT] 10-05 23:26:51 [info] 一秋呀(小号)大号2308534727 | 接收 <- 群聊 [华强北安卓手表交流极(1031894167)] [琉白雨心(1625936837)] 这次是安�
10-05 23:26:53 [NAPCAT] 10-05 23:26:51 [info] 一秋呀(小号)大号2308534727 | 接收 <- 群聊 [华强北安卓手表交流极(1031894167)] [幻想乡最强六花 dw99a a12移植�
10-05 23:26:53 [NAPCAT] 10-05 23:26:51 [info] 一秋呀(小号)大号2308534727 | 接收 <- 群聊 [华强北安卓手表交流极(1031894167)]
10-05 23:26:53 [NAPCAT] 10-05 23:26:51 [info] 一秋呀(小号)大号2308534727 | 接收 <- 群聊 [华强北安卓手表交流极(1031894167)] [陈海星(3638132235)] [图片]
10-05 23:26:53 [NAPCAT] 10-05 23:26:51 [info] 一秋呀(小号)大号2308534727 | 接收 <- 群聊 [华强北安卓手表交流极(1031894167)] [陈海星(3638132235)] 看片得用这�
10-05 23:26:53 [NAPCAT] 10-05 23:26:51 [info] 一秋呀(小号)大号2308534727 | 接收 <- 群聊 [华强北安卓手表交流极(1031894167)] [陈海星(3638132235)] [图片]
10-05 23:26:53 [NAPCAT] 10-05 23:26:51 [info] 一秋呀(小号)大号2308534727 | 接收 <- 群聊 [华强北安卓手表交流极(1031894167)] [清河(3816091843)] [图片]
10-05 23:26:53 [NAPCAT] 10-05 23:26:51 [info] 一秋呀(小号)大号2308534727 | 接收 <- 群聊 [华强北安卓手表交流极(1031894167)] [喵鱼a⁧~喵⁧‭(2171482652)] [图�
10-05 23:26:53 [NAPCAT] 10-05 23:26:51 [info] 一秋呀(小号)大号2308534727 | 接收 <- 群聊 [华强北安卓手表交流极(1031894167)] [我就是一个油井(3901648896)] 谁�
10-05 23:26:53 [NAPCAT] 10-05 23:26:51 [info] 一秋呀(小号)大号2308534727 | 接收 <- 群聊 [华强北安卓手表交流极(1031894167)] [try to be best(535890776)] [图片]
10-05 23:26:54 [NAPCAT] 10-05 23:26:51 [info] 一秋呀(小号)大号2308534727 | 接收 <- 群聊 [华强北安卓手表交流极(1031894167)] [我就是一个油井(3901648896)] 我�
10-05 23:26:54 [NAPCAT] 10-05 23:26:51 [info] 一秋呀(小号)大号2308534727 | 接收 <- 群聊 [华强北安卓手表交流极(1031894167)] [小喵(2140244291)] [回复消息 [琉�
10-05 23:26:54 [NAPCAT] 10-05 23:26:51 [info] 一秋呀(小号)大号2308534727 | 接收 <- 群聊 [华强北安卓手表交流极(1031894167)] [幻想乡最强六花 dw99a a12移植�
10-05 23:26:54 [NAPCAT] 10-05 23:26:51 [info] 一秋呀(小号)大号2308534727 | 接收 <- 群聊 [华强北安卓手表交流极(1031894167)] [try to be best(535890776)] [回复消�
10-05 23:26:54 [NAPCAT] 10-05 23:26:51 [info] 一秋呀(小号)大号2308534727 | 接收 <- 群聊 [华强北安卓手表交流极(1031894167)] [琉白雨心(1625936837)] [回复消息
10-05 23:26:54 [NAPCAT] 10-05 23:26:51 [info] 一秋呀(小号)大号2308534727 | 接收 <- 群聊 [华强北安卓手表交流极(1031894167)] [琉白雨心(1625936837)] 里面有方�
10-05 23:26:54 [NAPCAT] 10-05 23:26:51 [info] 一秋呀(小号)大号2308534727 | 发送 -> 群聊 [小米Vela交流群②(1124665323)] [一秋呀(小号)大号2308534727(3836305211)] 
10-05 23:26:54 [NAPCAT] 10-05 23:26:51 [info] 一秋呀(小号)大号2308534727 | 接收 <- 群聊 [小米Vela交流群②(1124665323)] [泪契痛痕(2372810241)] 同步器
10-05 23:26:54 [NAPCAT] 10-05 23:26:51 [info] 一秋呀(小号)大号2308534727 | 发送 -> 群聊 [小米Vela交流群②(1124665323)] [一秋呀(小号)大号2308534727(3836305211)] 
10-05 23:26:54 [NAPCAT] 10-05 23:26:51 [info] 一秋呀(小号)大号2308534727 | 接收 <- 群聊 [小米Vela交流群②(1124665323)] [星烬 StarAshes(1761964381)] [回复消息 [�
10-05 23:26:54 [NAPCAT] 10-05 23:26:51 [info] 一秋呀(小号)大号2308534727 | 接收 <- 群聊 [小米Vela交流群②(1124665323)] [星烬 StarAshes(1761964381)] 我初三好不�
10-05 23:26:54 [NAPCAT] 10-05 23:26:51 [info] 一秋呀(小号)大号2308534727 | 发送 -> 群聊 [小米Vela交流群②(1124665323)] [一秋呀(小号)大号2308534727(3836305211)] 
10-05 23:26:54 [NAPCAT] 10-05 23:26:51 [info] 一秋呀(小号)大号2308534727 | 接收 <- 群聊 [小米Vela交流群②(1124665323)]
10-05 23:26:54 [NAPCAT] 10-05 23:26:51 [info] 一秋呀(小号)大号2308534727 | 接收 <- 群聊 [小米Vela交流群②(1124665323)] [星烬 StarAshes(1761964381)] 年级800多个�
10-05 23:26:54 [NAPCAT] 10-05 23:26:51 [info] 一秋呀(小号)大号2308534727 | 发送 -> 群聊 [小米Vela交流群②(1124665323)] [一秋呀(小号)大号2308534727(3836305211)] 
10-05 23:26:54 [NAPCAT] 10-05 23:26:51 [info] 一秋呀(小号)大号2308534727 | 接收 <- 群聊 [小米Vela交流群②(1124665323)] [星烬 StarAshes(1761964381)] 但是我妈整�
10-05 23:26:54 [NAPCAT] 10-05 23:26:51 [info] 一秋呀(小号)大号2308534727 | 接收 <- 群聊 [小米Vela交流群②(1124665323)] [星烬 StarAshes(1761964381)] 一天到晚说
10-05 23:26:54 [NAPCAT] 10-05 23:26:51 [info] 一秋呀(小号)大号2308534727 | 发送 -> 群聊 [小米Vela交流群②(1124665323)] [一秋呀(小号)大号2308534727(3836305211)] 
10-05 23:26:54 [NAPCAT] 10-05 23:26:51 [info] 一秋呀(小号)大号2308534727 | 发送 -> 群聊 [小米Vela交流群②(1124665323)] [一秋呀(小号)大号2308534727(3836305211)] 
10-05 23:26:54 [NAPCAT] 10-05 23:26:51 [info] 一秋呀(小号)大号2308534727 | 发送 -> 群聊 [小米Vela交流群②(1124665323)] [一秋呀(小号)大号2308534727(3836305211)] 
10-05 23:26:54 [NAPCAT] 10-05 23:26:51 [info] 一秋呀(小号)大号2308534727 | 发送 -> 群聊 [小米Vela交流群②(1124665323)] [一秋呀(小号)大号2308534727(3836305211)] 
10-05 23:26:54 [NAPCAT] 10-05 23:26:51 [info] 一秋呀(小号)大号2308534727 | 发送 -> 群聊 [小米Vela交流群②(1124665323)] [一秋呀(小号)大号2308534727(3836305211)] 
10-05 23:26:54 [NAPCAT] 10-05 23:26:51 [info] 一秋呀(小号)大号2308534727 | 发送 -> 群聊 [小米Vela交流群②(1124665323)] [一秋呀(小号)大号2308534727(3836305211)] 
10-05 23:26:54 [NAPCAT] 10-05 23:26:51 [info] 一秋呀(小号)大号2308534727 | 发送 -> 群聊 [小米Vela交流群②(1124665323)] [一秋呀(小号)大号2308534727(3836305211)] 
10-05 23:26:54 [NAPCAT] 10-05 23:26:51 [info] 一秋呀(小号)大号2308534727 | 接收 <- 群聊 [小米Vela交流群②(1124665323)]
10-05 23:26:54 [NAPCAT] 10-05 23:26:51 [info] 一秋呀(小号)大号2308534727 | 发送 -> 群聊 [小米Vela交流群②(1124665323)] [一秋呀(小号)大号2308534727(3836305211)] 
10-05 23:26:54 [NAPCAT] 10-05 23:26:51 [info] 一秋呀(小号)大号2308534727 | 发送 -> 群聊 [小米Vela交流群②(1124665323)] [一秋呀(小号)大号2308534727(3836305211)] 
10-05 23:26:54 [NAPCAT] 10-05 23:26:51 [info] 一秋呀(小号)大号2308534727 | 接收 <- 群聊 [小米Vela交流群②(1124665323)] [FuntouchOSzvz(2416958146)] 为什么我朋友�
10-05 23:26:54 [NAPCAT] 10-05 23:26:51 [info] 一秋呀(小号)大号2308534727 | 发送 -> 群聊 [小米Vela交流群②(1124665323)] [一秋呀(小号)大号2308534727(3836305211)] 
10-05 23:26:54 [NAPCAT] 10-05 23:26:51 [info] 一秋呀(小号)大号2308534727 | 接收 <- 群聊 [小米Vela交流群②(1124665323)] [FuntouchOSzvz(2416958146)] [回复消息 [一�
10-05 23:26:54 [NAPCAT] 10-05 23:26:51 [info] 一秋呀(小号)大号2308534727 | 发送 -> 群聊 [小米Vela交流群②(1124665323)] [一秋呀(小号)大号2308534727(3836305211)] 
10-05 23:26:54 [AstrBot Android] NapCat 端口已监听，自愈计数清零
10-05 23:26:54 [STAGE:100:NapCat 已就绪（:3001/:3000 可连，手环消息链路可用）]
10-05 23:26:54 [31m- NapCat 已就绪（:3001/:3000 可连，手环消息链路可用）[0m
10-05 23:26:54 [31m- NapCat 运行中（仅 NapCat 模式）[0m
10-05 23:26:54 [NAPCAT] 10-05 23:26:51 [info] 一秋呀(小号)大号2308534727 | 发送 -> 群聊 [小米Vela交流群②(1124665323)] [一秋呀(小号)大号2308534727(3836305211)] 
10-05 23:26:54 [NAPCAT] 10-05 23:26:51 [info] 一秋呀(小号)大号2308534727 | 发送 -> 群聊 [小米Vela交流群②(1124665323)] [一秋呀(小号)大号2308534727(3836305211)] 
10-05 23:26:54 [NAPCAT] 10-05 23:26:51 [info] 一秋呀(小号)大号2308534727 | 发送 -> 群聊 [小米Vela交流群②(1124665323)] [一秋呀(小号)大号2308534727(3836305211)] 
10-05 23:26:55 [NAPCAT] 10-05 23:26:51 [info] 一秋呀(小号)大号2308534727 | 发送 -> 群聊 [小米Vela交流群②(1124665323)] [一秋呀(小号)大号2308534727(3836305211)] 
10-05 23:26:55 [NAPCAT] 10-05 23:26:51 [info] 一秋呀(小号)大号2308534727 | 发送 -> 群聊 [小米Vela交流群②(1124665323)] [一秋呀(小号)大号2308534727(3836305211)] 
10-05 23:26:55 [NAPCAT] 10-05 23:26:51 [info] 一秋呀(小号)大号2308534727 | 接收 <- 群聊 [Zundamon Kernel Release(720726952)] [c(3673233368)] 我弄别人号要不要跑
10-05 23:26:55 [NAPCAT] 10-05 23:26:51 [info] 一秋呀(小号)大号2308534727 | 接收 <- 群聊 [Zundamon Kernel Release(720726952)] [萌又坏⁧~喵⁧‭⁧‭(1538868704)] 😋
10-05 23:26:55 [NAPCAT] 10-05 23:26:51 [info] 一秋呀(小号)大号2308534727 | 接收 <- 群聊 [Zundamon Kernel Release(720726952)] [小周子(2302956352)] [回复消息 [c(3673233
10-05 23:26:55 [NAPCAT] 10-05 23:26:51 [info] 一秋呀(小号)大号2308534727 | 接收 <- 群聊 [Zundamon Kernel Release(720726952)] [晨晨(3608640398)] [图片]
10-05 23:26:55 [NAPCAT] 10-05 23:26:51 [info] 一秋呀(小号)大号2308534727 | 接收 <- 群聊 [Zundamon Kernel Release(720726952)] [晨晨(3608640398)] 我这国产oled看着瞎�
10-05 23:26:55 [NAPCAT] 10-05 23:26:51 [info] 一秋呀(小号)大号2308534727 | 接收 <- 群聊 [Zundamon Kernel Release(720726952)] [晨晨(3608640398)] [图片]
10-05 23:26:55 [NAPCAT] 10-05 23:26:51 [info] 一秋呀(小号)大号2308534727 | 接收 <- 群聊 [Zundamon Kernel Release(720726952)] [c(3673233368)] [回复消息 [小周子(2302956
10-05 23:26:55 [NAPCAT] 10-05 23:26:51 [info] 一秋呀(小号)大号2308534727 | 接收 <- 群聊 [Zundamon Kernel Release(720726952)] [晨晨(3608640398)] 侧边还发绿
10-05 23:26:55 [NAPCAT] 10-05 23:26:51 [info] 一秋呀(小号)大号2308534727 | 接收 <- 群聊 [Zundamon Kernel Release(720726952)] [c(3673233368)] 皮肤号
10-05 23:26:55 [NAPCAT] 10-05 23:26:51 [info] 一秋呀(小号)大号2308534727 | 接收 <- 群聊 [Zundamon Kernel Release(720726952)] [晨晨(3608640398)] 去买拆机屏了
10-05 23:26:55 [NAPCAT] 10-05 23:26:51 [info] 一秋呀(小号)大号2308534727 | 接收 <- 群聊 [Zundamon Kernel Release(720726952)] [小周子(2302956352)] [回复消息 [晨晨(36
10-05 23:26:55 [NAPCAT] 10-05 23:26:51 [info] 一秋呀(小号)大号2308534727 | 接收 <- 群聊 [Zundamon Kernel Release(720726952)] [小周子(2302956352)] 之前原装也是
10-05 23:26:55 [NAPCAT] 10-05 23:26:51 [info] 一秋呀(小号)大号2308534727 | 接收 <- 群聊 [Zundamon Kernel Release(720726952)] [老头(753873828)] 不会
10-05 23:26:55 [NAPCAT] 10-05 23:26:51 [info] 一秋呀(小号)大号2308534727 | 接收 <- 群聊 [Zundamon Kernel Release(720726952)] [c(3673233368)] @小周子 (2302956352)  我要�
10-05 23:26:55 [NAPCAT] 10-05 23:26:51 [info] 一秋呀(小号)大号2308534727 | 接收 <- 群聊 [Zundamon Kernel Release(720726952)] [晨晨(3608640398)] 这个是就左边绿右边
10-05 23:26:55 [NAPCAT] 10-05 23:26:51 [info] 一秋呀(小号)大号2308534727 | 接收 <- 群聊 [Zundamon Kernel Release(720726952)] [晨晨(3608640398)] 今天刚修出来一个8+1
10-05 23:26:55 [NAPCAT] 10-05 23:26:51 [info] 一秋呀(小号)大号2308534727 | 接收 <- 群聊 [Zundamon Kernel Release(720726952)] [晨晨(3608640398)] [图片]
10-05 23:26:55 [NAPCAT] 10-05 23:26:51 [info] 一秋呀(小号)大号2308534727 | 接收 <- 群聊 [Zundamon Kernel Release(720726952)] [小周子(2302956352)] [回复消息 [c(3673233
10-05 23:26:55 [NAPCAT] 10-05 23:26:51 [info] 一秋呀(小号)大号2308534727 | 接收 <- 群聊 [Zundamon Kernel Release(720726952)] [小周子(2302956352)] [图片]
10-05 23:26:55 [NAPCAT] 10-05 23:26:51 [info] 一秋呀(小号)大号2308534727 | 接收 <- 群聊 [Zundamon Kernel Release(720726952)] [小周子(2302956352)] [图片]
10-05 23:26:55 [NAPCAT] 10-05 23:26:51 [info] 一秋呀(小号)大号2308534727 | 接收 <- 群聊 [Zundamon Kernel Release(720726952)] [c(3673233368)] [回复消息 [小周子(2302956
10-05 23:26:55 [NAPCAT] 10-05 23:26:51 [info] 一秋呀(小号)大号2308534727 | 接收 <- 群聊 [Zundamon Kernel Release(720726952)] [小周子(2302956352)] 我早就封一个号了
10-05 23:26:55 [NAPCAT] 10-05 23:26:51 [info] 一秋呀(小号)大号2308534727 | 接收 <- 群聊 [Zundamon Kernel Release(720726952)] [小周子(2302956352)] [回复消息 [c(3673233
10-05 23:26:55 [NAPCAT] 10-05 23:26:51 [info] 一秋呀(小号)大号2308534727 | 接收 <- 群聊 [Zundamon Kernel Release(720726952)] [小周子(2302956352)] 射击游戏检测厉害
10-05 23:26:55 [NAPCAT] 10-05 23:26:51 [info] 一秋呀(小号)大号2308534727 | 接收 <- 群聊 [Zundamon Kernel Release(720726952)] [c(3673233368)] [回复消息 [小周子(2302956
10-05 23:26:55 [NAPCAT] 10-05 23:26:51 [info] 一秋呀(小号)大号2308534727 | 接收 <- 群聊 [Zundamon Kernel Release(720726952)] [c(3673233368)] 或者是项目
10-05 23:26:55 [NAPCAT] 10-05 23:26:51 [info] 一秋呀(小号)大号2308534727 | 接收 <- 群聊 [Zundamon Kernel Release(720726952)] [小周子(2302956352)] 什么项目
10-05 23:26:55 [NAPCAT] 10-05 23:26:51 [info] 一秋呀(小号)大号2308534727 | 接收 <- 群聊 [Zundamon Kernel Release(720726952)] [c(3673233368)] 反水
10-05 23:26:55 [NAPCAT] 10-05 23:26:51 [info] 一秋呀(小号)大号2308534727 | 接收 <- 群聊 [Zundamon Kernel Release(720726952)] [c(3673233368)] 我有好几波都是隔墙瞄�
10-05 23:26:55 [NAPCAT] 10-05 23:26:51 [info] 一秋呀(小号)大号2308534727 | 接收 <- 群聊 [Zundamon Kernel Release(720726952)] [小周子(2302956352)] 那就是太强了呗
10-05 23:26:55 [NAPCAT] 10-05 23:26:51 [info] 一秋呀(小号)大号2308534727 | 接收 <- 群聊 [Air启动器交流群(966475918)] [黼藻(3679444520)] 我这还有个公益端
10-05 23:26:55 [NAPCAT] 10-05 23:26:51 [info] 一秋呀(小号)大号2308534727 | 接收 <- 群聊 [Air启动器交流群(966475918)] [Rikka(3794305154)] 发我一下
10-05 23:26:55 [NAPCAT] 10-05 23:26:51 [info] 一秋呀(小号)大号2308534727 | 接收 <- 群聊 [Air启动器交流群(966475918)] [黼藻(3679444520)] 我找找
10-05 23:26:55 [NAPCAT] 10-05 23:26:51 [info] 一秋呀(小号)大号2308534727 | 接收 <- 群聊 [Air启动器交流群(966475918)] [Rikka(3794305154)] 真的假的
10-05 23:26:55 [NAPCAT] 10-05 23:26:51 [info] 一秋呀(小号)大号2308534727 | 接收 <- 群聊 [Air启动器交流群(966475918)] [黼藻(3679444520)] 网易3.9的
10-05 23:26:55 [NAPCAT] 10-05 23:26:51 [info] 一秋呀(小号)大号2308534727 | 接收 <- 群聊 [Air启动器交流群(966475918)] [Rikka(3794305154)] 群发我一下我找找
10-05 23:26:55 [NAPCAT] 10-05 23:26:51 [info] 一秋呀(小号)大号2308534727 | 接收 <- 群聊 [Air启动器交流群(966475918)] [黼藻(3679444520)] [文件 cubit生存版.ipa]
10-05 23:26:55 [NAPCAT] 10-05 23:26:51 [info] 一秋呀(小号)大号2308534727 | 接收 <- 群聊 [Air启动器交流群(966475918)] [黼藻(3679444520)] @Rikka (3794305154)   1040521
10-05 23:26:55 [NAPCAT] 10-05 23:26:51 [info] 一秋呀(小号)大号2308534727 | 接收 <- 群聊 [Air启动器交流群(966475918)] [Rikka(3794305154)] 答案是什么
10-05 23:26:55 [NAPCAT] 10-05 23:26:51 [info] 一秋呀(小号)大号2308534727 | 接收 <- 群聊 [Air启动器交流群(966475918)] [黼藻(3679444520)] [文件 CubeVisage_UI_release
10-05 23:26:56 [NAPCAT] 10-05 23:26:51 [info] 一秋呀(小号)大号2308534727 | 接收 <- 群聊 [Air启动器交流群(966475918)] [黼藻(3679444520)] [回复消息 [Rikka(37943051
10-05 23:26:56 [NAPCAT] 10-05 23:26:51 [info] 一秋呀(小号)大号2308534727 | 接收 <- 群聊 [Air启动器交流群(966475918)] [黼藻(3679444520)] 啥答案
10-05 23:26:56 [NAPCAT] 10-05 23:26:51 [info] 一秋呀(小号)大号2308534727 | 接收 <- 群聊 [Air启动器交流群(966475918)] [黼藻(3679444520)] 我不知道我当初进去�
10-05 23:26:56 [NAPCAT] 10-05 23:26:51 [info] 一秋呀(小号)大号2308534727 | 接收 <- 群聊 [Air启动器交流群(966475918)] [Rikka(3794305154)] [图片]
10-05 23:26:56 [NAPCAT] 10-05 23:26:51 [info] 一秋呀(小号)大号2308534727 | 接收 <- 群聊 [Air启动器交流群(966475918)] [黼藻(3679444520)] 0或1
10-05 23:26:56 [NAPCAT] 10-05 23:26:51 [info] 一秋呀(小号)大号2308534727 | 接收 <- 群聊 [Air启动器交流群(966475918)] [黼藻(3679444520)] 一般都是
10-05 23:26:56 [NAPCAT] 10-05 23:26:51 [info] 一秋呀(小号)大号2308534727 | 接收 <- 群聊 [Air启动器交流群(966475918)] [黼藻(3679444520)] f（下）
10-05 23:26:56 [NAPCAT] 10-05 23:26:51 [info] 一秋呀(小号)大号2308534727 | 接收 <- 群聊 [Air启动器交流群(966475918)] [黼藻(3679444520)] （x）
10-05 23:26:56 [NAPCAT] 10-05 23:26:51 [info] 一秋呀(小号)大号2308534727 | 接收 <- 群聊 [Air启动器交流群(966475918)] [黼藻(3679444520)] f（x）是x的函数
10-05 23:26:56 [NAPCAT] 10-05 23:26:51 [info] 一秋呀(小号)大号2308534727 | 接收 <- 群聊 [Air启动器交流群(966475918)] [雨中漫步(3671795001)] 直接算啊^q^
10-05 23:26:56 [NAPCAT] 10-05 23:26:51 [info] 一秋呀(小号)大号2308534727 | 接收 <- 群聊 [Air启动器交流群(966475918)] [黼藻(3679444520)] 对啊
10-05 23:26:56 [NAPCAT] 10-05 23:26:51 [info] 一秋呀(小号)大号2308534727 | 接收 <- 群聊 [Air启动器交流群(966475918)] [黼藻(3679444520)] 但是我才高一
10-05 23:26:56 [NAPCAT] 10-05 23:26:51 [info] 一秋呀(小号)大号2308534727 | 接收 <- 群聊 [Air启动器交流群(966475918)] [黼藻(3679444520)] 还没学
10-05 23:26:56 [NAPCAT] 10-05 23:26:51 [info] 一秋呀(小号)大号2308534727 | 接收 <- 群聊 [Air启动器交流群(966475918)] [Rikka(3794305154)] 我是 xxxsss
10-05 23:26:56 [NAPCAT] 10-05 23:26:51 [info] 一秋呀(小号)大号2308534727 | 接收 <- 群聊 [Air启动器交流群(966475918)] [黼藻(3679444520)] 豆包
10-05 23:26:56 [NAPCAT] 10-05 23:26:51 [info] 一秋呀(小号)大号2308534727 | 接收 <- 群聊 [Air启动器交流群(966475918)] [Rikka(3794305154)] 不管了睡觉了
10-05 23:26:56 [NAPCAT] 10-05 23:26:51 [info] 一秋呀(小号)大号2308534727 | 接收 <- 群聊 [Air启动器交流群(966475918)] [黼藻(3679444520)] [图片]
10-05 23:26:56 [NAPCAT] 10-05 23:26:51 [info] 一秋呀(小号)大号2308534727 | 接收 <- 群聊 [Air启动器交流群(966475918)] [Q群管家(2854196310)] @饭困（Fan_kun） (345
10-05 23:26:56 [NAPCAT] 10-05 23:26:51 [info] 一秋呀(小号)大号2308534727 | 接收 <- 群聊 [Air启动器交流群(966475918)] [饭困（Fan_kun）(3450343791)] hello
10-05 23:26:56 [NAPCAT] 10-05 23:26:51 [info] 一秋呀(小号)大号2308534727 | 接收 <- 群聊 [Air启动器交流群(966475918)] [饭困（Fan_kun）(3450343791)] 你们用air启�
10-05 23:26:56 [NAPCAT] 10-05 23:26:51 [info] 一秋呀(小号)大号2308534727 | 发送 -> 群聊 [AstrBot Android 2群(952573476)] [一秋呀(小号)大号2308534727(3836305211)] 到
10-05 23:26:56 [NAPCAT] 10-05 23:26:51 [info] 一秋呀(小号)大号2308534727 | 发送 -> 群聊 [AstrBot Android 2群(952573476)] [一秋呀(小号)大号2308534727(3836305211)] [�
10-05 23:26:56 [NAPCAT] 10-05 23:26:51 [info] 一秋呀(小号)大号2308534727 | 接收 <- 群聊 [AstrBot Android 2群(952573476)] [半帧晚风‬(3491346957)] 先解封，然后给
10-05 23:26:56 [NAPCAT] 10-05 23:26:51 [info] 一秋呀(小号)大号2308534727 | 接收 <- 群聊 [AstrBot Android 2群(952573476)] [小杨不高冷.(1503461536)] 🤔我用一个多�
10-05 23:26:56 [NAPCAT] 10-05 23:26:51 [info] 一秋呀(小号)大号2308534727 | 发送 -> 群聊 [AstrBot Android 2群(952573476)] [一秋呀(小号)大号2308534727(3836305211)] 只
10-05 23:26:56 [NAPCAT] 10-05 23:26:51 [info] 一秋呀(小号)大号2308534727 | 接收 <- 群聊 [AstrBot Android 2群(952573476)] [半帧晚风‬(3491346957)] 然后用这个号养
10-05 23:26:56 [NAPCAT] 10-05 23:26:51 [info] 一秋呀(小号)大号2308534727 | 发送 -> 群聊 [AstrBot Android 2群(952573476)] [一秋呀(小号)大号2308534727(3836305211)] 我
10-05 23:26:56 [NAPCAT] 10-05 23:26:51 [info] 一秋呀(小号)大号2308534727 | 接收 <- 群聊 [AstrBot Android 2群(952573476)] [小杨不高冷.(1503461536)] [回复消息 [小�
10-05 23:26:56 [NAPCAT] 10-05 23:26:51 [info] 一秋呀(小号)大号2308534727 | 发送 -> 群聊 [AstrBot Android 2群(952573476)] [一秋呀(小号)大号2308534727(3836305211)] [�
10-05 23:26:56 [NAPCAT] 10-05 23:26:51 [info] 一秋呀(小号)大号2308534727 | 发送 -> 群聊 [AstrBot Android 2群(952573476)] [一秋呀(小号)大号2308534727(3836305211)] [�
10-05 23:26:56 [NAPCAT] 10-05 23:26:51 [info] 一秋呀(小号)大号2308534727 | 接收 <- 群聊 [AstrBot Android 2群(952573476)] [小杨不高冷.(1503461536)] 扫个脸的事 [表
10-05 23:26:56 [NAPCAT] 10-05 23:26:52 [info] 一秋呀(小号)大号2308534727 | 发送 -> 群聊 [AstrBot Android 2群(952573476)] [一秋呀(小号)大号2308534727(3836305211)] @�
10-05 23:26:57 [NAPCAT] 10-05 23:26:52 [info] 一秋呀(小号)大号2308534727 | 发送 -> 群聊 [AstrBot Android 2群(952573476)] [一秋呀(小号)大号2308534727(3836305211)] [�
10-05 23:26:57 [NAPCAT] 10-05 23:26:52 [info] 一秋呀(小号)大号2308534727 | 发送 -> 群聊 [AstrBot Android 2群(952573476)] [一秋呀(小号)大号2308534727(3836305211)] 我
10-05 23:26:57 [NAPCAT] 10-05 23:26:52 [info] 一秋呀(小号)大号2308534727 | 接收 <- 群聊 [AstrBot Android 2群(952573476)] [半帧晚风‬(3491346957)] 未成年也可以
10-05 23:26:57 [NAPCAT] 10-05 23:26:52 [info] 一秋呀(小号)大号2308534727 | 发送 -> 群聊 [AstrBot Android 2群(952573476)] [一秋呀(小号)大号2308534727(3836305211)] 国
10-05 23:26:57 [NAPCAT] 10-05 23:26:52 [info] 一秋呀(小号)大号2308534727 | 发送 -> 群聊 [AstrBot Android 2群(952573476)] [一秋呀(小号)大号2308534727(3836305211)] 不
10-05 23:26:57 [NAPCAT] 10-05 23:26:52 [info] 一秋呀(小号)大号2308534727 | 接收 <- 群聊 [AstrBot Android 2群(952573476)] [半帧晚风‬(3491346957)] 🤔
10-05 23:26:57 [NAPCAT] 10-05 23:26:52 [info] 一秋呀(小号)大号2308534727 | 接收 <- 群聊 [AstrBot Android 2群(952573476)] [半帧晚风‬(3491346957)] 我的号因为隐藏
10-05 23:26:57 [NAPCAT] 10-05 23:26:52 [info] 一秋呀(小号)大号2308534727 | 接收 <- 群聊 [AstrBot Android 2群(952573476)] [等花落(3803781470)] [图片]
10-05 23:26:57 [NAPCAT] 10-05 23:26:52 [info] 一秋呀(小号)大号2308534727 | 接收 <- 群聊 [AstrBot Android 2群(952573476)] [糖醋可乐(3997143566)] [回复消息 [一秋呀
10-05 23:26:57 [NAPCAT] 10-05 23:26:52 [info] 一秋呀(小号)大号2308534727 | 接收 <- 群聊 [AstrBot Android 2群(952573476)] [糖醋可乐(3997143566)] 换旧版本
10-05 23:26:57 [NAPCAT] 10-05 23:26:52 [info] 一秋呀(小号)大号2308534727 | 接收 <- 群聊 [AstrBot Android 2群(952573476)] [霏榭Frica(3428524820)] 我戳了几只猫娘
10-05 23:26:57 [NAPCAT] 10-05 23:26:52 [info] 一秋呀(小号)大号2308534727 | 接收 <- 群聊 [AstrBot Android 2群(952573476)] [糖醋可乐(3997143566)] [回复消息 [霏榭Fri
10-05 23:26:57 [NAPCAT] 10-05 23:26:52 [info] 一秋呀(小号)大号2308534727 | 接收 <- 群聊 [AstrBot Android 2群(952573476)] [糖醋可乐(3997143566)] [图片]
10-05 23:26:57 [NAPCAT] 10-05 23:26:52 [info] 一秋呀(小号)大号2308534727 | 发送 -> 群聊 [AstrBot Android 2群(952573476)] [一秋呀(小号)大号2308534727(3836305211)] [�
10-05 23:26:57 [NAPCAT] 10-05 23:26:52 [info] 一秋呀(小号)大号2308534727 | 发送 -> 群聊 [AstrBot Android 2群(952573476)] [一秋呀(小号)大号2308534727(3836305211)] 虽
10-05 23:26:57 [NAPCAT] 10-05 23:26:52 [info] 一秋呀(小号)大号2308534727 | 接收 <- 群聊 [AstrBot Android 2群(952573476)] [霏榭Frica(3428524820)] [图片]
10-05 23:26:57 [NAPCAT] 10-05 23:26:52 [info] 一秋呀(小号)大号2308534727 | 接收 <- 群聊 [AstrBot Android 2群(952573476)] [霏榭Frica(3428524820)] ?
10-05 23:26:57 [NAPCAT] 10-05 23:26:52 [info] 一秋呀(小号)大号2308534727 | 接收 <- 群聊 [AstrBot Android 2群(952573476)] [等花落(3803781470)] [图片]
10-05 23:26:57 [NAPCAT] 10-05 23:26:52 [info] 一秋呀(小号)大号2308534727 | 发送 -> 群聊 [Prisma启动器交流群(1126547426)] [一秋呀(小号)大号2308534727(3836305211)
10-05 23:26:57 [NAPCAT] 10-05 23:26:52 [info] 一秋呀(小号)大号2308534727 | 发送 -> 群聊 [Prisma启动器交流群(1126547426)] [一秋呀(小号)大号2308534727(3836305211)
10-05 23:26:57 [NAPCAT] 10-05 23:26:52 [info] 一秋呀(小号)大号2308534727 | 接收 <- 群聊 [REDMI Note 9 | 休眠期(925211535)] [。(3539938)] 卡一一分半进fb
10-05 23:26:57 [NAPCAT] 10-05 23:26:52 [info] 一秋呀(小号)大号2308534727 | 接收 <- 群聊 [REDMI Note 9 | 休眠期(925211535)] [PC-政治 被抓老师(2905538605)] @。 (3539
10-05 23:26:57 [NAPCAT] 10-05 23:26:52 [info] 一秋呀(小号)大号2308534727 | 接收 <- 群聊 [REDMI Note 9 | 休眠期(925211535)] [PC-政治 被抓老师(2905538605)] 直接拿�
10-05 23:26:57 [NAPCAT] 10-05 23:26:52 [info] 一秋呀(小号)大号2308534727 | 接收 <- 群聊 [REDMI Note 9 | 休眠期(925211535)] [。(3539938)] 就是原包的
10-05 23:26:57 [NAPCAT] 10-05 23:26:52 [info] 一秋呀(小号)大号2308534727 | 接收 <- 群聊 [REDMI Note 9 | 休眠期(925211535)] [PC-政治 被抓老师(2905538605)] 不应该�
10-05 23:26:57 [NAPCAT] 10-05 23:26:52 [info] 一秋呀(小号)大号2308534727 | 接收 <- 群聊 [REDMI Note 9 | 休眠期(925211535)] [PC-政治 被抓老师(2905538605)] 我都开�
10-05 23:26:57 [NAPCAT] 10-05 23:26:52 [info] 一秋呀(小号)大号2308534727 | 接收 <- 群聊 [REDMI Note 9 | 休眠期(925211535)] [。(3539938)] 16.0.10
10-05 23:26:57 [NAPCAT] 10-05 23:26:52 [info] 一秋呀(小号)大号2308534727 | 接收 <- 群聊 [REDMI Note 9 | 休眠期(925211535)] [和栗薰子(1249490264)] [图片]
10-05 23:26:57 [NAPCAT] 10-05 23:26:52 [info] 一秋呀(小号)大号2308534727 | 接收 <- 群聊 [REDMI Note 9 | 休眠期(925211535)] [。(3539938)] 我换个init
10-05 23:26:57 [NAPCAT] 10-05 23:26:52 [info] 一秋呀(小号)大号2308534727 | 接收 <- 群聊 [REDMI Note 9 | 休眠期(925211535)] [。(3539938)] 试试
10-05 23:26:57 [NAPCAT] 10-05 23:26:52 [info] 一秋呀(小号)大号2308534727 | 接收 <- 群聊 [REDMI Note 9 | 休眠期(925211535)] [Q群管家(2854196310)] @JeffreyShun (32211075
10-05 23:26:57 [NAPCAT] 10-05 23:26:52 [info] 一秋呀(小号)大号2308534727 | 接收 <- 群聊 [REDMI Note 9 | 休眠期(925211535)] [AL_1S(2854197266)] [未实现 (ElementType = 1
10-05 23:26:57 [NAPCAT] 10-05 23:26:52 [info] 一秋呀(小号)大号2308534727 | 接收 <- 群聊 [REDMI Note 9 | 休眠期(925211535)] [。(3539938)] 又fb
10-05 23:26:57 [NAPCAT] 10-05 23:26:52 [info] 一秋呀(小号)大号2308534727 | 接收 <- 群聊 [REDMI Note 9 | 休眠期(925211535)] [。(3539938)] 难道是我独立odm独立出�
10-05 23:26:57 [NAPCAT] 10-05 23:26:52 [info] 一秋呀(小号)大号2308534727 | 接收 <- 群聊 [REDMI Note 9 | 休眠期(925211535)] [PC-政治 被抓老师(2905538605)] 哦对
10-05 23:26:57 [NAPCAT] 10-05 23:26:52 [info] 一秋呀(小号)大号2308534727 | 接收 <- 群聊 [REDMI Note 9 | 休眠期(925211535)] [PC-政治 被抓老师(2905538605)] 独立 odm
10-05 23:26:58 [NAPCAT] 10-05 23:26:52 [info] 一秋呀(小号)大号2308534727 | 接收 <- 群聊 [REDMI Note 9 | 休眠期(925211535)] [PC-政治 被抓老师(2905538605)] ELF 试过
10-05 23:26:58 [NAPCAT] 10-05 23:26:52 [info] 一秋呀(小号)大号2308534727 | 接收 <- 群聊 [REDMI Note 9 | 休眠期(925211535)] [。(3539938)] 为啥呢
10-05 23:26:58 [NAPCAT] 10-05 23:26:52 [info] 一秋呀(小号)大号2308534727 | 接收 <- 群聊 [REDMI Note 9 | 休眠期(925211535)] [。(3539938)] 人家n8p都能独立没问题
10-05 23:26:58 [NAPCAT] 10-05 23:26:52 [info] 一秋呀(小号)大号2308534727 | 接收 <- 群聊 [REDMI Note 9 | 休眠期(925211535)] [PC-政治 被抓老师(2905538605)] @。 (3539
10-05 23:26:58 [NAPCAT] 10-05 23:26:52 [info] 一秋呀(小号)大号2308534727 | 接收 <- 群聊 [REDMI Note 9 | 休眠期(925211535)] [。(3539938)] vendor
10-05 23:26:58 [NAPCAT] 10-05 23:26:52 [info] 一秋呀(小号)大号2308534727 | 接收 <- 群聊 [REDMI Note 9 | 休眠期(925211535)] [。(3539938)] 用原来的
10-05 23:26:58 [NAPCAT] 10-05 23:26:52 [info] 一秋呀(小号)大号2308534727 | 接收 <- 群聊 [REDMI Note 9 | 休眠期(925211535)] [。(3539938)] 还是fb
10-05 23:26:58 [NAPCAT] 10-05 23:26:52 [info] 一秋呀(小号)大号2308534727 | 接收 <- 群聊 [[TLD]长途旅行-交流群-1�(802072961)] [远程人(270379861)] @布吉岛 (2528
10-05 23:26:58 [NAPCAT] 10-05 23:26:52 [info] 一秋呀(小号)大号2308534727 | 接收 <- 群聊 [[TLD]长途旅行-交流群-1�(802072961)] [远程人(270379861)] 无所不能的s
10-05 23:26:58 [NAPCAT] 10-05 23:26:52 [info] 一秋呀(小号)大号2308534727 | 接收 <- 群聊 [[TLD]长途旅行-交流群-1�(802072961)] [布吉岛(2528589211)] @远程人 (270
10-05 23:26:58 [NAPCAT] 10-05 23:26:52 [info] 一秋呀(小号)大号2308534727 | 接收 <- 群聊 [[TLD]长途旅行-交流群-1�(802072961)] [拼装爱好者Peter(544197959)] [回�
10-05 23:26:58 [NAPCAT] 10-05 23:26:52 [info] 一秋呀(小号)大号2308534727 | 接收 <- 群聊 [[TLD]长途旅行-交流群-1�(802072961)] [布吉岛(2528589211)] 没啥区别
10-05 23:26:58 [NAPCAT] 10-05 23:26:52 [info] 一秋呀(小号)大号2308534727 | 接收 <- 群聊 [[TLD]长途旅行-交流群-1�(802072961)] [布吉岛(2528589211)] 参加新品节
10-05 23:26:58 [NAPCAT] 10-05 23:26:52 [info] 一秋呀(小号)大号2308534727 | 发送 -> 群聊 [小米vela交流群(群满加(885186458)] [一秋呀(小号)大号2308534727(3836305
10-05 23:26:58 [NAPCAT] 10-05 23:26:52 [info] 一秋呀(小号)大号2308534727 | 发送 -> 群聊 [小米vela交流群(群满加(885186458)] [一秋呀(小号)大号2308534727(3836305
10-05 23:26:58 [NAPCAT] 10-05 23:26:52 [info] 一秋呀(小号)大号2308534727 | 发送 -> 群聊 [小米vela交流群(群满加(885186458)] [一秋呀(小号)大号2308534727(3836305
10-05 23:26:58 [NAPCAT] 10-05 23:26:52 [info] 一秋呀(小号)大号2308534727 | 发送 -> 群聊 [小米vela交流群(群满加(885186458)] [一秋呀(小号)大号2308534727(3836305
10-05 23:26:58 [NAPCAT] 10-05 23:26:52 [info] 一秋呀(小号)大号2308534727 | 发送 -> 群聊 [小米vela交流群(群满加(885186458)] [一秋呀(小号)大号2308534727(3836305
10-05 23:26:58 [NAPCAT] 10-05 23:26:52 [info] 一秋呀(小号)大号2308534727 | 接收 <- 群聊 [小米vela交流群(群满加(885186458)] [小猪-Band10(2796390286)]  
10-05 23:26:58 [NAPCAT] 10-05 23:26:52 [info] 一秋呀(小号)大号2308534727 | 接收 <- 群聊 [小米vela交流群(群满加(885186458)] [fifi环10(2905460075)]  
10-05 23:26:58 [NAPCAT] 10-05 23:26:52 [info] 一秋呀(小号)大号2308534727 | 接收 <- 群聊 [小米vela交流群(群满加(885186458)] [星月枫(1704103336)] [回复消息 [一
10-05 23:26:58 [NAPCAT] 10-05 23:26:52 [info] 一秋呀(小号)大号2308534727 | 接收 <- 群聊 [小米vela交流群(群满加(885186458)] [Minecraft_DBS-#2(2319161649)]  
10-05 23:26:58 [NAPCAT] 10-05 23:26:52 [info] 一秋呀(小号)大号2308534727 | 发送 -> 群聊 [小米vela交流群(群满加(885186458)] [一秋呀(小号)大号2308534727(3836305
10-05 23:26:58 [NAPCAT] 10-05 23:26:52 [info] 一秋呀(小号)大号2308534727 | 接收 <- 群聊 [小米vela交流群(群满加(885186458)] [Astroptis(3988199)] 我这个20年老QQ�
10-05 23:26:58 [NAPCAT] 10-05 23:26:52 [info] 一秋呀(小号)大号2308534727 | 接收 <- 群聊 [小米vela交流群(群满加(885186458)] [星月枫(1704103336)] [回复消息 [Ast
10-05 23:26:58 [NAPCAT] 10-05 23:26:52 [info] 一秋呀(小号)大号2308534727 | 接收 <- 群聊 [小米vela交流群(群满加(885186458)] [星月枫(1704103336)] [图片]
10-05 23:26:58 [NAPCAT] 10-05 23:26:52 [info] 一秋呀(小号)大号2308534727 | 发送 -> 群聊 [小米vela交流群(群满加(885186458)] [一秋呀(小号)大号2308534727(3836305
10-05 23:26:58 [NAPCAT] 10-05 23:26:52 [info] 一秋呀(小号)大号2308534727 | 发送 -> 群聊 [小米vela交流群(群满加(885186458)] [一秋呀(小号)大号2308534727(3836305
10-05 23:26:58 [NAPCAT] 10-05 23:26:52 [info] 一秋呀(小号)大号2308534727 | 发送 -> 群聊 [小米vela交流群(群满加(885186458)] [一秋呀(小号)大号2308534727(3836305
10-05 23:26:58 [NAPCAT] 10-05 23:26:52 [info] 一秋呀(小号)大号2308534727 | 接收 <- 群聊 [小米vela交流群(群满加(885186458)] [无底力音游狗(3516097863)] ？
10-05 23:26:58 [NAPCAT] 10-05 23:26:52 [info] 一秋呀(小号)大号2308534727 | 接收 <- 群聊 [小米vela交流群(群满加(885186458)] [无底力音游狗(3516097863)] 啊这
10-05 23:26:58 [NAPCAT] 10-05 23:26:52 [info] 一秋呀(小号)大号2308534727 | 发送 -> 群聊 [小米vela交流群(群满加(885186458)] [一秋呀(小号)大号2308534727(3836305
10-05 23:26:58 [NAPCAT] 10-05 23:26:52 [info] 一秋呀(小号)大号2308534727 | 接收 <- 群聊 [小米vela交流群(群满加(885186458)] [jiangu-米10(3607242132)] [表情 /坚强
10-05 23:26:58 [NAPCAT] 10-05 23:26:52 [info] 一秋呀(小号)大号2308534727 | 接收 <- 群聊 [华强北安卓手表交流极客联盟(1031894167)] [群npc(3985561369)] [图片]
10-05 23:26:59 [NAPCAT] [BuglyManager.cpp][UploadBugly][107]!!!in UploadBugly.
10-05 23:26:59 [NAPCAT] [NativeCrashHandler.cpp][getCrashDetailBeanFromRecord][52]!!!! in NativeCrashHandler getCrashDetailBeanFromRecord, open file error!!!,dumpFilePath:/root/.config
10-05 23:26:59 [NAPCAT] [NativeCrashHandler.cpp][uploadCrashEvent][331]get null crashDetailBean, return!
10-05 23:27:08 [NAPCAT] 10-05 23:27:08 [info] 一秋呀(小号)大号2308534727 | 接收 <- 群聊 [华强北安卓手表交流极客联盟(1031894167)] [🍥Mozhuyi@uws6152_1h10(23078
10-05 23:27:09 [NAPCAT] 10-05 23:27:09 [info] 一秋呀(小号)大号2308534727 | 接收 <- 群聊 [华强北安卓手表交流极客联盟(1031894167)] [🍥Mozhuyi@uws6152_1h10(23078
10-05 23:27:09 [NAPCAT] 10-05 23:27:09 [info] 一秋呀(小号)大号2308534727 | 接收 <- 群聊 [华强北安卓手表交流极客联盟(1031894167)] [🍥Mozhuyi@uws6152_1h10(23078
10-05 23:27:10 [NAPCAT] 10-05 23:27:10 [info] 一秋呀(小号)大号2308534727 | 接收 <- 群聊 [华强北安卓手表交流极客联盟(1031894167)] [🍥Mozhuyi@uws6152_1h10(23078
10-05 23:27:33 [NAPCAT] 10-05 23:27:33 [info] 一秋呀(小号)大号2308534727 | [NapCat Update] Target version: v4.18.30
10-05 23:27:33 [NAPCAT] 10-05 23:27:33 [info] 一秋呀(小号)大号2308534727 | [NapCat Update] Current version: 4.18.28, Target version: v4.18.30
10-05 23:27:33 [NAPCAT] 10-05 23:27:33 [info] 一秋呀(小号)大号2308534727 | [NapCat Update] Updating to version: v4.18.30
10-05 23:27:33 [NAPCAT] 10-05 23:27:33 [info] 一秋呀(小号)大号2308534727 | [NapCat Update] Using download URL: https://gh-proxy.com/https://github.com/NapNeko/NapCatQQ/releases/
10-05 23:27:33 [NAPCAT] 10-05 23:27:33 [info] 一秋呀(小号)大号2308534727 | [NapCat Update] Saving to: /root/napcat/temp/napcat-latest.zip
10-05 23:27:33 [NAPCAT] 10-05 23:27:33 [info] 一秋呀(小号)大号2308534727 | [NapCat Update] Starting download from: https://gh-proxy.com/https://github.com/NapNeko/NapCatQQ/relea
10-05 23:27:33 [NAPCAT] 10-05 23:27:33 [info] 一秋呀(小号)大号2308534727 | [NapCat Update] Response status: 200
10-05 23:27:33 [NAPCAT] 10-05 23:27:33 [info] 一秋呀(小号)大号2308534727 | [NapCat Update] Content-Type: application/octet-stream
10-05 23:27:36 [NAPCAT] 10-05 23:27:36 [info] 一秋呀(小号)大号2308534727 | [NapCat Update] Download completed
10-05 23:27:36 [NAPCAT] 10-05 23:27:36 [info] 一秋呀(小号)大号2308534727 | [NapCat Update] Downloaded file size: 29500098 bytes
10-05 23:27:36 [NAPCAT] 10-05 23:27:36 [info] 一秋呀(小号)大号2308534727 | [NapCat Update] Extracting to: /root/napcat/temp/napcat-extract
10-05 23:27:47 [NAPCAT] 10-05 23:27:47 [info] 一秋呀(小号)大号2308534727 | [NapCat Update] Skipping update for NapCatWinBootHook.dll
10-05 23:27:47 [NAPCAT] 10-05 23:27:47 [info] 一秋呀(小号)大号2308534727 | [NapCat Update] Skipping update for NapCatWinBootMain.exe
10-05 23:27:47 [NAPCAT] 10-05 23:27:47 [info] 一秋呀(小号)大号2308534727 | [NapCat Update] Preserving existing user config: config/napcat.json
10-05 23:28:15 [NAPCAT-WD] 23:28:15 巡检：端口未监听（未登录或自愈中；自愈级别 0），详情见 /root/napcat/watchdog.log
10-05 23:28:15 [NAPCAT] bash: launcher.sh: No such file or directory
10-05 23:29:13 引擎输出读取结束（主动停止）

===== AstrBot 引擎会话开始 10-05 23:29:14 =====
10-05 23:29:14 启动脚本已与 APK 资产对齐（v2.28.0 每次启动强制刷新）
10-05 23:29:14 AstrBot 机器人开关已关闭：本次仅启动 NapCat（手环 QQ 直连），不安装/启动 AstrBot
10-05 23:29:14 拉起容器（proot → astrbot-startup.sh）…
10-05 23:29:14 [AstrBot Android] resolv.conf 已重写（原: nameserver 8.8.8.8 → 公共解析器x4）
10-05 23:29:15 [AstrBot Android] DNS 自检通过（getent 解析正常）
10-05 23:29:15 [STAGE:5:仅 NapCat 模式（AstrBot 机器人开关已关闭）]
10-05 23:29:15 [31m- 仅 NapCat 模式（AstrBot 机器人开关已关闭）[0m
10-05 23:29:15 [STAGE:10:检查基础命令（git/curl）]
10-05 23:29:15 [31m- 检查基础命令（git/curl）[0m
10-05 23:29:15 [31m- 基础命令已安装[0m
10-05 23:29:15 [STAGE:45:安装 NapCat（QQ↔OneBot 协议桥，含依赖，约 2~5 分钟）]
10-05 23:29:15 [31m- 安装 NapCat（QQ↔OneBot 协议桥，含依赖，约 2~5 分钟）[0m
10-05 23:29:15 [31m- Napcat 未安装，安装中...[0m
10-05 23:29:15 WARNING: apt does not have a stable CLI interface. Use with caution in scripts.
10-05 23:29:15 Reading package lists...
10-05 23:29:16 Building dependency tree...
10-05 23:29:16 Reading state information...
10-05 23:29:17 0 upgraded, 0 newly installed, 0 to remove and 102 not upgraded.
10-05 23:29:17 LinuxQQ 已安装
10-05 23:29:17 备份 NapCat 配置目录...
10-05 23:29:17 Napcat 未安装，安装中...
10-05 23:29:17 开始网络测试: Github...
10-05 23:29:19 将使用Github代理: https://ghfast.top（多源竞速）
10-05 23:29:19 下载源: https://ghfast.top → install.sh
10-05 23:29:19   % Total    % Received % Xferd  Average Speed   Time    Time     Time  Current
10-05 23:29:19                                  Dload  Upload   Total   Spent    Left  Speed
10-05 23:29:20   0     0    0     0    0     0      0      0 --:--:-- --:--:-- --:--:--     0
10-05 23:29:20   0     0    0     0    0     0      0      0 --:--:-- --:--:-- --:--:--     0
10-05 23:29:20 100  9610  100  9610    0     0   9473      0  0:00:01  0:00:01 --:--:--  9486
10-05 23:29:21 检测到有效 NapCat 离线包，跳过预下载
10-05 23:29:21 [H[2J[3J[0;1;34;94m[2026-10-05 23:29:21]: NapCat Shell 安装脚本 [0m
10-05 23:29:21 [0;1;34;94m[2026-10-05 23:29:21]: 脚本正在以 root 权限运行。 [0m
10-05 23:29:21 [0;1;34;94m[2026-10-05 23:29:21]: 开始更新依赖... [0m
10-05 23:29:21 [0;1;34;94m[2026-10-05 23:29:21]: 当前高级包管理器: apt-get [0m
10-05 23:29:21 /root/astrbot-startup.sh: line 1493:  7397 Killed                  bash napcat.sh
10-05 23:29:21 NapCat 上游安装脚本执行失败
10-05 23:29:21 引擎已停止
10-05 23:29:28 W: Problem unlinking the file /var/lib/apt/lists/partial/ports.ubuntu.com_ubuntu-ports_dists_noble_InRelease - PrepareFiles (38: Function not implemented)
10-05 23:29:28 W: Problem unlinking the file /var/lib/apt/lists/partial/ports.ubuntu.com_ubuntu-ports_dists_noble-updates_InRelease - PrepareFiles (38: Function not implemented)
10-05 23:29:28 W: Problem unlinking the file /var/lib/apt/lists/partial/ports.ubuntu.com_ubuntu-ports_dists_noble-security_InRelease - PrepareFiles (38: Function not implemented)
10-05 23:29:28 W: Problem unlinking the file /var/lib/apt/lists/partial/ports.ubuntu.com_ubuntu-ports_dists_noble_InRelease - PrepareFiles (38: Function not implemented)
10-05 23:29:28 W: Problem unlinking the file /var/lib/apt/lists/partial/ports.ubuntu.com_ubuntu-ports_dists_noble-updates_InRelease - PrepareFiles (38: Function not implemented)
10-05 23:29:28 W: Problem unlinking the file /var/lib/apt/lists/partial/ports.ubuntu.com_ubuntu-ports_dists_noble-security_InRelease - PrepareFiles (38: Function not implemented)
10-05 23:29:28 W: Problem unlinking the file /var/lib/apt/lists/partial/ports.ubuntu.com_ubuntu-ports_dists_noble_InRelease - PrepareFiles (38: Function not implemented)
10-05 23:29:28 W: Problem unlinking the file /var/lib/apt/lists/partial/ports.ubuntu.com_ubuntu-ports_dists_noble-updates_InRelease - PrepareFiles (38: Function not implemented)
10-05 23:29:28 W: Problem unlinking the file /var/lib/apt/lists/partial/ports.ubuntu.com_ubuntu-ports_dists_noble-security_InRelease - PrepareFiles (38: Function not implemented)
10-05 23:29:28 W: Problem unlinking the file /var/lib/apt/lists/partial/ports.ubuntu.com_ubuntu-ports_dists_noble_InRelease - PrepareFiles (38: Function not implemented)
10-05 23:29:28 W: Problem unlinking the file /var/lib/apt/lists/partial/ports.ubuntu.com_ubuntu-ports_dists_noble-updates_InRelease - PrepareFiles (38: Function not implemented)
10-05 23:29:28 W: Problem unlinking the file /var/lib/apt/lists/partial/ports.ubuntu.com_ubuntu-ports_dists_noble-security_InRelease - PrepareFiles (38: Function not implemented)
10-05 23:29:28 W: Failed to fetch http://ports.ubuntu.com/ubuntu-ports/dists/noble/InRelease  System error resolving 'ports.ubuntu.com:80' - getaddrinfo (38: Function not implemented)
10-05 23:29:28 W: Failed to fetch http://ports.ubuntu.com/ubuntu-ports/dists/noble-updates/InRelease  System error resolving 'ports.ubuntu.com:80' - getaddrinfo (38: Function not implemented)
10-05 23:29:28 W: Failed to fetch http://ports.ubuntu.com/ubuntu-ports/dists/noble-security/InRelease  System error resolving 'ports.ubuntu.com:80' - getaddrinfo (38: Function not implemented)
10-05 23:29:28 W: Some index files failed to download. They have been ignored, or old ones used instead.
10-05 23:29:28 E: flAbsPath on /var/lib/dpkg/status failed - realpath (38: Function not implemented)
10-05 23:29:28 E: The package lists or status file could not be parsed or opened.
10-05 23:29:28 引擎进程退出 exit=137
