10-04 21:11:20 libbusybox.so 从 nativeLibraryDir 缺失，已从 APK 内直取（1463KB）
10-04 21:11:20 libbash.so 从 nativeLibraryDir 缺失，已从 APK 内直取（1978KB）
10-04 21:11:20 libloader.so 从 nativeLibraryDir 缺失，已从 APK 内直取（5KB）
10-04 21:11:20 libproot.so 从 nativeLibraryDir 缺失，已从 APK 内直取（209KB）
10-04 21:11:20 liblibtalloc.so.2.so 从 nativeLibraryDir 缺失，已从 APK 内直取（30KB）
10-04 21:11:20 bin 组装完成（5 个可执行）
10-04 21:11:20 rootfs 包就绪（61MB），xz 解压中…
10-04 21:11:29 xz 完成（300MB），tar 解包中…
10-04 21:11:30 检测到顶层前缀 ubuntu-noble-aarch64/，拍平…
10-04 21:11:30 rootfs 解压完成
10-04 21:11:30 引擎安装完成

===== AstrBot 引擎会话开始 10-04 21:11:30 =====
10-04 21:11:30 启动脚本已与 APK 资产对齐（v2.18 每次启动强制刷新）
10-04 21:11:30 拉起容器（proot → astrbot-startup.sh）…
10-04 21:11:30 [AstrBot Android] resolv.conf 已重写（原: nameserver 8.8.8.8 → 公共解析器x4）
10-04 21:11:30 [AstrBot Android] DNS 自检通过（getent 解析正常）
10-04 21:11:30 [AstrBot Android] missing dependency: curl
10-04 21:11:30 [AstrBot Android] missing dependency: git
10-04 21:11:30 [AstrBot Android] missing dependency: uv
10-04 21:11:30 [AstrBot Android] missing runtime: AstrBot
10-04 21:11:30 [AstrBot Android] missing runtime: AstrBot .venv
10-04 21:11:30 [STAGE:5:检测到首次运行，自动安装环境（全程约 10~25 分钟，取决于网络）]
10-04 21:11:30 [31m- 检测到首次运行，自动安装环境（全程约 10~25 分钟，取决于网络）[0m
10-04 21:11:30 [STAGE:10:检查基础命令（git/curl）]
10-04 21:11:30 [31m- 检查基础命令（git/curl）[0m
10-04 21:11:30 [AstrBot Android] 已创建 sudo 透传垫片（proot 恒 root，sudo xxx 直接执行 xxx）
10-04 21:11:30 [STAGE:12:安装基础命令（清华镜像，约 20MB，约 1 分钟）]
10-04 21:11:30 [31m- 安装基础命令（清华镜像，约 20MB，约 1 分钟）[0m
10-04 21:11:30 [31m- 基础命令缺失: git curl, 开始安装...[0m
10-04 21:11:30 [AstrBot Android] ubuntu-ports 多源竞速（6 源并行探测，≤10s）...
10-04 21:11:31 [AstrBot Android] 竞速胜出镜像: http://mirrors.tuna.tsinghua.edu.cn/ubuntu-ports
10-04 21:11:31 软件源已切换: http://mirrors.tuna.tsinghua.edu.cn/ubuntu-ports
10-04 21:11:32 Get:1 http://mirrors.tuna.tsinghua.edu.cn/ubuntu-ports noble InRelease [256 kB]
10-04 21:11:33 Get:2 http://mirrors.tuna.tsinghua.edu.cn/ubuntu-ports noble-updates InRelease [126 kB]
10-04 21:11:34 Get:3 http://mirrors.tuna.tsinghua.edu.cn/ubuntu-ports noble-security InRelease [126 kB]
10-04 21:11:34 Get:4 http://mirrors.tuna.tsinghua.edu.cn/ubuntu-ports noble/main arm64 Packages [1377 kB]
10-04 21:11:37 Get:5 http://mirrors.tuna.tsinghua.edu.cn/ubuntu-ports noble/main Translation-en [513 kB]
10-04 21:11:38 Get:6 http://mirrors.tuna.tsinghua.edu.cn/ubuntu-ports noble/universe arm64 Packages [15.3 MB]
10-04 21:11:44 引擎输出读取结束（主动停止）
10-04 21:11:44 引擎已停止
10-04 21:11:46 AstrBot 机器人开关已关闭：下次启动引擎仅运行 NapCat

===== AstrBot 引擎会话开始 10-04 21:11:47 =====
10-04 21:11:47 启动脚本已与 APK 资产对齐（v2.18 每次启动强制刷新）
10-04 21:11:47 AstrBot 机器人开关已关闭：本次仅启动 NapCat（手环 QQ 直连），不安装/启动 AstrBot
10-04 21:11:47 拉起容器（proot → astrbot-startup.sh）…
10-04 21:11:47 [AstrBot Android] resolv.conf 已重写（原: nameserver 8.8.8.8 → 公共解析器x4）
10-04 21:11:47 [AstrBot Android] DNS 自检通过（getent 解析正常）
10-04 21:11:47 [STAGE:5:仅 NapCat 模式（AstrBot 机器人开关已关闭）]
10-04 21:11:47 [31m- 仅 NapCat 模式（AstrBot 机器人开关已关闭）[0m
10-04 21:11:47 [STAGE:10:检查基础命令（git/curl）]
10-04 21:11:47 [31m- 检查基础命令（git/curl）[0m
10-04 21:11:47 [STAGE:12:安装基础命令（清华镜像，约 20MB，约 1 分钟）]
10-04 21:11:47 [31m- 安装基础命令（清华镜像，约 20MB，约 1 分钟）[0m
10-04 21:11:47 [31m- 基础命令缺失: git curl, 开始安装...[0m
10-04 21:11:47 [AstrBot Android] ubuntu-ports 多源竞速（6 源并行探测，≤10s）...
10-04 21:11:48 [AstrBot Android] 竞速胜出镜像: http://mirrors.tuna.tsinghua.edu.cn/ubuntu-ports
10-04 21:11:48 软件源保持: http://mirrors.tuna.tsinghua.edu.cn/ubuntu-ports
10-04 21:11:48 Reading package lists...
10-04 21:11:48 E: Could not get lock /var/lib/apt/lists/lock. It is held by process 11277 (apt-get)
10-04 21:11:48 E: Unable to lock directory /var/lib/apt/lists/
10-04 21:11:48 apt-get update 失败（当前源），遍历其余可达镜像重试...
10-04 21:11:48 切换镜像重试: http://mirrors.ustc.edu.cn/ubuntu-ports
10-04 21:11:48 软件源已切换: http://mirrors.ustc.edu.cn/ubuntu-ports
10-04 21:11:49 Reading package lists...
10-04 21:11:49 E: Could not get lock /var/lib/apt/lists/lock. It is held by process 11277 (apt-get)
10-04 21:11:49 E: Unable to lock directory /var/lib/apt/lists/
10-04 21:11:49 切换镜像重试: http://mirrors.aliyun.com/ubuntu-ports
10-04 21:11:49 软件源已切换: http://mirrors.aliyun.com/ubuntu-ports
10-04 21:11:49 Reading package lists...
10-04 21:11:49 E: Could not get lock /var/lib/apt/lists/lock. It is held by process 11277 (apt-get)
10-04 21:11:49 E: Unable to lock directory /var/lib/apt/lists/
10-04 21:11:49 切换镜像重试: http://mirrors.cloud.tencent.com/ubuntu-ports
10-04 21:11:49 软件源已切换: http://mirrors.cloud.tencent.com/ubuntu-ports
10-04 21:11:49 Reading package lists...
10-04 21:11:49 E: Could not get lock /var/lib/apt/lists/lock. It is held by process 11277 (apt-get)
10-04 21:11:49 E: Unable to lock directory /var/lib/apt/lists/
10-04 21:11:49 切换镜像重试: http://mirrors.huaweicloud.com/ubuntu-ports
10-04 21:11:49 软件源已切换: http://mirrors.huaweicloud.com/ubuntu-ports
10-04 21:11:49 Reading package lists...
10-04 21:11:49 E: Could not get lock /var/lib/apt/lists/lock. It is held by process 11277
10-04 21:11:50 E: Unable to lock directory /var/lib/apt/lists/
10-04 21:11:50 切换镜像重试: http://ports.ubuntu.com/ubuntu-ports
10-04 21:11:50 软件源已切换: http://ports.ubuntu.com/ubuntu-ports
10-04 21:11:52 Get:1 http://ports.ubuntu.com/ubuntu-ports noble InRelease [256 kB]
10-04 21:11:54 Get:2 http://ports.ubuntu.com/ubuntu-ports noble-updates InRelease [126 kB]
10-04 21:11:54 Get:3 http://ports.ubuntu.com/ubuntu-ports noble-security InRelease [126 kB]
10-04 21:11:54 Get:4 http://ports.ubuntu.com/ubuntu-ports noble/main arm64 Packages [1377 kB]
10-04 21:11:56 Get:5 http://ports.ubuntu.com/ubuntu-ports noble/main Translation-en [513 kB]
10-04 21:11:56 Get:6 http://ports.ubuntu.com/ubuntu-ports noble/universe arm64 Packages [15.3 MB]
10-04 21:12:00 Get:7 http://ports.ubuntu.com/ubuntu-ports noble/universe Translation-en [5982 kB]
10-04 21:12:01 Get:8 http://ports.ubuntu.com/ubuntu-ports noble/multiverse arm64 Packages [223 kB]
10-04 21:12:01 Get:9 http://ports.ubuntu.com/ubuntu-ports noble/multiverse Translation-en [118 kB]
10-04 21:12:01 Get:10 http://ports.ubuntu.com/ubuntu-ports noble-updates/main arm64 Packages [1424 kB]
10-04 21:12:01 Get:11 http://ports.ubuntu.com/ubuntu-ports noble-updates/main Translation-en [304 kB]
10-04 21:12:01 Get:12 http://ports.ubuntu.com/ubuntu-ports noble-updates/universe arm64 Packages [1736 kB]
10-04 21:12:02 Get:13 http://ports.ubuntu.com/ubuntu-ports noble-updates/universe Translation-en [341 kB]
10-04 21:12:02 Get:14 http://ports.ubuntu.com/ubuntu-ports noble-updates/multiverse arm64 Packages [78.0 kB]
10-04 21:12:02 Get:15 http://ports.ubuntu.com/ubuntu-ports noble-updates/multiverse Translation-en [13.1 kB]
10-04 21:12:02 Get:16 http://ports.ubuntu.com/ubuntu-ports noble-security/main arm64 Packages [1133 kB]
10-04 21:12:02 Get:17 http://ports.ubuntu.com/ubuntu-ports noble-security/main Translation-en [221 kB]
10-04 21:12:02 Get:18 http://ports.ubuntu.com/ubuntu-ports noble-security/universe arm64 Packages [1286 kB]
10-04 21:12:03 Get:19 http://ports.ubuntu.com/ubuntu-ports noble-security/universe Translation-en [244 kB]
10-04 21:12:03 Get:20 http://ports.ubuntu.com/ubuntu-ports noble-security/multiverse arm64 Packages [73.7 kB]
10-04 21:12:03 Get:21 http://ports.ubuntu.com/ubuntu-ports noble-security/multiverse Translation-en [11.3 kB]
10-04 21:12:04 Fetched 30.9 MB in 13s (2311 kB/s)
10-04 21:12:05 Reading package lists...
10-04 21:12:06 Reading package lists...
10-04 21:12:06 Building dependency tree...
10-04 21:12:06 Reading state information...
10-04 21:12:07 The following additional packages will be installed:
10-04 21:12:07   git-man less libbsd0 libcbor0.10 libcurl3t64-gnutls libcurl4t64 libedit2
10-04 21:12:07   liberror-perl libfido2-1 libgdbm-compat4t64 libgdbm6t64 libperl5.38t64
10-04 21:12:07   libx11-6 libx11-data libxau6 libxcb1 libxdmcp6 libxext6 libxmuu1
10-04 21:12:07   openssh-client patch perl perl-base perl-modules-5.38 xauth
10-04 21:12:07 Suggested packages:
10-04 21:12:07   gettext-base git-daemon-run | git-daemon-sysvinit git-doc git-email git-gui
10-04 21:12:07   gitk gitweb git-cvs git-mediawiki git-svn gdbm-l10n sensible-utils keychain
10-04 21:12:07   libpam-ssh monkeysphere ssh-askpass ed diffutils-doc perl-doc
10-04 21:12:07   libterm-readline-gnu-perl | libterm-readline-perl-perl make
10-04 21:12:07   libtap-harness-archive-perl
10-04 21:12:07 The following NEW packages will be installed:
10-04 21:12:07   curl git git-man less libbsd0 libcbor0.10 libcurl4t64 libedit2 liberror-perl
10-04 21:12:07   libfido2-1 libgdbm-compat4t64 libgdbm6t64 libperl5.38t64 libx11-6
10-04 21:12:07   libx11-data libxau6 libxcb1 libxdmcp6 libxext6 libxmuu1 openssh-client patch
10-04 21:12:07   perl perl-modules-5.38 xauth
10-04 21:12:07 The following packages will be upgraded:
10-04 21:12:07   libcurl3t64-gnutls perl-base
10-04 21:12:08 2 upgraded, 25 newly installed, 0 to remove and 108 not upgraded.
10-04 21:12:08 Need to get 18.0 MB of archives.
10-04 21:12:08 After this operation, 87.3 MB of additional disk space will be used.
10-04 21:12:09 Get:1 http://ports.ubuntu.com/ubuntu-ports noble-updates/main arm64 perl-base arm64 5.38.2-3.2ubuntu0.6 [1780 kB]
10-04 21:12:12 Get:2 http://ports.ubuntu.com/ubuntu-ports noble-updates/main arm64 perl-modules-5.38 all 5.38.2-3.2ubuntu0.6 [3110 kB]
10-04 21:12:12 Get:3 http://ports.ubuntu.com/ubuntu-ports noble/main arm64 libgdbm6t64 arm64 1.23-5.1build1 [34.4 kB]
10-04 21:12:12 Get:4 http://ports.ubuntu.com/ubuntu-ports noble/main arm64 libgdbm-compat4t64 arm64 1.23-5.1build1 [6578 B]
10-04 21:12:12 Get:5 http://ports.ubuntu.com/ubuntu-ports noble-updates/main arm64 libperl5.38t64 arm64 5.38.2-3.2ubuntu0.6 [4785 kB]
10-04 21:12:13 Get:6 http://ports.ubuntu.com/ubuntu-ports noble-updates/main arm64 perl arm64 5.38.2-3.2ubuntu0.6 [231 kB]
10-04 21:12:13 Get:7 http://ports.ubuntu.com/ubuntu-ports noble-updates/main arm64 less arm64 590-2ubuntu2.1 [142 kB]
10-04 21:12:13 Get:8 http://ports.ubuntu.com/ubuntu-ports noble-updates/main arm64 libbsd0 arm64 0.12.1-1build1.1 [41.0 kB]
10-04 21:12:13 Get:9 http://ports.ubuntu.com/ubuntu-ports noble/main arm64 libcbor0.10 arm64 0.10.2-1.2ubuntu2 [26.0 kB]
10-04 21:12:13 Get:10 http://ports.ubuntu.com/ubuntu-ports noble/main arm64 libedit2 arm64 3.1-20230828-1build1 [97.5 kB]
10-04 21:12:13 Get:11 http://ports.ubuntu.com/ubuntu-ports noble/main arm64 libfido2-1 arm64 1.14.0-1build3 [82.5 kB]
10-04 21:12:13 Get:12 http://ports.ubuntu.com/ubuntu-ports noble/main arm64 libxau6 arm64 1:1.0.9-1build6 [7264 B]
10-04 21:12:13 Get:13 http://ports.ubuntu.com/ubuntu-ports noble/main arm64 libxdmcp6 arm64 1:1.1.3-0ubuntu6 [10.4 kB]
10-04 21:12:13 Get:14 http://ports.ubuntu.com/ubuntu-ports noble/main arm64 libxcb1 arm64 1.15-1ubuntu2 [49.4 kB]
10-04 21:12:14 Get:15 http://ports.ubuntu.com/ubuntu-ports noble/main arm64 libx11-data all 2:1.8.7-1build1 [115 kB]
10-04 21:12:14 Get:16 http://ports.ubuntu.com/ubuntu-ports noble/main arm64 libx11-6 arm64 2:1.8.7-1build1 [649 kB]
10-04 21:12:14 Get:17 http://ports.ubuntu.com/ubuntu-ports noble/main arm64 libxext6 arm64 2:1.3.4-1build2 [30.4 kB]
10-04 21:12:14 Get:18 http://ports.ubuntu.com/ubuntu-ports noble/main arm64 libxmuu1 arm64 2:1.1.3-3build2 [9140 B]
10-04 21:12:14 Get:19 http://ports.ubuntu.com/ubuntu-ports noble-updates/main arm64 openssh-client arm64 1:9.6p1-3ubuntu13.19 [890 kB]
10-04 21:12:14 Get:20 http://ports.ubuntu.com/ubuntu-ports noble/main arm64 xauth arm64 1:1.1.2-1build1 [25.3 kB]
10-04 21:12:14 Get:21 http://ports.ubuntu.com/ubuntu-ports noble-updates/main arm64 libcurl4t64 arm64 8.5.0-2ubuntu10.15 [337 kB]
10-04 21:12:14 Get:22 http://ports.ubuntu.com/ubuntu-ports noble-updates/main arm64 curl arm64 8.5.0-2ubuntu10.15 [222 kB]
10-04 21:12:14 Get:23 http://ports.ubuntu.com/ubuntu-ports noble-updates/main arm64 libcurl3t64-gnutls arm64 8.5.0-2ubuntu10.15 [330 kB]
10-04 21:12:15 Get:24 http://ports.ubuntu.com/ubuntu-ports noble/main arm64 liberror-perl all 0.17029-2 [25.6 kB]
10-04 21:12:15 Get:25 http://ports.ubuntu.com/ubuntu-ports noble-updates/main arm64 git-man all 1:2.43.0-1ubuntu7.3 [1100 kB]
10-04 21:12:15 Get:26 http://ports.ubuntu.com/ubuntu-ports noble-updates/main arm64 git arm64 1:2.43.0-1ubuntu7.3 [3774 kB]
10-04 21:12:15 Get:27 http://ports.ubuntu.com/ubuntu-ports noble/main arm64 patch arm64 2.7.6-7build3 [101 kB]
10-04 21:12:17 debconf: delaying package configuration, since apt-utils is not installed
10-04 21:12:17 Fetched 18.0 MB in 8s (2164 kB/s)
10-04 21:12:17 (Reading database ... 
10-04 21:12:17 (Reading database ... 5%
10-04 21:12:17 (Reading database ... 10%
10-04 21:12:17 (Reading database ... 15%
10-04 21:12:17 (Reading database ... 20%
10-04 21:12:17 (Reading database ... 25%
10-04 21:12:17 (Reading database ... 30%
10-04 21:12:17 (Reading database ... 35%
10-04 21:12:17 (Reading database ... 40%
10-04 21:12:17 (Reading database ... 45%
10-04 21:12:17 (Reading database ... 50%
10-04 21:12:17 (Reading database ... 55%
10-04 21:12:17 (Reading database ... 60%
10-04 21:12:17 (Reading database ... 65%
10-04 21:12:17 (Reading database ... 70%
10-04 21:12:17 (Reading database ... 75%
10-04 21:12:17 (Reading database ... 80%
10-04 21:12:17 (Reading database ... 85%
10-04 21:12:17 (Reading database ... 90%
10-04 21:12:17 (Reading database ... 95%
10-04 21:12:17 (Reading database ... 100%
10-04 21:12:17 (Reading database ... 10287 files and directories currently installed.)
10-04 21:12:17 Preparing to unpack .../perl-base_5.38.2-3.2ubuntu0.6_arm64.deb ...
10-04 21:12:18 Unpacking perl-base (5.38.2-3.2ubuntu0.6) over (5.38.2-3.2build2) ...
10-04 21:12:29 Setting up perl-base (5.38.2-3.2ubuntu0.6) ...
10-04 21:12:29 Selecting previously unselected package perl-modules-5.38.
10-04 21:12:29 (Reading database ... 
10-04 21:12:29 (Reading database ... 5%
10-04 21:12:29 (Reading database ... 10%
10-04 21:12:29 (Reading database ... 15%
10-04 21:12:29 (Reading database ... 20%
10-04 21:12:30 (Reading database ... 25%
10-04 21:12:30 (Reading database ... 30%
10-04 21:12:30 (Reading database ... 35%
10-04 21:12:30 (Reading database ... 40%
10-04 21:12:30 (Reading database ... 45%
10-04 21:12:30 (Reading database ... 50%
10-04 21:12:30 (Reading database ... 55%
10-04 21:12:30 (Reading database ... 60%
10-04 21:12:30 (Reading database ... 65%
10-04 21:12:30 (Reading database ... 70%
10-04 21:12:30 (Reading database ... 75%
10-04 21:12:30 (Reading database ... 80%
10-04 21:12:30 (Reading database ... 85%
10-04 21:12:30 (Reading database ... 90%
10-04 21:12:30 (Reading database ... 95%
10-04 21:12:30 (Reading database ... 100%
10-04 21:12:30 (Reading database ... 10287 files and directories currently installed.)
10-04 21:12:30 Preparing to unpack .../00-perl-modules-5.38_5.38.2-3.2ubuntu0.6_all.deb ...
10-04 21:12:30 Unpacking perl-modules-5.38 (5.38.2-3.2ubuntu0.6) ...
10-04 21:12:47 Selecting previously unselected package libgdbm6t64:arm64.
10-04 21:12:47 Preparing to unpack .../01-libgdbm6t64_1.23-5.1build1_arm64.deb ...
10-04 21:12:47 Unpacking libgdbm6t64:arm64 (1.23-5.1build1) ...
10-04 21:12:47 Selecting previously unselected package libgdbm-compat4t64:arm64.
10-04 21:12:47 Preparing to unpack .../02-libgdbm-compat4t64_1.23-5.1build1_arm64.deb ...
10-04 21:12:47 Unpacking libgdbm-compat4t64:arm64 (1.23-5.1build1) ...
10-04 21:12:48 Selecting previously unselected package libperl5.38t64:arm64.
10-04 21:12:48 Preparing to unpack .../03-libperl5.38t64_5.38.2-3.2ubuntu0.6_arm64.deb ...
10-04 21:12:48 Unpacking libperl5.38t64:arm64 (5.38.2-3.2ubuntu0.6) ...
10-04 21:12:51 Selecting previously unselected package perl.
10-04 21:12:51 Preparing to unpack .../04-perl_5.38.2-3.2ubuntu0.6_arm64.deb ...
10-04 21:12:51 Unpacking perl (5.38.2-3.2ubuntu0.6) ...
10-04 21:12:52 Selecting previously unselected package less.
10-04 21:12:52 Preparing to unpack .../05-less_590-2ubuntu2.1_arm64.deb ...
10-04 21:12:52 Unpacking less (590-2ubuntu2.1) ...
10-04 21:12:53 Selecting previously unselected package libbsd0:arm64.
10-04 21:12:53 Preparing to unpack .../06-libbsd0_0.12.1-1build1.1_arm64.deb ...
10-04 21:12:53 Unpacking libbsd0:arm64 (0.12.1-1build1.1) ...
10-04 21:12:53 Selecting previously unselected package libcbor0.10:arm64.
10-04 21:12:53 Preparing to unpack .../07-libcbor0.10_0.10.2-1.2ubuntu2_arm64.deb ...
10-04 21:12:53 Unpacking libcbor0.10:arm64 (0.10.2-1.2ubuntu2) ...
10-04 21:12:54 Selecting previously unselected package libedit2:arm64.
10-04 21:12:54 Preparing to unpack .../08-libedit2_3.1-20230828-1build1_arm64.deb ...
10-04 21:12:54 Unpacking libedit2:arm64 (3.1-20230828-1build1) ...
10-04 21:12:54 Selecting previously unselected package libfido2-1:arm64.
10-04 21:12:54 Preparing to unpack .../09-libfido2-1_1.14.0-1build3_arm64.deb ...
10-04 21:12:54 Unpacking libfido2-1:arm64 (1.14.0-1build3) ...
10-04 21:12:55 Selecting previously unselected package libxau6:arm64.
10-04 21:12:55 Preparing to unpack .../10-libxau6_1%3a1.0.9-1build6_arm64.deb ...
10-04 21:12:55 Unpacking libxau6:arm64 (1:1.0.9-1build6) ...
10-04 21:12:55 Selecting previously unselected package libxdmcp6:arm64.
10-04 21:12:55 Preparing to unpack .../11-libxdmcp6_1%3a1.1.3-0ubuntu6_arm64.deb ...
10-04 21:12:55 Unpacking libxdmcp6:arm64 (1:1.1.3-0ubuntu6) ...
10-04 21:12:56 Selecting previously unselected package libxcb1:arm64.
10-04 21:12:56 Preparing to unpack .../12-libxcb1_1.15-1ubuntu2_arm64.deb ...
10-04 21:12:56 Unpacking libxcb1:arm64 (1.15-1ubuntu2) ...
10-04 21:12:56 Selecting previously unselected package libx11-data.
10-04 21:12:56 Preparing to unpack .../13-libx11-data_2%3a1.8.7-1build1_all.deb ...
10-04 21:12:56 Unpacking libx11-data (2:1.8.7-1build1) ...
10-04 21:12:58 Selecting previously unselected package libx11-6:arm64.
10-04 21:12:58 Preparing to unpack .../14-libx11-6_2%3a1.8.7-1build1_arm64.deb ...
10-04 21:12:58 Unpacking libx11-6:arm64 (2:1.8.7-1build1) ...
10-04 21:12:58 Selecting previously unselected package libxext6:arm64.
10-04 21:12:58 Preparing to unpack .../15-libxext6_2%3a1.3.4-1build2_arm64.deb ...
10-04 21:12:58 Unpacking libxext6:arm64 (2:1.3.4-1build2) ...
10-04 21:12:58 Selecting previously unselected package libxmuu1:arm64.
10-04 21:12:58 Preparing to unpack .../16-libxmuu1_2%3a1.1.3-3build2_arm64.deb ...
10-04 21:12:58 Unpacking libxmuu1:arm64 (2:1.1.3-3build2) ...
10-04 21:12:59 Selecting previously unselected package openssh-client.
10-04 21:12:59 Preparing to unpack .../17-openssh-client_1%3a9.6p1-3ubuntu13.19_arm64.deb ...
10-04 21:12:59 Unpacking openssh-client (1:9.6p1-3ubuntu13.19) ...
10-04 21:12:59 Selecting previously unselected package xauth.
10-04 21:12:59 Preparing to unpack .../18-xauth_1%3a1.1.2-1build1_arm64.deb ...
10-04 21:12:59 Unpacking xauth (1:1.1.2-1build1) ...
10-04 21:12:59 Selecting previously unselected package libcurl4t64:arm64.
10-04 21:12:59 Preparing to unpack .../19-libcurl4t64_8.5.0-2ubuntu10.15_arm64.deb ...
10-04 21:12:59 Unpacking libcurl4t64:arm64 (8.5.0-2ubuntu10.15) ...
10-04 21:12:59 Selecting previously unselected package curl.
10-04 21:12:59 Preparing to unpack .../20-curl_8.5.0-2ubuntu10.15_arm64.deb ...
10-04 21:12:59 Unpacking curl (8.5.0-2ubuntu10.15) ...
10-04 21:13:00 Preparing to unpack .../21-libcurl3t64-gnutls_8.5.0-2ubuntu10.15_arm64.deb ...
10-04 21:13:00 Unpacking libcurl3t64-gnutls:arm64 (8.5.0-2ubuntu10.15) over (8.5.0-2ubuntu10.6) ...
10-04 21:13:00 Selecting previously unselected package liberror-perl.
10-04 21:13:00 Preparing to unpack .../22-liberror-perl_0.17029-2_all.deb ...
10-04 21:13:00 Unpacking liberror-perl (0.17029-2) ...
10-04 21:13:00 Selecting previously unselected package git-man.
10-04 21:13:00 Preparing to unpack .../23-git-man_1%3a2.43.0-1ubuntu7.3_all.deb ...
10-04 21:13:00 Unpacking git-man (1:2.43.0-1ubuntu7.3) ...
10-04 21:13:01 Selecting previously unselected package git.
10-04 21:13:01 Preparing to unpack .../24-git_1%3a2.43.0-1ubuntu7.3_arm64.deb ...
10-04 21:13:01 Unpacking git (1:2.43.0-1ubuntu7.3) ...
10-04 21:13:05 Selecting previously unselected package patch.
10-04 21:13:05 Preparing to unpack .../25-patch_2.7.6-7build3_arm64.deb ...
10-04 21:13:05 Unpacking patch (2.7.6-7build3) ...
10-04 21:13:06 Setting up libxau6:arm64 (1:1.0.9-1build6) ...
10-04 21:13:06 Setting up libgdbm6t64:arm64 (1.23-5.1build1) ...
10-04 21:13:06 Setting up libcurl4t64:arm64 (8.5.0-2ubuntu10.15) ...
10-04 21:13:06 Setting up libgdbm-compat4t64:arm64 (1.23-5.1build1) ...
10-04 21:13:06 Setting up libcbor0.10:arm64 (0.10.2-1.2ubuntu2) ...
10-04 21:13:06 Setting up libcurl3t64-gnutls:arm64 (8.5.0-2ubuntu10.15) ...
10-04 21:13:06 Setting up less (590-2ubuntu2.1) ...
10-04 21:13:06 Setting up libx11-data (2:1.8.7-1build1) ...
10-04 21:13:06 Setting up perl-modules-5.38 (5.38.2-3.2ubuntu0.6) ...
10-04 21:13:06 Setting up patch (2.7.6-7build3) ...
10-04 21:13:06 Setting up git-man (1:2.43.0-1ubuntu7.3) ...
10-04 21:13:06 Setting up curl (8.5.0-2ubuntu10.15) ...
10-04 21:13:06 Setting up libperl5.38t64:arm64 (5.38.2-3.2ubuntu0.6) ...
10-04 21:13:06 Setting up libfido2-1:arm64 (1.14.0-1build3) ...
10-04 21:13:06 Setting up libbsd0:arm64 (0.12.1-1build1.1) ...
10-04 21:13:06 Setting up libxdmcp6:arm64 (1:1.1.3-0ubuntu6) ...
10-04 21:13:06 Setting up libxcb1:arm64 (1.15-1ubuntu2) ...
10-04 21:13:06 Setting up libedit2:arm64 (3.1-20230828-1build1) ...
10-04 21:13:06 Setting up perl (5.38.2-3.2ubuntu0.6) ...
10-04 21:13:06 Setting up libx11-6:arm64 (2:1.8.7-1build1) ...
10-04 21:13:06 Setting up libxmuu1:arm64 (2:1.1.3-3build2) ...
10-04 21:13:06 Setting up openssh-client (1:9.6p1-3ubuntu13.19) ...
10-04 21:13:07 Setting up libxext6:arm64 (2:1.3.4-1build2) ...
10-04 21:13:07 Setting up liberror-perl (0.17029-2) ...
10-04 21:13:07 Setting up git (1:2.43.0-1ubuntu7.3) ...
10-04 21:13:07 Setting up xauth (1:1.1.2-1build1) ...
10-04 21:13:07 Processing triggers for libc-bin (2.39-0ubuntu8.3) ...
10-04 21:13:09 [31m- 基础命令安装完成[0m
10-04 21:13:10 [STAGE:45:安装 NapCat（QQ↔OneBot 协议桥，含依赖，约 2~5 分钟）]
10-04 21:13:10 [31m- 安装 NapCat（QQ↔OneBot 协议桥，含依赖，约 2~5 分钟）[0m
10-04 21:13:10 [31m- Napcat 未安装，安装中...[0m
10-04 21:13:10 WARNING: apt does not have a stable CLI interface. Use with caution in scripts.
10-04 21:13:10 Reading package lists...
10-04 21:13:10 Building dependency tree...
10-04 21:13:10 Reading state information...
10-04 21:13:11 0 upgraded, 0 newly installed, 0 to remove and 108 not upgraded.
10-04 21:13:11 [AstrBot Android] LinuxQQ 修复流程 v9
10-04 21:13:11 [STAGE:35:下载 LinuxQQ（约 200MB，约 1~3 分钟，中断自动重试）]
10-04 21:13:11 [31m- 下载 LinuxQQ（约 200MB，约 1~3 分钟，中断自动重试）[0m
10-04 21:13:11 [31m- LinuxQQ 安装中[0m
10-04 21:13:11 正在读取 LinuxQQ 官方发布配置...
10-04 21:13:11   % Total    % Received % Xferd  Average Speed   Time    Time     Time  Current
10-04 21:13:11                                  Dload  Upload   Total   Spent    Left  Speed
10-04 21:13:11   0     0    0     0    0     0      0      0 --:--:-- --:--:-- --:--:--     0
10-04 21:13:13   0     0    0     0    0     0      0      0 --:--:-- --:--:-- --:--:--     0
10-04 21:13:14   0     0    0     0    0     0      0      0 --:--:--  0:00:01 --:--:--     0
10-04 21:13:14   0     0    0     0    0     0      0      0 --:--:--  0:00:02 --:--:--     0
10-04 21:13:14 100  1151  100  1151    0     0    368      0  0:00:03  0:00:03 --:--:--   368
10-04 21:13:14 100  1151  100  1151    0     0    368      0  0:00:03  0:00:03 --:--:--   368
10-04 21:13:15 正在下载 LinuxQQ ARM64 安装包...
10-04 21:13:15   % Total    % Received % Xferd  Average Speed   Time    Time     Time  Current
10-04 21:13:15                                  Dload  Upload   Total   Spent    Left  Speed
10-04 21:13:16   0     0    0     0    0     0      0      0 --:--:-- --:--:-- --:--:--     0
10-04 21:13:17   0     0    0     0    0     0      0      0 --:--:--  0:00:01 --:--:--     0
10-04 21:13:18   0     0    0     0    0     0      0      0 --:--:--  0:00:02 --:--:--     0
10-04 21:13:19   0     0    0     0    0     0      0      0 --:--:--  0:00:03 --:--:--     0
10-04 21:13:20   0     0    0     0    0     0      0      0 --:--:--  0:00:04 --:--:--     0
10-04 21:13:21   0     0    0     0    0     0      0      0 --:--:--  0:00:05 --:--:--     0
10-04 21:13:22   0     0    0     0    0     0      0      0 --:--:--  0:00:06 --:--:--     0
10-04 21:13:23   0     0    0     0    0     0      0      0 --:--:--  0:00:07 --:--:--     0
10-04 21:13:23   0     0    0     0    0     0      0      0 --:--:--  0:00:07 --:--:--     0
10-04 21:13:23   0     0    0     0    0     0      0      0 --:--:--  0:00:08 --:--:--     0
10-04 21:13:23 curl: (22) The requested URL returned error: 403
10-04 21:13:23 LinuxQQ 官网直链下载失败，尝试申请兼容签名...
10-04 21:13:23 正在向 LinuxQQ 官网申请临时下载签名...
10-04 21:13:23   % Total    % Received % Xferd  Average Speed   Time    Time     Time  Current
10-04 21:13:23                                  Dload  Upload   Total   Spent    Left  Speed
10-04 21:13:23   0     0    0     0    0     0      0      0 --:--:-- --:--:-- --:--:--     0
10-04 21:13:23 100   335    0   236  100    99    364    153 --:--:-- --:--:-- --:--:--   519
10-04 21:13:23 100   335    0   236  100    99    364    152 --:--:-- --:--:-- --:--:--   518
10-04 21:13:24   % Total    % Received % Xferd  Average Speed   Time    Time     Time  Current
10-04 21:13:24                                  Dload  Upload   Total   Spent    Left  Speed
10-04 21:13:24   0     0    0     0    0     0      0      0 --:--:-- --:--:-- --:--:--     0
10-04 21:13:25   0     0    0     0    0     0      0      0 --:--:-- --:--:-- --:--:--     0
10-04 21:13:26   0  197M    0 16384    0     0   9290      0  6:12:20  0:00:01  6:12:19  9298
10-04 21:13:27   0  197M    0 49152    0     0  18130      0  3:10:47  0:00:02  3:10:45 18143
10-04 21:13:28   0  197M    0  208k    0     0  56554      0  1:01:09  0:00:03  1:01:06 56571
10-04 21:13:29   0  197M    0  208k    0     0  44658      0  1:17:27  0:00:04  1:17:23 44671
10-04 21:13:30   0  197M    0  272k    0     0  48256      0  1:11:40  0:00:05  1:11:35 55583
10-04 21:13:31   0  197M    0  528k    0     0  79809      0  0:43:20  0:00:06  0:43:14  102k
10-04 21:13:32   0  197M    0  544k    0     0  71611      0  0:48:18  0:00:07  0:48:11   97k
10-04 21:13:33   0  197M    0  624k    0     0  72758      0  0:47:32  0:00:08  0:47:24 84925
10-04 21:13:35   0  197M    0  912k    0     0  95445      0  0:36:14  0:00:09  0:36:05  140k
10-04 21:13:36   0  197M    0 1120k    0     0   101k      0  0:33:20  0:00:11  0:33:09  160k
10-04 21:13:36   0  197M    0 1136k    0     0  96428      0  0:35:52  0:00:12  0:35:40  114k
10-04 21:13:37   0  197M    0 1472k    0     0   115k      0  0:29:19  0:00:12  0:29:07  185k
10-04 21:13:38   0  197M    0 1712k    0     0   124k      0  0:27:11  0:00:13  0:26:58  217k
10-04 21:13:40   1  197M    1 2032k    0     0   138k      0  0:24:26  0:00:14  0:24:12  227k
10-04 21:13:41   1  197M    1 2192k    0     0   136k      0  0:24:45  0:00:16  0:24:29  213k
10-04 21:13:41   1  197M    1 2288k    0     0   134k      0  0:25:12  0:00:17  0:24:55  229k
10-04 21:13:43   1  197M    1 2304k    0     0   130k      0  0:25:57  0:00:17  0:25:40  168k
10-04 21:13:43   1  197M    1 2592k    0     0   135k      0  0:24:51  0:00:19  0:24:32  166k
10-04 21:13:45   1  197M    1 2896k    0     0   146k      0  0:23:05  0:00:19  0:22:46  169k
10-04 21:13:46   1  197M    1 2896k    0     0   137k      0  0:24:29  0:00:21  0:24:08  142k
10-04 21:13:46   1  197M    1 2960k    0     0   135k      0  0:24:55  0:00:21  0:24:34  141k
10-04 21:13:48   1  197M    1 4000k    0     0   176k      0  0:19:10  0:00:22  0:18:48  339k
10-04 21:13:48   1  197M    1 4048k    0     0   168k      0  0:20:01  0:00:24  0:19:37  295k
10-04 21:13:50   2  197M    2 4064k    0     0   164k      0  0:20:35  0:00:24  0:20:11  235k
10-04 21:13:51   2  197M    2 4096k    0     0   157k      0  0:21:27  0:00:26  0:21:01  239k
10-04 21:13:52   2  197M    2 4096k    0     0   151k      0  0:22:16  0:00:27  0:21:49  219k
10-04 21:13:53   2  197M    2 5008k    0     0   178k      0  0:18:53  0:00:28  0:18:25  189k
10-04 21:13:53   2  197M    2 5088k    0     0   175k      0  0:19:16  0:00:29  0:18:47  207k
10-04 21:13:55   2  197M    2 5104k    0     0   171k      0  0:19:42  0:00:29  0:19:13  207k
10-04 21:13:56   2  197M    2 5104k    0     0   164k      0  0:20:31  0:00:31  0:20:00  201k
10-04 21:13:57   2  197M    2 5152k    0     0   161k      0  0:20:52  0:00:31  0:20:21  218k
10-04 21:13:58   2  197M    2 5152k    0     0   155k      0  0:21:39  0:00:33  0:21:06 29426
10-04 21:13:58   2  197M    2 5152k    0     0   151k      0  0:22:18  0:00:34  0:21:44 13086
10-04 21:13:59   2  197M    2 5152k    0     0   148k      0  0:22:49  0:00:34  0:22:15  9800
10-04 21:14:01   2  197M    2 5184k    0     0   145k      0  0:23:16  0:00:35  0:22:41 17489
10-04 21:14:02   2  197M    2 5200k    0     0   140k      0  0:24:03  0:00:37  0:23:26  9455
10-04 21:14:02   2  197M    2 5216k    0     0   137k      0  0:24:37  0:00:38  0:23:59 13086
10-04 21:14:03   2  197M    2 5216k    0     0   134k      0  0:25:07  0:00:38  0:24:29 13742
10-04 21:14:04   2  197M    2 5328k    0     0   134k      0  0:25:11  0:00:39  0:24:32 36549
10-04 21:14:06   2  197M    2 5440k    0     0   133k      0  0:25:16  0:00:40  0:24:36 52355
10-04 21:14:06   2  197M    2 5472k    0     0   130k      0  0:25:57  0:00:42  0:25:15 55616
10-04 21:14:08   2  197M    2 5552k    0     0   129k      0  0:25:59  0:00:42  0:25:17 73423
10-04 21:14:09   2  197M    2 5600k    0     0   127k      0  0:26:34  0:00:44  0:25:50 74941
10-04 21:14:09   2  197M    2 5856k    0     0   130k      0  0:25:52  0:00:44  0:25:08  103k
10-04 21:14:10   2  197M    2 6080k    0     0   132k      0  0:25:25  0:00:45  0:24:40  126k
10-04 21:14:12   3  197M    3 6384k    0     0   136k      0  0:24:42  0:00:46  0:23:56  195k
10-04 21:14:13   3  197M    3 6752k    0     0   140k      0  0:23:58  0:00:47  0:23:11  230k
10-04 21:14:14   3  197M    3 6752k    0     0   137k      0  0:24:32  0:00:49  0:23:43  230k
10-04 21:14:15   3  197M    3 6752k    0     0   134k      0  0:25:02  0:00:50  0:24:12  172k
10-04 21:14:16   3  197M    3 8048k    0     0   157k      0  0:21:23  0:00:50  0:20:33  378k
10-04 21:14:17   4  197M    4 8144k    0     0   156k      0  0:21:34  0:00:52  0:20:42  331k
10-04 21:14:18   4  197M    4 8240k    0     0   155k      0  0:21:39  0:00:52  0:20:47  303k
10-04 21:14:19   4  197M    4 8608k    0     0   159k      0  0:21:12  0:00:54  0:20:18  370k
10-04 21:14:20   4  197M    4 8672k    0     0   157k      0  0:21:26  0:00:55  0:20:31  383k
10-04 21:14:21   4  197M    4 8688k    0     0   154k      0  0:21:47  0:00:56  0:20:51  125k
10-04 21:14:22   4  197M    4 8688k    0     0   152k      0  0:22:07  0:00:56  0:21:11  110k
10-04 21:14:23   4  197M    4 8944k    0     0   154k      0  0:21:54  0:00:57  0:20:57  136k
10-04 21:14:24   4  197M    4 9008k    0     0   152k      0  0:22:05  0:00:58  0:21:07 84141
10-04 21:14:25   4  197M    4 9104k    0     0   151k      0  0:22:17  0:01:00  0:21:17 88314
10-04 21:14:26   4  197M    4 9168k    0     0   150k      0  0:22:24  0:01:00  0:21:24  100k
10-04 21:14:27   4  197M    4 9168k    0     0   147k      0  0:22:52  0:01:02  0:21:50 95311
10-04 21:14:28   4  197M    4 9424k    0     0   149k      0  0:22:35  0:01:03  0:21:32 97215
10-04 21:14:28   4  197M    4 9616k    0     0   150k      0  0:22:28  0:01:03  0:21:25  120k
10-04 21:14:30   4  197M    4 9696k    0     0   149k      0  0:22:34  0:01:04  0:21:30  124k
10-04 21:14:30   4  197M    4 9984k    0     0   151k      0  0:22:16  0:01:05  0:21:11  162k
10-04 21:14:31   4  197M    4  9.7M    0     0   150k      0  0:22:30  0:01:06  0:21:24  181k
10-04 21:14:33   5  197M    5  9.9M    0     0   149k      0  0:22:31  0:01:07  0:21:24  156k
10-04 21:14:33   5  197M    5 10.0M    0     0   149k      0  0:22:32  0:01:08  0:21:24  143k
10-04 21:14:35   5  197M    5 10.2M    0     0   149k      0  0:22:32  0:01:09  0:21:23  153k
10-04 21:14:36   5  197M    5 10.2M    0     0   147k      0  0:22:52  0:01:11  0:21:41   97k
10-04 21:14:36   5  197M    5 10.4M    0     0   148k      0  0:22:47  0:01:11  0:21:36  124k
10-04 21:14:37   5  197M    5 10.5M    0     0   148k      0  0:22:49  0:01:12  0:21:37  121k
10-04 21:14:39   5  197M    5 10.7M    0     0   149k      0  0:22:35  0:01:13  0:21:22  145k
10-04 21:14:39   5  197M    5 10.8M    0     0   148k      0  0:22:46  0:01:15  0:21:31  128k
10-04 21:14:41   5  197M    5 11.0M    0     0   150k      0  0:22:31  0:01:15  0:21:16  186k
10-04 21:14:42   5  197M    5 11.1M    0     0   148k      0  0:22:43  0:01:16  0:21:27  154k
10-04 21:14:42   5  197M    5 11.4M    0     0   149k      0  0:22:33  0:01:18  0:21:15  173k
10-04 21:14:43   5  197M    5 11.5M    0     0   150k      0  0:22:25  0:01:18  0:21:07  166k
10-04 21:14:44   5  197M    5 11.7M    0     0   151k      0  0:22:18  0:01:19  0:20:59  202k
10-04 21:14:46   6  197M    6 12.1M    0     0   153k      0  0:22:00  0:01:20  0:20:40  204k
10-04 21:14:46   6  197M    6 12.4M    0     0   155k      0  0:21:45  0:01:22  0:20:23  255k
10-04 21:14:47   6  197M    6 12.7M    0     0   157k      0  0:21:28  0:01:22  0:20:06  280k
10-04 21:14:48   6  197M    6 12.9M    0     0   158k      0  0:21:20  0:01:23  0:19:57  277k
10-04 21:14:49   6  197M    6 13.2M    0     0   159k      0  0:21:10  0:01:24  0:19:46  288k
10-04 21:14:51   6  197M    6 13.4M    0     0   160k      0  0:21:03  0:01:25  0:19:38  275k
10-04 21:14:51   6  197M    6 13.7M    0     0   162k      0  0:20:48  0:01:27  0:19:21  277k
10-04 21:14:53   7  197M    7 14.0M    0     0   163k      0  0:20:35  0:01:27  0:19:08  278k
10-04 21:14:53   7  197M    7 14.2M    0     0   164k      0  0:20:33  0:01:28  0:19:05  261k
10-04 21:14:54   7  197M    7 14.2M    0     0   163k      0  0:20:41  0:01:29  0:19:12  225k
10-04 21:14:55   7  197M    7 14.8M    0     0   167k      0  0:20:06  0:01:30  0:18:36  297k
10-04 21:14:56   7  197M    7 15.7M    0     0   175k      0  0:19:11  0:01:31  0:17:40  427k
10-04 21:14:58   7  197M    7 15.7M    0     0   174k      0  0:19:22  0:01:32  0:17:50  354k
10-04 21:14:58   8  197M    8 16.5M    0     0   180k      0  0:18:43  0:01:34  0:17:09  458k
10-04 21:14:59   8  197M    8 16.7M    0     0   181k      0  0:18:37  0:01:34  0:17:03  508k
10-04 21:15:00   8  197M    8 17.0M    0     0   182k      0  0:18:33  0:01:35  0:16:58  435k
10-04 21:15:02   8  197M    8 17.0M    0     0   180k      0  0:18:43  0:01:36  0:17:07  261k
10-04 21:15:03   8  197M    8 17.0M    0     0   178k      0  0:18:57  0:01:38  0:17:19  244k
10-04 21:15:04   8  197M    8 17.0M    0     0   176k      0  0:19:08  0:01:39  0:17:29  102k
10-04 21:15:05   8  197M    8 17.0M    0     0   174k      0  0:19:20  0:01:40  0:17:40 57508
10-04 21:15:05   8  197M    8 17.0M    0     0   172k      0  0:19:32  0:01:41  0:17:51 12143
10-04 21:15:07   8  197M    8 17.1M    0     0   172k      0  0:19:37  0:01:41  0:17:56 13023
10-04 21:15:08   8  197M    8 17.1M    0     0   170k      0  0:19:51  0:01:43  0:18:08  9812
10-04 21:15:09   8  197M    8 17.2M    0     0   169k      0  0:19:54  0:01:44  0:18:10 35972
10-04 21:15:10   8  197M    8 17.2M    0     0   168k      0  0:20:06  0:01:45  0:18:21 35965
10-04 21:15:11   8  197M    8 17.2M    0     0   166k      0  0:20:14  0:01:46  0:18:28 45765
10-04 21:15:12   8  197M    8 17.3M    0     0   165k      0  0:20:21  0:01:47  0:18:34 49127
10-04 21:15:13   8  197M    8 17.3M    0     0   164k      0  0:20:33  0:01:48  0:18:45 48985
10-04 21:15:13   8  197M    8 17.3M    0     0   162k      0  0:20:44  0:01:49  0:18:55 22868
10-04 21:15:15   9  197M    9 18.2M    0     0   170k      0  0:19:51  0:01:49  0:18:02  215k
10-04 21:15:16   9  197M    9 18.2M    0     0   168k      0  0:20:05  0:01:51  0:18:14  194k
10-04 21:15:17   9  197M    9 18.2M    0     0   166k      0  0:20:14  0:01:51  0:18:23  188k
10-04 21:15:18   9  197M    9 18.2M    0     0   165k      0  0:20:24  0:01:53  0:18:31  191k
10-04 21:15:19   9  197M    9 18.2M    0     0   164k      0  0:20:34  0:01:54  0:18:40  191k
10-04 21:15:20   9  197M    9 18.3M    0     0   163k      0  0:20:41  0:01:55  0:18:46 24504
10-04 21:15:20   9  197M    9 18.3M    0     0   161k      0  0:20:52  0:01:56  0:18:56 22882
10-04 21:15:22   9  197M    9 18.3M    0     0   161k      0  0:20:56  0:01:56  0:19:00 31121
10-04 21:15:23   9  197M    9 18.7M    0     0   162k      0  0:20:50  0:01:58  0:18:52 85009
10-04 21:15:24   9  197M    9 18.7M    0     0   160k      0  0:20:59  0:01:58  0:19:01 88396
10-04 21:15:25   9  197M    9 18.7M    0     0   159k      0  0:21:09  0:02:00  0:19:09 78501
10-04 21:15:26   9  197M    9 18.7M    0     0   158k      0  0:21:19  0:02:01  0:19:18 79261
10-04 21:15:27   9  197M    9 18.7M    0     0   157k      0  0:21:26  0:02:02  0:19:24 78076
10-04 21:15:27   9  197M    9 18.7M    0     0   156k      0  0:21:37  0:02:03  0:19:34 19625
10-04 21:15:29   9  197M    9 18.8M    0     0   155k      0  0:21:41  0:02:03  0:19:38 24282
10-04 21:15:30   9  197M    9 18.8M    0     0   153k      0  0:21:56  0:02:05  0:19:51 16357
10-04 21:15:31   9  197M    9 18.8M    0     0   153k      0  0:22:00  0:02:05  0:19:55 30598
10-04 21:15:32   9  197M    9 18.8M    0     0   151k      0  0:22:13  0:02:07  0:20:06 16357
10-04 21:15:33   9  197M    9 18.8M    0     0   150k      0  0:22:23  0:02:08  0:20:15 16657
10-04 21:15:34   9  197M    9 18.8M    0     0   149k      0  0:22:34  0:02:09  0:20:25 11943
10-04 21:15:35   9  197M    9 18.8M    0     0   148k      0  0:22:43  0:02:10  0:20:33 13498
10-04 21:15:36   9  197M    9 18.8M    0     0   147k      0  0:22:54  0:02:11  0:20:43  3123
10-04 21:15:37   9  197M    9 18.9M    0     0   146k      0  0:23:02  0:02:12  0:20:50  9810
10-04 21:15:38   9  197M    9 18.9M    0     0   145k      0  0:23:13  0:02:13  0:21:00  9635
10-04 21:15:39   9  197M    9 18.9M    0     0   144k      0  0:23:20  0:02:13  0:21:07 13659
10-04 21:15:40   9  197M    9 19.0M    0     0   144k      0  0:23:26  0:02:15  0:21:11 26356
10-04 21:15:41   9  197M    9 19.0M    0     0   143k      0  0:23:32  0:02:16  0:21:16 39282
10-04 21:15:42   9  197M    9 19.1M    0     0   143k      0  0:23:37  0:02:17  0:21:20 47235
10-04 21:15:43   9  197M    9 19.1M    0     0   142k      0  0:23:45  0:02:18  0:21:27 55638
10-04 21:15:44   9  197M    9 19.1M    0     0   141k      0  0:23:55  0:02:19  0:21:36 50209
10-04 21:15:45   9  197M    9 19.1M    0     0   140k      0  0:24:06  0:02:20  0:21:46 37801
10-04 21:15:46   9  197M    9 19.2M    0     0   139k      0  0:24:11  0:02:20  0:21:51 30880
10-04 21:15:47   9  197M    9 19.2M    0     0   139k      0  0:24:17  0:02:21  0:21:56 29952
10-04 21:15:48   9  197M    9 19.3M    0     0   138k      0  0:24:22  0:02:23  0:21:59 39243
10-04 21:15:49   9  197M    9 19.4M    0     0   138k      0  0:24:26  0:02:24  0:22:02 58852
10-04 21:15:49   9  197M    9 19.4M    0     0   137k      0  0:24:36  0:02:25  0:22:11 58864
10-04 21:15:51   9  197M    9 19.7M    0     0   138k      0  0:24:24  0:02:25  0:21:59  103k
10-04 21:15:52   9  197M    9 19.7M    0     0   137k      0  0:24:35  0:02:27  0:22:08 93622
10-04 21:15:53  10  197M   10 19.8M    0     0   136k      0  0:24:40  0:02:28  0:22:12 91512
10-04 21:15:54  10  197M   10 19.8M    0     0   136k      0  0:24:48  0:02:29  0:22:19 76638
10-04 21:15:54  10  197M   10 19.8M    0     0   135k      0  0:24:59  0:02:30  0:22:29 75230
10-04 21:15:56  10  197M   10 20.3M    0     0   138k      0  0:24:28  0:02:30  0:21:58  125k
10-04 21:15:57  10  197M   10 20.3M    0     0   136k      0  0:24:42  0:02:32  0:22:10  118k
10-04 21:15:58  10  197M   10 20.5M    0     0   137k      0  0:24:34  0:02:33  0:22:01  153k
10-04 21:15:59  10  197M   10 20.7M    0     0   137k      0  0:24:31  0:02:33  0:21:58  186k
10-04 21:16:00  10  197M   10 20.7M    0     0   136k      0  0:24:41  0:02:35  0:22:06  185k
10-04 21:16:01  10  197M   10 20.7M    0     0   135k      0  0:24:51  0:02:36  0:22:15 79806
10-04 21:16:02  10  197M   10 20.7M    0     0   135k      0  0:24:57  0:02:36  0:22:21 91256
10-04 21:16:03  10  197M   10 20.7M    0     0   134k      0  0:25:10  0:02:38  0:22:32 35980
10-04 21:16:04  10  197M   10 20.7M    0     0   133k      0  0:25:20  0:02:39  0:22:41  6162
10-04 21:16:05  10  197M   10 20.7M    0     0   132k      0  0:25:29  0:02:40  0:22:49     0
10-04 21:16:06  10  197M   10 20.7M    0     0   131k      0  0:25:39  0:02:41  0:22:58     0
10-04 21:16:07  10  197M   10 20.7M    0     0   130k      0  0:25:48  0:02:42  0:23:06     0
10-04 21:16:08  10  197M   10 20.7M    0     0   130k      0  0:25:58  0:02:43  0:23:15     0
10-04 21:16:09  10  197M   10 20.7M    0     0   129k      0  0:26:07  0:02:44  0:23:23     0
10-04 21:16:10  10  197M   10 20.7M    0     0   128k      0  0:26:17  0:02:45  0:23:32     0
10-04 21:16:11  10  197M   10 20.7M    0     0   127k      0  0:26:27  0:02:46  0:23:41     0
10-04 21:16:12  10  197M   10 20.7M    0     0   126k      0  0:26:36  0:02:47  0:23:49     0
10-04 21:16:13  10  197M   10 20.7M    0     0   126k      0  0:26:46  0:02:48  0:23:58     0
10-04 21:16:14  10  197M   10 20.7M    0     0   125k      0  0:26:55  0:02:49  0:24:06     0
10-04 21:16:15  10  197M   10 20.7M    0     0   124k      0  0:27:05  0:02:50  0:24:15     0
10-04 21:16:16  10  197M   10 20.7M    0     0   123k      0  0:27:14  0:02:51  0:24:23     0
10-04 21:16:17  10  197M   10 20.7M    0     0   123k      0  0:27:24  0:02:52  0:24:32     0
10-04 21:16:18  10  197M   10 20.7M    0     0   122k      0  0:27:33  0:02:53  0:24:40     0
10-04 21:16:19  10  197M   10 20.8M    0     0   122k      0  0:27:36  0:02:54  0:24:42 19633
10-04 21:16:20  10  197M   10 20.8M    0     0   122k      0  0:27:40  0:02:55  0:24:45 32709
10-04 21:16:21  10  197M   10 20.8M    0     0   121k      0  0:27:50  0:02:56  0:24:54 32709
10-04 21:16:21  10  197M   10 20.9M    0     0   120k      0  0:27:55  0:02:57  0:24:58 42513
10-04 21:16:23  10  197M   10 20.9M    0     0   120k      0  0:27:58  0:02:57  0:25:01 51719
10-04 21:16:24  10  197M   10 20.9M    0     0   120k      0  0:28:08  0:02:58  0:25:10 31882
10-04 21:16:25  10  197M   10 20.9M    0     0   119k      0  0:28:16  0:02:59  0:25:17 21177
10-04 21:16:26  10  197M   10 21.0M    0     0   119k      0  0:28:17  0:03:00  0:25:17 45647
10-04 21:16:27  10  197M   10 21.1M    0     0   119k      0  0:28:21  0:03:02  0:25:19 54016
10-04 21:16:28  10  197M   10 21.1M    0     0   118k      0  0:28:31  0:03:03  0:25:28 44489
10-04 21:16:28  10  197M   10 21.2M    0     0   118k      0  0:28:36  0:03:04  0:25:32 54714
10-04 21:16:30  10  197M   10 21.2M    0     0   117k      0  0:28:40  0:03:04  0:25:36 57463
10-04 21:16:31  10  197M   10 21.2M    0     0   117k      0  0:28:51  0:03:06  0:25:45 39819
10-04 21:16:32  10  197M   10 21.3M    0     0   116k      0  0:28:58  0:03:07  0:25:51 28554
10-04 21:16:33  10  197M   10 21.3M    0     0   115k      0  0:29:07  0:03:08  0:25:59 29078
10-04 21:16:34  10  197M   10 21.3M    0     0   115k      0  0:29:14  0:03:09  0:26:05 22868
10-04 21:16:35  10  197M   10 21.3M    0     0   114k      0  0:29:23  0:03:10  0:26:13 20694
10-04 21:16:35  10  197M   10 21.4M    0     0   114k      0  0:29:26  0:03:11  0:26:15 24094
10-04 21:16:37  10  197M   10 21.4M    0     0   114k      0  0:29:28  0:03:11  0:26:17 29534
10-04 21:16:37  10  197M   10 21.5M    0     0   114k      0  0:29:28  0:03:12  0:26:16 60261
10-04 21:16:39  10  197M   10 21.6M    0     0   114k      0  0:29:28  0:03:13  0:26:15 77040
10-04 21:16:39  11  197M   11 21.8M    0     0   114k      0  0:29:26  0:03:15  0:26:11  106k
10-04 21:16:41  11  197M   11 22.0M    0     0   115k      0  0:29:17  0:03:15  0:26:02  140k
10-04 21:16:42  11  197M   11 22.5M    0     0   117k      0  0:28:51  0:03:17  0:25:34  206k
10-04 21:16:43  11  197M   11 22.9M    0     0   118k      0  0:28:28  0:03:18  0:25:10  268k
10-04 21:16:44  11  197M   11 23.0M    0     0   118k      0  0:28:29  0:03:18  0:25:11  267k
10-04 21:16:44  11  197M   11 23.5M    0     0   120k      0  0:28:02  0:03:20  0:24:42  346k
10-04 21:16:46  11  197M   11 23.5M    0     0   120k      0  0:28:04  0:03:20  0:24:44  311k
10-04 21:16:47  11  197M   11 23.7M    0     0   120k      0  0:28:04  0:03:21  0:24:43  253k
10-04 21:16:48  12  197M   12 23.8M    0     0   119k      0  0:28:09  0:03:23  0:24:46  168k
10-04 21:16:49  12  197M   12 23.8M    0     0   119k      0  0:28:12  0:03:24  0:24:48  163k
10-04 21:16:50  12  197M   12 24.0M    0     0   120k      0  0:28:08  0:03:24  0:24:44  104k
10-04 21:16:51  12  197M   12 24.0M    0     0   119k      0  0:28:19  0:03:26  0:24:53 82897
10-04 21:16:51  12  197M   12 24.0M    0     0   118k      0  0:28:27  0:03:27  0:25:00 60014
10-04 21:16:53  12  197M   12 24.3M    0     0   119k      0  0:28:09  0:03:27  0:24:42  119k
10-04 21:16:54  12  197M   12 24.3M    0     0   119k      0  0:28:22  0:03:29  0:24:53 91971
10-04 21:16:55  12  197M   12 24.3M    0     0   118k      0  0:28:31  0:03:30  0:25:01 58012
10-04 21:16:56  12  197M   12 24.3M    0     0   117k      0  0:28:38  0:03:31  0:25:07 65838
10-04 21:16:57  13  197M   13 26.2M    0     0   127k      0  0:26:35  0:03:31  0:23:04  508k
10-04 21:16:57  13  197M   13 26.2M    0     0   126k      0  0:26:45  0:03:33  0:23:12  367k
10-04 21:16:59  13  197M   13 26.7M    0     0   127k      0  0:26:24  0:03:33  0:22:51  539k
10-04 21:17:00  13  197M   13 26.9M    0     0   128k      0  0:26:17  0:03:35  0:22:42  574k
10-04 21:17:01  13  197M   13 27.1M    0     0   128k      0  0:26:16  0:03:36  0:22:40  570k
10-04 21:17:02  13  197M   13 27.1M    0     0   128k      0  0:26:23  0:03:37  0:22:46  166k
10-04 21:17:03  13  197M   13 27.3M    0     0   128k      0  0:26:22  0:03:38  0:22:44  203k
10-04 21:17:04  13  197M   13 27.3M    0     0   127k      0  0:26:29  0:03:39  0:22:50  111k
10-04 21:17:05  13  197M   13 27.3M    0     0   126k      0  0:26:36  0:03:40  0:22:56 64917
10-04 21:17:06  13  197M   13 27.3M    0     0   126k      0  0:26:39  0:03:40  0:22:59 39952
10-04 21:17:06  13  197M   13 27.4M    0     0   126k      0  0:26:44  0:03:42  0:23:02 55583
10-04 21:17:07  14  197M   14 28.0M    0     0   128k      0  0:26:13  0:03:42  0:22:31  164k
10-04 21:17:08  14  197M   14 29.1M    0     0   133k      0  0:25:17  0:03:43  0:21:34  441k
10-04 21:17:10  15  197M   15 30.3M    0     0   138k      0  0:24:24  0:03:44  0:20:40  712k
10-04 21:17:11  15  197M   15 31.5M    0     0   142k      0  0:23:37  0:03:46  0:19:51  823k
10-04 21:17:12  16  197M   16 31.7M    0     0   143k      0  0:23:36  0:03:47  0:19:49  896k
10-04 21:17:13  16  197M   16 32.2M    0     0   144k      0  0:23:22  0:03:48  0:19:34  763k
10-04 21:17:13  16  197M   16 32.5M    0     0   145k      0  0:23:13  0:03:49  0:19:24  643k
10-04 21:17:15  16  197M   16 32.8M    0     0   146k      0  0:23:03  0:03:49  0:19:14  510k
10-04 21:17:15  16  197M   16 33.2M    0     0   147k      0  0:22:55  0:03:51  0:19:04  336k
10-04 21:17:17  16  197M   16 33.4M    0     0   147k      0  0:22:50  0:03:51  0:18:59  397k
10-04 21:17:18  16  197M   16 33.4M    0     0   146k      0  0:23:00  0:03:53  0:19:07  255k
10-04 21:17:19  17  197M   17 33.7M    0     0   147k      0  0:22:52  0:03:54  0:18:58  247k
10-04 21:17:19  17  197M   17 33.8M    0     0   147k      0  0:22:52  0:03:55  0:18:57  198k
10-04 21:17:20  17  197M   17 35.4M    0     0   154k      0  0:21:55  0:03:55  0:18:00  510k
10-04 21:17:22  18  197M   18 37.2M    0     0   161k      0  0:20:58  0:03:56  0:17:02  759k
10-04 21:17:23  18  197M   18 37.3M    0     0   160k      0  0:21:01  0:03:57  0:17:04  881k
10-04 21:17:23  19  197M   19 37.6M    0     0   161k      0  0:20:56  0:03:58  0:16:58  837k
10-04 21:17:24  19  197M   19 37.7M    0     0   161k      0  0:20:58  0:03:59  0:16:59  839k
10-04 21:17:25  19  197M   19 37.9M    0     0   161k      0  0:20:57  0:04:00  0:16:57  490k
10-04 21:17:27  19  197M   19 38.0M    0     0   161k      0  0:20:55  0:04:01  0:16:54  175k
10-04 21:17:27  19  197M   19 38.2M    0     0   160k      0  0:20:59  0:04:03  0:16:56  170k
10-04 21:17:29  19  197M   19 38.2M    0     0   160k      0  0:21:01  0:04:03  0:16:58  127k
10-04 21:17:30  19  197M   19 38.5M    0     0   161k      0  0:20:57  0:04:04  0:16:53  163k
10-04 21:17:30  19  197M   19 38.6M    0     0   160k      0  0:21:01  0:04:06  0:16:55  137k
10-04 21:17:31  19  197M   19 38.6M    0     0   160k      0  0:21:03  0:04:06  0:16:57  115k
10-04 21:17:33  19  197M   19 38.6M    0     0   159k      0  0:21:07  0:04:07  0:17:00  102k
10-04 21:17:34  19  197M   19 38.7M    0     0   159k      0  0:21:09  0:04:08  0:17:01  108k
10-04 21:17:35  19  197M   19 38.8M    0     0   159k      0  0:21:13  0:04:09  0:17:04 62110
10-04 21:17:36  19  197M   19 38.8M    0     0   158k      0  0:21:19  0:04:11  0:17:08 41707
10-04 21:17:37  19  197M   19 38.8M    0     0   157k      0  0:21:24  0:04:12  0:17:12 41373
10-04 21:17:38  19  197M   19 38.9M    0     0   157k      0  0:21:26  0:04:12  0:17:14 44660
10-04 21:17:38  19  197M   19 38.9M    0     0   157k      0  0:21:29  0:04:13  0:17:16 36571
10-04 21:17:40  19  197M   19 39.0M    0     0   157k      0  0:21:30  0:04:14  0:17:16 49971
10-04 21:17:41  19  197M   19 39.3M    0     0   157k      0  0:21:27  0:04:16  0:17:11  107k
10-04 21:17:41  20  197M   20 39.7M    0     0   158k      0  0:21:21  0:04:17  0:17:04  175k
10-04 21:17:43  20  197M   20 40.3M    0     0   160k      0  0:21:03  0:04:17  0:16:46  309k
10-04 21:17:44  20  197M   20 40.6M    0     0   160k      0  0:21:01  0:04:19  0:16:42  329k
10-04 21:17:45  20  197M   20 40.8M    0     0   160k      0  0:21:01  0:04:20  0:16:41  332k
10-04 21:17:46  20  197M   20 41.1M    0     0   161k      0  0:20:54  0:04:20  0:16:34  380k
10-04 21:17:47  20  197M   20 41.4M    0     0   162k      0  0:20:50  0:04:22  0:16:28  370k
10-04 21:17:47  21  197M   21 41.5M    0     0   161k      0  0:20:51  0:04:22  0:16:29  235k
10-04 21:17:48  21  197M   21 42.3M    0     0   164k      0  0:20:31  0:04:23  0:16:08  381k
10-04 21:17:49  22  197M   22 44.2M    0     0   171k      0  0:19:44  0:04:24  0:15:20  763k
10-04 21:17:50  22  197M   22 44.3M    0     0   171k      0  0:19:45  0:04:25  0:15:20  675k
10-04 21:17:52  23  197M   23 46.9M    0     0   180k      0  0:18:44  0:04:26  0:14:18 1213k
10-04 21:17:52  24  197M   24 48.5M    0     0   185k      0  0:18:12  0:04:27  0:13:45 1450k
10-04 21:17:53  24  197M   24 49.2M    0     0   187k      0  0:18:00  0:04:28  0:13:32 1395k
10-04 21:17:54  25  197M   25 49.7M    0     0   188k      0  0:17:53  0:04:29  0:13:24 1109k
10-04 21:17:56  25  197M   25 49.9M    0     0   188k      0  0:17:53  0:04:30  0:13:23 1138k
10-04 21:17:56  25  197M   25 50.6M    0     0   190k      0  0:17:41  0:04:31  0:13:10  736k
10-04 21:17:57  25  197M   25 51.2M    0     0   192k      0  0:17:34  0:04:32  0:13:02  563k
10-04 21:17:59  26  197M   26 51.6M    0     0   193k      0  0:17:28  0:04:33  0:12:55  507k
10-04 21:17:59  26  197M   26 52.0M    0     0   193k      0  0:17:25  0:04:35  0:12:50  452k
10-04 21:18:00  26  197M   26 52.5M    0     0   195k      0  0:17:18  0:04:35  0:12:43  532k
10-04 21:18:02  26  197M   26 52.7M    0     0   195k      0  0:17:18  0:04:36  0:12:42  433k
10-04 21:18:03  26  197M   26 52.9M    0     0   194k      0  0:17:21  0:04:38  0:12:43  312k
10-04 21:18:04  26  197M   26 52.9M    0     0   194k      0  0:17:23  0:04:39  0:12:44  235k
10-04 21:18:05  26  197M   26 52.9M    0     0   193k      0  0:17:26  0:04:39  0:12:47  188k
10-04 21:18:06  26  197M   26 53.0M    0     0   192k      0  0:17:31  0:04:41  0:12:50 86307
10-04 21:18:07  26  197M   26 53.0M    0     0   192k      0  0:17:34  0:04:42  0:12:52 51351
10-04 21:18:08  26  197M   26 53.0M    0     0   191k      0  0:17:38  0:04:43  0:12:55 19136
10-04 21:18:09  26  197M   26 53.0M    0     0   190k      0  0:17:42  0:04:44  0:12:58 15392
10-04 21:18:10  26  197M   26 53.0M    0     0   190k      0  0:17:46  0:04:45  0:13:01 11690
10-04 21:18:11  26  197M   26 53.0M    0     0   189k      0  0:17:49  0:04:46  0:13:03     0
10-04 21:18:11  26  197M   26 53.0M    0     0   188k      0  0:17:53  0:04:47  0:13:06     0
10-04 21:18:13  26  197M   26 53.0M    0     0   188k      0  0:17:54  0:04:47  0:13:07     0
10-04 21:18:13  26  197M   26 53.0M    0     0   187k      0  0:18:00  0:04:49  0:13:11  6537
10-04 21:18:15  26  197M   26 53.0M    0     0   187k      0  0:18:01  0:04:49  0:13:12  7574
10-04 21:18:16  26  197M   26 53.0M    0     0   186k      0  0:18:07  0:04:51  0:13:16  9808
10-04 21:18:17  26  197M   26 53.0M    0     0   185k      0  0:18:11  0:04:52  0:13:19  9814
10-04 21:18:18  26  197M   26 53.0M    0     0   185k      0  0:18:14  0:04:53  0:13:21  8528
10-04 21:18:19  26  197M   26 53.0M    0     0   184k      0  0:18:18  0:04:54  0:13:24  3272
10-04 21:18:20  26  197M   26 53.0M    0     0   183k      0  0:18:22  0:04:55  0:13:27  2877
10-04 21:18:21  26  197M   26 53.0M    0     0   183k      0  0:18:26  0:04:56  0:13:30     0
10-04 21:18:22  26  197M   26 53.0M    0     0   182k      0  0:18:29  0:04:57  0:13:32     0
10-04 21:18:23  26  197M   26 53.0M    0     0   182k      0  0:18:32  0:04:58  0:13:34     0
10-04 21:18:24  26  197M   26 53.0M    0     0   181k      0  0:18:35  0:04:59  0:13:36  3564
10-04 21:18:24  26  197M   26 53.0M    0     0   180k      0  0:18:40  0:05:00  0:13:40  3272
10-04 21:18:25  26  197M   26 53.0M    0     0   180k      0  0:18:41  0:05:00  0:13:41  7690
10-04 21:18:27  26  197M   26 53.1M    0     0   180k      0  0:18:44  0:05:01  0:13:43 15391
10-04 21:18:27  26  197M   26 53.1M    0     0   179k      0  0:18:51  0:05:03  0:13:48 12348
10-04 21:18:29  26  197M   26 53.1M    0     0   179k      0  0:18:50  0:05:03  0:13:47 21127
10-04 21:18:29  26  197M   26 53.1M    0     0   178k      0  0:18:57  0:05:05  0:13:52 19637
10-04 21:18:31  26  197M   26 53.1M    0     0   178k      0  0:18:57  0:05:05  0:13:52 22942
10-04 21:18:32  26  197M   26 53.2M    0     0   177k      0  0:19:03  0:05:07  0:13:56 17078
10-04 21:18:33  26  197M   26 53.2M    0     0   176k      0  0:19:07  0:05:08  0:13:59 19625
10-04 21:18:34  26  197M   26 53.2M    0     0   176k      0  0:19:11  0:05:09  0:14:02  8512
10-04 21:18:35  26  197M   26 53.2M    0     0   175k      0  0:19:15  0:05:10  0:14:05  9814
10-04 21:18:36  26  197M   26 53.2M    0     0   174k      0  0:19:18  0:05:11  0:14:07  2843
10-04 21:18:37  26  197M   26 53.2M    0     0   174k      0  0:19:22  0:05:12  0:14:10     0
10-04 21:18:38  26  197M   26 53.2M    0     0   173k      0  0:19:26  0:05:13  0:14:13     0
10-04 21:18:39  26  197M   26 53.2M    0     0   173k      0  0:19:30  0:05:14  0:14:16     0
10-04 21:18:40  26  197M   26 53.2M    0     0   172k      0  0:19:33  0:05:15  0:14:18     0
10-04 21:18:41  26  197M   26 53.2M    0     0   172k      0  0:19:37  0:05:16  0:14:21     0
10-04 21:18:42  26  197M   26 53.2M    0     0   171k      0  0:19:41  0:05:17  0:14:24     0
10-04 21:18:43  26  197M   26 53.2M    0     0   171k      0  0:19:44  0:05:18  0:14:26     0
10-04 21:18:44  26  197M   26 53.2M    0     0   170k      0  0:19:48  0:05:19  0:14:29     0
10-04 21:18:45  26  197M   26 53.2M    0     0   169k      0  0:19:52  0:05:20  0:14:32     0
10-04 21:18:46  26  197M   26 53.2M    0     0   169k      0  0:19:56  0:05:21  0:14:35     0
10-04 21:18:47  26  197M   26 53.2M    0     0   168k      0  0:19:59  0:05:22  0:14:37     0
10-04 21:18:48  26  197M   26 53.2M    0     0   168k      0  0:20:03  0:05:23  0:14:40     0
10-04 21:18:49  26  197M   26 53.2M    0     0   167k      0  0:20:07  0:05:24  0:14:43     0
10-04 21:18:50  26  197M   26 53.2M    0     0   167k      0  0:20:11  0:05:25  0:14:46     0
10-04 21:18:51  26  197M   26 53.2M    0     0   166k      0  0:20:14  0:05:26  0:14:48     0
10-04 21:18:52  26  197M   26 53.2M    0     0   166k      0  0:20:18  0:05:27  0:14:51     0
10-04 21:18:53  26  197M   26 53.2M    0     0   165k      0  0:20:22  0:05:28  0:14:54     0
10-04 21:18:54  26  197M   26 53.2M    0     0   165k      0  0:20:25  0:05:29  0:14:56     0
10-04 21:18:55  26  197M   26 53.2M    0     0   164k      0  0:20:29  0:05:30  0:14:59     0
10-04 21:18:56  26  197M   26 53.2M    0     0   164k      0  0:20:33  0:05:31  0:15:02     0
10-04 21:18:56  26  197M   26 53.2M    0     0   163k      0  0:20:36  0:05:32  0:15:04  3305
10-04 21:18:58  26  197M   26 53.2M    0     0   163k      0  0:20:37  0:05:32  0:15:05  7833
10-04 21:18:59  26  197M   26 53.2M    0     0   163k      0  0:20:43  0:05:34  0:15:09 13086
10-04 21:19:00  26  197M   26 53.3M    0     0   162k      0  0:20:43  0:05:35  0:15:08 28593
10-04 21:19:00  27  197M   27 53.5M    0     0   163k      0  0:20:42  0:05:35  0:15:07 70238
10-04 21:19:01  27  197M   27 53.5M    0     0   162k      0  0:20:44  0:05:36  0:15:08 80994
10-04 21:19:03  27  197M   27 53.6M    0     0   162k      0  0:20:44  0:05:37  0:15:07 95217
10-04 21:19:04  27  197M   27 54.0M    0     0   162k      0  0:20:43  0:05:39  0:15:04  156k
10-04 21:19:05  27  197M   27 54.0M    0     0   162k      0  0:20:44  0:05:39  0:15:05  151k
10-04 21:19:05  27  197M   27 54.3M    0     0   163k      0  0:20:42  0:05:40  0:15:02  165k
10-04 21:19:07  27  197M   27 54.5M    0     0   163k      0  0:20:40  0:05:41  0:14:59  200k
10-04 21:19:07  27  197M   27 54.7M    0     0   163k      0  0:20:38  0:05:42  0:14:56  219k
10-04 21:19:09  27  197M   27 54.9M    0     0   163k      0  0:20:38  0:05:43  0:14:55  216k
10-04 21:19:10  27  197M   27 54.9M    0     0   162k      0  0:20:45  0:05:45  0:15:00  159k
10-04 21:19:10  27  197M   27 55.0M    0     0   162k      0  0:20:46  0:05:46  0:15:00  132k
10-04 21:19:12  27  197M   27 55.0M    0     0   162k      0  0:20:46  0:05:46  0:15:00  106k
10-04 21:19:13  27  197M   27 55.0M    0     0   161k      0  0:20:52  0:05:48  0:15:04 50752
10-04 21:19:14  27  197M   27 55.1M    0     0   161k      0  0:20:54  0:05:49  0:15:05 37177
10-04 21:19:14  28  197M   28 55.4M    0     0   162k      0  0:20:50  0:05:50  0:15:00  115k
10-04 21:19:16  28  197M   28 55.5M    0     0   162k      0  0:20:50  0:05:50  0:15:00  115k
10-04 21:19:17  28  197M   28 55.5M    0     0   161k      0  0:20:54  0:05:51  0:15:03 95008
10-04 21:19:18  28  197M   28 55.5M    0     0   160k      0  0:21:00  0:05:53  0:15:07 91442
10-04 21:19:19  28  197M   28 55.5M    0     0   160k      0  0:21:04  0:05:54  0:15:10 80503
10-04 21:19:20  28  197M   28 55.5M    0     0   160k      0  0:21:05  0:05:55  0:15:10  7373
10-04 21:19:20  28  197M   28 55.5M    0     0   159k      0  0:21:07  0:05:55  0:15:12  9601
10-04 21:19:22  28  197M   28 55.5M    0     0   159k      0  0:21:11  0:05:56  0:15:15  6633
10-04 21:19:22  28  197M   28 55.5M    0     0   158k      0  0:21:16  0:05:58  0:15:18 13083
10-04 21:19:24  28  197M   28 55.5M    0     0   158k      0  0:21:17  0:05:58  0:15:19 19621
10-04 21:19:25  28  197M   28 55.7M    0     0   158k      0  0:21:19  0:06:00  0:15:19 41462
10-04 21:19:25  28  197M   28 55.8M    0     0   158k      0  0:21:18  0:06:01  0:15:17 67957
10-04 21:19:26  28  197M   28 56.3M    0     0   159k      0  0:21:11  0:06:01  0:15:10  158k
10-04 21:19:28  29  197M   29 58.2M    0     0   164k      0  0:20:33  0:06:02  0:14:31  652k
10-04 21:19:28  30  197M   30 60.5M    0     0   170k      0  0:19:49  0:06:04  0:13:45  965k
10-04 21:19:30  30  197M   30 60.6M    0     0   170k      0  0:19:51  0:06:04  0:13:47 1090k
10-04 21:19:31  30  197M   30 60.6M    0     0   169k      0  0:19:56  0:06:06  0:13:50  895k
10-04 21:19:31  30  197M   30 60.9M    0     0   170k      0  0:19:51  0:06:07  0:13:44  902k
10-04 21:19:32  30  197M   30 61.1M    0     0   170k      0  0:19:50  0:06:07  0:13:43  601k
10-04 21:19:33  31  197M   31 62.5M    0     0   173k      0  0:19:26  0:06:08  0:13:18  436k
10-04 21:19:34  33  197M   33 66.6M    0     0   184k      0  0:18:17  0:06:09  0:12:08 1249k
10-04 21:19:36  34  197M   34 67.6M    0     0   186k      0  0:18:04  0:06:10  0:11:54 1750k
10-04 21:19:36  34  197M   34 69.1M    0     0   190k      0  0:17:45  0:06:12  0:11:33 1629k
10-04 21:19:37  35  197M   35 69.5M    0     0   191k      0  0:17:40  0:06:12  0:11:28 1710k
10-04 21:19:38  36  197M   36 71.6M    0     0   196k      0  0:17:12  0:06:13  0:10:59 1840k
10-04 21:19:40  36  197M   36 72.8M    0     0   199k      0  0:16:58  0:06:14  0:10:44 1250k
10-04 21:19:40  38  197M   38 76.1M    0     0   207k      0  0:16:17  0:06:16  0:10:01 1610k
10-04 21:19:42  39  197M   39 77.2M    0     0   210k      0  0:16:04  0:06:16  0:09:48 1801k
10-04 21:19:42  39  197M   39 77.4M    0     0   209k      0  0:16:05  0:06:18  0:09:47 1534k
10-04 21:19:43  39  197M   39 77.4M    0     0   209k      0  0:16:07  0:06:18  0:09:49 1193k
10-04 21:19:45  39  197M   39 78.6M    0     0   212k      0  0:15:55  0:06:19  0:09:36 1194k
10-04 21:19:46  39  197M   39 78.6M    0     0   211k      0  0:15:58  0:06:21  0:09:37  505k
10-04 21:19:46  39  197M   39 78.7M    0     0   211k      0  0:15:59  0:06:22  0:09:37  287k
10-04 21:19:47  40  197M   40 79.1M    0     0   211k      0  0:15:56  0:06:22  0:09:34  369k
10-04 21:19:49  40  197M   40 80.2M    0     0   214k      0  0:15:46  0:06:23  0:09:23  565k
10-04 21:19:50  40  197M   40 80.7M    0     0   214k      0  0:15:44  0:06:25  0:09:19  389k
10-04 21:19:50  40  197M   40 81.0M    0     0   215k      0  0:15:42  0:06:26  0:09:16  511k
10-04 21:19:51  41  197M   41 81.3M    0     0   215k      0  0:15:40  0:06:26  0:09:14  575k
10-04 21:19:52  41  197M   41 81.3M    0     0   214k      0  0:15:43  0:06:27  0:09:16  451k
10-04 21:19:53  41  197M   41 81.6M    0     0   215k      0  0:15:42  0:06:28  0:09:14  285k
10-04 21:19:54  41  197M   41 82.7M    0     0   217k      0  0:15:32  0:06:29  0:09:03  438k
10-04 21:19:55  42  197M   42 84.5M    0     0   221k      0  0:15:14  0:06:30  0:08:44  751k
10-04 21:19:57  43  197M   43 85.9M    0     0   224k      0  0:15:01  0:06:31  0:08:30  927k
10-04 21:19:58  43  197M   43 86.5M    0     0   225k      0  0:14:58  0:06:33  0:08:25 1008k
10-04 21:19:59  44  197M   44 87.3M    0     0   226k      0  0:14:53  0:06:34  0:08:19 1039k
10-04 21:20:00  44  197M   44 87.4M    0     0   226k      0  0:14:54  0:06:35  0:08:19  921k
10-04 21:20:00  44  197M   44 87.4M    0     0   226k      0  0:14:56  0:06:36  0:08:20  549k
10-04 21:20:02  44  197M   44 87.5M    0     0   226k      0  0:14:56  0:06:36  0:08:20  328k
10-04 21:20:03  44  197M   44 88.1M    0     0   226k      0  0:14:53  0:06:38  0:08:15  321k
10-04 21:20:03  44  197M   44 88.4M    0     0   226k      0  0:14:52  0:06:38  0:08:14  244k
10-04 21:20:05  44  197M   44 88.5M    0     0   226k      0  0:14:53  0:06:39  0:08:14  235k
10-04 21:20:06  44  197M   44 88.5M    0     0   226k      0  0:14:56  0:06:41  0:08:15  232k
10-04 21:20:07  44  197M   44 88.6M    0     0   225k      0  0:14:57  0:06:42  0:08:15  210k
10-04 21:20:08  44  197M   44 89.0M    0     0   226k      0  0:14:56  0:06:43  0:08:13  176k
10-04 21:20:09  45  197M   45 89.1M    0     0   225k      0  0:14:58  0:06:44  0:08:14  120k
10-04 21:20:09  45  197M   45 89.1M    0     0   225k      0  0:14:59  0:06:44  0:08:15  111k
10-04 21:20:11  45  197M   45 89.5M    0     0   225k      0  0:14:56  0:06:45  0:08:11  212k
10-04 21:20:12  45  197M   45 90.0M    0     0   226k      0  0:14:56  0:06:47  0:08:09  252k
10-04 21:20:13  45  197M   45 90.2M    0     0   226k      0  0:14:56  0:06:48  0:08:08  220k
10-04 21:20:14  45  197M   45 90.2M    0     0   225k      0  0:14:57  0:06:48  0:08:09  267k
10-04 21:20:15  45  197M   45 90.7M    0     0   226k      0  0:14:54  0:06:50  0:08:04  314k
10-04 21:20:15  45  197M   45 91.0M    0     0   226k      0  0:14:54  0:06:51  0:08:03  279k
10-04 21:20:17  45  197M   45 91.0M    0     0   226k      0  0:14:55  0:06:51  0:08:04  237k
10-04 21:20:18  46  197M   46 91.2M    0     0   226k      0  0:14:55  0:06:52  0:08:03  255k
10-04 21:20:19  46  197M   46 91.3M    0     0   225k      0  0:14:57  0:06:53  0:08:04  225k
10-04 21:20:19  46  197M   46 91.6M    0     0   226k      0  0:14:55  0:06:54  0:08:01  202k
10-04 21:20:21  46  197M   46 91.7M    0     0   225k      0  0:14:57  0:06:55  0:08:02  160k
10-04 21:20:22  46  197M   46 91.7M    0     0   225k      0  0:14:59  0:06:57  0:08:02  147k
10-04 21:20:23  46  197M   46 91.8M    0     0   224k      0  0:15:01  0:06:58  0:08:03   98k
10-04 21:20:24  46  197M   46 91.8M    0     0   224k      0  0:15:04  0:06:59  0:08:05 92614
10-04 21:20:25  46  197M   46 91.8M    0     0   223k      0  0:15:05  0:07:00  0:08:05 31574
10-04 21:20:26  46  197M   46 91.8M    0     0   223k      0  0:15:07  0:07:01  0:08:06 30128
10-04 21:20:27  46  197M   46 91.8M    0     0   222k      0  0:15:10  0:07:02  0:08:08 18340
10-04 21:20:28  46  197M   46 91.8M    0     0   222k      0  0:15:12  0:07:03  0:08:09 15337
10-04 21:20:29  46  197M   46 91.9M    0     0   221k      0  0:15:13  0:07:04  0:08:09 14750
10-04 21:20:30  46  197M   46 91.9M    0     0   221k      0  0:15:16  0:07:05  0:08:11 14970
10-04 21:20:31  46  197M   46 91.9M    0     0   220k      0  0:15:18  0:07:06  0:08:12  6009
10-04 21:20:32  46  197M   46 91.9M    0     0   220k      0  0:15:20  0:07:07  0:08:13  6548
10-04 21:20:33  46  197M   46 91.9M    0     0   219k      0  0:15:22  0:07:08  0:08:14  9816
10-04 21:20:34  46  197M   46 91.9M    0     0   219k      0  0:15:24  0:07:09  0:08:15  6300
10-04 21:20:35  46  197M   46 91.9M    0     0   218k      0  0:15:25  0:07:09  0:08:16  7574
10-04 21:20:36  46  197M   46 91.9M    0     0   218k      0  0:15:27  0:07:10  0:08:17 15727
10-04 21:20:36  46  197M   46 92.0M    0     0   218k      0  0:15:28  0:07:11  0:08:17 27254
10-04 21:20:38  46  197M   46 92.0M    0     0   217k      0  0:15:30  0:07:12  0:08:18 28381
10-04 21:20:39  46  197M   46 92.0M    0     0   216k      0  0:15:34  0:07:14  0:08:20 24394
10-04 21:20:40  46  197M   46 92.0M    0     0   216k      0  0:15:36  0:07:15  0:08:21 21109
10-04 21:20:41  46  197M   46 92.0M    0     0   215k      0  0:15:38  0:07:16  0:08:22 14015
10-04 21:20:42  46  197M   46 92.0M    0     0   215k      0  0:15:40  0:07:17  0:08:23  5645
10-04 21:20:43  46  197M   46 92.0M    0     0   214k      0  0:15:43  0:07:18  0:08:25  2745
10-04 21:20:44  46  197M   46 92.0M    0     0   214k      0  0:15:45  0:07:19  0:08:26     0
10-04 21:20:45  46  197M   46 92.0M    0     0   214k      0  0:15:45  0:07:19  0:08:26  3703
10-04 21:20:46  46  197M   46 92.0M    0     0   213k      0  0:15:49  0:07:21  0:08:28  6548
10-04 21:20:46  46  197M   46 92.0M    0     0   213k      0  0:15:51  0:07:22  0:08:29  6775
10-04 21:20:47  46  197M   46 92.1M    0     0   213k      0  0:15:51  0:07:22  0:08:29 16233
10-04 21:20:48  46  197M   46 92.6M    0     0   213k      0  0:15:47  0:07:23  0:08:24  146k
10-04 21:20:49  47  197M   47 93.3M    0     0   214k      0  0:15:42  0:07:24  0:08:18  269k
10-04 21:20:50  47  197M   47 94.3M    0     0   216k      0  0:15:34  0:07:25  0:08:09  578k
10-04 21:20:51  48  197M   48 95.3M    0     0   218k      0  0:15:27  0:07:26  0:08:01  791k
10-04 21:20:53  48  197M   48 95.7M    0     0   218k      0  0:15:26  0:07:27  0:07:59  718k
10-04 21:20:53  48  197M   48 96.2M    0     0   219k      0  0:15:23  0:07:28  0:07:55  706k
10-04 21:20:55  48  197M   48 96.4M    0     0   219k      0  0:15:22  0:07:29  0:07:53  636k
10-04 21:20:55  48  197M   48 96.7M    0     0   219k      0  0:15:21  0:07:30  0:07:51  477k
10-04 21:20:56  49  197M   49 98.0M    0     0   222k      0  0:15:12  0:07:31  0:07:41  546k
10-04 21:20:57  49  197M   49 98.8M    0     0   223k      0  0:15:06  0:07:32  0:07:34  653k
10-04 21:20:58  50  197M   50  100M    0     0   226k      0  0:14:53  0:07:33  0:07:20  912k
10-04 21:20:59  50  197M   50  100M    0     0   226k      0  0:14:55  0:07:34  0:07:21  809k
10-04 21:21:00  51  197M   51  102M    0     0   230k      0  0:14:40  0:07:35  0:07:05 1202k
10-04 21:21:02  52  197M   52  103M    0     0   231k      0  0:14:34  0:07:36  0:06:58 1107k
10-04 21:21:02  52  197M   52  104M    0     0   233k      0  0:14:26  0:07:37  0:06:49 1129k
10-04 21:21:03  53  197M   53  105M    0     0   234k      0  0:14:24  0:07:38  0:06:46  928k
10-04 21:21:05  53  197M   53  105M    0     0   235k      0  0:14:21  0:07:39  0:06:42 1077k
10-04 21:21:06  53  197M   53  106M    0     0   235k      0  0:14:20  0:07:41  0:06:39  689k
10-04 21:21:06  53  197M   53  106M    0     0   235k      0  0:14:22  0:07:42  0:06:40  500k
10-04 21:21:08  53  197M   53  106M    0     0   234k      0  0:14:22  0:07:42  0:06:40  332k
10-04 21:21:09  53  197M   53  106M    0     0   234k      0  0:14:23  0:07:44  0:06:39  263k
10-04 21:21:09  53  197M   53  106M    0     0   234k      0  0:14:22  0:07:45  0:06:37  204k
10-04 21:21:10  53  197M   53  106M    0     0   235k      0  0:14:22  0:07:45  0:06:37  183k
10-04 21:21:11  54  197M   54  107M    0     0   235k      0  0:14:22  0:07:46  0:06:36  242k
10-04 21:21:12  54  197M   54  107M    0     0   235k      0  0:14:20  0:07:47  0:06:33  285k
10-04 21:21:13  54  197M   54  108M    0     0   236k      0  0:14:17  0:07:48  0:06:29  405k
10-04 21:21:14  54  197M   54  108M    0     0   236k      0  0:14:17  0:07:49  0:06:28  391k
10-04 21:21:15  55  197M   55  109M    0     0   237k      0  0:14:13  0:07:50  0:06:23  454k
10-04 21:21:16  55  197M   55  109M    0     0   238k      0  0:14:11  0:07:51  0:06:20  514k
10-04 21:21:17  55  197M   55  109M    0     0   238k      0  0:14:10  0:07:52  0:06:18  495k
10-04 21:21:18  55  197M   55  110M    0     0   238k      0  0:14:11  0:07:53  0:06:18  390k
10-04 21:21:19  55  197M   55  110M    0     0   237k      0  0:14:12  0:07:54  0:06:18  357k
10-04 21:21:20  55  197M   55  110M    0     0   237k      0  0:14:14  0:07:55  0:06:19  232k
10-04 21:21:21  55  197M   55  110M    0     0   236k      0  0:14:15  0:07:56  0:06:19  118k
10-04 21:21:22  55  197M   55  110M    0     0   236k      0  0:14:17  0:07:57  0:06:20 58888
10-04 21:21:23  55  197M   55  110M    0     0   236k      0  0:14:18  0:07:58  0:06:20 48946
10-04 21:21:24  55  197M   55  110M    0     0   235k      0  0:14:20  0:07:59  0:06:21 35987
10-04 21:21:25  55  197M   55  110M    0     0   235k      0  0:14:21  0:08:00  0:06:21 45801
10-04 21:21:26  56  197M   56  111M    0     0   237k      0  0:14:14  0:08:01  0:06:13  274k
10-04 21:21:27  56  197M   56  111M    0     0   236k      0  0:14:16  0:08:02  0:06:14  274k
10-04 21:21:28  57  197M   57  113M    0     0   240k      0  0:14:01  0:08:03  0:05:58  689k
10-04 21:21:29  57  197M   57  113M    0     0   240k      0  0:14:01  0:08:04  0:05:57  733k
10-04 21:21:30  57  197M   57  114M    0     0   241k      0  0:14:00  0:08:05  0:05:55  794k
10-04 21:21:31  59  197M   59  117M    0     0   246k      0  0:13:43  0:08:06  0:05:37 1115k
10-04 21:21:32  59  197M   59  118M    0     0   248k      0  0:13:34  0:08:07  0:05:27 1402k
10-04 21:21:33  60  197M   60  119M    0     0   250k      0  0:13:29  0:08:08  0:05:21 1173k
10-04 21:21:34  60  197M   60  119M    0     0   249k      0  0:13:31  0:08:09  0:05:22 1122k
10-04 21:21:35  61  197M   61  121M    0     0   253k      0  0:13:18  0:08:10  0:05:08 1479k
10-04 21:21:36  62  197M   62  123M    0     0   257k      0  0:13:08  0:08:11  0:04:57 1304k
10-04 21:21:37  62  197M   62  123M    0     0   257k      0  0:13:07  0:08:12  0:04:55 1093k
10-04 21:21:38  62  197M   62  123M    0     0   256k      0  0:13:09  0:08:13  0:04:56  889k
10-04 21:21:39  62  197M   62  123M    0     0   256k      0  0:13:10  0:08:14  0:04:56  886k
10-04 21:21:40  63  197M   63  125M    0     0   259k      0  0:13:02  0:08:15  0:04:47  790k
10-04 21:21:41  63  197M   63  126M    0     0   259k      0  0:12:59  0:08:16  0:04:43  551k
10-04 21:21:42  63  197M   63  126M    0     0   259k      0  0:13:00  0:08:17  0:04:43  503k
10-04 21:21:43  64  197M   64  126M    0     0   260k      0  0:12:59  0:08:18  0:04:41  583k
10-04 21:21:44  64  197M   64  126M    0     0   259k      0  0:12:59  0:08:19  0:04:40  622k
10-04 21:21:45  64  197M   64  127M    0     0   260k      0  0:12:58  0:08:20  0:04:38  386k
10-04 21:21:46  64  197M   64  127M    0     0   260k      0  0:12:59  0:08:21  0:04:38  279k
10-04 21:21:47  64  197M   64  127M    0     0   260k      0  0:12:59  0:08:22  0:04:37  283k
10-04 21:21:48  64  197M   64  127M    0     0   259k      0  0:13:00  0:08:23  0:04:37  210k
10-04 21:21:49  64  197M   64  127M    0     0   259k      0  0:13:02  0:08:24  0:04:38  178k
10-04 21:21:50  64  197M   64  127M    0     0   258k      0  0:13:03  0:08:25  0:04:38 81674
10-04 21:21:51  64  197M   64  127M    0     0   258k      0  0:13:05  0:08:26  0:04:39 55550
10-04 21:21:52  64  197M   64  127M    0     0   257k      0  0:13:06  0:08:27  0:04:39 22878
10-04 21:21:53  64  197M   64  127M    0     0   257k      0  0:13:08  0:08:28  0:04:40 13078
10-04 21:21:54  64  197M   64  127M    0     0   257k      0  0:13:08  0:08:29  0:04:39 42513
10-04 21:21:55  64  197M   64  128M    0     0   257k      0  0:13:08  0:08:30  0:04:38  111k
10-04 21:21:56  64  197M   64  128M    0     0   256k      0  0:13:08  0:08:31  0:04:37  140k
10-04 21:21:58  64  197M   64  128M    0     0   256k      0  0:13:09  0:08:32  0:04:37  166k
10-04 21:21:58  64  197M   64  128M    0     0   256k      0  0:13:10  0:08:33  0:04:37  165k
10-04 21:22:00  65  197M   65  128M    0     0   256k      0  0:13:11  0:08:34  0:04:37  165k
10-04 21:22:01  65  197M   65  128M    0     0   255k      0  0:13:12  0:08:35  0:04:37  108k
10-04 21:22:02  65  197M   65  128M    0     0   255k      0  0:13:13  0:08:36  0:04:37 88261
10-04 21:22:02  65  197M   65  128M    0     0   254k      0  0:13:15  0:08:37  0:04:38 68620
10-04 21:22:04  65  197M   65  129M    0     0   254k      0  0:13:15  0:08:38  0:04:37 85728
10-04 21:22:05  65  197M   65  129M    0     0   254k      0  0:13:17  0:08:39  0:04:38 68661
10-04 21:22:06  65  197M   65  129M    0     0   253k      0  0:13:17  0:08:40  0:04:37 75155
10-04 21:22:07  65  197M   65  129M    0     0   253k      0  0:13:19  0:08:41  0:04:38 81691
10-04 21:22:08  65  197M   65  129M    0     0   253k      0  0:13:19  0:08:42  0:04:37   98k
10-04 21:22:09  65  197M   65  129M    0     0   252k      0  0:13:21  0:08:43  0:04:38 87424
10-04 21:22:09  65  197M   65  129M    0     0   252k      0  0:13:21  0:08:44  0:04:37  108k
10-04 21:22:11  65  197M   65  129M    0     0   252k      0  0:13:21  0:08:45  0:04:36  126k
10-04 21:22:12  65  197M   65  129M    0     0   252k      0  0:13:22  0:08:46  0:04:36  138k
10-04 21:22:13  65  197M   65  130M    0     0   252k      0  0:13:23  0:08:47  0:04:36  130k
10-04 21:22:14  65  197M   65  130M    0     0   252k      0  0:13:24  0:08:48  0:04:36  150k
10-04 21:22:15  65  197M   65  130M    0     0   251k      0  0:13:25  0:08:49  0:04:36  114k
10-04 21:22:15  65  197M   65  130M    0     0   251k      0  0:13:26  0:08:50  0:04:36  113k
10-04 21:22:16  66  197M   66  130M    0     0   251k      0  0:13:24  0:08:51  0:04:33  171k
10-04 21:22:18  66  197M   66  130M    0     0   251k      0  0:13:25  0:08:52  0:04:33  192k
10-04 21:22:18  66  197M   66  131M    0     0   251k      0  0:13:25  0:08:53  0:04:32  223k
10-04 21:22:20  66  197M   66  131M    0     0   252k      0  0:13:22  0:08:54  0:04:28  348k
10-04 21:22:21  66  197M   66  131M    0     0   251k      0  0:13:24  0:08:55  0:04:29  309k
10-04 21:22:22  66  197M   66  132M    0     0   251k      0  0:13:25  0:08:56  0:04:29  250k
10-04 21:22:23  66  197M   66  132M    0     0   251k      0  0:13:26  0:08:57  0:04:29  222k
10-04 21:22:24  66  197M   66  132M    0     0   250k      0  0:13:27  0:08:58  0:04:29  169k
10-04 21:22:25  66  197M   66  132M    0     0   250k      0  0:13:29  0:08:59  0:04:30 44835
10-04 21:22:26  66  197M   66  132M    0     0   250k      0  0:13:30  0:09:00  0:04:30 52271
10-04 21:22:27  66  197M   66  132M    0     0   249k      0  0:13:31  0:09:01  0:04:30 26151
10-04 21:22:28  66  197M   66  132M    0     0   249k      0  0:13:32  0:09:02  0:04:30 35965
10-04 21:22:29  66  197M   66  132M    0     0   248k      0  0:13:34  0:09:03  0:04:31 35951
10-04 21:22:30  66  197M   66  132M    0     0   248k      0  0:13:35  0:09:04  0:04:31 35951
10-04 21:22:31  66  197M   66  132M    0     0   248k      0  0:13:37  0:09:05  0:04:32 26151
10-04 21:22:32  66  197M   66  132M    0     0   247k      0  0:13:38  0:09:06  0:04:32 26146
10-04 21:22:33  66  197M   66  132M    0     0   247k      0  0:13:38  0:09:07  0:04:31 39211
10-04 21:22:34  66  197M   66  132M    0     0   247k      0  0:13:40  0:09:08  0:04:32 39590
10-04 21:22:35  67  197M   67  132M    0     0   246k      0  0:13:40  0:09:09  0:04:31 78439
10-04 21:22:36  67  197M   67  132M    0     0   246k      0  0:13:41  0:09:10  0:04:31  108k
10-04 21:22:36  67  197M   67  133M    0     0   246k      0  0:13:40  0:09:11  0:04:29  178k
10-04 21:22:38  67  197M   67  134M    0     0   248k      0  0:13:34  0:09:12  0:04:22  395k
10-04 21:22:39  68  197M   68  135M    0     0   250k      0  0:13:28  0:09:13  0:04:15  628k
10-04 21:22:40  68  197M   68  135M    0     0   250k      0  0:13:29  0:09:14  0:04:15  609k
10-04 21:22:40  68  197M   68  135M    0     0   249k      0  0:13:31  0:09:15  0:04:16  577k
10-04 21:22:41  70  197M   70  138M    0     0   255k      0  0:13:14  0:09:16  0:03:58 1183k
10-04 21:22:43  71  197M   71  140M    0     0   258k      0  0:13:05  0:09:17  0:03:48 1292k
10-04 21:22:43  72  197M   72  142M    0     0   261k      0  0:12:54  0:09:18  0:03:36 1498k
10-04 21:22:44  72  197M   72  143M    0     0   261k      0  0:12:54  0:09:19  0:03:35 1558k
10-04 21:22:46  72  197M   72  143M    0     0   262k      0  0:12:53  0:09:20  0:03:33 1668k
10-04 21:22:47  73  197M   73  144M    0     0   263k      0  0:12:48  0:09:21  0:03:27 1188k
10-04 21:22:48  73  197M   73  145M    0     0   264k      0  0:12:45  0:09:22  0:03:23 1005k
10-04 21:22:49  73  197M   73  145M    0     0   264k      0  0:12:45  0:09:23  0:03:22  597k
10-04 21:22:49  73  197M   73  145M    0     0   264k      0  0:12:45  0:09:24  0:03:21  596k
10-04 21:22:51  74  197M   74  146M    0     0   265k      0  0:12:44  0:09:25  0:03:19  606k
10-04 21:22:52  74  197M   74  147M    0     0   265k      0  0:12:43  0:09:26  0:03:17  463k
10-04 21:22:53  74  197M   74  147M    0     0   266k      0  0:12:40  0:09:27  0:03:13  455k
10-04 21:22:54  74  197M   74  148M    0     0   266k      0  0:12:40  0:09:28  0:03:12  462k
10-04 21:22:55  74  197M   74  148M    0     0   266k      0  0:12:41  0:09:29  0:03:12  429k
10-04 21:22:56  74  197M   74  148M    0     0   265k      0  0:12:42  0:09:30  0:03:12  324k
10-04 21:22:56  75  197M   75  148M    0     0   266k      0  0:12:40  0:09:31  0:03:09  364k
10-04 21:22:57  75  197M   75  148M    0     0   266k      0  0:12:41  0:09:32  0:03:09  216k
10-04 21:22:59  75  197M   75  149M    0     0   266k      0  0:12:41  0:09:33  0:03:08  222k
10-04 21:23:00  75  197M   75  149M    0     0   265k      0  0:12:42  0:09:34  0:03:08  226k
10-04 21:23:01  75  197M   75  149M    0     0   265k      0  0:12:43  0:09:35  0:03:08  223k
10-04 21:23:01  75  197M   75  149M    0     0   264k      0  0:12:45  0:09:36  0:03:09 91622
10-04 21:23:03  75  197M   75  149M    0     0   265k      0  0:12:44  0:09:37  0:03:07  148k
10-04 21:23:04  75  197M   75  149M    0     0   264k      0  0:12:45  0:09:38  0:03:07  126k
10-04 21:23:05  75  197M   75  149M    0     0   264k      0  0:12:45  0:09:39  0:03:06  137k
10-04 21:23:05  75  197M   75  149M    0     0   264k      0  0:12:47  0:09:40  0:03:07  134k
10-04 21:23:07  75  197M   75  150M    0     0   264k      0  0:12:46  0:09:41  0:03:05  233k
10-04 21:23:08  76  197M   76  150M    0     0   264k      0  0:12:46  0:09:42  0:03:04  175k
10-04 21:23:09  76  197M   76  150M    0     0   264k      0  0:12:47  0:09:43  0:03:04  185k
10-04 21:23:10  76  197M   76  150M    0     0   263k      0  0:12:48  0:09:44  0:03:04  175k
10-04 21:23:10  76  197M   76  150M    0     0   263k      0  0:12:48  0:09:45  0:03:03  230k
10-04 21:23:11  76  197M   76  151M    0     0   264k      0  0:12:47  0:09:46  0:03:01  198k
10-04 21:23:12  76  197M   76  151M    0     0   263k      0  0:12:48  0:09:47  0:03:01  200k
10-04 21:23:13  77  197M   77  152M    0     0   265k      0  0:12:43  0:09:48  0:02:55  448k
10-04 21:23:14  77  197M   77  153M    0     0   266k      0  0:12:40  0:09:49  0:02:51  602k
10-04 21:23:16  78  197M   78  154M    0     0   267k      0  0:12:37  0:09:50  0:02:47  721k
10-04 21:23:17  78  197M   78  154M    0     0   267k      0  0:12:36  0:09:51  0:02:45  683k
10-04 21:23:18  78  197M   78  154M    0     0   267k      0  0:12:38  0:09:52  0:02:46  654k
10-04 21:23:19  78  197M   78  154M    0     0   266k      0  0:12:39  0:09:54  0:02:45  410k
10-04 21:23:19  78  197M   78  155M    0     0   268k      0  0:12:35  0:09:54  0:02:41  450k
10-04 21:23:21  78  197M   78  156M    0     0   268k      0  0:12:34  0:09:55  0:02:39  360k
10-04 21:23:22  79  197M   79  156M    0     0   268k      0  0:12:35  0:09:56  0:02:39  349k
10-04 21:23:22  79  197M   79  157M    0     0   268k      0  0:12:33  0:09:58  0:02:35  460k
10-04 21:23:23  80  197M   80  158M    0     0   271k      0  0:12:27  0:09:58  0:02:29  806k
10-04 21:23:24  80  197M   80  159M    0     0   271k      0  0:12:26  0:09:59  0:02:27  705k
10-04 21:23:24  80  197M   80  159M    0     0   271k      0  0:12:25  0:10:00  0:02:25  762k
10-04 21:23:24 curl: (28) Operation timed out after 599999 milliseconds with 167100416 out of 207538924 bytes received
10-04 21:23:24 LinuxQQ 官网下载安装包失败
10-04 21:23:24 LinuxQQ 安装失败，NapCat 安装已中止
10-04 21:23:24 引擎进程退出 exit=1

===== AstrBot 引擎会话开始 10-04 21:23:33 =====
10-04 21:23:33 启动脚本已与 APK 资产对齐（v2.18 每次启动强制刷新）
10-04 21:23:33 AstrBot 机器人开关已关闭：本次仅启动 NapCat（手环 QQ 直连），不安装/启动 AstrBot
10-04 21:23:33 拉起容器（proot → astrbot-startup.sh）…
10-04 21:23:33 [AstrBot Android] resolv.conf 已重写（原: nameserver 8.8.8.8 → 公共解析器x4）
10-04 21:23:33 [AstrBot Android] DNS 自检通过（getent 解析正常）
10-04 21:23:33 [STAGE:5:仅 NapCat 模式（AstrBot 机器人开关已关闭）]
10-04 21:23:33 [31m- 仅 NapCat 模式（AstrBot 机器人开关已关闭）[0m
10-04 21:23:33 [STAGE:10:检查基础命令（git/curl）]
10-04 21:23:33 [31m- 检查基础命令（git/curl）[0m
10-04 21:23:33 [31m- 基础命令已安装[0m
10-04 21:23:34 [STAGE:45:安装 NapCat（QQ↔OneBot 协议桥，含依赖，约 2~5 分钟）]
10-04 21:23:34 [31m- 安装 NapCat（QQ↔OneBot 协议桥，含依赖，约 2~5 分钟）[0m
10-04 21:23:34 [31m- Napcat 未安装，安装中...[0m
10-04 21:23:34 WARNING: apt does not have a stable CLI interface. Use with caution in scripts.
10-04 21:23:34 Reading package lists...
10-04 21:23:34 Building dependency tree...
10-04 21:23:34 Reading state information...
10-04 21:23:35 0 upgraded, 0 newly installed, 0 to remove and 108 not upgraded.
10-04 21:23:35 [AstrBot Android] LinuxQQ 修复流程 v9
10-04 21:23:35 [STAGE:35:下载 LinuxQQ（约 200MB，约 1~3 分钟，中断自动重试）]
10-04 21:23:35 [31m- 下载 LinuxQQ（约 200MB，约 1~3 分钟，中断自动重试）[0m
10-04 21:23:35 [31m- LinuxQQ 安装中[0m
10-04 21:23:35 正在读取 LinuxQQ 官方发布配置...
10-04 21:23:35   % Total    % Received % Xferd  Average Speed   Time    Time     Time  Current
10-04 21:23:35                                  Dload  Upload   Total   Spent    Left  Speed
10-04 21:23:35   0     0    0     0    0     0      0      0 --:--:-- --:--:-- --:--:--     0
10-04 21:23:35 100  1151  100  1151    0     0   8212      0 --:--:-- --:--:-- --:--:--  8280
10-04 21:23:35 正在下载 LinuxQQ ARM64 安装包...
10-04 21:23:35   % Total    % Received % Xferd  Average Speed   Time    Time     Time  Current
10-04 21:23:35                                  Dload  Upload   Total   Spent    Left  Speed
10-04 21:23:37   0     0    0     0    0     0      0      0 --:--:-- --:--:-- --:--:--     0
10-04 21:23:38   0     0    0     0    0     0      0      0 --:--:--  0:00:01 --:--:--     0
10-04 21:23:39   0     0    0     0    0     0      0      0 --:--:--  0:00:02 --:--:--     0
10-04 21:23:39   0     0    0     0    0     0      0      0 --:--:--  0:00:03 --:--:--     0
10-04 21:23:39   0     0    0     0    0     0      0      0 --:--:--  0:00:04 --:--:--     0
10-04 21:23:39   0     0    0     0    0     0      0      0 --:--:--  0:00:04 --:--:--     0
10-04 21:23:39 curl: (22) The requested URL returned error: 403
10-04 21:23:39 LinuxQQ 官网直链下载失败，尝试申请兼容签名...
10-04 21:23:39 正在向 LinuxQQ 官网申请临时下载签名...
10-04 21:23:40   % Total    % Received % Xferd  Average Speed   Time    Time     Time  Current
10-04 21:23:40                                  Dload  Upload   Total   Spent    Left  Speed
10-04 21:23:40   0     0    0     0    0     0      0      0 --:--:-- --:--:-- --:--:--     0
10-04 21:23:40 100   334    0   235  100    99    629    265 --:--:-- --:--:-- --:--:--   897
10-04 21:23:40   % Total    % Received % Xferd  Average Speed   Time    Time     Time  Current
10-04 21:23:40                                  Dload  Upload   Total   Spent    Left  Speed
10-04 21:23:40   0     0    0     0    0     0      0      0 --:--:-- --:--:-- --:--:--     0
10-04 21:23:42   0     0    0     0    0     0      0      0 --:--:-- --:--:-- --:--:--     0
10-04 21:23:43   0     0    0     0    0     0      0      0 --:--:--  0:00:01 --:--:--     0
10-04 21:23:43   0     0    0     0    0     0      0      0 --:--:--  0:00:02 --:--:--     0
10-04 21:23:45   0  198M    0 1056k    0     0   326k      0  0:10:22  0:00:03  0:10:19  326k
10-04 21:23:45   2  198M    2 5504k    0     0  1245k      0  0:02:42  0:00:04  0:02:38 1245k
10-04 21:23:46   3  198M    3 7360k    0     0  1404k      0  0:02:24  0:00:05  0:02:19 1482k
10-04 21:23:47   4  198M    4 8416k    0     0  1347k      0  0:02:30  0:00:06  0:02:24 1739k
10-04 21:23:48   4  198M    4 9552k    0     0  1320k      0  0:02:33  0:00:07  0:02:26 1982k
10-04 21:23:49   6  198M    6 11.9M    0     0  1489k      0  0:02:16  0:00:08  0:02:08 2243k
10-04 21:23:51   7  198M    7 14.8M    0     0  1647k      0  0:02:03  0:00:09  0:01:54 2017k
10-04 21:23:52   8  198M    8 16.4M    0     0  1611k      0  0:02:05  0:00:10  0:01:55 1821k
10-04 21:23:53   9  198M    9 18.6M    0     0  1663k      0  0:02:01  0:00:11  0:01:50 2039k
10-04 21:23:53  10  198M   10 20.1M    0     0  1668k      0  0:02:01  0:00:12  0:01:49 2156k
10-04 21:23:54  10  198M   10 21.5M    0     0  1658k      0  0:02:02  0:00:13  0:01:49 1933k
10-04 21:23:55  11  198M   11 23.5M    0     0  1692k      0  0:01:59  0:00:14  0:01:45 1775k
10-04 21:23:57  13  198M   13 26.8M    0     0  1806k      0  0:01:52  0:00:15  0:01:37 2229k
10-04 21:23:58  13  198M   13 27.4M    0     0  1676k      0  0:02:00  0:00:16  0:01:44 1707k
10-04 21:23:58  14  198M   14 29.2M    0     0  1679k      0  0:02:00  0:00:17  0:01:43 1705k
10-04 21:24:00  16  198M   16 32.9M    0     0  1851k      0  0:01:49  0:00:18  0:01:31 2372k
10-04 21:24:01  16  198M   16 33.6M    0     0  1766k      0  0:01:54  0:00:19  0:01:35 1967k
10-04 21:24:01  18  198M   18 35.8M    0     0  1760k      0  0:01:55  0:00:20  0:01:35 1636k
10-04 21:24:02  19  198M   19 38.2M    0     0  1838k      0  0:01:50  0:00:21  0:01:29 2437k
10-04 21:24:03  19  198M   19 38.8M    0     0  1790k      0  0:01:53  0:00:22  0:01:31 2239k
10-04 21:24:04  21  198M   21 42.1M    0     0  1860k      0  0:01:49  0:00:23  0:01:26 1890k
10-04 21:24:05  21  198M   21 42.9M    0     0  1814k      0  0:01:51  0:00:24  0:01:27 2008k
10-04 21:24:07  22  198M   22 43.6M    0     0  1771k      0  0:01:54  0:00:25  0:01:29 1826k
10-04 21:24:07  23  198M   23 47.3M    0     0  1795k      0  0:01:53  0:00:27  0:01:26 1633k
10-04 21:24:08  24  198M   24 48.4M    0     0  1820k      0  0:01:51  0:00:27  0:01:24 1951k
10-04 21:24:09  25  198M   25 51.3M    0     0  1861k      0  0:01:48  0:00:28  0:01:20 1870k
10-04 21:24:10  27  198M   27 53.6M    0     0  1874k      0  0:01:48  0:00:29  0:01:19 2163k
10-04 21:24:11  27  198M   27 53.6M    0     0  1818k      0  0:01:51  0:00:30  0:01:21 2052k
10-04 21:24:12  29  198M   29 57.6M    0     0  1889k      0  0:01:47  0:00:31  0:01:16 2497k
10-04 21:24:13  29  198M   29 58.3M    0     0  1854k      0  0:01:49  0:00:32  0:01:17 2041k
10-04 21:24:14  30  198M   30 61.1M    0     0  1883k      0  0:01:47  0:00:33  0:01:14 2005k
10-04 21:24:15  31  198M   31 62.3M    0     0  1865k      0  0:01:48  0:00:34  0:01:14 1806k
10-04 21:24:17  32  198M   32 65.2M    0     0  1891k      0  0:01:47  0:00:35  0:01:12 2324k
10-04 21:24:18  32  198M   32 65.2M    0     0  1832k      0  0:01:50  0:00:36  0:01:14 1495k
10-04 21:24:18  33  198M   33 65.7M    0     0  1781k      0  0:01:53  0:00:37  0:01:16 1358k
10-04 21:24:19  34  198M   34 67.6M    0     0  1811k      0  0:01:51  0:00:38  0:01:13 1330k
10-04 21:24:21  35  198M   35 70.6M    0     0  1841k      0  0:01:50  0:00:39  0:01:11 1682k
10-04 21:24:22  36  198M   36 73.1M    0     0  1847k      0  0:01:49  0:00:40  0:01:09 1548k
10-04 21:24:22  37  198M   37 74.8M    0     0  1830k      0  0:01:50  0:00:41  0:01:09 1818k
10-04 21:24:23  38  198M   38 76.1M    0     0  1844k      0  0:01:49  0:00:42  0:01:07 2375k
10-04 21:24:24  40  198M   40 79.3M    0     0  1879k      0  0:01:47  0:00:43  0:01:04 2403k
10-04 21:24:25  40  198M   40 80.8M    0     0  1872k      0  0:01:48  0:00:44  0:01:04 2112k
10-04 21:24:26  41  198M   41 82.3M    0     0  1864k      0  0:01:48  0:00:45  0:01:03 2019k
10-04 21:24:28  42  198M   42 84.9M    0     0  1881k      0  0:01:47  0:00:46  0:01:01 2366k
10-04 21:24:28  43  198M   43 85.7M    0     0  1852k      0  0:01:49  0:00:47  0:01:02 1917k
10-04 21:24:29  44  198M   44 88.0M    0     0  1869k      0  0:01:48  0:00:48  0:01:00 1781k
10-04 21:24:30  45  198M   45 90.8M    0     0  1889k      0  0:01:47  0:00:49  0:00:58 2045k
10-04 21:24:31  46  198M   46 92.6M    0     0  1889k      0  0:01:47  0:00:50  0:00:57 2110k
10-04 21:24:32  47  198M   47 95.0M    0     0  1897k      0  0:01:46  0:00:51  0:00:55 2047k
10-04 21:24:33  48  198M   48 96.6M    0     0  1895k      0  0:01:47  0:00:52  0:00:55 2310k
10-04 21:24:34  49  198M   49 98.9M    0     0  1902k      0  0:01:46  0:00:53  0:00:53 2226k
10-04 21:24:35  50  198M   50  100M    0     0  1894k      0  0:01:47  0:00:54  0:00:53 1937k
10-04 21:24:36  51  198M   51  102M    0     0  1895k      0  0:01:47  0:00:55  0:00:52 1955k
10-04 21:24:37  52  198M   52  104M    0     0  1897k      0  0:01:46  0:00:56  0:00:50 1896k
10-04 21:24:38  53  198M   53  106M    0     0  1908k      0  0:01:46  0:00:57  0:00:49 2043k
10-04 21:24:40  54  198M   54  108M    0     0  1907k      0  0:01:46  0:00:58  0:00:48 1961k
10-04 21:24:40  55  198M   55  110M    0     0  1895k      0  0:01:47  0:00:59  0:00:48 1910k
10-04 21:24:41  55  198M   55  110M    0     0  1880k      0  0:01:47  0:01:00  0:00:47 1708k
10-04 21:24:42  57  198M   57  113M    0     0  1890k      0  0:01:47  0:01:01  0:00:46 1810k
10-04 21:24:43  58  198M   58  116M    0     0  1911k      0  0:01:46  0:01:02  0:00:44 1943k
10-04 21:24:44  60  198M   60  119M    0     0  1927k      0  0:01:45  0:01:03  0:00:42 2162k
10-04 21:24:45  60  198M   60  119M    0     0  1906k      0  0:01:46  0:01:04  0:00:42 2042k
10-04 21:24:46  61  198M   61  122M    0     0  1920k      0  0:01:45  0:01:05  0:00:40 2392k
10-04 21:24:47  62  198M   62  124M    0     0  1926k      0  0:01:45  0:01:06  0:00:39 2358k
10-04 21:24:48  63  198M   63  126M    0     0  1928k      0  0:01:45  0:01:07  0:00:38 2148k
10-04 21:24:49  64  198M   64  128M    0     0  1926k      0  0:01:45  0:01:08  0:00:37 1914k
10-04 21:24:50  65  198M   65  130M    0     0  1933k      0  0:01:44  0:01:09  0:00:35 2278k
10-04 21:24:51  66  198M   66  132M    0     0  1935k      0  0:01:44  0:01:10  0:00:34 2138k
10-04 21:24:52  67  198M   67  133M    0     0  1921k      0  0:01:45  0:01:11  0:00:34 1863k
10-04 21:24:53  67  198M   67  133M    0     0  1895k      0  0:01:47  0:01:12  0:00:35 1444k
10-04 21:24:54  69  198M   69  138M    0     0  1936k      0  0:01:44  0:01:13  0:00:31 2067k
10-04 21:24:55  70  198M   70  140M    0     0  1933k      0  0:01:44  0:01:14  0:00:30 1933k
10-04 21:24:56  71  198M   71  142M    0     0  1935k      0  0:01:44  0:01:15  0:00:29 1935k
10-04 21:24:57  72  198M   72  144M    0     0  1939k      0  0:01:44  0:01:16  0:00:28 2180k
10-04 21:24:58  73  198M   73  146M    0     0  1938k      0  0:01:44  0:01:17  0:00:27 2562k
10-04 21:24:59  74  198M   74  148M    0     0  1943k      0  0:01:44  0:01:18  0:00:26 2045k
10-04 21:25:00  75  198M   75  149M    0     0  1933k      0  0:01:44  0:01:19  0:00:25 1935k
10-04 21:25:01  75  198M   75  149M    0     0  1910k      0  0:01:46  0:01:20  0:00:26 1537k
10-04 21:25:02  77  198M   77  153M    0     0  1941k      0  0:01:44  0:01:21  0:00:23 1979k
10-04 21:25:03  78  198M   78  155M    0     0  1936k      0  0:01:44  0:01:22  0:00:22 1905k
10-04 21:25:04  79  198M   79  158M    0     0  1943k      0  0:01:44  0:01:23  0:00:21 1945k
10-04 21:25:05  79  198M   79  158M    0     0  1924k      0  0:01:45  0:01:24  0:00:21 1777k
10-04 21:25:06  81  198M   81  162M    0     0  1949k      0  0:01:44  0:01:25  0:00:19 2576k
10-04 21:25:07  82  198M   82  162M    0     0  1931k      0  0:01:45  0:01:26  0:00:19 1769k
10-04 21:25:08  82  198M   82  162M    0     0  1909k      0  0:01:46  0:01:27  0:00:19 1463k
10-04 21:25:09  82  198M   82  162M    0     0  1887k      0  0:01:47  0:01:28  0:00:19  957k
10-04 21:25:10  82  198M   82  162M    0     0  1866k      0  0:01:48  0:01:29  0:00:19  894k
10-04 21:25:11  82  198M   82  162M    0     0  1845k      0  0:01:49  0:01:30  0:00:19  109k
10-04 21:25:12  82  198M   82  162M    0     0  1825k      0  0:01:51  0:01:31  0:00:20  3267
10-04 21:25:13  82  198M   82  162M    0     0  1806k      0  0:01:52  0:01:32  0:00:20 13060
10-04 21:25:14  84  198M   84  168M    0     0  1844k      0  0:01:50  0:01:33  0:00:17 1076k
10-04 21:25:16  85  198M   85  168M    0     0  1831k      0  0:01:50  0:01:34  0:00:16 1197k
10-04 21:25:16  86  198M   86  172M    0     0  1844k      0  0:01:50  0:01:35  0:00:15 1817k
10-04 21:25:18  87  198M   87  173M    0     0  1849k      0  0:01:49  0:01:36  0:00:13 2293k
10-04 21:25:19  88  198M   88  175M    0     0  1839k      0  0:01:50  0:01:37  0:00:13 2430k
10-04 21:25:20  89  198M   89  176M    0     0  1830k      0  0:01:50  0:01:38  0:00:12 1608k
10-04 21:25:20  90  198M   90  178M    0     0  1835k      0  0:01:50  0:01:39  0:00:11 1916k
10-04 21:25:21  91  198M   91  180M    0     0  1845k      0  0:01:49  0:01:40  0:00:09 1870k
10-04 21:25:22  92  198M   92  183M    0     0  1851k      0  0:01:49  0:01:41  0:00:08 1896k
10-04 21:25:23  93  198M   93  184M    0     0  1851k      0  0:01:49  0:01:42  0:00:07 2102k
10-04 21:25:24  94  198M   94  186M    0     0  1852k      0  0:01:49  0:01:43  0:00:06 2352k
10-04 21:25:25  94  198M   94  188M    0     0  1845k      0  0:01:49  0:01:44  0:00:05 2048k
10-04 21:25:26  96  198M   96  190M    0     0  1855k      0  0:01:49  0:01:45  0:00:04 2068k
10-04 21:25:27  97  198M   97  192M    0     0  1858k      0  0:01:49  0:01:46  0:00:03 1988k
10-04 21:25:28  98  198M   98  194M    0     0  1860k      0  0:01:49  0:01:47  0:00:02 2043k
10-04 21:25:29  99  198M   99  196M    0     0  1861k      0  0:01:48  0:01:48 --:--:-- 2064k
10-04 21:25:29 100  198M  100  198M    0     0  1856k      0  0:01:49  0:01:49 --:--:-- 2078k
10-04 21:25:29 100  198M  100  198M    0     0  1856k      0  0:01:49  0:01:49 --:--:-- 1866k
10-04 21:25:58 Reading package lists...
10-04 21:25:58 Building dependency tree...
10-04 21:25:58 Reading state information...
10-04 21:25:59 The following additional packages will be installed:
10-04 21:25:59   alsa-topology-conf alsa-ucm-conf libasound2-data libdrm-amdgpu1
10-04 21:25:59   libdrm-common libdrm2 libllvm20 libnspr4 libsensors-config libsensors5
10-04 21:25:59   libx11-xcb1 libxcb-dri3-0 libxcb-present0 libxcb-randr0 libxcb-sync1
10-04 21:25:59   libxcb-xfixes0 libxshmfence1 mesa-libgallium
10-04 21:25:59 Suggested packages:
10-04 21:25:59   alsa-utils libasound2-plugins lm-sensors
10-04 21:25:59 The following NEW packages will be installed:
10-04 21:25:59   alsa-topology-conf alsa-ucm-conf libasound2-data libasound2t64
10-04 21:25:59   libdrm-amdgpu1 libdrm-common libdrm2 libgbm1 libllvm20 libnspr4 libnss3
10-04 21:25:59   libsensors-config libsensors5 libx11-xcb1 libxcb-dri3-0 libxcb-present0
10-04 21:25:59   libxcb-randr0 libxcb-sync1 libxcb-xfixes0 libxshmfence1 mesa-libgallium
10-04 21:26:01 0 upgraded, 21 newly installed, 0 to remove and 108 not upgraded.
10-04 21:26:01 Need to get 43.6 MB of archives.
10-04 21:26:01 After this operation, 195 MB of additional disk space will be used.
10-04 21:26:01 Get:1 http://ports.ubuntu.com/ubuntu-ports noble-updates/main arm64 libdrm-common all 2.4.125-1ubuntu0.1~24.04.2 [9250 B]
10-04 21:26:02 Get:2 http://ports.ubuntu.com/ubuntu-ports noble-updates/main arm64 libdrm2 arm64 2.4.125-1ubuntu0.1~24.04.2 [42.9 kB]
10-04 21:26:02 Get:3 http://ports.ubuntu.com/ubuntu-ports noble/main arm64 libsensors-config all 1:3.6.0-9build1 [5546 B]
10-04 21:26:02 Get:4 http://ports.ubuntu.com/ubuntu-ports noble/main arm64 libsensors5 arm64 1:3.6.0-9build1 [27.0 kB]
10-04 21:26:02 Get:5 http://ports.ubuntu.com/ubuntu-ports noble/main arm64 alsa-topology-conf all 1.2.5.1-2 [15.5 kB]
10-04 21:26:02 Get:6 http://ports.ubuntu.com/ubuntu-ports noble-updates/main arm64 libasound2-data all 1.2.11-1ubuntu0.3 [21.4 kB]
10-04 21:26:02 Get:7 http://ports.ubuntu.com/ubuntu-ports noble-updates/main arm64 libasound2t64 arm64 1.2.11-1ubuntu0.3 [387 kB]
10-04 21:26:03 Get:8 http://ports.ubuntu.com/ubuntu-ports noble-updates/main arm64 alsa-ucm-conf all 1.2.10-1ubuntu5.15 [70.5 kB]
10-04 21:26:03 Get:9 http://ports.ubuntu.com/ubuntu-ports noble-updates/main arm64 libdrm-amdgpu1 arm64 2.4.125-1ubuntu0.1~24.04.2 [21.9 kB]
10-04 21:26:03 Get:10 http://ports.ubuntu.com/ubuntu-ports noble-updates/main arm64 libllvm20 arm64 1:20.1.2-0ubuntu1~24.04.3 [29.3 MB]
10-04 21:26:07 Get:11 http://ports.ubuntu.com/ubuntu-ports noble/main arm64 libx11-xcb1 arm64 2:1.8.7-1build1 [7870 B]
10-04 21:26:07 Get:12 http://ports.ubuntu.com/ubuntu-ports noble/main arm64 libxcb-dri3-0 arm64 1.15-1ubuntu2 [7196 B]
10-04 21:26:07 Get:13 http://ports.ubuntu.com/ubuntu-ports noble/main arm64 libxcb-present0 arm64 1.15-1ubuntu2 [5866 B]
10-04 21:26:07 Get:14 http://ports.ubuntu.com/ubuntu-ports noble/main arm64 libxcb-randr0 arm64 1.15-1ubuntu2 [18.4 kB]
10-04 21:26:07 Get:15 http://ports.ubuntu.com/ubuntu-ports noble/main arm64 libxcb-sync1 arm64 1.15-1ubuntu2 [9682 B]
10-04 21:26:07 Get:16 http://ports.ubuntu.com/ubuntu-ports noble/main arm64 libxcb-xfixes0 arm64 1.15-1ubuntu2 [10.6 kB]
10-04 21:26:07 Get:17 http://ports.ubuntu.com/ubuntu-ports noble/main arm64 libxshmfence1 arm64 1.3-1build5 [4938 B]
10-04 21:26:07 Get:18 http://ports.ubuntu.com/ubuntu-ports noble-updates/main arm64 mesa-libgallium arm64 25.2.8-0ubuntu0.24.04.4 [12.1 MB]
10-04 21:26:07 Get:19 http://ports.ubuntu.com/ubuntu-ports noble-updates/main arm64 libgbm1 arm64 25.2.8-0ubuntu0.24.04.4 [35.0 kB]
10-04 21:26:07 Get:20 http://ports.ubuntu.com/ubuntu-ports noble/main arm64 libnspr4 arm64 2:4.35-1.1build1 [114 kB]
10-04 21:26:07 Get:21 http://ports.ubuntu.com/ubuntu-ports noble-updates/main arm64 libnss3 arm64 2:3.98-1ubuntu0.2 [1406 kB]
10-04 21:26:08 debconf: delaying package configuration, since apt-utils is not installed
10-04 21:26:08 Fetched 43.6 MB in 8s (5131 kB/s)
10-04 21:26:09 Selecting previously unselected package libdrm-common.
10-04 21:26:09 (Reading database ... 
10-04 21:26:09 (Reading database ... 5%
10-04 21:26:09 (Reading database ... 10%
10-04 21:26:09 (Reading database ... 15%
10-04 21:26:09 (Reading database ... 20%
10-04 21:26:09 (Reading database ... 25%
10-04 21:26:09 (Reading database ... 30%
10-04 21:26:09 (Reading database ... 35%
10-04 21:26:09 (Reading database ... 40%
10-04 21:26:09 (Reading database ... 45%
10-04 21:26:09 (Reading database ... 50%
10-04 21:26:09 (Reading database ... 55%
10-04 21:26:09 (Reading database ... 60%
10-04 21:26:09 (Reading database ... 65%
10-04 21:26:09 (Reading database ... 70%
10-04 21:26:09 (Reading database ... 75%
10-04 21:26:09 (Reading database ... 80%
10-04 21:26:09 (Reading database ... 85%
10-04 21:26:09 (Reading database ... 90%
10-04 21:26:09 (Reading database ... 95%
10-04 21:26:09 (Reading database ... 100%
10-04 21:26:09 (Reading database ... 13795 files and directories currently installed.)
10-04 21:26:09 Preparing to unpack .../00-libdrm-common_2.4.125-1ubuntu0.1~24.04.2_all.deb ...
10-04 21:26:09 Unpacking libdrm-common (2.4.125-1ubuntu0.1~24.04.2) ...
10-04 21:26:09 Selecting previously unselected package libdrm2:arm64.
10-04 21:26:09 Preparing to unpack .../01-libdrm2_2.4.125-1ubuntu0.1~24.04.2_arm64.deb ...
10-04 21:26:09 Unpacking libdrm2:arm64 (2.4.125-1ubuntu0.1~24.04.2) ...
10-04 21:26:09 Selecting previously unselected package libsensors-config.
10-04 21:26:09 Preparing to unpack .../02-libsensors-config_1%3a3.6.0-9build1_all.deb ...
10-04 21:26:09 Unpacking libsensors-config (1:3.6.0-9build1) ...
10-04 21:26:09 Selecting previously unselected package libsensors5:arm64.
10-04 21:26:09 Preparing to unpack .../03-libsensors5_1%3a3.6.0-9build1_arm64.deb ...
10-04 21:26:09 Unpacking libsensors5:arm64 (1:3.6.0-9build1) ...
10-04 21:26:10 Selecting previously unselected package alsa-topology-conf.
10-04 21:26:10 Preparing to unpack .../04-alsa-topology-conf_1.2.5.1-2_all.deb ...
10-04 21:26:10 Unpacking alsa-topology-conf (1.2.5.1-2) ...
10-04 21:26:10 Selecting previously unselected package libasound2-data.
10-04 21:26:10 Preparing to unpack .../05-libasound2-data_1.2.11-1ubuntu0.3_all.deb ...
10-04 21:26:10 Unpacking libasound2-data (1.2.11-1ubuntu0.3) ...
10-04 21:26:10 Selecting previously unselected package libasound2t64:arm64.
10-04 21:26:10 Preparing to unpack .../06-libasound2t64_1.2.11-1ubuntu0.3_arm64.deb ...
10-04 21:26:10 Unpacking libasound2t64:arm64 (1.2.11-1ubuntu0.3) ...
10-04 21:26:10 Selecting previously unselected package alsa-ucm-conf.
10-04 21:26:10 Preparing to unpack .../07-alsa-ucm-conf_1.2.10-1ubuntu5.15_all.deb ...
10-04 21:26:10 Unpacking alsa-ucm-conf (1.2.10-1ubuntu5.15) ...
10-04 21:26:14 Selecting previously unselected package libdrm-amdgpu1:arm64.
10-04 21:26:14 Preparing to unpack .../08-libdrm-amdgpu1_2.4.125-1ubuntu0.1~24.04.2_arm64.deb ...
10-04 21:26:14 Unpacking libdrm-amdgpu1:arm64 (2.4.125-1ubuntu0.1~24.04.2) ...
10-04 21:26:14 Selecting previously unselected package libllvm20:arm64.
10-04 21:26:14 Preparing to unpack .../09-libllvm20_1%3a20.1.2-0ubuntu1~24.04.3_arm64.deb ...
10-04 21:26:14 Unpacking libllvm20:arm64 (1:20.1.2-0ubuntu1~24.04.3) ...
10-04 21:26:15 Selecting previously unselected package libx11-xcb1:arm64.
10-04 21:26:15 Preparing to unpack .../10-libx11-xcb1_2%3a1.8.7-1build1_arm64.deb ...
10-04 21:26:15 Unpacking libx11-xcb1:arm64 (2:1.8.7-1build1) ...
10-04 21:26:15 Selecting previously unselected package libxcb-dri3-0:arm64.
10-04 21:26:15 Preparing to unpack .../11-libxcb-dri3-0_1.15-1ubuntu2_arm64.deb ...
10-04 21:26:15 Unpacking libxcb-dri3-0:arm64 (1.15-1ubuntu2) ...
10-04 21:26:15 Selecting previously unselected package libxcb-present0:arm64.
10-04 21:26:15 Preparing to unpack .../12-libxcb-present0_1.15-1ubuntu2_arm64.deb ...
10-04 21:26:15 Unpacking libxcb-present0:arm64 (1.15-1ubuntu2) ...
10-04 21:26:16 Selecting previously unselected package libxcb-randr0:arm64.
10-04 21:26:16 Preparing to unpack .../13-libxcb-randr0_1.15-1ubuntu2_arm64.deb ...
10-04 21:26:16 Unpacking libxcb-randr0:arm64 (1.15-1ubuntu2) ...
10-04 21:26:16 Selecting previously unselected package libxcb-sync1:arm64.
10-04 21:26:16 Preparing to unpack .../14-libxcb-sync1_1.15-1ubuntu2_arm64.deb ...
10-04 21:26:16 Unpacking libxcb-sync1:arm64 (1.15-1ubuntu2) ...
10-04 21:26:16 Selecting previously unselected package libxcb-xfixes0:arm64.
10-04 21:26:16 Preparing to unpack .../15-libxcb-xfixes0_1.15-1ubuntu2_arm64.deb ...
10-04 21:26:16 Unpacking libxcb-xfixes0:arm64 (1.15-1ubuntu2) ...
10-04 21:26:16 Selecting previously unselected package libxshmfence1:arm64.
10-04 21:26:16 Preparing to unpack .../16-libxshmfence1_1.3-1build5_arm64.deb ...
10-04 21:26:16 Unpacking libxshmfence1:arm64 (1.3-1build5) ...
10-04 21:26:16 Selecting previously unselected package mesa-libgallium:arm64.
10-04 21:26:16 Preparing to unpack .../17-mesa-libgallium_25.2.8-0ubuntu0.24.04.4_arm64.deb ...
10-04 21:26:16 Unpacking mesa-libgallium:arm64 (25.2.8-0ubuntu0.24.04.4) ...
10-04 21:26:17 Selecting previously unselected package libgbm1:arm64.
10-04 21:26:17 Preparing to unpack .../18-libgbm1_25.2.8-0ubuntu0.24.04.4_arm64.deb ...
10-04 21:26:17 Unpacking libgbm1:arm64 (25.2.8-0ubuntu0.24.04.4) ...
10-04 21:26:17 Selecting previously unselected package libnspr4:arm64.
10-04 21:26:17 Preparing to unpack .../19-libnspr4_2%3a4.35-1.1build1_arm64.deb ...
10-04 21:26:17 Unpacking libnspr4:arm64 (2:4.35-1.1build1) ...
10-04 21:26:17 Selecting previously unselected package libnss3:arm64.
10-04 21:26:17 Preparing to unpack .../20-libnss3_2%3a3.98-1ubuntu0.2_arm64.deb ...
10-04 21:26:17 Unpacking libnss3:arm64 (2:3.98-1ubuntu0.2) ...
10-04 21:26:17 Setting up libxcb-dri3-0:arm64 (1.15-1ubuntu2) ...
10-04 21:26:17 Setting up libx11-xcb1:arm64 (2:1.8.7-1build1) ...
10-04 21:26:17 Setting up libxcb-xfixes0:arm64 (1.15-1ubuntu2) ...
10-04 21:26:17 Setting up libsensors-config (1:3.6.0-9build1) ...
10-04 21:26:17 Setting up libxcb-present0:arm64 (1.15-1ubuntu2) ...
10-04 21:26:17 Setting up libasound2-data (1.2.11-1ubuntu0.3) ...
10-04 21:26:17 Setting up libasound2t64:arm64 (1.2.11-1ubuntu0.3) ...
10-04 21:26:17 Setting up libnspr4:arm64 (2:4.35-1.1build1) ...
10-04 21:26:17 Setting up libxcb-sync1:arm64 (1.15-1ubuntu2) ...
10-04 21:26:18 Setting up libllvm20:arm64 (1:20.1.2-0ubuntu1~24.04.3) ...
10-04 21:26:18 Setting up libsensors5:arm64 (1:3.6.0-9build1) ...
10-04 21:26:18 Setting up alsa-topology-conf (1.2.5.1-2) ...
10-04 21:26:18 Setting up libxshmfence1:arm64 (1.3-1build5) ...
10-04 21:26:18 Setting up libxcb-randr0:arm64 (1.15-1ubuntu2) ...
10-04 21:26:18 Setting up libdrm-common (2.4.125-1ubuntu0.1~24.04.2) ...
10-04 21:26:18 Setting up alsa-ucm-conf (1.2.10-1ubuntu5.15) ...
10-04 21:26:18 Setting up libnss3:arm64 (2:3.98-1ubuntu0.2) ...
10-04 21:26:18 Setting up libdrm2:arm64 (2.4.125-1ubuntu0.1~24.04.2) ...
10-04 21:26:18 Setting up libdrm-amdgpu1:arm64 (2.4.125-1ubuntu0.1~24.04.2) ...
10-04 21:26:18 Setting up mesa-libgallium:arm64 (25.2.8-0ubuntu0.24.04.4) ...
10-04 21:26:18 Setting up libgbm1:arm64 (25.2.8-0ubuntu0.24.04.4) ...
10-04 21:26:18 Processing triggers for libc-bin (2.39-0ubuntu8.3) ...
10-04 21:26:19 Reading package lists...
10-04 21:26:19 Building dependency tree...
10-04 21:26:19 Reading state information...
10-04 21:26:20 The following additional packages will be installed:
10-04 21:26:20   adwaita-icon-theme at-spi2-common at-spi2-core cpp cpp-13
10-04 21:26:20   cpp-13-aarch64-linux-gnu cpp-aarch64-linux-gnu dbus-user-session
10-04 21:26:20   dconf-gsettings-backend dconf-service fontconfig fontconfig-config
10-04 21:26:20   fonts-dejavu-core fonts-dejavu-mono gcc-13-base gsettings-desktop-schemas
10-04 21:26:20   gtk-update-icon-cache hicolor-icon-theme humanity-icon-theme
10-04 21:26:20   libappindicator3-1 libatk-bridge2.0-0t64 libatk1.0-0t64 libatspi2.0-0t64
10-04 21:26:20   libauthen-sasl-perl libavahi-client3 libavahi-common-data libavahi-common3
10-04 21:26:20   libcairo-gobject2 libcairo2 libclone-perl libcolord2 libcups2t64
10-04 21:26:20   libdata-dump-perl libdatrie1 libdbusmenu-glib4 libdbusmenu-gtk3-4 libdconf1
10-04 21:26:20   libdeflate0 libegl-mesa0 libegl1 libencode-locale-perl libepoxy0
10-04 21:26:20   libfile-basedir-perl libfile-desktopentry-perl libfile-listing-perl
10-04 21:26:20   libfile-mimeinfo-perl libfont-afm-perl libfontconfig1 libfreetype6
10-04 21:26:20   libfribidi0 libgdk-pixbuf-2.0-0 libgdk-pixbuf2.0-bin libgdk-pixbuf2.0-common
10-04 21:26:20   libgl1 libgl1-mesa-dri libgles2 libglvnd0 libglx-mesa0 libglx0
10-04 21:26:20   libgraphite2-3 libgtk-3-0t64 libgtk-3-bin libgtk-3-common libharfbuzz0b
10-04 21:26:20   libhtml-form-perl libhtml-format-perl libhtml-parser-perl
10-04 21:26:20   libhtml-tagset-perl libhtml-tree-perl libhttp-cookies-perl
10-04 21:26:20   libhttp-daemon-perl libhttp-date-perl libhttp-message-perl
10-04 21:26:20   libhttp-negotiate-perl libice6 libio-html-perl libio-socket-ssl-perl
10-04 21:26:20   libio-stringy-perl libipc-system-simple-perl libisl23 libjbig0
10-04 21:26:20   libjpeg-turbo8 libjpeg8 liblcms2-2 liblerc4 liblwp-mediatypes-perl
10-04 21:26:20   liblwp-protocol-https-perl libmailtools-perl libmpc3 libmpfr6
10-04 21:26:20   libnet-dbus-perl libnet-http-perl libnet-smtp-ssl-perl libnet-ssleay-perl
10-04 21:26:20   libnotify4 libpango-1.0-0 libpangocairo-1.0-0 libpangoft2-1.0-0
10-04 21:26:20   libpixman-1-0 libpng16-16t64 libproc2-0 librsvg2-2 librsvg2-common
10-04 21:26:20   libsecret-1-0 libsecret-common libsharpyuv0 libsm6 libtext-iconv-perl
10-04 21:26:20   libthai-data libthai0 libtie-ixhash-perl libtiff6 libtimedate-perl
10-04 21:26:20   libtry-tiny-perl liburi-perl libvulkan1 libwayland-client0
10-04 21:26:20   libwayland-cursor0 libwayland-egl1 libwebp7 libwww-perl
10-04 21:26:20   libwww-robotrules-perl libx11-protocol-perl libxaw7 libxcb-glx0
10-04 21:26:20   libxcb-render0 libxcb-shape0 libxcb-shm0 libxcomposite1 libxcursor1
10-04 21:26:20   libxdamage1 libxfixes3 libxft2 libxi6 libxinerama1 libxkbcommon0 libxkbfile1
10-04 21:26:20   libxml-parser-perl libxml-twig-perl libxml-xpathengine-perl libxmu6 libxpm4
10-04 21:26:20   libxrandr2 libxrender1 libxss1 libxt6t64 libxtst6 libxv1 libxxf86dga1
10-04 21:26:20   libxxf86vm1 mesa-vulkan-drivers perl-openssl-defaults procps psmisc
10-04 21:26:20   session-migration shared-mime-info ubuntu-mono x11-common x11-utils
10-04 21:26:20   x11-xserver-utils xdg-utils xkb-data zutty
10-04 21:26:20 Suggested packages:
10-04 21:26:20   cpp-doc gcc-13-locales cpp-13-doc indicator-application libdigest-hmac-perl
10-04 21:26:20   libgssapi-perl colord cups-common gvfs libio-compress-brotli-perl
10-04 21:26:20   liblcms2-utils libcrypt-ssleay-perl notification-daemon librsvg2-bin
10-04 21:26:20   libsub-name-perl libbusiness-isbn-perl libregexp-ipv6-perl
10-04 21:26:20   libauthen-ntlm-perl libunicode-map8-perl libunicode-string-perl
10-04 21:26:20   xml-twig-tools debhelper mesa-utils nickle cairo-5c xorg-docs-core
10-04 21:26:20 Recommended packages:
10-04 21:26:20   luit
10-04 21:26:22 The following NEW packages will be installed:
10-04 21:26:22   adwaita-icon-theme at-spi2-common at-spi2-core cpp cpp-13
10-04 21:26:22   cpp-13-aarch64-linux-gnu cpp-aarch64-linux-gnu dbus-user-session
10-04 21:26:22   dconf-gsettings-backend dconf-service fontconfig fontconfig-config
10-04 21:26:22   fonts-dejavu-core fonts-dejavu-mono gcc-13-base gsettings-desktop-schemas
10-04 21:26:22   gtk-update-icon-cache hicolor-icon-theme humanity-icon-theme
10-04 21:26:22   libappindicator3-1 libatk-bridge2.0-0t64 libatk1.0-0t64 libatspi2.0-0t64
10-04 21:26:22   libauthen-sasl-perl libavahi-client3 libavahi-common-data libavahi-common3
10-04 21:26:22   libcairo-gobject2 libcairo2 libclone-perl libcolord2 libcups2t64
10-04 21:26:22   libdata-dump-perl libdatrie1 libdbusmenu-glib4 libdbusmenu-gtk3-4 libdconf1
10-04 21:26:22   libdeflate0 libegl-mesa0 libegl1 libencode-locale-perl libepoxy0
10-04 21:26:22   libfile-basedir-perl libfile-desktopentry-perl libfile-listing-perl
10-04 21:26:22   libfile-mimeinfo-perl libfont-afm-perl libfontconfig1 libfreetype6
10-04 21:26:22   libfribidi0 libgdk-pixbuf-2.0-0 libgdk-pixbuf2.0-bin libgdk-pixbuf2.0-common
10-04 21:26:22   libgl1 libgl1-mesa-dri libgles2 libglvnd0 libglx-mesa0 libglx0
10-04 21:26:22   libgraphite2-3 libgtk-3-0t64 libgtk-3-bin libgtk-3-common libharfbuzz0b
10-04 21:26:22   libhtml-form-perl libhtml-format-perl libhtml-parser-perl
10-04 21:26:22   libhtml-tagset-perl libhtml-tree-perl libhttp-cookies-perl
10-04 21:26:22   libhttp-daemon-perl libhttp-date-perl libhttp-message-perl
10-04 21:26:22   libhttp-negotiate-perl libice6 libio-html-perl libio-socket-ssl-perl
10-04 21:26:22   libio-stringy-perl libipc-system-simple-perl libisl23 libjbig0
10-04 21:26:22   libjpeg-turbo8 libjpeg8 liblcms2-2 liblerc4 liblwp-mediatypes-perl
10-04 21:26:22   liblwp-protocol-https-perl libmailtools-perl libmpc3 libmpfr6
10-04 21:26:22   libnet-dbus-perl libnet-http-perl libnet-smtp-ssl-perl libnet-ssleay-perl
10-04 21:26:22   libnotify4 libpango-1.0-0 libpangocairo-1.0-0 libpangoft2-1.0-0
10-04 21:26:22   libpixman-1-0 libpng16-16t64 libproc2-0 librsvg2-2 librsvg2-common
10-04 21:26:22   libsecret-1-0 libsecret-common libsharpyuv0 libsm6 libtext-iconv-perl
10-04 21:26:22   libthai-data libthai0 libtie-ixhash-perl libtiff6 libtimedate-perl
10-04 21:26:22   libtry-tiny-perl liburi-perl libvulkan1 libwayland-client0
10-04 21:26:22   libwayland-cursor0 libwayland-egl1 libwebp7 libwww-perl
10-04 21:26:22   libwww-robotrules-perl libx11-protocol-perl libxaw7 libxcb-glx0
10-04 21:26:22   libxcb-render0 libxcb-shape0 libxcb-shm0 libxcomposite1 libxcursor1
10-04 21:26:22   libxdamage1 libxfixes3 libxft2 libxi6 libxinerama1 libxkbcommon0 libxkbfile1
10-04 21:26:22   libxml-parser-perl libxml-twig-perl libxml-xpathengine-perl libxmu6 libxpm4
10-04 21:26:22   libxrandr2 libxrender1 libxss1 libxt6t64 libxtst6 libxv1 libxxf86dga1
10-04 21:26:22   libxxf86vm1 linuxqq mesa-vulkan-drivers perl-openssl-defaults procps psmisc
10-04 21:26:22   session-migration shared-mime-info ubuntu-mono x11-common x11-utils
10-04 21:26:22   x11-xserver-utils xdg-utils xkb-data zutty
10-04 21:26:23 0 upgraded, 164 newly installed, 0 to remove and 108 not upgraded.
10-04 21:26:23 Need to get 52.0 MB/260 MB of archives.
10-04 21:26:23 After this operation, 932 MB of additional disk space will be used.
10-04 21:26:23 Get:1 http://ports.ubuntu.com/ubuntu-ports noble-updates/main arm64 libproc2-0 arm64 2:4.0.4-4ubuntu3.3 [58.5 kB]
10-04 21:26:24 Get:2 /root/QQ.deb linuxqq arm64 3.2.33-52892 [208 MB]
10-04 21:26:24 Get:3 http://ports.ubuntu.com/ubuntu-ports noble-updates/main arm64 procps arm64 2:4.0.4-4ubuntu3.3 [707 kB]
10-04 21:26:25 Get:4 http://ports.ubuntu.com/ubuntu-ports noble-updates/main arm64 dbus-user-session arm64 1.14.10-4ubuntu4.1 [9968 B]
10-04 21:26:25 Get:5 http://ports.ubuntu.com/ubuntu-ports noble/main arm64 libfribidi0 arm64 1.0.13-3build1 [26.5 kB]
10-04 21:26:25 Get:6 http://ports.ubuntu.com/ubuntu-ports noble/main arm64 libtext-iconv-perl arm64 1.7-8build3 [13.1 kB]
10-04 21:26:26 Get:7 http://ports.ubuntu.com/ubuntu-ports noble/main arm64 shared-mime-info arm64 2.4-4 [472 kB]
10-04 21:26:26 Get:8 http://ports.ubuntu.com/ubuntu-ports noble-updates/main arm64 xkb-data all 2.41-2ubuntu1.1 [397 kB]
10-04 21:26:26 Get:9 http://ports.ubuntu.com/ubuntu-ports noble-updates/main arm64 libpng16-16t64 arm64 1.6.43-5ubuntu0.6 [187 kB]
10-04 21:26:26 Get:10 http://ports.ubuntu.com/ubuntu-ports noble/main arm64 libxkbcommon0 arm64 1.6.0-1build1 [122 kB]
10-04 21:26:26 Get:11 http://ports.ubuntu.com/ubuntu-ports noble/main arm64 psmisc arm64 23.7-1build1 [178 kB]
10-04 21:26:26 Get:12 http://ports.ubuntu.com/ubuntu-ports noble-updates/main arm64 libgdk-pixbuf2.0-common all 2.42.10+dfsg-3ubuntu3.3 [8302 B]
10-04 21:26:26 Get:13 http://ports.ubuntu.com/ubuntu-ports noble/main arm64 libjpeg-turbo8 arm64 2.1.5-2ubuntu2 [163 kB]
10-04 21:26:26 Get:14 http://ports.ubuntu.com/ubuntu-ports noble/main arm64 libjpeg8 arm64 8c-2ubuntu11 [2148 B]
10-04 21:26:26 Get:15 http://ports.ubuntu.com/ubuntu-ports noble-updates/main arm64 libdeflate0 arm64 1.19-1build1.1 [43.5 kB]
10-04 21:26:26 Get:16 http://ports.ubuntu.com/ubuntu-ports noble/main arm64 libjbig0 arm64 2.1-6.1ubuntu2 [29.3 kB]
10-04 21:26:26 Get:17 http://ports.ubuntu.com/ubuntu-ports noble/main arm64 liblerc4 arm64 4.0.0+ds-4ubuntu2 [154 kB]
10-04 21:26:26 Get:18 http://ports.ubuntu.com/ubuntu-ports noble/main arm64 libsharpyuv0 arm64 1.3.2-0.4build3 [14.5 kB]
10-04 21:26:26 Get:19 http://ports.ubuntu.com/ubuntu-ports noble/main arm64 libwebp7 arm64 1.3.2-0.4build3 [191 kB]
10-04 21:26:26 Get:20 http://ports.ubuntu.com/ubuntu-ports noble-updates/main arm64 libtiff6 arm64 4.5.1+git230720-4ubuntu2.5 [192 kB]
10-04 21:26:26 Get:21 http://ports.ubuntu.com/ubuntu-ports noble-updates/main arm64 libgdk-pixbuf-2.0-0 arm64 2.42.10+dfsg-3ubuntu3.3 [146 kB]
10-04 21:26:27 Get:22 http://ports.ubuntu.com/ubuntu-ports noble-updates/main arm64 gtk-update-icon-cache arm64 3.24.41-4ubuntu1.3 [52.2 kB]
10-04 21:26:27 Get:23 http://ports.ubuntu.com/ubuntu-ports noble/main arm64 hicolor-icon-theme all 0.17-2 [9976 B]
10-04 21:26:27 Get:24 http://ports.ubuntu.com/ubuntu-ports noble/main arm64 humanity-icon-theme all 0.6.16 [1282 kB]
10-04 21:26:27 Get:25 http://ports.ubuntu.com/ubuntu-ports noble/main arm64 ubuntu-mono all 24.04-0ubuntu1 [151 kB]
10-04 21:26:27 Get:26 http://ports.ubuntu.com/ubuntu-ports noble/main arm64 adwaita-icon-theme all 46.0-1 [723 kB]
10-04 21:26:27 Get:27 http://ports.ubuntu.com/ubuntu-ports noble/main arm64 at-spi2-common all 2.52.0-1build1 [8674 B]
10-04 21:26:27 Get:28 http://ports.ubuntu.com/ubuntu-ports noble/main arm64 libxi6 arm64 2:1.8.1-1build1 [31.9 kB]
10-04 21:26:27 Get:29 http://ports.ubuntu.com/ubuntu-ports noble/main arm64 libatspi2.0-0t64 arm64 2.52.0-1build1 [80.9 kB]
10-04 21:26:27 Get:30 http://ports.ubuntu.com/ubuntu-ports noble/main arm64 x11-common all 1:7.7+23ubuntu3 [21.7 kB]
10-04 21:26:27 Get:31 http://ports.ubuntu.com/ubuntu-ports noble/main arm64 libxtst6 arm64 2:1.2.3-1.1build1 [13.0 kB]
10-04 21:26:27 Get:32 http://ports.ubuntu.com/ubuntu-ports noble-updates/main arm64 libdconf1 arm64 0.40.0-4ubuntu0.1 [39.9 kB]
10-04 21:26:27 Get:33 http://ports.ubuntu.com/ubuntu-ports noble-updates/main arm64 dconf-service arm64 0.40.0-4ubuntu0.1 [27.0 kB]
10-04 21:26:27 Get:34 http://ports.ubuntu.com/ubuntu-ports noble-updates/main arm64 dconf-gsettings-backend arm64 0.40.0-4ubuntu0.1 [22.0 kB]
10-04 21:26:27 Get:35 http://ports.ubuntu.com/ubuntu-ports noble/main arm64 session-migration arm64 0.3.9build1 [8958 B]
10-04 21:26:27 Get:36 http://ports.ubuntu.com/ubuntu-ports noble-updates/main arm64 gsettings-desktop-schemas all 46.1-0ubuntu1 [35.6 kB]
10-04 21:26:28 Get:37 http://ports.ubuntu.com/ubuntu-ports noble/main arm64 at-spi2-core arm64 2.52.0-1build1 [55.8 kB]
10-04 21:26:28 Get:38 http://ports.ubuntu.com/ubuntu-ports noble-updates/main arm64 gcc-13-base arm64 13.3.0-6ubuntu2~24.04.1 [51.6 kB]
10-04 21:26:28 Get:39 http://ports.ubuntu.com/ubuntu-ports noble-updates/main arm64 libisl23 arm64 0.26-3build1.1 [669 kB]
10-04 21:26:28 Get:40 http://ports.ubuntu.com/ubuntu-ports noble-updates/main arm64 libmpfr6 arm64 4.2.1-1build1.1 [329 kB]
10-04 21:26:28 Get:41 http://ports.ubuntu.com/ubuntu-ports noble-updates/main arm64 libmpc3 arm64 1.3.1-1build1.1 [56.4 kB]
10-04 21:26:28 Get:42 http://ports.ubuntu.com/ubuntu-ports noble-updates/main arm64 cpp-13-aarch64-linux-gnu arm64 13.3.0-6ubuntu2~24.04.1 [9560 kB]
10-04 21:26:29 Get:43 http://ports.ubuntu.com/ubuntu-ports noble-updates/main arm64 cpp-13 arm64 13.3.0-6ubuntu2~24.04.1 [1038 B]
10-04 21:26:29 Get:44 http://ports.ubuntu.com/ubuntu-ports noble/main arm64 cpp-aarch64-linux-gnu arm64 4:13.2.0-7ubuntu1 [5316 B]
10-04 21:26:29 Get:45 http://ports.ubuntu.com/ubuntu-ports noble/main arm64 cpp arm64 4:13.2.0-7ubuntu1 [22.4 kB]
10-04 21:26:29 Get:46 http://ports.ubuntu.com/ubuntu-ports noble-updates/main arm64 libfreetype6 arm64 2.13.2+dfsg-1ubuntu0.1 [394 kB]
10-04 21:26:29 Get:47 http://ports.ubuntu.com/ubuntu-ports noble/main arm64 fonts-dejavu-mono all 2.37-8 [502 kB]
10-04 21:26:29 Get:48 http://ports.ubuntu.com/ubuntu-ports noble/main arm64 fonts-dejavu-core all 2.37-8 [835 kB]
10-04 21:26:29 Get:49 http://ports.ubuntu.com/ubuntu-ports noble/main arm64 fontconfig-config arm64 2.15.0-1.1ubuntu2 [37.4 kB]
10-04 21:26:29 Get:50 http://ports.ubuntu.com/ubuntu-ports noble/main arm64 libfontconfig1 arm64 2.15.0-1.1ubuntu2 [142 kB]
10-04 21:26:29 Get:51 http://ports.ubuntu.com/ubuntu-ports noble/main arm64 fontconfig arm64 2.15.0-1.1ubuntu2 [190 kB]
10-04 21:26:29 Get:52 http://ports.ubuntu.com/ubuntu-ports noble/main arm64 libdbusmenu-glib4 arm64 18.10.20180917~bzr492+repack1-3.1ubuntu5 [42.7 kB]
10-04 21:26:29 Get:53 http://ports.ubuntu.com/ubuntu-ports noble/main arm64 libatk1.0-0t64 arm64 2.52.0-1build1 [55.1 kB]
10-04 21:26:29 Get:54 http://ports.ubuntu.com/ubuntu-ports noble/main arm64 libatk-bridge2.0-0t64 arm64 2.52.0-1build1 [66.3 kB]
10-04 21:26:29 Get:55 http://ports.ubuntu.com/ubuntu-ports noble/main arm64 libpixman-1-0 arm64 0.42.2-1build1 [204 kB]
10-04 21:26:29 Get:56 http://ports.ubuntu.com/ubuntu-ports noble/main arm64 libxcb-render0 arm64 1.15-1ubuntu2 [16.6 kB]
10-04 21:26:29 Get:57 http://ports.ubuntu.com/ubuntu-ports noble/main arm64 libxcb-shm0 arm64 1.15-1ubuntu2 [5876 B]
10-04 21:26:29 Get:58 http://ports.ubuntu.com/ubuntu-ports noble/main arm64 libxrender1 arm64 1:0.9.10-1.1build1 [18.8 kB]
10-04 21:26:29 Get:59 http://ports.ubuntu.com/ubuntu-ports noble/main arm64 libcairo2 arm64 1.18.0-3build1 [555 kB]
10-04 21:26:29 Get:60 http://ports.ubuntu.com/ubuntu-ports noble/main arm64 libcairo-gobject2 arm64 1.18.0-3build1 [127 kB]
10-04 21:26:29 Get:61 http://ports.ubuntu.com/ubuntu-ports noble-updates/main arm64 liblcms2-2 arm64 2.14-2ubuntu0.1 [161 kB]
10-04 21:26:29 Get:62 http://ports.ubuntu.com/ubuntu-ports noble/main arm64 libcolord2 arm64 1.4.7-1build2 [149 kB]
10-04 21:26:30 Get:63 http://ports.ubuntu.com/ubuntu-ports noble-updates/main arm64 libavahi-common-data arm64 0.8-13ubuntu6.2 [30.0 kB]
10-04 21:26:30 Get:64 http://ports.ubuntu.com/ubuntu-ports noble-updates/main arm64 libavahi-common3 arm64 0.8-13ubuntu6.2 [23.3 kB]
10-04 21:26:30 Get:65 http://ports.ubuntu.com/ubuntu-ports noble-updates/main arm64 libavahi-client3 arm64 0.8-13ubuntu6.2 [27.3 kB]
10-04 21:26:30 Get:66 http://ports.ubuntu.com/ubuntu-ports noble-updates/main arm64 libcups2t64 arm64 2.4.7-1.2ubuntu7.14 [277 kB]
10-04 21:26:30 Get:67 http://ports.ubuntu.com/ubuntu-ports noble/main arm64 libepoxy0 arm64 1.5.10-1build1 [240 kB]
10-04 21:26:30 Get:68 http://ports.ubuntu.com/ubuntu-ports noble-updates/main arm64 libgraphite2-3 arm64 1.3.14-2ubuntu0.24.04.1 [71.1 kB]
10-04 21:26:30 Get:69 http://ports.ubuntu.com/ubuntu-ports noble/main arm64 libharfbuzz0b arm64 8.3.0-2build2 [463 kB]
10-04 21:26:30 Get:70 http://ports.ubuntu.com/ubuntu-ports noble/main arm64 libthai-data all 0.1.29-2build1 [158 kB]
10-04 21:26:30 Get:71 http://ports.ubuntu.com/ubuntu-ports noble/main arm64 libdatrie1 arm64 0.2.13-3build1 [19.2 kB]
10-04 21:26:30 Get:72 http://ports.ubuntu.com/ubuntu-ports noble/main arm64 libthai0 arm64 0.1.29-2build1 [18.2 kB]
10-04 21:26:30 Get:73 http://ports.ubuntu.com/ubuntu-ports noble/main arm64 libpango-1.0-0 arm64 1.52.1+ds-1build1 [228 kB]
10-04 21:26:30 Get:74 http://ports.ubuntu.com/ubuntu-ports noble/main arm64 libpangoft2-1.0-0 arm64 1.52.1+ds-1build1 [42.0 kB]
10-04 21:26:30 Get:75 http://ports.ubuntu.com/ubuntu-ports noble/main arm64 libpangocairo-1.0-0 arm64 1.52.1+ds-1build1 [27.4 kB]
10-04 21:26:30 Get:76 http://ports.ubuntu.com/ubuntu-ports noble/main arm64 libwayland-client0 arm64 1.22.0-2.1build1 [25.9 kB]
10-04 21:26:30 Get:77 http://ports.ubuntu.com/ubuntu-ports noble/main arm64 libwayland-cursor0 arm64 1.22.0-2.1build1 [10.3 kB]
10-04 21:26:30 Get:78 http://ports.ubuntu.com/ubuntu-ports noble/main arm64 libwayland-egl1 arm64 1.22.0-2.1build1 [5622 B]
10-04 21:26:30 Get:79 http://ports.ubuntu.com/ubuntu-ports noble/main arm64 libxcomposite1 arm64 1:0.4.5-1build3 [6336 B]
10-04 21:26:30 Get:80 http://ports.ubuntu.com/ubuntu-ports noble/main arm64 libxfixes3 arm64 1:6.0.0-2build1 [11.2 kB]
10-04 21:26:30 Get:81 http://ports.ubuntu.com/ubuntu-ports noble/main arm64 libxcursor1 arm64 1:1.2.1-1build1 [21.1 kB]
10-04 21:26:31 Get:82 http://ports.ubuntu.com/ubuntu-ports noble/main arm64 libxdamage1 arm64 1:1.1.6-1build1 [6236 B]
10-04 21:26:31 Get:83 http://ports.ubuntu.com/ubuntu-ports noble/main arm64 libxinerama1 arm64 2:1.1.4-3build1 [6394 B]
10-04 21:26:31 Get:84 http://ports.ubuntu.com/ubuntu-ports noble/main arm64 libxrandr2 arm64 2:1.5.2-2build1 [19.6 kB]
10-04 21:26:31 Get:85 http://ports.ubuntu.com/ubuntu-ports noble-updates/main arm64 libgtk-3-common all 3.24.41-4ubuntu1.3 [1426 kB]
10-04 21:26:31 Get:86 http://ports.ubuntu.com/ubuntu-ports noble-updates/main arm64 libgtk-3-0t64 arm64 3.24.41-4ubuntu1.3 [2881 kB]
10-04 21:26:31 Get:87 http://ports.ubuntu.com/ubuntu-ports noble/main arm64 libdbusmenu-gtk3-4 arm64 18.10.20180917~bzr492+repack1-3.1ubuntu5 [26.7 kB]
10-04 21:26:31 Get:88 http://ports.ubuntu.com/ubuntu-ports noble/universe arm64 libappindicator3-1 arm64 12.10.1+20.10.20200706.1-0ubuntu5 [22.9 kB]
10-04 21:26:31 Get:89 http://ports.ubuntu.com/ubuntu-ports noble/main arm64 libclone-perl arm64 0.46-1build3 [10.5 kB]
10-04 21:26:31 Get:90 http://ports.ubuntu.com/ubuntu-ports noble/main arm64 libdata-dump-perl all 1.25-1 [25.9 kB]
10-04 21:26:31 Get:91 http://ports.ubuntu.com/ubuntu-ports noble-updates/main arm64 libegl-mesa0 arm64 25.2.8-0ubuntu0.24.04.4 [117 kB]
10-04 21:26:31 Get:92 http://ports.ubuntu.com/ubuntu-ports noble/main arm64 libencode-locale-perl all 1.05-3 [11.6 kB]
10-04 21:26:31 Get:93 http://ports.ubuntu.com/ubuntu-ports noble/main arm64 libipc-system-simple-perl all 1.30-2 [22.3 kB]
10-04 21:26:31 Get:94 http://ports.ubuntu.com/ubuntu-ports noble/main arm64 libfile-basedir-perl all 0.09-2 [14.4 kB]
10-04 21:26:31 Get:95 http://ports.ubuntu.com/ubuntu-ports noble/main arm64 liburi-perl all 5.27-1 [88.0 kB]
10-04 21:26:32 Get:96 http://ports.ubuntu.com/ubuntu-ports noble/main arm64 libfile-desktopentry-perl all 0.22-3 [16.8 kB]
10-04 21:26:32 Get:97 http://ports.ubuntu.com/ubuntu-ports noble/main arm64 libtimedate-perl all 2.3300-2 [34.0 kB]
10-04 21:26:32 Get:98 http://ports.ubuntu.com/ubuntu-ports noble-updates/main arm64 libhttp-date-perl all 6.06-1ubuntu0.24.04.1 [10.6 kB]
10-04 21:26:32 Get:99 http://ports.ubuntu.com/ubuntu-ports noble/main arm64 libfile-listing-perl all 6.16-1 [11.3 kB]
10-04 21:26:32 Get:100 http://ports.ubuntu.com/ubuntu-ports noble/main arm64 libfile-mimeinfo-perl all 0.34-1 [42.1 kB]
10-04 21:26:32 Get:101 http://ports.ubuntu.com/ubuntu-ports noble/main arm64 libfont-afm-perl all 1.20-4 [13.0 kB]
10-04 21:26:32 Get:102 http://ports.ubuntu.com/ubuntu-ports noble-updates/main arm64 libgdk-pixbuf2.0-bin arm64 2.42.10+dfsg-3ubuntu3.3 [14.2 kB]
10-04 21:26:32 Get:103 http://ports.ubuntu.com/ubuntu-ports noble/main arm64 libvulkan1 arm64 1.3.275.0-1build1 [150 kB]
10-04 21:26:34 Get:104 http://ports.ubuntu.com/ubuntu-ports noble-updates/main arm64 libgl1-mesa-dri arm64 25.2.8-0ubuntu0.24.04.4 [37.0 kB]
10-04 21:26:34 Get:105 http://ports.ubuntu.com/ubuntu-ports noble/main arm64 libxcb-glx0 arm64 1.15-1ubuntu2 [25.5 kB]
10-04 21:26:34 Get:106 http://ports.ubuntu.com/ubuntu-ports noble/main arm64 libxxf86vm1 arm64 1:1.1.4-1build4 [9130 B]
10-04 21:26:34 Get:107 http://ports.ubuntu.com/ubuntu-ports noble-updates/main arm64 libglx-mesa0 arm64 25.2.8-0ubuntu0.24.04.4 [111 kB]
10-04 21:26:34 Get:108 http://ports.ubuntu.com/ubuntu-ports noble-updates/main arm64 libgtk-3-bin arm64 3.24.41-4ubuntu1.3 [73.2 kB]
10-04 21:26:34 Get:109 http://ports.ubuntu.com/ubuntu-ports noble/main arm64 libhtml-tagset-perl all 3.20-6 [11.3 kB]
10-04 21:26:34 Get:110 http://ports.ubuntu.com/ubuntu-ports noble-updates/main arm64 libhtml-parser-perl arm64 3.81-1ubuntu0.1 [85.2 kB]
10-04 21:26:34 Get:111 http://ports.ubuntu.com/ubuntu-ports noble/main arm64 libio-html-perl all 1.004-3 [15.9 kB]
10-04 21:26:34 Get:112 http://ports.ubuntu.com/ubuntu-ports noble/main arm64 liblwp-mediatypes-perl all 6.04-2 [20.1 kB]
10-04 21:26:34 Get:113 http://ports.ubuntu.com/ubuntu-ports noble/main arm64 libhttp-message-perl all 6.45-1ubuntu1 [78.2 kB]
10-04 21:26:34 Get:114 http://ports.ubuntu.com/ubuntu-ports noble/main arm64 libhtml-form-perl all 6.11-1 [32.1 kB]
10-04 21:26:34 Get:115 http://ports.ubuntu.com/ubuntu-ports noble/main arm64 libhtml-tree-perl all 5.07-3 [200 kB]
10-04 21:26:34 Get:116 http://ports.ubuntu.com/ubuntu-ports noble/main arm64 libhtml-format-perl all 2.16-2 [36.9 kB]
10-04 21:26:34 Get:117 http://ports.ubuntu.com/ubuntu-ports noble/main arm64 libhttp-cookies-perl all 6.11-1 [18.2 kB]
10-04 21:26:34 Get:118 http://ports.ubuntu.com/ubuntu-ports noble-updates/main arm64 libhttp-daemon-perl all 6.16-1ubuntu0.24.04.1 [22.8 kB]
10-04 21:26:34 Get:119 http://ports.ubuntu.com/ubuntu-ports noble/main arm64 libhttp-negotiate-perl all 6.01-2 [12.4 kB]
10-04 21:26:35 Get:120 http://ports.ubuntu.com/ubuntu-ports noble/main arm64 libice6 arm64 2:1.0.10-1build3 [41.1 kB]
10-04 21:26:35 Get:121 http://ports.ubuntu.com/ubuntu-ports noble/main arm64 perl-openssl-defaults arm64 7build3 [6628 B]
10-04 21:26:35 Get:122 http://ports.ubuntu.com/ubuntu-ports noble/main arm64 libnet-ssleay-perl arm64 1.94-1build4 [311 kB]
10-04 21:26:35 Get:123 http://ports.ubuntu.com/ubuntu-ports noble/main arm64 libio-socket-ssl-perl all 2.085-1 [195 kB]
10-04 21:26:35 Get:124 http://ports.ubuntu.com/ubuntu-ports noble/main arm64 libio-stringy-perl all 2.111-3 [55.8 kB]
10-04 21:26:35 Get:125 http://ports.ubuntu.com/ubuntu-ports noble/main arm64 libnet-http-perl all 6.23-1 [22.3 kB]
10-04 21:26:35 Get:126 http://ports.ubuntu.com/ubuntu-ports noble/main arm64 libtry-tiny-perl all 0.31-2 [20.8 kB]
10-04 21:26:35 Get:127 http://ports.ubuntu.com/ubuntu-ports noble/main arm64 libwww-robotrules-perl all 6.02-1 [12.6 kB]
10-04 21:26:35 Get:128 http://ports.ubuntu.com/ubuntu-ports noble-updates/main arm64 libwww-perl all 6.76-1ubuntu0.1 [139 kB]
10-04 21:26:35 Get:129 http://ports.ubuntu.com/ubuntu-ports noble/main arm64 liblwp-protocol-https-perl all 6.13-1 [9006 B]
10-04 21:26:35 Get:130 http://ports.ubuntu.com/ubuntu-ports noble/main arm64 libnet-smtp-ssl-perl all 1.04-2 [6218 B]
10-04 21:26:35 Get:131 http://ports.ubuntu.com/ubuntu-ports noble/main arm64 libmailtools-perl all 2.21-2 [80.4 kB]
10-04 21:26:35 Get:132 http://ports.ubuntu.com/ubuntu-ports noble-updates/main arm64 libxml-parser-perl arm64 2.47-1ubuntu0.24.04.1 [203 kB]
10-04 21:26:35 Get:133 http://ports.ubuntu.com/ubuntu-ports noble/main arm64 libxml-twig-perl all 1:3.52-2 [158 kB]
10-04 21:26:35 Get:134 http://ports.ubuntu.com/ubuntu-ports noble/main arm64 libnet-dbus-perl arm64 1.2.0-2build3 [163 kB]
10-04 21:26:36 Get:135 http://ports.ubuntu.com/ubuntu-ports noble/main arm64 libnotify4 arm64 0.8.3-1build2 [25.4 kB]
10-04 21:26:36 Get:136 http://ports.ubuntu.com/ubuntu-ports noble/main arm64 librsvg2-2 arm64 2.58.0+dfsg-1build1 [2027 kB]
10-04 21:26:36 Get:137 http://ports.ubuntu.com/ubuntu-ports noble/main arm64 librsvg2-common arm64 2.58.0+dfsg-1build1 [11.5 kB]
10-04 21:26:36 Get:138 http://ports.ubuntu.com/ubuntu-ports noble/main arm64 libsecret-common all 0.21.4-1build3 [4962 B]
10-04 21:26:36 Get:139 http://ports.ubuntu.com/ubuntu-ports noble/main arm64 libsecret-1-0 arm64 0.21.4-1build3 [116 kB]
10-04 21:26:36 Get:140 http://ports.ubuntu.com/ubuntu-ports noble/main arm64 libsm6 arm64 2:1.2.3-1build3 [15.6 kB]
10-04 21:26:36 Get:141 http://ports.ubuntu.com/ubuntu-ports noble/main arm64 libtie-ixhash-perl all 1.23-4 [11.3 kB]
10-04 21:26:36 Get:142 http://ports.ubuntu.com/ubuntu-ports noble/main arm64 libx11-protocol-perl all 0.56-9 [122 kB]
10-04 21:26:36 Get:143 http://ports.ubuntu.com/ubuntu-ports noble/main arm64 libxt6t64 arm64 1:1.2.1-1.2build1 [168 kB]
10-04 21:26:36 Get:144 http://ports.ubuntu.com/ubuntu-ports noble/main arm64 libxmu6 arm64 2:1.1.3-3build2 [47.5 kB]
10-04 21:26:36 Get:145 http://ports.ubuntu.com/ubuntu-ports noble-updates/main arm64 libxpm4 arm64 1:3.5.17-1ubuntu0.24.04.2 [35.3 kB]
10-04 21:26:37 Get:146 http://ports.ubuntu.com/ubuntu-ports noble/main arm64 libxaw7 arm64 2:1.0.14-1build2 [183 kB]
10-04 21:26:37 Get:147 http://ports.ubuntu.com/ubuntu-ports noble/main arm64 libxcb-shape0 arm64 1.15-1ubuntu2 [6250 B]
10-04 21:26:37 Get:148 http://ports.ubuntu.com/ubuntu-ports noble/main arm64 libxft2 arm64 2.3.6-1build1 [44.1 kB]
10-04 21:26:37 Get:149 http://ports.ubuntu.com/ubuntu-ports noble/main arm64 libxkbfile1 arm64 1:1.1.0-1build4 [69.4 kB]
10-04 21:26:37 Get:150 http://ports.ubuntu.com/ubuntu-ports noble/main arm64 libxml-xpathengine-perl all 0.14-2 [32.6 kB]
10-04 21:26:37 Get:151 http://ports.ubuntu.com/ubuntu-ports noble/main arm64 libxss1 arm64 1:1.2.3-1build3 [7244 B]
10-04 21:26:37 Get:152 http://ports.ubuntu.com/ubuntu-ports noble/main arm64 libxv1 arm64 2:1.0.11-1.1build1 [10.7 kB]
10-04 21:26:37 Get:153 http://ports.ubuntu.com/ubuntu-ports noble/main arm64 libxxf86dga1 arm64 2:1.1.5-1build1 [11.3 kB]
10-04 21:26:37 Get:154 http://ports.ubuntu.com/ubuntu-ports noble/main arm64 xdg-utils all 1.1.3-4.1ubuntu3 [62.0 kB]
10-04 21:26:37 Get:155 http://ports.ubuntu.com/ubuntu-ports noble-updates/main arm64 mesa-vulkan-drivers arm64 25.2.8-0ubuntu0.24.04.4 [19.4 MB]
10-04 21:26:39 Get:156 http://ports.ubuntu.com/ubuntu-ports noble/main arm64 libglvnd0 arm64 1.7.0-1build1 [60.6 kB]
10-04 21:26:39 Get:157 http://ports.ubuntu.com/ubuntu-ports noble/main arm64 libglx0 arm64 1.7.0-1build1 [33.2 kB]
10-04 21:26:39 Get:158 http://ports.ubuntu.com/ubuntu-ports noble/main arm64 libgl1 arm64 1.7.0-1build1 [106 kB]
10-04 21:26:39 Get:159 http://ports.ubuntu.com/ubuntu-ports noble/main arm64 x11-utils arm64 7.7+6build2 [188 kB]
10-04 21:26:39 Get:160 http://ports.ubuntu.com/ubuntu-ports noble/main arm64 x11-xserver-utils arm64 7.7+10build2 [168 kB]
10-04 21:26:39 Get:161 http://ports.ubuntu.com/ubuntu-ports noble/main arm64 libegl1 arm64 1.7.0-1build1 [29.5 kB]
10-04 21:26:39 Get:162 http://ports.ubuntu.com/ubuntu-ports noble/main arm64 libgles2 arm64 1.7.0-1build1 [17.6 kB]
10-04 21:26:39 Get:163 http://ports.ubuntu.com/ubuntu-ports noble/universe arm64 zutty arm64 0.14.8.20231210+dfsg1-1 [176 kB]
10-04 21:26:39 Get:164 http://ports.ubuntu.com/ubuntu-ports noble-updates/main arm64 libauthen-sasl-perl all 2.1700-1ubuntu0.1 [40.8 kB]
10-04 21:26:41 debconf: delaying package configuration, since apt-utils is not installed
10-04 21:26:41 Fetched 52.0 MB in 18s (2959 kB/s)
10-04 21:26:41 Selecting previously unselected package libproc2-0:arm64.
10-04 21:26:41 (Reading database ... 
10-04 21:26:42 (Reading database ... 5%
10-04 21:26:42 (Reading database ... 10%
10-04 21:26:42 (Reading database ... 15%
10-04 21:26:42 (Reading database ... 20%
10-04 21:26:42 (Reading database ... 25%
10-04 21:26:42 (Reading database ... 30%
10-04 21:26:42 (Reading database ... 35%
10-04 21:26:42 (Reading database ... 40%
10-04 21:26:42 (Reading database ... 45%
10-04 21:26:42 (Reading database ... 50%
10-04 21:26:42 (Reading database ... 55%
10-04 21:26:42 (Reading database ... 60%
10-04 21:26:42 (Reading database ... 65%
10-04 21:26:42 (Reading database ... 70%
10-04 21:26:42 (Reading database ... 75%
10-04 21:26:42 (Reading database ... 80%
10-04 21:26:42 (Reading database ... 85%
10-04 21:26:42 (Reading database ... 90%
10-04 21:26:42 (Reading database ... 95%
10-04 21:26:42 (Reading database ... 100%
10-04 21:26:42 (Reading database ... 14729 files and directories currently installed.)
10-04 21:26:42 Preparing to unpack .../000-libproc2-0_2%3a4.0.4-4ubuntu3.3_arm64.deb ...
10-04 21:26:42 Unpacking libproc2-0:arm64 (2:4.0.4-4ubuntu3.3) ...
10-04 21:26:43 Selecting previously unselected package procps.
10-04 21:26:43 Preparing to unpack .../001-procps_2%3a4.0.4-4ubuntu3.3_arm64.deb ...
10-04 21:26:43 Unpacking procps (2:4.0.4-4ubuntu3.3) ...
10-04 21:26:47 Selecting previously unselected package dbus-user-session.
10-04 21:26:47 Preparing to unpack .../002-dbus-user-session_1.14.10-4ubuntu4.1_arm64.deb ...
10-04 21:26:47 Unpacking dbus-user-session (1.14.10-4ubuntu4.1) ...
10-04 21:26:47 Selecting previously unselected package libfribidi0:arm64.
10-04 21:26:47 Preparing to unpack .../003-libfribidi0_1.0.13-3build1_arm64.deb ...
10-04 21:26:47 Unpacking libfribidi0:arm64 (1.0.13-3build1) ...
10-04 21:26:47 Selecting previously unselected package libtext-iconv-perl:arm64.
10-04 21:26:47 Preparing to unpack .../004-libtext-iconv-perl_1.7-8build3_arm64.deb ...
10-04 21:26:47 Unpacking libtext-iconv-perl:arm64 (1.7-8build3) ...
10-04 21:26:48 Selecting previously unselected package shared-mime-info.
10-04 21:26:48 Preparing to unpack .../005-shared-mime-info_2.4-4_arm64.deb ...
10-04 21:26:48 Unpacking shared-mime-info (2.4-4) ...
10-04 21:26:48 Selecting previously unselected package xkb-data.
10-04 21:26:48 Preparing to unpack .../006-xkb-data_2.41-2ubuntu1.1_all.deb ...
10-04 21:26:48 Unpacking xkb-data (2.41-2ubuntu1.1) ...
10-04 21:26:49 Selecting previously unselected package libpng16-16t64:arm64.
10-04 21:26:49 Preparing to unpack .../007-libpng16-16t64_1.6.43-5ubuntu0.6_arm64.deb ...
10-04 21:26:49 Unpacking libpng16-16t64:arm64 (1.6.43-5ubuntu0.6) ...
10-04 21:26:49 Selecting previously unselected package libxkbcommon0:arm64.
10-04 21:26:49 Preparing to unpack .../008-libxkbcommon0_1.6.0-1build1_arm64.deb ...
10-04 21:26:49 Unpacking libxkbcommon0:arm64 (1.6.0-1build1) ...
10-04 21:26:49 Selecting previously unselected package psmisc.
10-04 21:26:49 Preparing to unpack .../009-psmisc_23.7-1build1_arm64.deb ...
10-04 21:26:49 Unpacking psmisc (23.7-1build1) ...
10-04 21:26:50 Selecting previously unselected package libgdk-pixbuf2.0-common.
10-04 21:26:50 Preparing to unpack .../010-libgdk-pixbuf2.0-common_2.42.10+dfsg-3ubuntu3.3_all.deb ...
10-04 21:26:50 Unpacking libgdk-pixbuf2.0-common (2.42.10+dfsg-3ubuntu3.3) ...
10-04 21:26:50 Selecting previously unselected package libjpeg-turbo8:arm64.
10-04 21:26:50 Preparing to unpack .../011-libjpeg-turbo8_2.1.5-2ubuntu2_arm64.deb ...
10-04 21:26:50 Unpacking libjpeg-turbo8:arm64 (2.1.5-2ubuntu2) ...
10-04 21:26:50 Selecting previously unselected package libjpeg8:arm64.
10-04 21:26:50 Preparing to unpack .../012-libjpeg8_8c-2ubuntu11_arm64.deb ...
10-04 21:26:50 Unpacking libjpeg8:arm64 (8c-2ubuntu11) ...
10-04 21:26:50 Selecting previously unselected package libdeflate0:arm64.
10-04 21:26:50 Preparing to unpack .../013-libdeflate0_1.19-1build1.1_arm64.deb ...
10-04 21:26:50 Unpacking libdeflate0:arm64 (1.19-1build1.1) ...
10-04 21:26:50 Selecting previously unselected package libjbig0:arm64.
10-04 21:26:50 Preparing to unpack .../014-libjbig0_2.1-6.1ubuntu2_arm64.deb ...
10-04 21:26:50 Unpacking libjbig0:arm64 (2.1-6.1ubuntu2) ...
10-04 21:26:51 Selecting previously unselected package liblerc4:arm64.
10-04 21:26:51 Preparing to unpack .../015-liblerc4_4.0.0+ds-4ubuntu2_arm64.deb ...
10-04 21:26:51 Unpacking liblerc4:arm64 (4.0.0+ds-4ubuntu2) ...
10-04 21:26:51 Selecting previously unselected package libsharpyuv0:arm64.
10-04 21:26:51 Preparing to unpack .../016-libsharpyuv0_1.3.2-0.4build3_arm64.deb ...
10-04 21:26:51 Unpacking libsharpyuv0:arm64 (1.3.2-0.4build3) ...
10-04 21:26:51 Selecting previously unselected package libwebp7:arm64.
10-04 21:26:51 Preparing to unpack .../017-libwebp7_1.3.2-0.4build3_arm64.deb ...
10-04 21:26:51 Unpacking libwebp7:arm64 (1.3.2-0.4build3) ...
10-04 21:26:51 Selecting previously unselected package libtiff6:arm64.
10-04 21:26:51 Preparing to unpack .../018-libtiff6_4.5.1+git230720-4ubuntu2.5_arm64.deb ...
10-04 21:26:51 Unpacking libtiff6:arm64 (4.5.1+git230720-4ubuntu2.5) ...
10-04 21:26:51 Selecting previously unselected package libgdk-pixbuf-2.0-0:arm64.
10-04 21:26:51 Preparing to unpack .../019-libgdk-pixbuf-2.0-0_2.42.10+dfsg-3ubuntu3.3_arm64.deb ...
10-04 21:26:51 Unpacking libgdk-pixbuf-2.0-0:arm64 (2.42.10+dfsg-3ubuntu3.3) ...
10-04 21:26:51 Selecting previously unselected package gtk-update-icon-cache.
10-04 21:26:51 Preparing to unpack .../020-gtk-update-icon-cache_3.24.41-4ubuntu1.3_arm64.deb ...
10-04 21:26:51 Unpacking gtk-update-icon-cache (3.24.41-4ubuntu1.3) ...
10-04 21:26:52 Selecting previously unselected package hicolor-icon-theme.
10-04 21:26:52 Preparing to unpack .../021-hicolor-icon-theme_0.17-2_all.deb ...
10-04 21:26:52 Unpacking hicolor-icon-theme (0.17-2) ...
10-04 21:26:53 Selecting previously unselected package humanity-icon-theme.
10-04 21:26:53 Preparing to unpack .../022-humanity-icon-theme_0.6.16_all.deb ...
10-04 21:26:53 Unpacking humanity-icon-theme (0.6.16) ...
10-04 21:27:58 Selecting previously unselected package ubuntu-mono.
10-04 21:27:58 Preparing to unpack .../023-ubuntu-mono_24.04-0ubuntu1_all.deb ...
10-04 21:27:58 Unpacking ubuntu-mono (24.04-0ubuntu1) ...
10-04 21:28:19 Selecting previously unselected package adwaita-icon-theme.
10-04 21:28:19 Preparing to unpack .../024-adwaita-icon-theme_46.0-1_all.deb ...
10-04 21:28:19 Unpacking adwaita-icon-theme (46.0-1) ...
10-04 21:28:25 Selecting previously unselected package at-spi2-common.
10-04 21:28:25 Preparing to unpack .../025-at-spi2-common_2.52.0-1build1_all.deb ...
10-04 21:28:25 Unpacking at-spi2-common (2.52.0-1build1) ...
10-04 21:28:26 Selecting previously unselected package libxi6:arm64.
10-04 21:28:26 Preparing to unpack .../026-libxi6_2%3a1.8.1-1build1_arm64.deb ...
10-04 21:28:26 Unpacking libxi6:arm64 (2:1.8.1-1build1) ...
10-04 21:28:26 Selecting previously unselected package libatspi2.0-0t64:arm64.
10-04 21:28:26 Preparing to unpack .../027-libatspi2.0-0t64_2.52.0-1build1_arm64.deb ...
10-04 21:28:26 Unpacking libatspi2.0-0t64:arm64 (2.52.0-1build1) ...
10-04 21:28:27 Selecting previously unselected package x11-common.
10-04 21:28:27 Preparing to unpack .../028-x11-common_1%3a7.7+23ubuntu3_all.deb ...
10-04 21:28:27 Unpacking x11-common (1:7.7+23ubuntu3) ...
10-04 21:28:28 Selecting previously unselected package libxtst6:arm64.
10-04 21:28:28 Preparing to unpack .../029-libxtst6_2%3a1.2.3-1.1build1_arm64.deb ...
10-04 21:28:28 Unpacking libxtst6:arm64 (2:1.2.3-1.1build1) ...
10-04 21:28:28 Selecting previously unselected package libdconf1:arm64.
10-04 21:28:28 Preparing to unpack .../030-libdconf1_0.40.0-4ubuntu0.1_arm64.deb ...
10-04 21:28:28 Unpacking libdconf1:arm64 (0.40.0-4ubuntu0.1) ...
10-04 21:28:28 Selecting previously unselected package dconf-service.
10-04 21:28:28 Preparing to unpack .../031-dconf-service_0.40.0-4ubuntu0.1_arm64.deb ...
10-04 21:28:28 Unpacking dconf-service (0.40.0-4ubuntu0.1) ...
10-04 21:28:29 Selecting previously unselected package dconf-gsettings-backend:arm64.
10-04 21:28:29 Preparing to unpack .../032-dconf-gsettings-backend_0.40.0-4ubuntu0.1_arm64.deb ...
10-04 21:28:29 Unpacking dconf-gsettings-backend:arm64 (0.40.0-4ubuntu0.1) ...
10-04 21:28:29 Selecting previously unselected package session-migration.
10-04 21:28:29 Preparing to unpack .../033-session-migration_0.3.9build1_arm64.deb ...
10-04 21:28:29 Unpacking session-migration (0.3.9build1) ...
10-04 21:28:30 Selecting previously unselected package gsettings-desktop-schemas.
10-04 21:28:30 Preparing to unpack .../034-gsettings-desktop-schemas_46.1-0ubuntu1_all.deb ...
10-04 21:28:30 Unpacking gsettings-desktop-schemas (46.1-0ubuntu1) ...
10-04 21:28:31 Selecting previously unselected package at-spi2-core.
10-04 21:28:31 Preparing to unpack .../035-at-spi2-core_2.52.0-1build1_arm64.deb ...
10-04 21:28:31 Unpacking at-spi2-core (2.52.0-1build1) ...
10-04 21:28:31 Selecting previously unselected package gcc-13-base:arm64.
10-04 21:28:31 Preparing to unpack .../036-gcc-13-base_13.3.0-6ubuntu2~24.04.1_arm64.deb ...
10-04 21:28:31 Unpacking gcc-13-base:arm64 (13.3.0-6ubuntu2~24.04.1) ...
10-04 21:28:31 Selecting previously unselected package libisl23:arm64.
10-04 21:28:31 Preparing to unpack .../037-libisl23_0.26-3build1.1_arm64.deb ...
10-04 21:28:32 Unpacking libisl23:arm64 (0.26-3build1.1) ...
10-04 21:28:32 Selecting previously unselected package libmpfr6:arm64.
10-04 21:28:32 Preparing to unpack .../038-libmpfr6_4.2.1-1build1.1_arm64.deb ...
10-04 21:28:32 Unpacking libmpfr6:arm64 (4.2.1-1build1.1) ...
10-04 21:28:32 Selecting previously unselected package libmpc3:arm64.
10-04 21:28:32 Preparing to unpack .../039-libmpc3_1.3.1-1build1.1_arm64.deb ...
10-04 21:28:32 Unpacking libmpc3:arm64 (1.3.1-1build1.1) ...
10-04 21:28:33 Selecting previously unselected package cpp-13-aarch64-linux-gnu.
10-04 21:28:33 Preparing to unpack .../040-cpp-13-aarch64-linux-gnu_13.3.0-6ubuntu2~24.04.1_arm64.deb ...
10-04 21:28:33 Unpacking cpp-13-aarch64-linux-gnu (13.3.0-6ubuntu2~24.04.1) ...
10-04 21:28:33 Selecting previously unselected package cpp-13.
10-04 21:28:33 Preparing to unpack .../041-cpp-13_13.3.0-6ubuntu2~24.04.1_arm64.deb ...
10-04 21:28:33 Unpacking cpp-13 (13.3.0-6ubuntu2~24.04.1) ...
10-04 21:28:34 Selecting previously unselected package cpp-aarch64-linux-gnu.
10-04 21:28:34 Preparing to unpack .../042-cpp-aarch64-linux-gnu_4%3a13.2.0-7ubuntu1_arm64.deb ...
10-04 21:28:34 Unpacking cpp-aarch64-linux-gnu (4:13.2.0-7ubuntu1) ...
10-04 21:28:34 Selecting previously unselected package cpp.
10-04 21:28:34 Preparing to unpack .../043-cpp_4%3a13.2.0-7ubuntu1_arm64.deb ...
10-04 21:28:34 Unpacking cpp (4:13.2.0-7ubuntu1) ...
10-04 21:28:35 Selecting previously unselected package libfreetype6:arm64.
10-04 21:28:35 Preparing to unpack .../044-libfreetype6_2.13.2+dfsg-1ubuntu0.1_arm64.deb ...
10-04 21:28:35 Unpacking libfreetype6:arm64 (2.13.2+dfsg-1ubuntu0.1) ...
10-04 21:28:35 Selecting previously unselected package fonts-dejavu-mono.
10-04 21:28:35 Preparing to unpack .../045-fonts-dejavu-mono_2.37-8_all.deb ...
10-04 21:28:35 Unpacking fonts-dejavu-mono (2.37-8) ...
10-04 21:28:36 Selecting previously unselected package fonts-dejavu-core.
10-04 21:28:36 Preparing to unpack .../046-fonts-dejavu-core_2.37-8_all.deb ...
10-04 21:28:36 Unpacking fonts-dejavu-core (2.37-8) ...
10-04 21:28:37 Selecting previously unselected package fontconfig-config.
10-04 21:28:37 Preparing to unpack .../047-fontconfig-config_2.15.0-1.1ubuntu2_arm64.deb ...
10-04 21:28:41 Unpacking fontconfig-config (2.15.0-1.1ubuntu2) ...
10-04 21:28:42 Selecting previously unselected package libfontconfig1:arm64.
10-04 21:28:42 Preparing to unpack .../048-libfontconfig1_2.15.0-1.1ubuntu2_arm64.deb ...
10-04 21:28:42 Unpacking libfontconfig1:arm64 (2.15.0-1.1ubuntu2) ...
10-04 21:28:42 Selecting previously unselected package fontconfig.
10-04 21:28:42 Preparing to unpack .../049-fontconfig_2.15.0-1.1ubuntu2_arm64.deb ...
10-04 21:28:42 Unpacking fontconfig (2.15.0-1.1ubuntu2) ...
10-04 21:28:43 Selecting previously unselected package libdbusmenu-glib4:arm64.
10-04 21:28:43 Preparing to unpack .../050-libdbusmenu-glib4_18.10.20180917~bzr492+repack1-3.1ubuntu5_arm64.deb ...
10-04 21:28:43 Unpacking libdbusmenu-glib4:arm64 (18.10.20180917~bzr492+repack1-3.1ubuntu5) ...
10-04 21:28:44 Selecting previously unselected package libatk1.0-0t64:arm64.
10-04 21:28:44 Preparing to unpack .../051-libatk1.0-0t64_2.52.0-1build1_arm64.deb ...
10-04 21:28:44 Unpacking libatk1.0-0t64:arm64 (2.52.0-1build1) ...
10-04 21:28:44 Selecting previously unselected package libatk-bridge2.0-0t64:arm64.
10-04 21:28:44 Preparing to unpack .../052-libatk-bridge2.0-0t64_2.52.0-1build1_arm64.deb ...
10-04 21:28:44 Unpacking libatk-bridge2.0-0t64:arm64 (2.52.0-1build1) ...
10-04 21:28:45 Selecting previously unselected package libpixman-1-0:arm64.
10-04 21:28:45 Preparing to unpack .../053-libpixman-1-0_0.42.2-1build1_arm64.deb ...
10-04 21:28:45 Unpacking libpixman-1-0:arm64 (0.42.2-1build1) ...
10-04 21:28:45 Selecting previously unselected package libxcb-render0:arm64.
10-04 21:28:45 Preparing to unpack .../054-libxcb-render0_1.15-1ubuntu2_arm64.deb ...
10-04 21:28:45 Unpacking libxcb-render0:arm64 (1.15-1ubuntu2) ...
10-04 21:28:46 Selecting previously unselected package libxcb-shm0:arm64.
10-04 21:28:46 Preparing to unpack .../055-libxcb-shm0_1.15-1ubuntu2_arm64.deb ...
10-04 21:28:46 Unpacking libxcb-shm0:arm64 (1.15-1ubuntu2) ...
10-04 21:28:46 Selecting previously unselected package libxrender1:arm64.
10-04 21:28:46 Preparing to unpack .../056-libxrender1_1%3a0.9.10-1.1build1_arm64.deb ...
10-04 21:28:46 Unpacking libxrender1:arm64 (1:0.9.10-1.1build1) ...
10-04 21:28:47 Selecting previously unselected package libcairo2:arm64.
10-04 21:28:47 Preparing to unpack .../057-libcairo2_1.18.0-3build1_arm64.deb ...
10-04 21:28:47 Unpacking libcairo2:arm64 (1.18.0-3build1) ...
10-04 21:28:47 Selecting previously unselected package libcairo-gobject2:arm64.
10-04 21:28:47 Preparing to unpack .../058-libcairo-gobject2_1.18.0-3build1_arm64.deb ...
10-04 21:28:47 Unpacking libcairo-gobject2:arm64 (1.18.0-3build1) ...
10-04 21:28:48 Selecting previously unselected package liblcms2-2:arm64.
10-04 21:28:48 Preparing to unpack .../059-liblcms2-2_2.14-2ubuntu0.1_arm64.deb ...
10-04 21:28:48 Unpacking liblcms2-2:arm64 (2.14-2ubuntu0.1) ...
10-04 21:28:48 Selecting previously unselected package libcolord2:arm64.
10-04 21:28:48 Preparing to unpack .../060-libcolord2_1.4.7-1build2_arm64.deb ...
10-04 21:28:48 Unpacking libcolord2:arm64 (1.4.7-1build2) ...
10-04 21:28:49 Selecting previously unselected package libavahi-common-data:arm64.
10-04 21:28:49 Preparing to unpack .../061-libavahi-common-data_0.8-13ubuntu6.2_arm64.deb ...
10-04 21:28:49 Unpacking libavahi-common-data:arm64 (0.8-13ubuntu6.2) ...
10-04 21:28:49 Selecting previously unselected package libavahi-common3:arm64.
10-04 21:28:49 Preparing to unpack .../062-libavahi-common3_0.8-13ubuntu6.2_arm64.deb ...
10-04 21:28:49 Unpacking libavahi-common3:arm64 (0.8-13ubuntu6.2) ...
10-04 21:28:49 Selecting previously unselected package libavahi-client3:arm64.
10-04 21:28:49 Preparing to unpack .../063-libavahi-client3_0.8-13ubuntu6.2_arm64.deb ...
10-04 21:28:49 Unpacking libavahi-client3:arm64 (0.8-13ubuntu6.2) ...
10-04 21:28:50 Selecting previously unselected package libcups2t64:arm64.
10-04 21:28:50 Preparing to unpack .../064-libcups2t64_2.4.7-1.2ubuntu7.14_arm64.deb ...
10-04 21:28:50 Unpacking libcups2t64:arm64 (2.4.7-1.2ubuntu7.14) ...
10-04 21:28:50 Selecting previously unselected package libepoxy0:arm64.
10-04 21:28:50 Preparing to unpack .../065-libepoxy0_1.5.10-1build1_arm64.deb ...
10-04 21:28:50 Unpacking libepoxy0:arm64 (1.5.10-1build1) ...
10-04 21:28:51 Selecting previously unselected package libgraphite2-3:arm64.
10-04 21:28:51 Preparing to unpack .../066-libgraphite2-3_1.3.14-2ubuntu0.24.04.1_arm64.deb ...
10-04 21:28:51 Unpacking libgraphite2-3:arm64 (1.3.14-2ubuntu0.24.04.1) ...
10-04 21:28:51 Selecting previously unselected package libharfbuzz0b:arm64.
10-04 21:28:51 Preparing to unpack .../067-libharfbuzz0b_8.3.0-2build2_arm64.deb ...
10-04 21:28:51 Unpacking libharfbuzz0b:arm64 (8.3.0-2build2) ...
10-04 21:28:52 Selecting previously unselected package libthai-data.
10-04 21:28:52 Preparing to unpack .../068-libthai-data_0.1.29-2build1_all.deb ...
10-04 21:28:52 Unpacking libthai-data (0.1.29-2build1) ...
10-04 21:28:52 Selecting previously unselected package libdatrie1:arm64.
10-04 21:28:52 Preparing to unpack .../069-libdatrie1_0.2.13-3build1_arm64.deb ...
10-04 21:28:52 Unpacking libdatrie1:arm64 (0.2.13-3build1) ...
10-04 21:28:53 Selecting previously unselected package libthai0:arm64.
10-04 21:28:53 Preparing to unpack .../070-libthai0_0.1.29-2build1_arm64.deb ...
10-04 21:28:53 Unpacking libthai0:arm64 (0.1.29-2build1) ...
10-04 21:28:53 Selecting previously unselected package libpango-1.0-0:arm64.
10-04 21:28:53 Preparing to unpack .../071-libpango-1.0-0_1.52.1+ds-1build1_arm64.deb ...
10-04 21:28:53 Unpacking libpango-1.0-0:arm64 (1.52.1+ds-1build1) ...
10-04 21:28:53 Selecting previously unselected package libpangoft2-1.0-0:arm64.
10-04 21:28:54 Preparing to unpack .../072-libpangoft2-1.0-0_1.52.1+ds-1build1_arm64.deb ...
10-04 21:28:54 Unpacking libpangoft2-1.0-0:arm64 (1.52.1+ds-1build1) ...
10-04 21:28:54 Selecting previously unselected package libpangocairo-1.0-0:arm64.
10-04 21:28:54 Preparing to unpack .../073-libpangocairo-1.0-0_1.52.1+ds-1build1_arm64.deb ...
10-04 21:28:54 Unpacking libpangocairo-1.0-0:arm64 (1.52.1+ds-1build1) ...
10-04 21:28:54 Selecting previously unselected package libwayland-client0:arm64.
10-04 21:28:55 Preparing to unpack .../074-libwayland-client0_1.22.0-2.1build1_arm64.deb ...
10-04 21:28:55 Unpacking libwayland-client0:arm64 (1.22.0-2.1build1) ...
10-04 21:28:55 Selecting previously unselected package libwayland-cursor0:arm64.
10-04 21:28:55 Preparing to unpack .../075-libwayland-cursor0_1.22.0-2.1build1_arm64.deb ...
10-04 21:28:55 Unpacking libwayland-cursor0:arm64 (1.22.0-2.1build1) ...
10-04 21:28:55 Selecting previously unselected package libwayland-egl1:arm64.
10-04 21:28:55 Preparing to unpack .../076-libwayland-egl1_1.22.0-2.1build1_arm64.deb ...
10-04 21:28:55 Unpacking libwayland-egl1:arm64 (1.22.0-2.1build1) ...
10-04 21:28:56 Selecting previously unselected package libxcomposite1:arm64.
10-04 21:28:56 Preparing to unpack .../077-libxcomposite1_1%3a0.4.5-1build3_arm64.deb ...
10-04 21:28:56 Unpacking libxcomposite1:arm64 (1:0.4.5-1build3) ...
10-04 21:28:56 Selecting previously unselected package libxfixes3:arm64.
10-04 21:28:56 Preparing to unpack .../078-libxfixes3_1%3a6.0.0-2build1_arm64.deb ...
10-04 21:28:56 Unpacking libxfixes3:arm64 (1:6.0.0-2build1) ...
10-04 21:28:57 Selecting previously unselected package libxcursor1:arm64.
10-04 21:28:57 Preparing to unpack .../079-libxcursor1_1%3a1.2.1-1build1_arm64.deb ...
10-04 21:28:57 Unpacking libxcursor1:arm64 (1:1.2.1-1build1) ...
10-04 21:28:57 Selecting previously unselected package libxdamage1:arm64.
10-04 21:28:57 Preparing to unpack .../080-libxdamage1_1%3a1.1.6-1build1_arm64.deb ...
10-04 21:28:57 Unpacking libxdamage1:arm64 (1:1.1.6-1build1) ...
10-04 21:28:58 Selecting previously unselected package libxinerama1:arm64.
10-04 21:28:58 Preparing to unpack .../081-libxinerama1_2%3a1.1.4-3build1_arm64.deb ...
10-04 21:28:58 Unpacking libxinerama1:arm64 (2:1.1.4-3build1) ...
10-04 21:28:59 Selecting previously unselected package libxrandr2:arm64.
10-04 21:28:59 Preparing to unpack .../082-libxrandr2_2%3a1.5.2-2build1_arm64.deb ...
10-04 21:28:59 Unpacking libxrandr2:arm64 (2:1.5.2-2build1) ...
10-04 21:28:59 Selecting previously unselected package libgtk-3-common.
10-04 21:28:59 Preparing to unpack .../083-libgtk-3-common_3.24.41-4ubuntu1.3_all.deb ...
10-04 21:28:59 Unpacking libgtk-3-common (3.24.41-4ubuntu1.3) ...
10-04 21:29:00 Selecting previously unselected package libgtk-3-0t64:arm64.
10-04 21:29:00 Preparing to unpack .../084-libgtk-3-0t64_3.24.41-4ubuntu1.3_arm64.deb ...
10-04 21:29:00 Unpacking libgtk-3-0t64:arm64 (3.24.41-4ubuntu1.3) ...
10-04 21:29:01 Selecting previously unselected package libdbusmenu-gtk3-4:arm64.
10-04 21:29:01 Preparing to unpack .../085-libdbusmenu-gtk3-4_18.10.20180917~bzr492+repack1-3.1ubuntu5_arm64.deb ...
10-04 21:29:01 Unpacking libdbusmenu-gtk3-4:arm64 (18.10.20180917~bzr492+repack1-3.1ubuntu5) ...
10-04 21:29:01 Selecting previously unselected package libappindicator3-1.
10-04 21:29:01 Preparing to unpack .../086-libappindicator3-1_12.10.1+20.10.20200706.1-0ubuntu5_arm64.deb ...
10-04 21:29:01 Unpacking libappindicator3-1 (12.10.1+20.10.20200706.1-0ubuntu5) ...
10-04 21:29:01 Selecting previously unselected package libclone-perl:arm64.
10-04 21:29:01 Preparing to unpack .../087-libclone-perl_0.46-1build3_arm64.deb ...
10-04 21:29:01 Unpacking libclone-perl:arm64 (0.46-1build3) ...
10-04 21:29:01 Selecting previously unselected package libdata-dump-perl.
10-04 21:29:01 Preparing to unpack .../088-libdata-dump-perl_1.25-1_all.deb ...
10-04 21:29:01 Unpacking libdata-dump-perl (1.25-1) ...
10-04 21:29:01 Selecting previously unselected package libegl-mesa0:arm64.
10-04 21:29:01 Preparing to unpack .../089-libegl-mesa0_25.2.8-0ubuntu0.24.04.4_arm64.deb ...
10-04 21:29:01 Unpacking libegl-mesa0:arm64 (25.2.8-0ubuntu0.24.04.4) ...
10-04 21:29:02 Selecting previously unselected package libencode-locale-perl.
10-04 21:29:02 Preparing to unpack .../090-libencode-locale-perl_1.05-3_all.deb ...
10-04 21:29:02 Unpacking libencode-locale-perl (1.05-3) ...
10-04 21:29:02 Selecting previously unselected package libipc-system-simple-perl.
10-04 21:29:02 Preparing to unpack .../091-libipc-system-simple-perl_1.30-2_all.deb ...
10-04 21:29:02 Unpacking libipc-system-simple-perl (1.30-2) ...
10-04 21:29:02 Selecting previously unselected package libfile-basedir-perl.
10-04 21:29:02 Preparing to unpack .../092-libfile-basedir-perl_0.09-2_all.deb ...
10-04 21:29:02 Unpacking libfile-basedir-perl (0.09-2) ...
10-04 21:29:02 Selecting previously unselected package liburi-perl.
10-04 21:29:02 Preparing to unpack .../093-liburi-perl_5.27-1_all.deb ...
10-04 21:29:02 Unpacking liburi-perl (5.27-1) ...
10-04 21:29:03 Selecting previously unselected package libfile-desktopentry-perl.
10-04 21:29:03 Preparing to unpack .../094-libfile-desktopentry-perl_0.22-3_all.deb ...
10-04 21:29:03 Unpacking libfile-desktopentry-perl (0.22-3) ...
10-04 21:29:03 Selecting previously unselected package libtimedate-perl.
10-04 21:29:03 Preparing to unpack .../095-libtimedate-perl_2.3300-2_all.deb ...
10-04 21:29:03 Unpacking libtimedate-perl (2.3300-2) ...
10-04 21:29:03 Selecting previously unselected package libhttp-date-perl.
10-04 21:29:03 Preparing to unpack .../096-libhttp-date-perl_6.06-1ubuntu0.24.04.1_all.deb ...
10-04 21:29:03 Unpacking libhttp-date-perl (6.06-1ubuntu0.24.04.1) ...
10-04 21:29:03 Selecting previously unselected package libfile-listing-perl.
10-04 21:29:03 Preparing to unpack .../097-libfile-listing-perl_6.16-1_all.deb ...
10-04 21:29:03 Unpacking libfile-listing-perl (6.16-1) ...
10-04 21:29:03 Selecting previously unselected package libfile-mimeinfo-perl.
10-04 21:29:03 Preparing to unpack .../098-libfile-mimeinfo-perl_0.34-1_all.deb ...
10-04 21:29:03 Unpacking libfile-mimeinfo-perl (0.34-1) ...
10-04 21:29:04 Selecting previously unselected package libfont-afm-perl.
10-04 21:29:04 Preparing to unpack .../099-libfont-afm-perl_1.20-4_all.deb ...
10-04 21:29:04 Unpacking libfont-afm-perl (1.20-4) ...
10-04 21:29:04 Selecting previously unselected package libgdk-pixbuf2.0-bin.
10-04 21:29:04 Preparing to unpack .../100-libgdk-pixbuf2.0-bin_2.42.10+dfsg-3ubuntu3.3_arm64.deb ...
10-04 21:29:04 Unpacking libgdk-pixbuf2.0-bin (2.42.10+dfsg-3ubuntu3.3) ...
10-04 21:29:04 Selecting previously unselected package libvulkan1:arm64.
10-04 21:29:04 Preparing to unpack .../101-libvulkan1_1.3.275.0-1build1_arm64.deb ...
10-04 21:29:04 Unpacking libvulkan1:arm64 (1.3.275.0-1build1) ...
10-04 21:29:04 Selecting previously unselected package libgl1-mesa-dri:arm64.
10-04 21:29:04 Preparing to unpack .../102-libgl1-mesa-dri_25.2.8-0ubuntu0.24.04.4_arm64.deb ...
10-04 21:29:04 Unpacking libgl1-mesa-dri:arm64 (25.2.8-0ubuntu0.24.04.4) ...
10-04 21:29:05 Selecting previously unselected package libxcb-glx0:arm64.
10-04 21:29:05 Preparing to unpack .../103-libxcb-glx0_1.15-1ubuntu2_arm64.deb ...
10-04 21:29:05 Unpacking libxcb-glx0:arm64 (1.15-1ubuntu2) ...
10-04 21:29:05 Selecting previously unselected package libxxf86vm1:arm64.
10-04 21:29:05 Preparing to unpack .../104-libxxf86vm1_1%3a1.1.4-1build4_arm64.deb ...
10-04 21:29:05 Unpacking libxxf86vm1:arm64 (1:1.1.4-1build4) ...
10-04 21:29:05 Selecting previously unselected package libglx-mesa0:arm64.
10-04 21:29:05 Preparing to unpack .../105-libglx-mesa0_25.2.8-0ubuntu0.24.04.4_arm64.deb ...
10-04 21:29:05 Unpacking libglx-mesa0:arm64 (25.2.8-0ubuntu0.24.04.4) ...
10-04 21:29:05 Selecting previously unselected package libgtk-3-bin.
10-04 21:29:05 Preparing to unpack .../106-libgtk-3-bin_3.24.41-4ubuntu1.3_arm64.deb ...
10-04 21:29:05 Unpacking libgtk-3-bin (3.24.41-4ubuntu1.3) ...
10-04 21:29:05 Selecting previously unselected package libhtml-tagset-perl.
10-04 21:29:05 Preparing to unpack .../107-libhtml-tagset-perl_3.20-6_all.deb ...
10-04 21:29:05 Unpacking libhtml-tagset-perl (3.20-6) ...
10-04 21:29:06 Selecting previously unselected package libhtml-parser-perl:arm64.
10-04 21:29:06 Preparing to unpack .../108-libhtml-parser-perl_3.81-1ubuntu0.1_arm64.deb ...
10-04 21:29:06 Unpacking libhtml-parser-perl:arm64 (3.81-1ubuntu0.1) ...
10-04 21:29:06 Selecting previously unselected package libio-html-perl.
10-04 21:29:06 Preparing to unpack .../109-libio-html-perl_1.004-3_all.deb ...
10-04 21:29:06 Unpacking libio-html-perl (1.004-3) ...
10-04 21:29:06 Selecting previously unselected package liblwp-mediatypes-perl.
10-04 21:29:06 Preparing to unpack .../110-liblwp-mediatypes-perl_6.04-2_all.deb ...
10-04 21:29:06 Unpacking liblwp-mediatypes-perl (6.04-2) ...
10-04 21:29:06 Selecting previously unselected package libhttp-message-perl.
10-04 21:29:06 Preparing to unpack .../111-libhttp-message-perl_6.45-1ubuntu1_all.deb ...
10-04 21:29:06 Unpacking libhttp-message-perl (6.45-1ubuntu1) ...
10-04 21:29:07 Selecting previously unselected package libhtml-form-perl.
10-04 21:29:07 Preparing to unpack .../112-libhtml-form-perl_6.11-1_all.deb ...
10-04 21:29:07 Unpacking libhtml-form-perl (6.11-1) ...
10-04 21:29:07 Selecting previously unselected package libhtml-tree-perl.
10-04 21:29:07 Preparing to unpack .../113-libhtml-tree-perl_5.07-3_all.deb ...
10-04 21:29:07 Unpacking libhtml-tree-perl (5.07-3) ...
10-04 21:29:08 Selecting previously unselected package libhtml-format-perl.
10-04 21:29:08 Preparing to unpack .../114-libhtml-format-perl_2.16-2_all.deb ...
10-04 21:29:08 Unpacking libhtml-format-perl (2.16-2) ...
10-04 21:29:08 Selecting previously unselected package libhttp-cookies-perl.
10-04 21:29:08 Preparing to unpack .../115-libhttp-cookies-perl_6.11-1_all.deb ...
10-04 21:29:08 Unpacking libhttp-cookies-perl (6.11-1) ...
10-04 21:29:09 Selecting previously unselected package libhttp-daemon-perl.
10-04 21:29:09 Preparing to unpack .../116-libhttp-daemon-perl_6.16-1ubuntu0.24.04.1_all.deb ...
10-04 21:29:09 Unpacking libhttp-daemon-perl (6.16-1ubuntu0.24.04.1) ...
10-04 21:29:09 Selecting previously unselected package libhttp-negotiate-perl.
10-04 21:29:09 Preparing to unpack .../117-libhttp-negotiate-perl_6.01-2_all.deb ...
10-04 21:29:09 Unpacking libhttp-negotiate-perl (6.01-2) ...
10-04 21:29:10 Selecting previously unselected package libice6:arm64.
10-04 21:29:10 Preparing to unpack .../118-libice6_2%3a1.0.10-1build3_arm64.deb ...
10-04 21:29:10 Unpacking libice6:arm64 (2:1.0.10-1build3) ...
10-04 21:29:10 Selecting previously unselected package perl-openssl-defaults:arm64.
10-04 21:29:10 Preparing to unpack .../119-perl-openssl-defaults_7build3_arm64.deb ...
10-04 21:29:10 Unpacking perl-openssl-defaults:arm64 (7build3) ...
10-04 21:29:11 Selecting previously unselected package libnet-ssleay-perl:arm64.
10-04 21:29:11 Preparing to unpack .../120-libnet-ssleay-perl_1.94-1build4_arm64.deb ...
10-04 21:29:11 Unpacking libnet-ssleay-perl:arm64 (1.94-1build4) ...
10-04 21:29:13 Selecting previously unselected package libio-socket-ssl-perl.
10-04 21:29:13 Preparing to unpack .../121-libio-socket-ssl-perl_2.085-1_all.deb ...
10-04 21:29:13 Unpacking libio-socket-ssl-perl (2.085-1) ...
10-04 21:29:14 Selecting previously unselected package libio-stringy-perl.
10-04 21:29:14 Preparing to unpack .../122-libio-stringy-perl_2.111-3_all.deb ...
10-04 21:29:14 Unpacking libio-stringy-perl (2.111-3) ...
10-04 21:29:14 Selecting previously unselected package libnet-http-perl.
10-04 21:29:14 Preparing to unpack .../123-libnet-http-perl_6.23-1_all.deb ...
10-04 21:29:14 Unpacking libnet-http-perl (6.23-1) ...
10-04 21:29:15 Selecting previously unselected package libtry-tiny-perl.
10-04 21:29:15 Preparing to unpack .../124-libtry-tiny-perl_0.31-2_all.deb ...
10-04 21:29:15 Unpacking libtry-tiny-perl (0.31-2) ...
10-04 21:29:15 Selecting previously unselected package libwww-robotrules-perl.
10-04 21:29:15 Preparing to unpack .../125-libwww-robotrules-perl_6.02-1_all.deb ...
10-04 21:29:15 Unpacking libwww-robotrules-perl (6.02-1) ...
10-04 21:29:16 Selecting previously unselected package libwww-perl.
10-04 21:29:16 Preparing to unpack .../126-libwww-perl_6.76-1ubuntu0.1_all.deb ...
10-04 21:29:16 Unpacking libwww-perl (6.76-1ubuntu0.1) ...
10-04 21:29:17 Selecting previously unselected package liblwp-protocol-https-perl.
10-04 21:29:17 Preparing to unpack .../127-liblwp-protocol-https-perl_6.13-1_all.deb ...
10-04 21:29:17 Unpacking liblwp-protocol-https-perl (6.13-1) ...
10-04 21:29:17 Selecting previously unselected package libnet-smtp-ssl-perl.
10-04 21:29:17 Preparing to unpack .../128-libnet-smtp-ssl-perl_1.04-2_all.deb ...
10-04 21:29:17 Unpacking libnet-smtp-ssl-perl (1.04-2) ...
10-04 21:29:18 Selecting previously unselected package libmailtools-perl.
10-04 21:29:18 Preparing to unpack .../129-libmailtools-perl_2.21-2_all.deb ...
10-04 21:29:18 Unpacking libmailtools-perl (2.21-2) ...
10-04 21:29:19 Selecting previously unselected package libxml-parser-perl.
10-04 21:29:19 Preparing to unpack .../130-libxml-parser-perl_2.47-1ubuntu0.24.04.1_arm64.deb ...
10-04 21:29:19 Unpacking libxml-parser-perl (2.47-1ubuntu0.24.04.1) ...
10-04 21:29:20 Selecting previously unselected package libxml-twig-perl.
10-04 21:29:20 Preparing to unpack .../131-libxml-twig-perl_1%3a3.52-2_all.deb ...
10-04 21:29:20 Unpacking libxml-twig-perl (1:3.52-2) ...
10-04 21:29:20 Selecting previously unselected package libnet-dbus-perl.
10-04 21:29:20 Preparing to unpack .../132-libnet-dbus-perl_1.2.0-2build3_arm64.deb ...
10-04 21:29:20 Unpacking libnet-dbus-perl (1.2.0-2build3) ...
10-04 21:29:20 Selecting previously unselected package libnotify4:arm64.
10-04 21:29:20 Preparing to unpack .../133-libnotify4_0.8.3-1build2_arm64.deb ...
10-04 21:29:20 Unpacking libnotify4:arm64 (0.8.3-1build2) ...
10-04 21:29:20 Selecting previously unselected package librsvg2-2:arm64.
10-04 21:29:20 Preparing to unpack .../134-librsvg2-2_2.58.0+dfsg-1build1_arm64.deb ...
10-04 21:29:20 Unpacking librsvg2-2:arm64 (2.58.0+dfsg-1build1) ...
10-04 21:29:21 Selecting previously unselected package librsvg2-common:arm64.
10-04 21:29:21 Preparing to unpack .../135-librsvg2-common_2.58.0+dfsg-1build1_arm64.deb ...
10-04 21:29:21 Unpacking librsvg2-common:arm64 (2.58.0+dfsg-1build1) ...
10-04 21:29:21 Selecting previously unselected package libsecret-common.
10-04 21:29:21 Preparing to unpack .../136-libsecret-common_0.21.4-1build3_all.deb ...
10-04 21:29:21 Unpacking libsecret-common (0.21.4-1build3) ...
10-04 21:29:21 Selecting previously unselected package libsecret-1-0:arm64.
10-04 21:29:21 Preparing to unpack .../137-libsecret-1-0_0.21.4-1build3_arm64.deb ...
10-04 21:29:21 Unpacking libsecret-1-0:arm64 (0.21.4-1build3) ...
10-04 21:29:21 Selecting previously unselected package libsm6:arm64.
10-04 21:29:21 Preparing to unpack .../138-libsm6_2%3a1.2.3-1build3_arm64.deb ...
10-04 21:29:21 Unpacking libsm6:arm64 (2:1.2.3-1build3) ...
10-04 21:29:21 Selecting previously unselected package libtie-ixhash-perl.
10-04 21:29:21 Preparing to unpack .../139-libtie-ixhash-perl_1.23-4_all.deb ...
10-04 21:29:21 Unpacking libtie-ixhash-perl (1.23-4) ...
10-04 21:29:21 Selecting previously unselected package libx11-protocol-perl.
10-04 21:29:21 Preparing to unpack .../140-libx11-protocol-perl_0.56-9_all.deb ...
10-04 21:29:21 Unpacking libx11-protocol-perl (0.56-9) ...
10-04 21:29:22 Selecting previously unselected package libxt6t64:arm64.
10-04 21:29:22 Preparing to unpack .../141-libxt6t64_1%3a1.2.1-1.2build1_arm64.deb ...
10-04 21:29:22 Unpacking libxt6t64:arm64 (1:1.2.1-1.2build1) ...
10-04 21:29:22 Selecting previously unselected package libxmu6:arm64.
10-04 21:29:22 Preparing to unpack .../142-libxmu6_2%3a1.1.3-3build2_arm64.deb ...
10-04 21:29:22 Unpacking libxmu6:arm64 (2:1.1.3-3build2) ...
10-04 21:29:22 Selecting previously unselected package libxpm4:arm64.
10-04 21:29:22 Preparing to unpack .../143-libxpm4_1%3a3.5.17-1ubuntu0.24.04.2_arm64.deb ...
10-04 21:29:22 Unpacking libxpm4:arm64 (1:3.5.17-1ubuntu0.24.04.2) ...
10-04 21:29:22 Selecting previously unselected package libxaw7:arm64.
10-04 21:29:22 Preparing to unpack .../144-libxaw7_2%3a1.0.14-1build2_arm64.deb ...
10-04 21:29:22 Unpacking libxaw7:arm64 (2:1.0.14-1build2) ...
10-04 21:29:22 Selecting previously unselected package libxcb-shape0:arm64.
10-04 21:29:22 Preparing to unpack .../145-libxcb-shape0_1.15-1ubuntu2_arm64.deb ...
10-04 21:29:22 Unpacking libxcb-shape0:arm64 (1.15-1ubuntu2) ...
10-04 21:29:23 Selecting previously unselected package libxft2:arm64.
10-04 21:29:23 Preparing to unpack .../146-libxft2_2.3.6-1build1_arm64.deb ...
10-04 21:29:23 Unpacking libxft2:arm64 (2.3.6-1build1) ...
10-04 21:29:23 Selecting previously unselected package libxkbfile1:arm64.
10-04 21:29:23 Preparing to unpack .../147-libxkbfile1_1%3a1.1.0-1build4_arm64.deb ...
10-04 21:29:23 Unpacking libxkbfile1:arm64 (1:1.1.0-1build4) ...
10-04 21:29:23 Selecting previously unselected package libxml-xpathengine-perl.
10-04 21:29:23 Preparing to unpack .../148-libxml-xpathengine-perl_0.14-2_all.deb ...
10-04 21:29:23 Unpacking libxml-xpathengine-perl (0.14-2) ...
10-04 21:29:23 Selecting previously unselected package libxss1:arm64.
10-04 21:29:23 Preparing to unpack .../149-libxss1_1%3a1.2.3-1build3_arm64.deb ...
10-04 21:29:23 Unpacking libxss1:arm64 (1:1.2.3-1build3) ...
10-04 21:29:23 Selecting previously unselected package libxv1:arm64.
10-04 21:29:23 Preparing to unpack .../150-libxv1_2%3a1.0.11-1.1build1_arm64.deb ...
10-04 21:29:23 Unpacking libxv1:arm64 (2:1.0.11-1.1build1) ...
10-04 21:29:23 Selecting previously unselected package libxxf86dga1:arm64.
10-04 21:29:23 Preparing to unpack .../151-libxxf86dga1_2%3a1.1.5-1build1_arm64.deb ...
10-04 21:29:23 Unpacking libxxf86dga1:arm64 (2:1.1.5-1build1) ...
10-04 21:29:24 Selecting previously unselected package xdg-utils.
10-04 21:29:24 Preparing to unpack .../152-xdg-utils_1.1.3-4.1ubuntu3_all.deb ...
10-04 21:29:24 Unpacking xdg-utils (1.1.3-4.1ubuntu3) ...
10-04 21:29:24 Selecting previously unselected package linuxqq.
10-04 21:29:24 Preparing to unpack .../153-QQ.deb ...
10-04 21:29:24 Unpacking linuxqq (3.2.33-52892) ...
10-04 21:29:52 Selecting previously unselected package mesa-vulkan-drivers:arm64.
10-04 21:29:52 Preparing to unpack .../154-mesa-vulkan-drivers_25.2.8-0ubuntu0.24.04.4_arm64.deb ...
10-04 21:29:52 Unpacking mesa-vulkan-drivers:arm64 (25.2.8-0ubuntu0.24.04.4) ...
10-04 21:29:54 Selecting previously unselected package libglvnd0:arm64.
10-04 21:29:54 Preparing to unpack .../155-libglvnd0_1.7.0-1build1_arm64.deb ...
10-04 21:29:54 Unpacking libglvnd0:arm64 (1.7.0-1build1) ...
10-04 21:29:54 Selecting previously unselected package libglx0:arm64.
10-04 21:29:54 Preparing to unpack .../156-libglx0_1.7.0-1build1_arm64.deb ...
10-04 21:29:54 Unpacking libglx0:arm64 (1.7.0-1build1) ...
10-04 21:29:55 Selecting previously unselected package libgl1:arm64.
10-04 21:29:55 Preparing to unpack .../157-libgl1_1.7.0-1build1_arm64.deb ...
10-04 21:29:55 Unpacking libgl1:arm64 (1.7.0-1build1) ...
10-04 21:29:55 Selecting previously unselected package x11-utils.
10-04 21:29:55 Preparing to unpack .../158-x11-utils_7.7+6build2_arm64.deb ...
10-04 21:29:55 Unpacking x11-utils (7.7+6build2) ...
10-04 21:29:55 Selecting previously unselected package x11-xserver-utils.
10-04 21:29:55 Preparing to unpack .../159-x11-xserver-utils_7.7+10build2_arm64.deb ...
10-04 21:29:55 Unpacking x11-xserver-utils (7.7+10build2) ...
10-04 21:29:55 Selecting previously unselected package libegl1:arm64.
10-04 21:29:55 Preparing to unpack .../160-libegl1_1.7.0-1build1_arm64.deb ...
10-04 21:29:55 Unpacking libegl1:arm64 (1.7.0-1build1) ...
10-04 21:29:56 Selecting previously unselected package libgles2:arm64.
10-04 21:29:56 Preparing to unpack .../161-libgles2_1.7.0-1build1_arm64.deb ...
10-04 21:29:56 Unpacking libgles2:arm64 (1.7.0-1build1) ...
10-04 21:29:56 Selecting previously unselected package zutty.
10-04 21:29:56 Preparing to unpack .../162-zutty_0.14.8.20231210+dfsg1-1_arm64.deb ...
10-04 21:29:56 Unpacking zutty (0.14.8.20231210+dfsg1-1) ...
10-04 21:29:56 Selecting previously unselected package libauthen-sasl-perl.
10-04 21:29:56 Preparing to unpack .../163-libauthen-sasl-perl_2.1700-1ubuntu0.1_all.deb ...
10-04 21:29:56 Unpacking libauthen-sasl-perl (2.1700-1ubuntu0.1) ...
10-04 21:29:56 Setting up libtext-iconv-perl:arm64 (1.7-8build3) ...
10-04 21:29:56 Setting up libgraphite2-3:arm64 (1.3.14-2ubuntu0.24.04.1) ...
10-04 21:29:56 Setting up liblcms2-2:arm64 (2.14-2ubuntu0.1) ...
10-04 21:29:56 Setting up libpixman-1-0:arm64 (0.42.2-1build1) ...
10-04 21:29:56 Setting up libsharpyuv0:arm64 (1.3.2-0.4build3) ...
10-04 21:29:56 Setting up session-migration (0.3.9build1) ...
10-04 21:29:57 Created symlink /etc/systemd/user/graphical-session-pre.target.wants/session-migration.service → /usr/lib/systemd/user/session-migration.service.
10-04 21:29:57 Setting up libtie-ixhash-perl (1.23-4) ...
10-04 21:29:57 Setting up libxdamage1:arm64 (1:1.1.6-1build1) ...
10-04 21:29:57 Setting up liblerc4:arm64 (4.0.0+ds-4ubuntu2) ...
10-04 21:29:57 Setting up libxpm4:arm64 (1:3.5.17-1ubuntu0.24.04.2) ...
10-04 21:29:57 Setting up hicolor-icon-theme (0.17-2) ...
10-04 21:29:57 Setting up libxi6:arm64 (2:1.8.1-1build1) ...
10-04 21:29:57 Setting up libfont-afm-perl (1.20-4) ...
10-04 21:29:57 Setting up libxrender1:arm64 (1:0.9.10-1.1build1) ...
10-04 21:29:57 Setting up libdatrie1:arm64 (0.2.13-3build1) ...
10-04 21:29:57 Setting up psmisc (23.7-1build1) ...
10-04 21:29:57 Setting up libxcb-render0:arm64 (1.15-1ubuntu2) ...
10-04 21:29:57 Setting up libclone-perl:arm64 (0.46-1build3) ...
10-04 21:29:57 Setting up libglvnd0:arm64 (1.7.0-1build1) ...
10-04 21:29:57 Setting up libio-stringy-perl (2.111-3) ...
10-04 21:29:58 Setting up libhtml-tagset-perl (3.20-6) ...
10-04 21:29:58 Setting up libauthen-sasl-perl (2.1700-1ubuntu0.1) ...
10-04 21:29:58 Setting up libxcb-glx0:arm64 (1.15-1ubuntu2) ...
10-04 21:29:58 Setting up libdbusmenu-glib4:arm64 (18.10.20180917~bzr492+repack1-3.1ubuntu5) ...
10-04 21:29:58 Setting up liblwp-mediatypes-perl (6.04-2) ...
10-04 21:29:58 Setting up libgdk-pixbuf2.0-common (2.42.10+dfsg-3ubuntu3.3) ...
10-04 21:29:58 Setting up libxcb-shape0:arm64 (1.15-1ubuntu2) ...
10-04 21:29:58 Setting up x11-common (1:7.7+23ubuntu3) ...
10-04 21:29:58 invoke-rc.d: could not determine current runlevel
10-04 21:29:58 Setting up libtry-tiny-perl (0.31-2) ...
10-04 21:29:58 Setting up libxxf86dga1:arm64 (2:1.1.5-1build1) ...
10-04 21:29:58 Setting up libdeflate0:arm64 (1.19-1build1.1) ...
10-04 21:29:58 Setting up perl-openssl-defaults:arm64 (7build3) ...
10-04 21:29:58 Setting up xkb-data (2.41-2ubuntu1.1) ...
10-04 21:29:58 Setting up libencode-locale-perl (1.05-3) ...
10-04 21:29:58 Setting up libxcb-shm0:arm64 (1.15-1ubuntu2) ...
10-04 21:29:58 Setting up libjbig0:arm64 (2.1-6.1ubuntu2) ...
10-04 21:29:58 Setting up libcolord2:arm64 (1.4.7-1build2) ...
10-04 21:29:58 Setting up libxxf86vm1:arm64 (1:1.1.4-1build4) ...
10-04 21:29:58 Setting up libdconf1:arm64 (0.40.0-4ubuntu0.1) ...
10-04 21:29:58 Setting up dbus-user-session (1.14.10-4ubuntu4.1) ...
10-04 21:29:58 Setting up libgles2:arm64 (1.7.0-1build1) ...
10-04 21:29:58 Setting up gcc-13-base:arm64 (13.3.0-6ubuntu2~24.04.1) ...
10-04 21:29:58 Setting up libdata-dump-perl (1.25-1) ...
10-04 21:29:58 Setting up libepoxy0:arm64 (1.5.10-1build1) ...
10-04 21:29:59 Setting up libmpfr6:arm64 (4.2.1-1build1.1) ...
10-04 21:29:59 Setting up libxfixes3:arm64 (1:6.0.0-2build1) ...
10-04 21:29:59 Setting up libipc-system-simple-perl (1.30-2) ...
10-04 21:29:59 Setting up libxml-xpathengine-perl (0.14-2) ...
10-04 21:29:59 Setting up libavahi-common-data:arm64 (0.8-13ubuntu6.2) ...
10-04 21:29:59 Setting up libatspi2.0-0t64:arm64 (2.52.0-1build1) ...
10-04 21:29:59 Setting up libfribidi0:arm64 (1.0.13-3build1) ...
10-04 21:29:59 Setting up shared-mime-info (2.4-4) ...
10-04 21:30:00 Setting up libxinerama1:arm64 (2:1.1.4-3build1) ...
10-04 21:30:00 Setting up libproc2-0:arm64 (2:4.0.4-4ubuntu3.3) ...
10-04 21:30:00 Setting up libxv1:arm64 (2:1.0.11-1.1build1) ...
10-04 21:30:00 Setting up fonts-dejavu-mono (2.37-8) ...
10-04 21:30:00 Setting up libpng16-16t64:arm64 (1.6.43-5ubuntu0.6) ...
10-04 21:30:00 Setting up libmpc3:arm64 (1.3.1-1build1.1) ...
10-04 21:30:00 Setting up libio-html-perl (1.004-3) ...
10-04 21:30:00 Setting up libxrandr2:arm64 (2:1.5.2-2build1) ...
10-04 21:30:00 Setting up fonts-dejavu-core (2.37-8) ...
10-04 21:30:01 Setting up libjpeg-turbo8:arm64 (2.1.5-2ubuntu2) ...
10-04 21:30:01 Setting up libvulkan1:arm64 (1.3.275.0-1build1) ...
10-04 21:30:01 Setting up libwebp7:arm64 (1.3.2-0.4build3) ...
10-04 21:30:01 Setting up libtimedate-perl (2.3300-2) ...
10-04 21:30:01 Setting up at-spi2-common (2.52.0-1build1) ...
10-04 21:30:01 Setting up procps (2:4.0.4-4ubuntu3.3) ...
10-04 21:30:01 Setting up libthai-data (0.1.29-2build1) ...
10-04 21:30:01 Setting up libwayland-egl1:arm64 (1.22.0-2.1build1) ...
10-04 21:30:01 Setting up libxss1:arm64 (1:1.2.3-1build3) ...
10-04 21:30:01 Setting up libxkbfile1:arm64 (1:1.1.0-1build4) ...
10-04 21:30:01 Setting up libisl23:arm64 (0.26-3build1.1) ...
10-04 21:30:01 Setting up libxcomposite1:arm64 (1:0.4.5-1build3) ...
10-04 21:30:01 Setting up xdg-utils (1.1.3-4.1ubuntu3) ...
10-04 21:30:01 update-alternatives: using /usr/bin/xdg-open to provide /usr/bin/open (open) in auto mode
10-04 21:30:01 Setting up liburi-perl (5.27-1) ...
10-04 21:30:01 Setting up libx11-protocol-perl (0.56-9) ...
10-04 21:30:01 Setting up libsecret-common (0.21.4-1build3) ...
10-04 21:30:01 Setting up libxkbcommon0:arm64 (1.6.0-1build1) ...
10-04 21:30:01 Setting up libwayland-client0:arm64 (1.22.0-2.1build1) ...
10-04 21:30:01 Setting up libnet-ssleay-perl:arm64 (1.94-1build4) ...
10-04 21:30:01 Setting up libjpeg8:arm64 (8c-2ubuntu11) ...
10-04 21:30:01 Setting up mesa-vulkan-drivers:arm64 (25.2.8-0ubuntu0.24.04.4) ...
10-04 21:30:01 Setting up libice6:arm64 (2:1.0.10-1build3) ...
10-04 21:30:01 Setting up libhttp-date-perl (6.06-1ubuntu0.24.04.1) ...
10-04 21:30:01 Setting up libfile-basedir-perl (0.09-2) ...
10-04 21:30:01 Setting up libatk1.0-0t64:arm64 (2.52.0-1build1) ...
10-04 21:30:01 Setting up libfile-listing-perl (6.16-1) ...
10-04 21:30:01 Setting up cpp-13-aarch64-linux-gnu (13.3.0-6ubuntu2~24.04.1) ...
10-04 21:30:01 Setting up fontconfig-config (2.15.0-1.1ubuntu2) ...
10-04 21:30:05 Setting up libxtst6:arm64 (2:1.2.3-1.1build1) ...
10-04 21:30:05 Setting up libxcursor1:arm64 (1:1.2.1-1build1) ...
10-04 21:30:05 Setting up libgl1-mesa-dri:arm64 (25.2.8-0ubuntu0.24.04.4) ...
10-04 21:30:05 Setting up libavahi-common3:arm64 (0.8-13ubuntu6.2) ...
10-04 21:30:05 Setting up libnet-http-perl (6.23-1) ...
10-04 21:30:05 Setting up dconf-service (0.40.0-4ubuntu0.1) ...
10-04 21:30:05 Setting up libthai0:arm64 (0.1.29-2build1) ...
10-04 21:30:05 Setting up cpp-aarch64-linux-gnu (4:13.2.0-7ubuntu1) ...
10-04 21:30:05 Setting up libsecret-1-0:arm64 (0.21.4-1build3) ...
10-04 21:30:05 Setting up libegl-mesa0:arm64 (25.2.8-0ubuntu0.24.04.4) ...
10-04 21:30:05 Setting up libfreetype6:arm64 (2.13.2+dfsg-1ubuntu0.1) ...
10-04 21:30:05 Setting up libfile-desktopentry-perl (0.22-3) ...
10-04 21:30:05 Setting up libwww-robotrules-perl (6.02-1) ...
10-04 21:30:05 Setting up libtiff6:arm64 (4.5.1+git230720-4ubuntu2.5) ...
10-04 21:30:05 Setting up libwayland-cursor0:arm64 (1.22.0-2.1build1) ...
10-04 21:30:05 Setting up libhtml-parser-perl:arm64 (3.81-1ubuntu0.1) ...
10-04 21:30:05 Setting up libegl1:arm64 (1.7.0-1build1) ...
10-04 21:30:05 Setting up libharfbuzz0b:arm64 (8.3.0-2build2) ...
10-04 21:30:05 Setting up libgdk-pixbuf-2.0-0:arm64 (2.42.10+dfsg-3ubuntu3.3) ...
10-04 21:30:05 Setting up libsm6:arm64 (2:1.2.3-1build3) ...
10-04 21:30:05 Setting up libavahi-client3:arm64 (0.8-13ubuntu6.2) ...
10-04 21:30:05 Setting up libio-socket-ssl-perl (2.085-1) ...
10-04 21:30:05 Setting up libhttp-message-perl (6.45-1ubuntu1) ...
10-04 21:30:05 Setting up libhtml-form-perl (6.11-1) ...
10-04 21:30:05 Setting up libatk-bridge2.0-0t64:arm64 (2.52.0-1build1) ...
10-04 21:30:06 Setting up libfile-mimeinfo-perl (0.34-1) ...
10-04 21:30:06 Setting up gtk-update-icon-cache (3.24.41-4ubuntu1.3) ...
10-04 21:30:06 Setting up libhttp-negotiate-perl (6.01-2) ...
10-04 21:30:06 Setting up libglx-mesa0:arm64 (25.2.8-0ubuntu0.24.04.4) ...
10-04 21:30:06 Setting up libglx0:arm64 (1.7.0-1build1) ...
10-04 21:30:06 Setting up cpp-13 (13.3.0-6ubuntu2~24.04.1) ...
10-04 21:30:06 Setting up dconf-gsettings-backend:arm64 (0.40.0-4ubuntu0.1) ...
10-04 21:30:06 Setting up libhttp-cookies-perl (6.11-1) ...
10-04 21:30:06 Setting up libhtml-tree-perl (5.07-3) ...
10-04 21:30:06 Setting up libhtml-format-perl (2.16-2) ...
10-04 21:30:06 Setting up libgl1:arm64 (1.7.0-1build1) ...
10-04 21:30:06 Setting up libnet-smtp-ssl-perl (1.04-2) ...
10-04 21:30:06 Setting up libmailtools-perl (2.21-2) ...
10-04 21:30:06 Setting up libnotify4:arm64 (0.8.3-1build2) ...
10-04 21:30:06 Setting up libxt6t64:arm64 (1:1.2.1-1.2build1) ...
10-04 21:30:06 Setting up libhttp-daemon-perl (6.16-1ubuntu0.24.04.1) ...
10-04 21:30:06 Setting up libgdk-pixbuf2.0-bin (2.42.10+dfsg-3ubuntu3.3) ...
10-04 21:30:06 Setting up cpp (4:13.2.0-7ubuntu1) ...
10-04 21:30:06 Setting up libcups2t64:arm64 (2.4.7-1.2ubuntu7.14) ...
10-04 21:30:06 Setting up libgtk-3-common (3.24.41-4ubuntu1.3) ...
10-04 21:30:06 Setting up gsettings-desktop-schemas (46.1-0ubuntu1) ...
10-04 21:30:06 Setting up libxmu6:arm64 (2:1.1.3-3build2) ...
10-04 21:30:06 Setting up libxaw7:arm64 (2:1.0.14-1build2) ...
10-04 21:30:06 Setting up x11-xserver-utils (7.7+10build2) ...
10-04 21:30:06 Setting up zutty (0.14.8.20231210+dfsg1-1) ...
10-04 21:30:06 update-alternatives: using /usr/bin/zutty to provide /usr/bin/x-terminal-emulator (x-terminal-emulator) in auto mode
10-04 21:30:06 Setting up libwww-perl (6.76-1ubuntu0.1) ...
10-04 21:30:06 Setting up adwaita-icon-theme (46.0-1) ...
10-04 21:30:06 update-alternatives: using /usr/share/icons/Adwaita/cursor.theme to provide /usr/share/icons/default/index.theme (x-cursor-theme) in auto mode
10-04 21:30:06 Setting up liblwp-protocol-https-perl (6.13-1) ...
10-04 21:30:06 Setting up libxml-parser-perl (2.47-1ubuntu0.24.04.1) ...
10-04 21:30:07 Setting up libxml-twig-perl (1:3.52-2) ...
10-04 21:30:07 Setting up libnet-dbus-perl (1.2.0-2build3) ...
10-04 21:30:07 Setting up humanity-icon-theme (0.6.16) ...
10-04 21:30:15 Setting up ubuntu-mono (24.04-0ubuntu1) ...
10-04 21:30:17 Processing triggers for libglib2.0-0t64:arm64 (2.80.0-6ubuntu3.2) ...
10-04 21:30:17 Setting up at-spi2-core (2.52.0-1build1) ...
10-04 21:30:18 Processing triggers for sgml-base (1.31) ...
10-04 21:30:18 Setting up libfontconfig1:arm64 (2.15.0-1.1ubuntu2) ...
10-04 21:30:18 Setting up fontconfig (2.15.0-1.1ubuntu2) ...
10-04 21:30:20 Regenerating fonts cache... done.
10-04 21:30:20 Setting up libxft2:arm64 (2.3.6-1build1) ...
10-04 21:30:20 Processing triggers for libc-bin (2.39-0ubuntu8.3) ...
10-04 21:30:21 Setting up libpango-1.0-0:arm64 (1.52.1+ds-1build1) ...
10-04 21:30:21 Setting up libcairo2:arm64 (1.18.0-3build1) ...
10-04 21:30:21 Setting up x11-utils (7.7+6build2) ...
10-04 21:30:21 Setting up libcairo-gobject2:arm64 (1.18.0-3build1) ...
10-04 21:30:21 Setting up libpangoft2-1.0-0:arm64 (1.52.1+ds-1build1) ...
10-04 21:30:21 Setting up libpangocairo-1.0-0:arm64 (1.52.1+ds-1build1) ...
10-04 21:30:21 Setting up librsvg2-2:arm64 (2.58.0+dfsg-1build1) ...
10-04 21:30:21 Setting up libgtk-3-0t64:arm64 (3.24.41-4ubuntu1.3) ...
10-04 21:30:21 Setting up librsvg2-common:arm64 (2.58.0+dfsg-1build1) ...
10-04 21:30:21 Setting up libdbusmenu-gtk3-4:arm64 (18.10.20180917~bzr492+repack1-3.1ubuntu5) ...
10-04 21:30:22 Setting up libgtk-3-bin (3.24.41-4ubuntu1.3) ...
10-04 21:30:22 Setting up libappindicator3-1 (12.10.1+20.10.20200706.1-0ubuntu5) ...
10-04 21:30:22 Setting up linuxqq (3.2.33-52892) ...
10-04 21:30:24 /var/lib/dpkg/info/linuxqq.postinst: line 10: update-desktop-database: command not found
10-04 21:30:24 Processing triggers for libc-bin (2.39-0ubuntu8.3) ...
10-04 21:30:24 Processing triggers for libgdk-pixbuf-2.0-0:arm64 (2.42.10+dfsg-3ubuntu3.3) ...
10-04 21:30:25 [31m- LinuxQQ 安装完成[0m
10-04 21:30:25 Napcat 未安装，安装中...
10-04 21:30:25 开始网络测试: Github...
10-04 21:30:28 将使用Github代理: https://ghfast.top（多源竞速）
10-04 21:30:28 下载源: https://ghfast.top → install.sh
10-04 21:30:28   % Total    % Received % Xferd  Average Speed   Time    Time     Time  Current
10-04 21:30:28                                  Dload  Upload   Total   Spent    Left  Speed
10-04 21:30:28   0     0    0     0    0     0      0      0 --:--:-- --:--:-- --:--:--     0
10-04 21:30:29   0     0    0     0    0     0      0      0 --:--:-- --:--:-- --:--:--     0
10-04 21:30:29 100  9498  100  9498    0     0   6864      0  0:00:01  0:00:01 --:--:--  6867
10-04 21:30:29 预下载 NapCat 离线包（多源竞速，20 秒无数据自动换源）...
10-04 21:30:29 复用已选 Github 代理: https://ghfast.top
10-04 21:30:29 下载源: https://ghfast.top → NapCat.Shell.zip
10-04 21:30:30   % Total    % Received % Xferd  Average Speed   Time    Time     Time  Current
10-04 21:30:30                                  Dload  Upload   Total   Spent    Left  Speed
10-04 21:30:31   0     0    0     0    0     0      0      0 --:--:-- --:--:-- --:--:--     0
10-04 21:30:31   0     0    0     0    0     0      0      0 --:--:--  0:00:01 --:--:--     0
10-04 21:30:31   0     0    0     0    0     0      0      0 --:--:--  0:00:01 --:--:--     0
10-04 21:30:32   0     0    0     0    0     0      0      0 --:--:--  0:00:02 --:--:--     0
10-04 21:30:33   0 28.1M    0 97618    0     0  32641      0  0:15:03  0:00:02  0:15:01  100k
10-04 21:30:34   1 28.1M    1  351k    0     0  92510      0  0:05:18  0:00:03  0:05:15  190k
10-04 21:30:35   4 28.1M    4 1199k    0     0   243k      0  0:01:58  0:00:04  0:01:54  417k
10-04 21:30:36   9 28.1M    9 2831k    0     0   479k      0  0:01:00  0:00:05  0:00:55  734k
10-04 21:30:38  20 28.1M   20 5887k    0     0   856k      0  0:00:33  0:00:06  0:00:27 1219k
10-04 21:30:38  43 28.1M   43 12.1M    0     0  1510k      0  0:00:19  0:00:08  0:00:11 2348k
10-04 21:30:40  47 28.1M   47 13.3M    0     0  1526k      0  0:00:18  0:00:08  0:00:10 2630k
10-04 21:30:41  71 28.1M   71 20.1M    0     0  2009k      0  0:00:14  0:00:10  0:00:04 3626k
10-04 21:30:42  79 28.1M   79 22.3M    0     0  2062k      0  0:00:13  0:00:11  0:00:02 3859k
10-04 21:30:42  94 28.1M   94 26.5M    0     0  2255k      0  0:00:12  0:00:12 --:--:-- 4116k
10-04 21:30:42 100 28.1M  100 28.1M    0     0  2272k      0  0:00:12  0:00:12 --:--:-- 3698k
10-04 21:30:42 预下载包校验失败，删除后交由上游脚本自行下载
10-04 21:30:42 [H[2J[3J[0;1;34;94m[2026-10-04 21:30:42]: NapCat Shell 安装脚本 [0m
10-04 21:30:42 [0;1;34;94m[2026-10-04 21:30:42]: 脚本正在以 root 权限运行。 [0m
10-04 21:30:42 [0;1;34;94m[2026-10-04 21:30:42]: 开始更新依赖... [0m
10-04 21:30:42 [0;1;34;94m[2026-10-04 21:30:42]: 当前高级包管理器: apt-get [0m
10-04 21:31:04 debconf: delaying package configuration, since apt-utils is not installed
10-04 21:31:05 (Reading database ... 
10-04 21:31:05 (Reading database ... 5%
10-04 21:31:05 (Reading database ... 10%
10-04 21:31:05 (Reading database ... 15%
10-04 21:31:05 (Reading database ... 20%
10-04 21:31:05 (Reading database ... 25%
10-04 21:31:05 (Reading database ... 30%
10-04 21:31:05 (Reading database ... 35%
10-04 21:31:05 (Reading database ... 40%
10-04 21:31:05 (Reading database ... 45%
10-04 21:31:05 (Reading database ... 50%
10-04 21:31:05 (Reading database ... 55%
10-04 21:31:05 (Reading database ... 60%
10-04 21:31:05 (Reading database ... 65%
10-04 21:31:05 (Reading database ... 70%
10-04 21:31:05 (Reading database ... 75%
10-04 21:31:05 (Reading database ... 80%
10-04 21:31:05 (Reading database ... 85%
10-04 21:31:05 (Reading database ... 90%
10-04 21:31:05 (Reading database ... 95%
10-04 21:31:05 (Reading database ... 100%
10-04 21:31:05 (Reading database ... 31754 files and directories currently installed.)
10-04 21:31:05 Preparing to unpack .../gcc-14-base_14.2.0-4ubuntu2~24.04.1_arm64.deb ...
10-04 21:31:06 Unpacking gcc-14-base:arm64 (14.2.0-4ubuntu2~24.04.1) over (14.2.0-4ubuntu2~24.04) ...
10-04 21:31:06 Setting up gcc-14-base:arm64 (14.2.0-4ubuntu2~24.04.1) ...
10-04 21:31:06 (Reading database ... 
10-04 21:31:06 (Reading database ... 5%
10-04 21:31:06 (Reading database ... 10%
10-04 21:31:06 (Reading database ... 15%
10-04 21:31:06 (Reading database ... 20%
10-04 21:31:06 (Reading database ... 25%
10-04 21:31:06 (Reading database ... 30%
10-04 21:31:06 (Reading database ... 35%
10-04 21:31:06 (Reading database ... 40%
10-04 21:31:06 (Reading database ... 45%
10-04 21:31:06 (Reading database ... 50%
10-04 21:31:06 (Reading database ... 55%
10-04 21:31:06 (Reading database ... 60%
10-04 21:31:06 (Reading database ... 65%
10-04 21:31:06 (Reading database ... 70%
10-04 21:31:06 (Reading database ... 75%
10-04 21:31:06 (Reading database ... 80%
10-04 21:31:06 (Reading database ... 85%
10-04 21:31:06 (Reading database ... 90%
10-04 21:31:06 (Reading database ... 95%
10-04 21:31:06 (Reading database ... 100%
10-04 21:31:06 (Reading database ... 31754 files and directories currently installed.)
10-04 21:31:06 Preparing to unpack .../libgcc-s1_14.2.0-4ubuntu2~24.04.1_arm64.deb ...
10-04 21:31:06 Unpacking libgcc-s1:arm64 (14.2.0-4ubuntu2~24.04.1) over (14.2.0-4ubuntu2~24.04) ...
10-04 21:31:06 Setting up libgcc-s1:arm64 (14.2.0-4ubuntu2~24.04.1) ...
10-04 21:31:06 (Reading database ... 
10-04 21:31:07 (Reading database ... 5%
10-04 21:31:07 (Reading database ... 10%
10-04 21:31:07 (Reading database ... 15%
10-04 21:31:07 (Reading database ... 20%
10-04 21:31:07 (Reading database ... 25%
10-04 21:31:07 (Reading database ... 30%
10-04 21:31:07 (Reading database ... 35%
10-04 21:31:07 (Reading database ... 40%
10-04 21:31:07 (Reading database ... 45%
10-04 21:31:07 (Reading database ... 50%
10-04 21:31:07 (Reading database ... 55%
10-04 21:31:07 (Reading database ... 60%
10-04 21:31:07 (Reading database ... 65%
10-04 21:31:07 (Reading database ... 70%
10-04 21:31:07 (Reading database ... 75%
10-04 21:31:07 (Reading database ... 80%
10-04 21:31:07 (Reading database ... 85%
10-04 21:31:07 (Reading database ... 90%
10-04 21:31:07 (Reading database ... 95%
10-04 21:31:07 (Reading database ... 100%
10-04 21:31:07 (Reading database ... 31754 files and directories currently installed.)
10-04 21:31:07 Preparing to unpack .../libstdc++6_14.2.0-4ubuntu2~24.04.1_arm64.deb ...
10-04 21:31:07 Unpacking libstdc++6:arm64 (14.2.0-4ubuntu2~24.04.1) over (14.2.0-4ubuntu2~24.04) ...
10-04 21:31:07 Setting up libstdc++6:arm64 (14.2.0-4ubuntu2~24.04.1) ...
10-04 21:31:07 (Reading database ... 
10-04 21:31:07 (Reading database ... 5%
10-04 21:31:07 (Reading database ... 10%
10-04 21:31:07 (Reading database ... 15%
10-04 21:31:07 (Reading database ... 20%
10-04 21:31:08 (Reading database ... 25%
10-04 21:31:08 (Reading database ... 30%
10-04 21:31:08 (Reading database ... 35%
10-04 21:31:08 (Reading database ... 40%
10-04 21:31:08 (Reading database ... 45%
10-04 21:31:08 (Reading database ... 50%
10-04 21:31:08 (Reading database ... 55%
10-04 21:31:08 (Reading database ... 60%
10-04 21:31:08 (Reading database ... 65%
10-04 21:31:08 (Reading database ... 70%
10-04 21:31:08 (Reading database ... 75%
10-04 21:31:08 (Reading database ... 80%
10-04 21:31:08 (Reading database ... 85%
10-04 21:31:08 (Reading database ... 90%
10-04 21:31:08 (Reading database ... 95%
10-04 21:31:08 (Reading database ... 100%
10-04 21:31:08 (Reading database ... 31754 files and directories currently installed.)
10-04 21:31:08 Preparing to unpack .../libc6_2.39-0ubuntu8.9_arm64.deb ...
10-04 21:31:08 Unpacking libc6:arm64 (2.39-0ubuntu8.9) over (2.39-0ubuntu8.3) ...
10-04 21:31:10 Setting up libc6:arm64 (2.39-0ubuntu8.9) ...
10-04 21:31:12 (Reading database ... 
10-04 21:31:12 (Reading database ... 5%
10-04 21:31:12 (Reading database ... 10%
10-04 21:31:12 (Reading database ... 15%
10-04 21:31:12 (Reading database ... 20%
10-04 21:31:12 (Reading database ... 25%
10-04 21:31:12 (Reading database ... 30%
10-04 21:31:12 (Reading database ... 35%
10-04 21:31:12 (Reading database ... 40%
10-04 21:31:12 (Reading database ... 45%
10-04 21:31:12 (Reading database ... 50%
10-04 21:31:12 (Reading database ... 55%
10-04 21:31:12 (Reading database ... 60%
10-04 21:31:12 (Reading database ... 65%
10-04 21:31:12 (Reading database ... 70%
10-04 21:31:12 (Reading database ... 75%
10-04 21:31:12 (Reading database ... 80%
10-04 21:31:12 (Reading database ... 85%
10-04 21:31:12 (Reading database ... 90%
10-04 21:31:12 (Reading database ... 95%
10-04 21:31:12 (Reading database ... 100%
10-04 21:31:12 (Reading database ... 31753 files and directories currently installed.)
10-04 21:31:12 Preparing to unpack .../libc-bin_2.39-0ubuntu8.9_arm64.deb ...
10-04 21:31:12 Unpacking libc-bin (2.39-0ubuntu8.9) over (2.39-0ubuntu8.3) ...
10-04 21:31:12 Setting up libc-bin (2.39-0ubuntu8.9) ...
10-04 21:31:13 (Reading database ... 
10-04 21:31:13 (Reading database ... 5%
10-04 21:31:13 (Reading database ... 10%
10-04 21:31:13 (Reading database ... 15%
10-04 21:31:13 (Reading database ... 20%
10-04 21:31:13 (Reading database ... 25%
10-04 21:31:13 (Reading database ... 30%
10-04 21:31:13 (Reading database ... 35%
10-04 21:31:13 (Reading database ... 40%
10-04 21:31:13 (Reading database ... 45%
10-04 21:31:13 (Reading database ... 50%
10-04 21:31:13 (Reading database ... 55%
10-04 21:31:13 (Reading database ... 60%
10-04 21:31:13 (Reading database ... 65%
10-04 21:31:13 (Reading database ... 70%
10-04 21:31:13 (Reading database ... 75%
10-04 21:31:13 (Reading database ... 80%
10-04 21:31:13 (Reading database ... 85%
10-04 21:31:13 (Reading database ... 90%
10-04 21:31:13 (Reading database ... 95%
10-04 21:31:13 (Reading database ... 100%
10-04 21:31:13 (Reading database ... 31752 files and directories currently installed.)
10-04 21:31:13 Preparing to unpack .../00-locales_2.39-0ubuntu8.9_all.deb ...
10-04 21:31:13 Unpacking locales (2.39-0ubuntu8.9) over (2.39-0ubuntu8.3) ...
10-04 21:31:17 Selecting previously unselected package libjansson4:arm64.
10-04 21:31:17 Preparing to unpack .../01-libjansson4_2.14-2build2_arm64.deb ...
10-04 21:31:17 Unpacking libjansson4:arm64 (2.14-2build2) ...
10-04 21:31:17 Selecting previously unselected package manpages.
10-04 21:31:17 Preparing to unpack .../02-manpages_6.7-2_all.deb ...
10-04 21:31:17 Unpacking manpages (6.7-2) ...
10-04 21:31:19 Selecting previously unselected package binutils-common:arm64.
10-04 21:31:19 Preparing to unpack .../03-binutils-common_2.42-4ubuntu2.10_arm64.deb ...
10-04 21:31:19 Unpacking binutils-common:arm64 (2.42-4ubuntu2.10) ...
10-04 21:31:19 Selecting previously unselected package libsframe1:arm64.
10-04 21:31:19 Preparing to unpack .../04-libsframe1_2.42-4ubuntu2.10_arm64.deb ...
10-04 21:31:19 Unpacking libsframe1:arm64 (2.42-4ubuntu2.10) ...
10-04 21:31:20 Selecting previously unselected package libbinutils:arm64.
10-04 21:31:20 Preparing to unpack .../05-libbinutils_2.42-4ubuntu2.10_arm64.deb ...
10-04 21:31:20 Unpacking libbinutils:arm64 (2.42-4ubuntu2.10) ...
10-04 21:31:20 Selecting previously unselected package libctf-nobfd0:arm64.
10-04 21:31:20 Preparing to unpack .../06-libctf-nobfd0_2.42-4ubuntu2.10_arm64.deb ...
10-04 21:31:20 Unpacking libctf-nobfd0:arm64 (2.42-4ubuntu2.10) ...
10-04 21:31:20 Selecting previously unselected package libctf0:arm64.
10-04 21:31:20 Preparing to unpack .../07-libctf0_2.42-4ubuntu2.10_arm64.deb ...
10-04 21:31:20 Unpacking libctf0:arm64 (2.42-4ubuntu2.10) ...
10-04 21:31:20 Selecting previously unselected package libgprofng0:arm64.
10-04 21:31:20 Preparing to unpack .../08-libgprofng0_2.42-4ubuntu2.10_arm64.deb ...
10-04 21:31:20 Unpacking libgprofng0:arm64 (2.42-4ubuntu2.10) ...
10-04 21:31:20 Selecting previously unselected package binutils-aarch64-linux-gnu.
10-04 21:31:20 Preparing to unpack .../09-binutils-aarch64-linux-gnu_2.42-4ubuntu2.10_arm64.deb ...
10-04 21:31:20 Unpacking binutils-aarch64-linux-gnu (2.42-4ubuntu2.10) ...
10-04 21:31:22 Selecting previously unselected package binutils.
10-04 21:31:22 Preparing to unpack .../10-binutils_2.42-4ubuntu2.10_arm64.deb ...
10-04 21:31:22 Unpacking binutils (2.42-4ubuntu2.10) ...
10-04 21:31:22 Selecting previously unselected package libcc1-0:arm64.
10-04 21:31:22 Preparing to unpack .../11-libcc1-0_14.2.0-4ubuntu2~24.04.1_arm64.deb ...
10-04 21:31:22 Unpacking libcc1-0:arm64 (14.2.0-4ubuntu2~24.04.1) ...
10-04 21:31:22 Selecting previously unselected package libgomp1:arm64.
10-04 21:31:22 Preparing to unpack .../12-libgomp1_14.2.0-4ubuntu2~24.04.1_arm64.deb ...
10-04 21:31:22 Unpacking libgomp1:arm64 (14.2.0-4ubuntu2~24.04.1) ...
10-04 21:31:22 Selecting previously unselected package libitm1:arm64.
10-04 21:31:22 Preparing to unpack .../13-libitm1_14.2.0-4ubuntu2~24.04.1_arm64.deb ...
10-04 21:31:22 Unpacking libitm1:arm64 (14.2.0-4ubuntu2~24.04.1) ...
10-04 21:31:22 Selecting previously unselected package libatomic1:arm64.
10-04 21:31:22 Preparing to unpack .../14-libatomic1_14.2.0-4ubuntu2~24.04.1_arm64.deb ...
10-04 21:31:22 Unpacking libatomic1:arm64 (14.2.0-4ubuntu2~24.04.1) ...
10-04 21:31:22 Selecting previously unselected package libasan8:arm64.
10-04 21:31:22 Preparing to unpack .../15-libasan8_14.2.0-4ubuntu2~24.04.1_arm64.deb ...
10-04 21:31:22 Unpacking libasan8:arm64 (14.2.0-4ubuntu2~24.04.1) ...
10-04 21:31:23 Selecting previously unselected package liblsan0:arm64.
10-04 21:31:23 Preparing to unpack .../16-liblsan0_14.2.0-4ubuntu2~24.04.1_arm64.deb ...
10-04 21:31:23 Unpacking liblsan0:arm64 (14.2.0-4ubuntu2~24.04.1) ...
10-04 21:31:23 Selecting previously unselected package libtsan2:arm64.
10-04 21:31:23 Preparing to unpack .../17-libtsan2_14.2.0-4ubuntu2~24.04.1_arm64.deb ...
10-04 21:31:23 Unpacking libtsan2:arm64 (14.2.0-4ubuntu2~24.04.1) ...
10-04 21:31:23 Selecting previously unselected package libubsan1:arm64.
10-04 21:31:23 Preparing to unpack .../18-libubsan1_14.2.0-4ubuntu2~24.04.1_arm64.deb ...
10-04 21:31:23 Unpacking libubsan1:arm64 (14.2.0-4ubuntu2~24.04.1) ...
10-04 21:31:23 Selecting previously unselected package libhwasan0:arm64.
10-04 21:31:23 Preparing to unpack .../19-libhwasan0_14.2.0-4ubuntu2~24.04.1_arm64.deb ...
10-04 21:31:23 Unpacking libhwasan0:arm64 (14.2.0-4ubuntu2~24.04.1) ...
10-04 21:31:23 Selecting previously unselected package libgcc-13-dev:arm64.
10-04 21:31:23 Preparing to unpack .../20-libgcc-13-dev_13.3.0-6ubuntu2~24.04.1_arm64.deb ...
10-04 21:31:23 Unpacking libgcc-13-dev:arm64 (13.3.0-6ubuntu2~24.04.1) ...
10-04 21:31:24 Selecting previously unselected package gcc-13-aarch64-linux-gnu.
10-04 21:31:24 Preparing to unpack .../21-gcc-13-aarch64-linux-gnu_13.3.0-6ubuntu2~24.04.1_arm64.deb ...
10-04 21:31:24 Unpacking gcc-13-aarch64-linux-gnu (13.3.0-6ubuntu2~24.04.1) ...
10-04 21:31:25 Selecting previously unselected package gcc-13.
10-04 21:31:25 Preparing to unpack .../22-gcc-13_13.3.0-6ubuntu2~24.04.1_arm64.deb ...
10-04 21:31:25 Unpacking gcc-13 (13.3.0-6ubuntu2~24.04.1) ...
10-04 21:31:26 Selecting previously unselected package gcc-aarch64-linux-gnu.
10-04 21:31:26 Preparing to unpack .../23-gcc-aarch64-linux-gnu_4%3a13.2.0-7ubuntu1_arm64.deb ...
10-04 21:31:26 Unpacking gcc-aarch64-linux-gnu (4:13.2.0-7ubuntu1) ...
10-04 21:31:26 Selecting previously unselected package gcc.
10-04 21:31:26 Preparing to unpack .../24-gcc_4%3a13.2.0-7ubuntu1_arm64.deb ...
10-04 21:31:26 Unpacking gcc (4:13.2.0-7ubuntu1) ...
10-04 21:31:27 Selecting previously unselected package libc-dev-bin.
10-04 21:31:27 Preparing to unpack .../25-libc-dev-bin_2.39-0ubuntu8.9_arm64.deb ...
10-04 21:31:27 Unpacking libc-dev-bin (2.39-0ubuntu8.9) ...
10-04 21:31:28 Selecting previously unselected package linux-libc-dev:arm64.
10-04 21:31:28 Preparing to unpack .../26-linux-libc-dev_6.8.0-146.146_arm64.deb ...
10-04 21:31:28 Unpacking linux-libc-dev:arm64 (6.8.0-146.146) ...
10-04 21:31:32 Selecting previously unselected package libcrypt-dev:arm64.
10-04 21:31:32 Preparing to unpack .../27-libcrypt-dev_1%3a4.4.36-4build1_arm64.deb ...
10-04 21:31:32 Unpacking libcrypt-dev:arm64 (1:4.4.36-4build1) ...
10-04 21:31:32 Selecting previously unselected package rpcsvc-proto.
10-04 21:31:32 Preparing to unpack .../28-rpcsvc-proto_1.4.2-0ubuntu7_arm64.deb ...
10-04 21:31:32 Unpacking rpcsvc-proto (1.4.2-0ubuntu7) ...
10-04 21:31:32 Selecting previously unselected package libc6-dev:arm64.
10-04 21:31:32 Preparing to unpack .../29-libc6-dev_2.39-0ubuntu8.9_arm64.deb ...
10-04 21:31:32 Unpacking libc6-dev:arm64 (2.39-0ubuntu8.9) ...
10-04 21:31:40 Selecting previously unselected package libstdc++-13-dev:arm64.
10-04 21:31:40 Preparing to unpack .../30-libstdc++-13-dev_13.3.0-6ubuntu2~24.04.1_arm64.deb ...
10-04 21:31:40 Unpacking libstdc++-13-dev:arm64 (13.3.0-6ubuntu2~24.04.1) ...
10-04 21:31:44 Selecting previously unselected package g++-13-aarch64-linux-gnu.
10-04 21:31:44 Preparing to unpack .../31-g++-13-aarch64-linux-gnu_13.3.0-6ubuntu2~24.04.1_arm64.deb ...
10-04 21:31:44 Unpacking g++-13-aarch64-linux-gnu (13.3.0-6ubuntu2~24.04.1) ...
10-04 21:31:45 Selecting previously unselected package g++-13.
10-04 21:31:45 Preparing to unpack .../32-g++-13_13.3.0-6ubuntu2~24.04.1_arm64.deb ...
10-04 21:31:45 Unpacking g++-13 (13.3.0-6ubuntu2~24.04.1) ...
10-04 21:31:46 Selecting previously unselected package g++-aarch64-linux-gnu.
10-04 21:31:46 Preparing to unpack .../33-g++-aarch64-linux-gnu_4%3a13.2.0-7ubuntu1_arm64.deb ...
10-04 21:31:46 Unpacking g++-aarch64-linux-gnu (4:13.2.0-7ubuntu1) ...
10-04 21:31:46 Selecting previously unselected package g++.
10-04 21:31:46 Preparing to unpack .../34-g++_4%3a13.2.0-7ubuntu1_arm64.deb ...
10-04 21:31:46 Unpacking g++ (4:13.2.0-7ubuntu1) ...
10-04 21:31:47 Selecting previously unselected package libonig5:arm64.
10-04 21:31:47 Preparing to unpack .../35-libonig5_6.9.9-1build1_arm64.deb ...
10-04 21:31:47 Unpacking libonig5:arm64 (6.9.9-1build1) ...
10-04 21:31:47 Selecting previously unselected package libjq1:arm64.
10-04 21:31:47 Preparing to unpack .../36-libjq1_1.7.1-3ubuntu0.24.04.2_arm64.deb ...
10-04 21:31:47 Unpacking libjq1:arm64 (1.7.1-3ubuntu0.24.04.2) ...
10-04 21:31:47 Selecting previously unselected package jq.
10-04 21:31:47 Preparing to unpack .../37-jq_1.7.1-3ubuntu0.24.04.2_arm64.deb ...
10-04 21:31:47 Unpacking jq (1.7.1-3ubuntu0.24.04.2) ...
10-04 21:31:48 Selecting previously unselected package libaom3:arm64.
10-04 21:31:48 Preparing to unpack .../38-libaom3_3.8.2-2ubuntu0.2_arm64.deb ...
10-04 21:31:48 Unpacking libaom3:arm64 (3.8.2-2ubuntu0.2) ...
10-04 21:31:49 Selecting previously unselected package libheif-plugin-aomdec:arm64.
10-04 21:31:49 Preparing to unpack .../39-libheif-plugin-aomdec_1.17.6-1ubuntu4.9_arm64.deb ...
10-04 21:31:49 Unpacking libheif-plugin-aomdec:arm64 (1.17.6-1ubuntu4.9) ...
10-04 21:31:49 Selecting previously unselected package libheif1:arm64.
10-04 21:31:49 Preparing to unpack .../40-libheif1_1.17.6-1ubuntu4.9_arm64.deb ...
10-04 21:31:49 Unpacking libheif1:arm64 (1.17.6-1ubuntu4.9) ...
10-04 21:31:50 Selecting previously unselected package libgd3:arm64.
10-04 21:31:50 Preparing to unpack .../41-libgd3_2.3.3-9ubuntu5_arm64.deb ...
10-04 21:31:50 Unpacking libgd3:arm64 (2.3.3-9ubuntu5) ...
10-04 21:31:50 Selecting previously unselected package libc-devtools.
10-04 21:31:50 Preparing to unpack .../42-libc-devtools_2.39-0ubuntu8.9_arm64.deb ...
10-04 21:31:50 Unpacking libc-devtools (2.39-0ubuntu8.9) ...
10-04 21:31:51 Selecting previously unselected package libfontenc1:arm64.
10-04 21:31:51 Preparing to unpack .../43-libfontenc1_1%3a1.1.8-1build1_arm64.deb ...
10-04 21:31:51 Unpacking libfontenc1:arm64 (1:1.1.8-1build1) ...
10-04 21:31:51 Selecting previously unselected package libheif-plugin-aomenc:arm64.
10-04 21:31:51 Preparing to unpack .../44-libheif-plugin-aomenc_1.17.6-1ubuntu4.9_arm64.deb ...
10-04 21:31:51 Unpacking libheif-plugin-aomenc:arm64 (1.17.6-1ubuntu4.9) ...
10-04 21:31:51 Selecting previously unselected package libutempter0:arm64.
10-04 21:31:51 Preparing to unpack .../45-libutempter0_1.2.1-3build1_arm64.deb ...
10-04 21:31:51 Unpacking libutempter0:arm64 (1.2.1-3build1) ...
10-04 21:31:52 Selecting previously unselected package libxfont2:arm64.
10-04 21:31:52 Preparing to unpack .../46-libxfont2_1%3a2.0.6-1+deb13u1build0.24.04.2_arm64.deb ...
10-04 21:31:52 Unpacking libxfont2:arm64 (1:2.0.6-1+deb13u1build0.24.04.2) ...
10-04 21:31:52 Selecting previously unselected package manpages-dev.
10-04 21:31:52 Preparing to unpack .../47-manpages-dev_6.7-2_all.deb ...
10-04 21:31:52 Unpacking manpages-dev (6.7-2) ...
10-04 21:32:08 Selecting previously unselected package screen.
10-04 21:32:08 Preparing to unpack .../48-screen_4.9.1-1ubuntu1_arm64.deb ...
10-04 21:32:08 Unpacking screen (4.9.1-1ubuntu1) ...
10-04 21:32:08 Selecting previously unselected package unzip.
10-04 21:32:08 Preparing to unpack .../49-unzip_6.0-28ubuntu4.1_arm64.deb ...
10-04 21:32:08 Unpacking unzip (6.0-28ubuntu4.1) ...
10-04 21:32:08 Selecting previously unselected package x11-xkb-utils.
10-04 21:32:08 Preparing to unpack .../50-x11-xkb-utils_7.7+8build2_arm64.deb ...
10-04 21:32:08 Unpacking x11-xkb-utils (7.7+8build2) ...
10-04 21:32:08 Selecting previously unselected package xfonts-encodings.
10-04 21:32:09 Preparing to unpack .../51-xfonts-encodings_1%3a1.0.5-0ubuntu2_all.deb ...
10-04 21:32:09 Unpacking xfonts-encodings (1:1.0.5-0ubuntu2) ...
10-04 21:32:09 Selecting previously unselected package xfonts-utils.
10-04 21:32:09 Preparing to unpack .../52-xfonts-utils_1%3a7.7+6build3_arm64.deb ...
10-04 21:32:09 Unpacking xfonts-utils (1:7.7+6build3) ...
10-04 21:32:09 Selecting previously unselected package xfonts-base.
10-04 21:32:09 Preparing to unpack .../53-xfonts-base_1%3a1.0.5+nmu1_all.deb ...
10-04 21:32:09 Unpacking xfonts-base (1:1.0.5+nmu1) ...
10-04 21:32:11 Selecting previously unselected package xserver-common.
10-04 21:32:11 Preparing to unpack .../54-xserver-common_2%3a21.1.12-1ubuntu1.8_all.deb ...
10-04 21:32:11 Unpacking xserver-common (2:21.1.12-1ubuntu1.8) ...
10-04 21:32:12 Selecting previously unselected package xvfb.
10-04 21:32:12 Preparing to unpack .../55-xvfb_2%3a21.1.12-1ubuntu1.8_arm64.deb ...
10-04 21:32:12 Unpacking xvfb (2:21.1.12-1ubuntu1.8) ...
10-04 21:32:12 Selecting previously unselected package zip.
10-04 21:32:12 Preparing to unpack .../56-zip_3.0-13ubuntu0.2_arm64.deb ...
10-04 21:32:12 Unpacking zip (3.0-13ubuntu0.2) ...
10-04 21:32:13 Setting up libaom3:arm64 (3.8.2-2ubuntu0.2) ...
10-04 21:32:13 Setting up manpages (6.7-2) ...
10-04 21:32:13 Setting up x11-xkb-utils (7.7+8build2) ...
10-04 21:32:13 Setting up unzip (6.0-28ubuntu4.1) ...
10-04 21:32:14 Setting up binutils-common:arm64 (2.42-4ubuntu2.10) ...
10-04 21:32:14 Setting up linux-libc-dev:arm64 (6.8.0-146.146) ...
10-04 21:32:14 Setting up libctf-nobfd0:arm64 (2.42-4ubuntu2.10) ...
10-04 21:32:14 Setting up libgomp1:arm64 (14.2.0-4ubuntu2~24.04.1) ...
10-04 21:32:14 Setting up locales (2.39-0ubuntu8.9) ...
10-04 21:32:20 Generating locales (this might take a while)...
10-04 21:32:21 Generation complete.
10-04 21:32:21 Setting up libsframe1:arm64 (2.42-4ubuntu2.10) ...
10-04 21:32:21 Setting up libjansson4:arm64 (2.14-2build2) ...
10-04 21:32:21 Setting up zip (3.0-13ubuntu0.2) ...
10-04 21:32:21 Setting up libfontenc1:arm64 (1:1.1.8-1build1) ...
10-04 21:32:21 Setting up rpcsvc-proto (1.4.2-0ubuntu7) ...
10-04 21:32:21 Setting up xfonts-encodings (1:1.0.5-0ubuntu2) ...
10-04 21:32:21 Setting up libatomic1:arm64 (14.2.0-4ubuntu2~24.04.1) ...
10-04 21:32:21 Setting up libutempter0:arm64 (1.2.1-3build1) ...
10-04 21:32:21 Setting up libubsan1:arm64 (14.2.0-4ubuntu2~24.04.1) ...
10-04 21:32:21 Setting up libhwasan0:arm64 (14.2.0-4ubuntu2~24.04.1) ...
10-04 21:32:21 Setting up libcrypt-dev:arm64 (1:4.4.36-4build1) ...
10-04 21:32:21 Setting up libasan8:arm64 (14.2.0-4ubuntu2~24.04.1) ...
10-04 21:32:21 Setting up xserver-common (2:21.1.12-1ubuntu1.8) ...
10-04 21:32:21 Setting up libtsan2:arm64 (14.2.0-4ubuntu2~24.04.1) ...
10-04 21:32:21 Setting up libbinutils:arm64 (2.42-4ubuntu2.10) ...
10-04 21:32:21 Setting up libc-dev-bin (2.39-0ubuntu8.9) ...
10-04 21:32:21 Setting up libxfont2:arm64 (1:2.0.6-1+deb13u1build0.24.04.2) ...
10-04 21:32:21 Setting up libcc1-0:arm64 (14.2.0-4ubuntu2~24.04.1) ...
10-04 21:32:21 Setting up libonig5:arm64 (6.9.9-1build1) ...
10-04 21:32:21 Setting up liblsan0:arm64 (14.2.0-4ubuntu2~24.04.1) ...
10-04 21:32:21 Setting up libitm1:arm64 (14.2.0-4ubuntu2~24.04.1) ...
10-04 21:32:21 Setting up libctf0:arm64 (2.42-4ubuntu2.10) ...
10-04 21:32:21 Setting up manpages-dev (6.7-2) ...
10-04 21:32:21 Setting up libjq1:arm64 (1.7.1-3ubuntu0.24.04.2) ...
10-04 21:32:21 Setting up xvfb (2:21.1.12-1ubuntu1.8) ...
10-04 21:32:21 Setting up screen (4.9.1-1ubuntu1) ...
10-04 21:32:22 Setting up xfonts-utils (1:7.7+6build3) ...
10-04 21:32:22 Setting up xfonts-base (1:1.0.5+nmu1) ...
10-04 21:32:22 Setting up libgprofng0:arm64 (2.42-4ubuntu2.10) ...
10-04 21:32:22 Setting up libgcc-13-dev:arm64 (13.3.0-6ubuntu2~24.04.1) ...
10-04 21:32:22 Setting up jq (1.7.1-3ubuntu0.24.04.2) ...
10-04 21:32:22 Setting up libc6-dev:arm64 (2.39-0ubuntu8.9) ...
10-04 21:32:22 Setting up libstdc++-13-dev:arm64 (13.3.0-6ubuntu2~24.04.1) ...
10-04 21:32:22 Setting up binutils-aarch64-linux-gnu (2.42-4ubuntu2.10) ...
10-04 21:32:22 Setting up binutils (2.42-4ubuntu2.10) ...
10-04 21:32:22 Setting up gcc-13-aarch64-linux-gnu (13.3.0-6ubuntu2~24.04.1) ...
10-04 21:32:23 Setting up gcc-13 (13.3.0-6ubuntu2~24.04.1) ...
10-04 21:32:23 Setting up g++-13-aarch64-linux-gnu (13.3.0-6ubuntu2~24.04.1) ...
10-04 21:32:23 Setting up gcc-aarch64-linux-gnu (4:13.2.0-7ubuntu1) ...
10-04 21:32:23 Setting up g++-13 (13.3.0-6ubuntu2~24.04.1) ...
10-04 21:32:23 Setting up gcc (4:13.2.0-7ubuntu1) ...
10-04 21:32:23 Setting up g++-aarch64-linux-gnu (4:13.2.0-7ubuntu1) ...
10-04 21:32:23 Setting up g++ (4:13.2.0-7ubuntu1) ...
10-04 21:32:23 update-alternatives: using /usr/bin/g++ to provide /usr/bin/c++ (c++) in auto mode
10-04 21:32:23 Setting up libheif1:arm64 (1.17.6-1ubuntu4.9) ...
10-04 21:32:23 Setting up libgd3:arm64 (2.3.3-9ubuntu5) ...
10-04 21:32:23 Setting up libc-devtools (2.39-0ubuntu8.9) ...
10-04 21:32:23 Setting up libheif-plugin-aomdec:arm64 (1.17.6-1ubuntu4.9) ...
10-04 21:32:23 Setting up libheif-plugin-aomenc:arm64 (1.17.6-1ubuntu4.9) ...
10-04 21:32:23 Processing triggers for libc-bin (2.39-0ubuntu8.9) ...
10-04 21:32:24 Processing triggers for debianutils (5.17build1) ...
10-04 21:32:24 Processing triggers for fontconfig (2.15.0-1.1ubuntu2) ...
10-04 21:32:26 [0;1;32;92m[2026-10-04 21:32:26]: 依赖安装成功... [0m
10-04 21:32:26 [0;1;34;94m[2026-10-04 21:32:26]: 开始下载NapCat安装包,请稍等... [0m
10-04 21:32:26 [0;1;34;94m[2026-10-04 21:32:26]: 开始网络测试: Github... [0m
10-04 21:32:26 [0;1;34;94m[2026-10-04 21:32:26]: 测试代理: https://ghfast.top [0m
10-04 21:32:27 [0;1;34;94m[2026-10-04 21:32:27]: 将使用Github代理: https://ghfast.top [0m
10-04 21:32:28 #=#=#                                                                          
10-04 21:32:28 ##O#-#                                                                         
10-04 21:32:28 ##O=#  #                                                                       
10-04 21:32:29 #=#=-#  #                                                                      
10-04 21:32:29 -#O#- #   #                                                                    
10-04 21:32:29                                                                            0.1%
10-04 21:32:29                                                                            0.2%
10-04 21:32:30                                                                            0.2%
10-04 21:32:30                                                                            0.4%
10-04 21:32:30                                                                            0.6%
10-04 21:32:31 #                                                                          1.7%
10-04 21:32:31 #                                                                          2.3%
10-04 21:32:31 #                                                                          2.3%
10-04 21:32:31 #                                                                          2.6%
10-04 21:32:31 ##                                                                         4.1%
10-04 21:32:32 ###                                                                        5.3%
10-04 21:32:32 ####                                                                       6.2%
10-04 21:32:32 ######                                                                     8.6%
10-04 21:32:32 #######                                                                    9.9%
10-04 21:32:32 #############                                                             19.3%
10-04 21:32:33 #################                                                         24.8%
10-04 21:32:33 ###################                                                       26.8%
10-04 21:32:33 ####################                                                      28.0%
10-04 21:32:33 #########################                                                 35.8%
10-04 21:32:34 ##############################                                            43.0%
10-04 21:32:34 ###############################                                           43.4%
10-04 21:32:34 #########################################                                 57.6%
10-04 21:32:34 ##########################################                                59.3%
10-04 21:32:34 ############################################                              62.4%
10-04 21:32:35 ###############################################                           65.5%
10-04 21:32:35 ##################################################                        69.6%
10-04 21:32:35 ########################################################                  78.1%
10-04 21:32:35 ###########################################################               83.0%
10-04 21:32:35 #############################################################             85.5%
10-04 21:32:36 ###############################################################           87.9%
10-04 21:32:36 ################################################################          89.6%
10-04 21:32:36 ######################################################################    98.3%
10-04 21:32:36 ######################################################################## 100.0%
10-04 21:32:36 [0;1;32;92m[2026-10-04 21:32:36]: NapCat.Shell.zip 成功下载。 [0m
10-04 21:32:36 [0;1;34;94m[2026-10-04 21:32:36]: 正在验证 NapCat.Shell.zip... [0m
10-04 21:32:37 [0;1;34;94m[2026-10-04 21:32:37]: 正在解压 NapCat.Shell.zip... [0m
10-04 21:32:40 [0;1;33;93m[2026-10-04 21:32:40]: LinuxQQ 已由 AstrBot Android 安装，跳过上游重复安装 [0m
10-04 21:32:40 [0;1;34;94m[2026-10-04 21:32:40]: 当前系统架构: arm64 [0m
10-04 21:32:40 [0;1;34;94m[2026-10-04 21:32:40]: 开始网络测试: Github... [0m
10-04 21:32:40 [0;1;34;94m[2026-10-04 21:32:40]: 测试代理: https://ghfast.top [0m
10-04 21:32:41 [0;1;34;94m[2026-10-04 21:32:41]: 将使用Github代理: https://ghfast.top [0m
10-04 21:32:41 [0;1;34;94m[2026-10-04 21:32:41]: 开始下载 launcher.cpp ... [0m
10-04 21:32:41 #=#=#                                                                          
10-04 21:32:41 ##O#-#                                                                         
10-04 21:32:42 ##O=#  #                                                                       
10-04 21:32:42 #=#=-#  #                                                                      
10-04 21:32:42 ######################################################################## 100.0%
10-04 21:32:42 [0;1;32;92m[2026-10-04 21:32:42]: launcher.cpp 下载成功。 [0m
10-04 21:32:42 [0;1;34;94m[2026-10-04 21:32:42]: 正在编译 libnapcat_launcher.so ... [0m
10-04 21:32:44 [0;1;32;92m[2026-10-04 21:32:44]: libnapcat_launcher.so 编译成功。 [0m
10-04 21:32:44 [0;1;34;94m[2026-10-04 21:32:44]: 启动步骤: [0m
10-04 21:32:44 [0;1;34;94m[2026-10-04 21:32:44]: 输入 Xvfb :1 -screen 0 1x1x8 +extension GLX +render > /dev/null 2>&1 & [0m
10-04 21:32:44 [0;1;34;94m[2026-10-04 21:32:44]: 输入 export DISPLAY=:1 [0m
10-04 21:32:44 [0;1;34;94m[2026-10-04 21:32:44]: 输入 sudo su [0m
10-04 21:32:44 [0;1;34;94m[2026-10-04 21:32:44]: 输入 LD_PRELOAD=./libnapcat_launcher.so qq --no-sandbox [0m
10-04 21:32:44 [0;1;34;94m[2026-10-04 21:32:44]: 或直接运行 sudo bash ./launcher.sh 启动 NapCat Shell [0m
10-04 21:32:44 写入 onebot11.json（OneBot HTTP :3000 / WS :3001 + AstrBot 桥 :6199）
10-04 21:32:44 webui.json 已写入（WebUI :5099，Token 可在 App 复制）
10-04 21:32:44 [STAGE:55:NapCat 安装完成]
10-04 21:32:44 [31m- NapCat 安装完成[0m
10-04 21:32:44 [31m- Napcat 已安装[0m
10-04 21:32:45 [STAGE:90:启动 NapCat（首次需扫码登录 QQ，Token 在 App「密码与登录」卡复制）]
10-04 21:32:45 [31m- 启动 NapCat（首次需扫码登录 QQ，Token 在 App「密码与登录」卡复制）[0m
10-04 21:32:45 [31m- NapCat 启动中[0m
10-04 21:32:45 [AstrBot Android] NapCat 已后台拉起（控制台: /root/napcat/napcat-console.log）
10-04 21:32:45 [AstrBot Android] QQ 登录完成后 OneBot :3001/:3000 自动可用；未登录时打开 WebUI :5099 扫码
10-04 21:32:45 [AstrBot Android] NapCat 看门狗已启动（5 分钟巡检：进程保活 + 登录后配置自动升级重启）
10-04 21:32:45 [STAGE:92:NapCat 启动中（QQ 引导完成后 :3001/:3000 生效；AstrBot 已按开关关闭）]
10-04 21:32:45 [31m- NapCat 启动中（QQ 引导完成后 :3001/:3000 生效；AstrBot 已按开关关闭）[0m
10-04 21:32:45 [NAPCAT] [launcher] loadNapCat.js generated in current directory
10-04 21:32:45 [NAPCAT] not mini app. 
10-04 21:32:45 [NAPCAT] [launcher] loadNapCat.js generated in current directory
10-04 21:32:45 [NAPCAT] [preload] succeeded. /opt/QQ/resources/app/major.node
10-04 21:32:45 [NAPCAT] [launcher] loadNapCat.js generated in current directory
10-04 21:32:45 [NAPCAT] [preload] succeeded. /opt/QQ/resources/app/major.node
10-04 21:32:46 [NAPCAT] [27002:1004/213245.923487:ERROR:base/files/file_path_watcher_inotify.cc:923] Failed to read /proc/sys/fs/inotify/max_user_watches
10-04 21:32:46 [NAPCAT] [27001:1004/213245.925237:ERROR:base/files/file_path_watcher_inotify.cc:923] Failed to read /proc/sys/fs/inotify/max_user_watches
10-04 21:32:46 [NAPCAT] [26979:1004/213245.970015:ERROR:dbus/bus.cc:406] Failed to connect to the bus: Failed to connect to socket /run/dbus/system_bus_socket: No such file or director
10-04 21:32:46 [NAPCAT] resourcesPath: /opt/QQ/resources
10-04 21:32:46 [NAPCAT] [launcher] intercepted package.json: /opt/QQ/resources/app/package.json, replacing content
10-04 21:32:46 [NAPCAT] [launcher] Generated relative path: ../../../../root
10-04 21:32:46 [NAPCAT] [launcher] New main field: "main": "../../../../root/loadNapCat.js"
10-04 21:32:46 [NAPCAT] [launcher] package.json content: {
10-04 21:32:46 [NAPCAT]   "name": "QQ",
10-04 21:32:46 [NAPCAT]   "version": "3.2.33-52892",
10-04 21:32:46 [NAPCAT]   "private": true,
10-04 21:32:46 [NAPCAT]   "description": "QQ",
10-04 21:32:46 [NAPCAT]   "productName": "QQ",
10-04 21:32:46 [NAPCAT]   "author": {
10-04 21:32:46 [NAPCAT]     "name": "Tencent",
10-04 21:32:46 [NAPCAT]     "email": "QQ-Team@tencent.com"
10-04 21:32:46 [NAPCAT]   },
10-04 21:32:46 [NAPCAT]   "homepage": "https://im.qq.com",
10-04 21:32:46 [NAPCAT]   "sideEffects": true,
10-04 21:32:46 [NAPCAT]   "bin": {
10-04 21:32:46 [NAPCAT]     "qd": "externals/devtools/cli/index.js"
10-04 21:32:46 [NAPCAT]   },
10-04 21:32:46 [NAPCAT]   "appid": {
10-04 21:32:46 [NAPCAT]     "win32": "537382716",
10-04 21:32:46 [NAPCAT]     "darwin": "537382742",
10-04 21:32:46 [NAPCAT]     "linux": "537382753",
10-04 21:32:46 [NAPCAT]     "ohos": "5373141859"
10-04 21:32:46 [NAPCAT]   },
10-04 21:32:46 [NAPCAT]   "main": "../../../../root/loadNapCat.js",
10-04 21:32:46 [NAPCAT]   "peerDependenciesMeta": {
10-04 21:32:46 [NAPCAT]     "*": {
10-04 21:32:46 [NAPCAT]       "optional": true
10-04 21:32:46 [NAPCAT]     }
10-04 21:32:46 [NAPCAT]   },
10-04 21:32:46 [NAPCAT]   "pnpm": {
10-04 21:32:46 [NAPCAT]     "patchedDependencies": {
10-04 21:32:46 [NAPCAT]       "@vue/runtime-dom@3.5.12": "patches/@vue__runtime-dom@3.5.12.patch",
10-04 21:32:46 [NAPCAT]       "@swc/helpers@0.5.3": "patches/@swc__helpers@0.5.3.patch",
10-04 21:32:46 [NAPCAT]       "vuex@4.1.0": "patches/vuex@4.1.0.patch",
10-04 21:32:46 [NAPCAT]       "typescript-parser@2.6.1": "patches/typescript-parser@2.6.1.patch",
10-04 21:32:46 [NAPCAT]       "@tencent/qqplay-downloadsdk": "patches/@tencent__qqplay-downloadsdk.patch",
10-04 21:32:46 [NAPCAT]       "@tencent/universal-report@4.5.4": "patches/@tencent__universal-report@4.5.4.patch",
10-04 21:32:46 [NAPCAT]       "typescript@7.0.2": "patches/typescript@7.0.2.patch"
10-04 21:32:46 [NAPCAT]     },
10-04 21:32:46 [NAPCAT]     "packageExtensions": {
10-04 21:32:47 [NAPCAT]       "qute": {
10-04 21:32:47 [NAPCAT]         "dependencies": {},
10-04 21:32:47 [NAPCAT]         "devDependencies": {}
10-04 21:32:47 [NAPCAT]       }
10-04 21:32:47 [NAPCAT]     },
10-04 21:32:47 [NAPCAT]     "overrides": {
10-04 21:32:47 [NAPCAT]       "@types/react": "-",
10-04 21:32:47 [NAPCAT]       "@types/react-dom": "-",
10-04 21:32:47 [NAPCAT]       "@tencent/yuanbao-react-markdown>@types/hast": "-",
10-04 21:32:47 [NAPCAT]       "@tencent/yuanbao-react-markdown>devlop": "-",
10-04 21:32:47 [NAPCAT]       "@tencent/yuanbao-react-markdown>hast-util-to-jsx-runtime": "-",
10-04 21:32:47 [NAPCAT]       "@tencent/yuanbao-react-markdown>html-url-attributes": "-",
10-04 21:32:47 [NAPCAT]       "@tencent/yuanbao-react-markdown>mdast-util-to-hast": "-",
10-04 21:32:47 [NAPCAT]       "@tencent/yuanbao-react-markdown>rehype-parse": "-",
10-04 21:32:47 [NAPCAT]       "@tencent/yuanbao-react-markdown>rehype-stringify": "-",
10-04 21:32:47 [NAPCAT]       "@tencent/yuanbao-react-markdown>remark-parse": "-",
10-04 21:32:47 [NAPCAT]       "@tencent/yuanbao-react-markdown>remark-rehype": "-",
10-04 21:32:47 [NAPCAT]       "@tencent/yuanbao-react-markdown>unified": "-",
10-04 21:32:47 [NAPCAT]       "@tencent/yuanbao-react-markdown>unist-util-visit": "-",
10-04 21:32:47 [NAPCAT]       "@tencent/yuanbao-react-markdown>vfile": "-",
10-04 21:32:47 [NAPCAT]       "@types/d3-dispatch": "3.0.6"
10-04 21:32:47 [NAPCAT]     }
10-04 21:32:47 [NAPCAT]   },
10-04 21:32:47 [NAPCAT]   "buildVersion": "52892",
10-04 21:32:47 [NAPCAT]   "platform": "linux",
10-04 21:32:47 [NAPCAT]   "eleArch": "arm64",
10-04 21:32:47 [NAPCAT]   "linuxFormat": "deb"
10-04 21:32:47 [NAPCAT] }
10-04 21:32:47 [NAPCAT] [26979:1004/213247.750267:ERROR:dbus/bus.cc:406] Failed to connect to the bus: Could not parse server address: Unknown address type (examples of valid types are
10-04 21:32:47 [NAPCAT] [26979:1004/213247.750356:ERROR:dbus/bus.cc:406] Failed to connect to the bus: Could not parse server address: Unknown address type (examples of valid types are
10-04 21:32:47 [NAPCAT] [26979:1004/213247.751649:ERROR:net/base/address_tracker_linux.cc:242] Could not bind NETLINK socket: Permission denied (13)
10-04 21:32:47 [NAPCAT] [26979:1004/213247.751883:ERROR:base/files/file_path_watcher_inotify.cc:923] Failed to read /proc/sys/fs/inotify/max_user_watches
10-04 21:32:47 [NAPCAT] [26979:1004/213247.752215:ERROR:dbus/bus.cc:406] Failed to connect to the bus: Failed to connect to socket /run/dbus/system_bus_socket: No such file or director
10-04 21:32:47 [NAPCAT] [26979:1004/213247.752813:ERROR:dbus/bus.cc:406] Failed to connect to the bus: Failed to connect to socket /run/dbus/system_bus_socket: No such file or director
10-04 21:32:47 [NAPCAT] [26979:1004/213247.769512:ERROR:device/udev_linux/udev_watcher.cc:51] Failed to initialize a udev monitor.
10-04 21:32:47 [NAPCAT] [26979:1004/213247.810526:ERROR:dbus/object_proxy.cc:573] Failed to call method: org.freedesktop.DBus.NameHasOwner: object_path= /org/freedesktop/DBus: unknown 
10-04 21:32:47 [NAPCAT] [26979:1004/213247.810616:ERROR:dbus/object_proxy.cc:573] Failed to call method: org.freedesktop.DBus.NameHasOwner: object_path= /org/freedesktop/DBus: unknown 
10-04 21:32:48 [NAPCAT] [26979:1004/213247.810685:ERROR:dbus/bus.cc:406] Failed to connect to the bus: Could not parse server address: Unknown address type (examples of valid types are
10-04 21:32:48 [NAPCAT] [26979:1004/213247.810713:ERROR:dbus/bus.cc:406] Failed to connect to the bus: Could not parse server address: Unknown address type (examples of valid types are
10-04 21:32:48 [NAPCAT] [26979:1004/213247.810732:ERROR:dbus/object_proxy.cc:573] Failed to call method: org.freedesktop.DBus.NameHasOwner: object_path= /org/freedesktop/DBus: unknown 
10-04 21:32:48 [NAPCAT] [26979:1004/213247.830558:ERROR:dbus/object_proxy.cc:573] Failed to call method: org.freedesktop.DBus.NameHasOwner: object_path= /org/freedesktop/DBus: unknown 
10-04 21:32:48 [NAPCAT] [27448:1004/213247.938012:ERROR:base/files/file_path_watcher_inotify.cc:923] Failed to read /proc/sys/fs/inotify/max_user_watches
10-04 21:32:48 [NAPCAT] [launcher] loadNapCat.js generated in current directory
10-04 21:32:48 [NAPCAT] [27446:1004/213248.007202:ERROR:base/files/file_path_watcher_inotify.cc:923] Failed to read /proc/sys/fs/inotify/max_user_watches
10-04 21:32:48 [NAPCAT] [27446:1004/213248.007437:ERROR:net/base/address_tracker_linux.cc:242] Could not bind NETLINK socket: Permission denied (13)
10-04 21:32:48 [NAPCAT] [27433:1004/213248.260837:ERROR:ui/gl/angle_platform_impl.cc:42] Display.cpp:1097 (initialize): ANGLE Display::initialize error 12289: GLX is not present.
10-04 21:32:48 [NAPCAT] ERR: Display.cpp:1097 (initialize): ANGLE Display::initialize error 12289: GLX is not present.
10-04 21:32:48 [NAPCAT] [27433:1004/213248.261159:ERROR:ui/gl/egl_util.cc:92] EGL Driver message (Critical) eglInitialize: GLX is not present.
10-04 21:32:48 [NAPCAT] [27433:1004/213248.262820:ERROR:ui/gl/gl_display.cc:639] eglInitialize OpenGL failed with error EGL_NOT_INITIALIZED, trying next display type
10-04 21:32:48 [NAPCAT] [27433:1004/213248.263599:ERROR:ui/gl/angle_platform_impl.cc:42] Display.cpp:1097 (initialize): ANGLE Display::initialize error 12289: GLX is not present.
10-04 21:32:48 [NAPCAT] ERR: Display.cpp:1097 (initialize): ANGLE Display::initialize error 12289: GLX is not present.
10-04 21:32:48 [NAPCAT] [27433:1004/213248.264115:ERROR:ui/gl/egl_util.cc:92] EGL Driver message (Critical) eglInitialize: GLX is not present.
10-04 21:32:48 [NAPCAT] [27433:1004/213248.265319:ERROR:ui/gl/gl_display.cc:639] eglInitialize OpenGLES failed with error EGL_NOT_INITIALIZED
10-04 21:32:48 [NAPCAT] [27433:1004/213248.265552:ERROR:ui/gl/gl_display.cc:674] Initialization of all EGL display types failed.
10-04 21:32:48 [NAPCAT] [27433:1004/213248.266069:ERROR:ui/ozone/common/gl_ozone_egl.cc:26] GLDisplayEGL::Initialize failed.
10-04 21:32:48 [NAPCAT] [27433:1004/213248.519395:ERROR:ui/gl/angle_platform_impl.cc:42] Display.cpp:1097 (initialize): ANGLE Display::initialize error 12289: GLX is not present.
10-04 21:32:48 [NAPCAT] ERR: Display.cpp:1097 (initialize): ANGLE Display::initialize error 12289: GLX is not present.
10-04 21:32:48 [NAPCAT] [27433:1004/213248.519764:ERROR:ui/gl/egl_util.cc:92] EGL Driver message (Critical) eglInitialize: GLX is not present.
10-04 21:32:48 [NAPCAT] [27433:1004/213248.520335:ERROR:ui/gl/gl_display.cc:639] eglInitialize OpenGL failed with error EGL_NOT_INITIALIZED, trying next display type
10-04 21:32:48 [NAPCAT] [27433:1004/213248.521172:ERROR:ui/gl/angle_platform_impl.cc:42] Display.cpp:1097 (initialize): ANGLE Display::initialize error 12289: GLX is not present.
10-04 21:32:48 [NAPCAT] ERR: Display.cpp:1097 (initialize): ANGLE Display::initialize error 12289: GLX is not present.
10-04 21:32:48 [NAPCAT] [27433:1004/213248.522559:ERROR:ui/gl/egl_util.cc:92] EGL Driver message (Critical) eglInitialize: GLX is not present.
10-04 21:32:48 [NAPCAT] [27433:1004/213248.522870:ERROR:ui/gl/gl_display.cc:639] eglInitialize OpenGLES failed with error EGL_NOT_INITIALIZED
10-04 21:32:48 [NAPCAT] [27433:1004/213248.523304:ERROR:ui/gl/gl_display.cc:674] Initialization of all EGL display types failed.
10-04 21:32:48 [NAPCAT] [27433:1004/213248.524792:ERROR:ui/ozone/common/gl_ozone_egl.cc:26] GLDisplayEGL::Initialize failed.
10-04 21:32:48 [NAPCAT] [27433:1004/213248.532161:ERROR:components/viz/service/main/viz_main_impl.cc:189] Exiting GPU process due to errors during initialization
10-04 21:32:49 [NAPCAT] NapCat Shell App Loading...
10-04 21:32:49 [NAPCAT] [launcher] intercepted package.json: /opt/QQ/resources/app/package.json, replacing content
10-04 21:32:49 [NAPCAT] [launcher] Generated relative path: ../../../../root
10-04 21:32:49 [NAPCAT] [launcher] New main field: "main": "../../../../root/loadNapCat.js"
10-04 21:32:49 [NAPCAT] [launcher] package.json content: {
10-04 21:32:49 [NAPCAT]   "name": "QQ",
10-04 21:32:49 [NAPCAT]   "version": "3.2.33-52892",
10-04 21:32:49 [NAPCAT]   "private": true,
10-04 21:32:49 [NAPCAT]   "description": "QQ",
10-04 21:32:49 [NAPCAT]   "productName": "QQ",
10-04 21:32:49 [NAPCAT]   "author": {
10-04 21:32:49 [NAPCAT]     "name": "Tencent",
10-04 21:32:49 [NAPCAT]     "email": "QQ-Team@tencent.com"
10-04 21:32:49 [NAPCAT]   },
10-04 21:32:49 [NAPCAT]   "homepage": "https://im.qq.com",
10-04 21:32:49 [NAPCAT]   "sideEffects": true,
10-04 21:32:49 [NAPCAT]   "bin": {
10-04 21:32:49 [NAPCAT]     "qd": "externals/devtools/cli/index.js"
10-04 21:32:49 [NAPCAT]   },
10-04 21:32:49 [NAPCAT]   "appid": {
10-04 21:32:49 [NAPCAT]     "win32": "537382716",
10-04 21:32:49 [NAPCAT]     "darwin": "537382742",
10-04 21:32:49 [NAPCAT]     "linux": "537382753",
10-04 21:32:49 [NAPCAT]     "ohos": "5373141859"
10-04 21:32:49 [NAPCAT]   },
10-04 21:32:49 [NAPCAT]   "main": "../../../../root/loadNapCat.js",
10-04 21:32:49 [NAPCAT]   "peerDependenciesMeta": {
10-04 21:32:49 [NAPCAT]     "*": {
10-04 21:32:49 [NAPCAT]       "optional": true
10-04 21:32:49 [NAPCAT]     }
10-04 21:32:49 [NAPCAT]   },
10-04 21:32:49 [NAPCAT]   "pnpm": {
10-04 21:32:49 [NAPCAT]     "patchedDependencies": {
10-04 21:32:49 [NAPCAT]       "@vue/runtime-dom@3.5.12": "patches/@vue__runtime-dom@3.5.12.patch",
10-04 21:32:49 [NAPCAT]       "@swc/helpers@0.5.3": "patches/@swc__helpers@0.5.3.patch",
10-04 21:32:49 [NAPCAT]       "vuex@4.1.0": "patches/vuex@4.1.0.patch",
10-04 21:32:49 [NAPCAT]       "typescript-parser@2.6.1": "patches/typescript-parser@2.6.1.patch",
10-04 21:32:49 [NAPCAT]       "@tencent/qqplay-downloadsdk": "patches/@tencent__qqplay-downloadsdk.patch",
10-04 21:32:50 [NAPCAT]       "@tencent/universal-report@4.5.4": "patches/@tencent__universal-report@4.5.4.patch",
10-04 21:32:50 [NAPCAT]       "typescript@7.0.2": "patches/typescript@7.0.2.patch"
10-04 21:32:50 [NAPCAT]     },
10-04 21:32:50 [NAPCAT]     "packageExtensions": {
10-04 21:32:50 [NAPCAT]       "qute": {
10-04 21:32:50 [NAPCAT]         "dependencies": {},
10-04 21:32:50 [NAPCAT]         "devDependencies": {}
10-04 21:32:50 [NAPCAT]       }
10-04 21:32:50 [NAPCAT]     },
10-04 21:32:50 [NAPCAT]     "overrides": {
10-04 21:32:50 [NAPCAT]       "@types/react": "-",
10-04 21:32:50 [NAPCAT]       "@types/react-dom": "-",
10-04 21:32:50 [NAPCAT]       "@tencent/yuanbao-react-markdown>@types/hast": "-",
10-04 21:32:50 [NAPCAT]       "@tencent/yuanbao-react-markdown>devlop": "-",
10-04 21:32:50 [NAPCAT]       "@tencent/yuanbao-react-markdown>hast-util-to-jsx-runtime": "-",
10-04 21:32:50 [NAPCAT]       "@tencent/yuanbao-react-markdown>html-url-attributes": "-",
10-04 21:32:50 [NAPCAT]       "@tencent/yuanbao-react-markdown>mdast-util-to-hast": "-",
10-04 21:32:50 [NAPCAT]       "@tencent/yuanbao-react-markdown>rehype-parse": "-",
10-04 21:32:50 [NAPCAT]       "@tencent/yuanbao-react-markdown>rehype-stringify": "-",
10-04 21:32:50 [NAPCAT]       "@tencent/yuanbao-react-markdown>remark-parse": "-",
10-04 21:32:50 [NAPCAT]       "@tencent/yuanbao-react-markdown>remark-rehype": "-",
10-04 21:32:50 [NAPCAT]       "@tencent/yuanbao-react-markdown>unified": "-",
10-04 21:32:50 [NAPCAT]       "@tencent/yuanbao-react-markdown>unist-util-visit": "-",
10-04 21:32:50 [NAPCAT]       "@tencent/yuanbao-react-markdown>vfile": "-",
10-04 21:32:50 [NAPCAT]       "@types/d3-dispatch": "3.0.6"
10-04 21:32:50 [NAPCAT]     }
10-04 21:32:50 [NAPCAT]   },
10-04 21:32:50 [NAPCAT]   "buildVersion": "52892",
10-04 21:32:50 [NAPCAT]   "platform": "linux",
10-04 21:32:50 [NAPCAT]   "eleArch": "arm64",
10-04 21:32:50 [NAPCAT]   "linuxFormat": "deb"
10-04 21:32:50 [NAPCAT] }
10-04 21:32:50 [NAPCAT] prepare write and writev hooks
10-04 21:32:50 [NAPCAT] 10-04 21:32:49 [info] [PacketHandler] 加载成功
10-04 21:32:50 [NAPCAT] 10-04 21:32:49 [info] [Napi2NativeLoader] 加载成功
10-04 21:32:50 [NAPCAT] 10-04 21:32:49 [info] [FFmpeg] 检查 Native Addon 可用性...
10-04 21:32:50 [NAPCAT] 10-04 21:32:49 [info] [FFmpeg] ✓ 使用 Native Addon 适配器
10-04 21:32:50 [NAPCAT] 10-04 21:32:49 [info] [PacketHandler] 初始化成功
10-04 21:32:50 [NAPCAT] 10-04 21:32:49 [info] [NapCat] [Core] NapCat.Core Version: 4.18.29
10-04 21:32:50 [NAPCAT] [I] <MemoryFile.cpp:98::open> open fd[0x25], /root/.config/QQ/nt_qq/global/nt_data/mmkv/nt_mmkv_global_misc
10-04 21:32:50 [NAPCAT] [I] <MemoryFile.cpp:98::open> open fd[0x26], /root/.config/QQ/nt_qq/global/nt_data/mmkv/nt_mmkv_global_misc.crc
10-04 21:32:50 [NAPCAT] [I] <MMKV_IO.cpp:87::loadFromFile> loading [nt_mmkv_global_misc] with 0 actual size, file size 4096, InterProcess 1, meta info version:0
10-04 21:32:50 [NAPCAT] [I] <MMKV_IO.cpp:136::loadFromFile> loaded [nt_mmkv_global_misc] with 0 key-values
10-04 21:32:50 [NAPCAT] [I] <MMKV.cpp:233::initializeMMKV> root dir: /root/.config/QQ/nt_qq/global/nt_data/mmkv
10-04 21:32:50 [NAPCAT] [I] <MemoryFile.cpp:98::open> open fd[0x27], /root/.config/QQ/nt_qq/global/nt_data/mmkv/nt_mmkv_o3
10-04 21:32:50 [NAPCAT] [I] <MemoryFile.cpp:98::open> open fd[0x28], /root/.config/QQ/nt_qq/global/nt_data/mmkv/nt_mmkv_o3.crc
10-04 21:32:50 [NAPCAT] [I] <MMKV_IO.cpp:87::loadFromFile> loading [nt_mmkv_o3] with 0 actual size, file size 4096, InterProcess 1, meta info version:0
10-04 21:32:50 [NAPCAT] [I] <MMKV_IO.cpp:136::loadFromFile> loaded [nt_mmkv_o3] with 0 key-values
10-04 21:32:50 [NAPCAT] 10-04 21:32:49 [info] [NapCat] [WebUi] WebUi Token: bandqq-napcat
10-04 21:32:50 [NAPCAT] 10-04 21:32:49 [info] [NapCat] [WebUi] WebUi User Panel Url: http://127.0.0.1:5099/webui?token=bandqq-napcat
10-04 21:32:50 [NAPCAT] 10-04 21:32:49 [info] [NapCat] [WebUi] WebUi User Panel Url: http://[::]:5099/webui?token=bandqq-napcat
10-04 21:32:50 [NAPCAT] 10-04 21:32:49 [info] 等待网络连接...
10-04 21:32:50 [NAPCAT] 10-04 21:32:49 [info] 等待网络连接...
10-04 21:32:50 [NAPCAT] 10-04 21:32:50 [info] 网络已连接
10-04 21:32:50 [NAPCAT] 10-04 21:32:50 [info] 没有 -q 指令指定快速登录，将使用二维码登录方式
10-04 21:32:50 [NAPCAT] 10-04 21:32:50 [info] 网络已连接
10-04 21:32:50 [NAPCAT] 10-04 21:32:50 [warn] [Core] [Login] 登录服务重连完成，正在获取二维码 {"requested":true,"msfStatus":1}
10-04 21:32:50 [NAPCAT] 10-04 21:32:50 [warn] 请扫描下面的二维码，然后在手Q上授权登录：
10-04 21:32:50 [NAPCAT] 10-04 21:32:50 [warn] 
10-04 21:32:50 [NAPCAT] ▄▄▄▄▄▄▄▄▄▄▄▄▄▄▄▄▄▄▄▄▄▄▄▄▄▄▄▄▄▄▄▄▄▄▄
10-04 21:32:50 [NAPCAT] █ ▄▄▄▄▄ █▄▄▄ ▀▄██ ▀▀ █▄▄▄██ ▄▄▄▄▄ █
10-04 21:32:50 [NAPCAT] █ █   █ ██▄▀ █ ▀▄▄▀ █▄ █▄▄█ █   █ █
10-04 21:32:50 [NAPCAT] █ █▄▄▄█ ██▀▄ ▄████▄█▄▄█ ▀██ █▄▄▄█ █
10-04 21:32:50 [NAPCAT] █▄▄▄▄▄▄▄█ ▀▄█ ▀ █ █▄▀▄█ ▀▄█▄▄▄▄▄▄▄█
10-04 21:32:50 [NAPCAT] █▄ █ ▄█▄██▄▀█▄██▀▀████▀ ███▄▀▀█▀▀▄█
10-04 21:32:50 [NAPCAT] ███▄▀ █▄ ▄▄██▄█▄ █▀▀▀▄▄▄▄█▀  ▄▀▀▄▄█
10-04 21:32:50 [NAPCAT] █ ▄ ██▀▄▄▄▄ █▀▀▄  ▀█▄██▀ █▀▄▄███▄▄█
10-04 21:32:50 [NAPCAT] ███▀▄▄▄▄▀▀▄▀█▀▄▀ ▄▄  ▀▄ ▀ ▀▄█ █▀█▀█
10-04 21:32:51 [NAPCAT] █▀▀▀▄▄█▄█▄█▄ ▄▄  ▀▀▄▄▀  ▄▄▄ ▀ ▄█  █
10-04 21:32:51 [NAPCAT] █▀▀ ▀▀█▄▄█▀▀▀▄  ▄▀█▀ ▄█ ▄██▀█▄█▀▀ █
10-04 21:32:51 [NAPCAT] █  ▄ ▀█▄  █▄▄▀██ █▄▀ ▄▄▀ ▀▄█▀▀▀█▀██
10-04 21:32:51 [NAPCAT] █ █▀▀ ▄▄▀▄ █ ▀█ ▄ ▀ ▀▀▄ ▄▀ ▀ ▄█▀▄▄█
10-04 21:32:51 [NAPCAT] █▄▄▄██▄▄▄▀ ▄▄▄▀▄▀▀█▀▄▀███ ▄▄▄ ▀▀ ██
10-04 21:32:51 [NAPCAT] █ ▄▄▄▄▄ ██▄▀ ▄█   ▄ ▄███  █▄█ ▀ █▀█
10-04 21:32:51 [NAPCAT] █ █   █ █  ▄▀ ▄ ▄██▄█ ██▄▄ ▄▄▄▀█▄▄█
10-04 21:32:51 [NAPCAT] █ █▄▄▄█ █▀▄▄▄█ ▄  ▄ ▄███▀█▀▀▄   ▀ █
10-04 21:32:51 [NAPCAT] █▄▄▄▄▄▄▄█▄██████▄█▄█▄█▄██▄▄█▄█▄████
10-04 21:32:51 [NAPCAT] 二维码解码URL: https://txz.qq.com/p?k=bwWsAy-pKDg6GD7tZrL7Z7Vz6bb8vByu&f=1600001615
10-04 21:32:51 [NAPCAT] 如果控制台二维码无法扫码，可以复制解码url到二维码生成网站生成二维码再扫码，也可以打开下方的二维码路径图片进�
10-04 21:32:51 [NAPCAT] 10-04 21:32:50 [warn] 二维码已保存到 /root/napcat/cache/qrcode.png
10-04 21:33:10 [AstrBot Android] NapCat 启动中…（已等待 30 秒，QQ 首次引导较慢）
10-04 21:33:22 [NAPCAT] 10-04 21:33:21 [info] [Core] [Login] 二维码已被扫描，等待确认...
10-04 21:33:26 [NAPCAT] [I] <MMKV_IO.cpp:516::writeActualSize> [nt_mmkv_global_misc] increase sequence to 1, crc 1285129681, actualSize 4
10-04 21:33:26 [NAPCAT] linux-bugly: init bugly ...
10-04 21:33:26 [NAPCAT] [BuglyManager.cpp][InitBuglyManager][198]InitBuglyManager path: /root/.config/QQ/crash_files/
10-04 21:33:26 [NAPCAT] [BuglyService.cpp][CreatDir][70]!!!begin to CreatDir 0: /root/.config/QQ/crash_files/
10-04 21:33:26 [NAPCAT] [BuglyService.cpp][registBugly][589]set signal stack
10-04 21:33:26 [NAPCAT] [BuglyService.cpp][registSignalHandler][520]regist native handler
10-04 21:33:26 [NAPCAT] [BuglyService.cpp][setParam][618]setParam, key:appVersion, value:3.2.33-52892..
10-04 21:33:26 [NAPCAT] linux-bugly: init bugly done.
10-04 21:33:26 [NAPCAT] [I] <MMKV_IO.cpp:516::writeActualSize> [nt_mmkv_o3] increase sequence to 1, crc 2563966961, actualSize 4
10-04 21:33:27 [NAPCAT] [I] <MMKV.cpp:260::mmkvWithID> prepare to load nt_recent_emoji_mmkv (id 4d09ada208e1df49389b85b8d4dc11d8) from rootPath /root/.config/QQ/nt_qq_0d0741be72783462f
10-04 21:33:27 [NAPCAT] [I] <MemoryFile.cpp:98::open> open fd[0x56], /root/.config/QQ/nt_qq_0d0741be72783462f580b59d95c70ea4/nt_data/mmkv/nt_recent_emoji_mmkv
10-04 21:33:27 [NAPCAT] [I] <MemoryFile.cpp:98::open> open fd[0x57], /root/.config/QQ/nt_qq_0d0741be72783462f580b59d95c70ea4/nt_data/mmkv/nt_recent_emoji_mmkv.crc
10-04 21:33:27 [NAPCAT] [I] <MMKV_IO.cpp:87::loadFromFile> loading [nt_recent_emoji_mmkv] with 0 actual size, file size 4096, InterProcess 0, meta info version:0
10-04 21:33:27 [NAPCAT] [I] <MMKV_IO.cpp:136::loadFromFile> loaded [nt_recent_emoji_mmkv] with 0 key-values
10-04 21:33:27 [NAPCAT] [I] <MMKV.cpp:260::mmkvWithID> prepare to load nt_mmkv_united_config_no_login_v3 (id nt_mmkv_united_config_no_login_v3) from rootPath /root/.config/QQ/nt_qq/glo
10-04 21:33:27 [NAPCAT] [I] <MemoryFile.cpp:98::open> open fd[0x64], /root/.config/QQ/nt_qq/global/nt_data/mmkv/nt_mmkv_united_config_no_login_v3
10-04 21:33:27 [NAPCAT] [I] <MemoryFile.cpp:98::open> open fd[0x65], /root/.config/QQ/nt_qq/global/nt_data/mmkv/nt_mmkv_united_config_no_login_v3.crc
10-04 21:33:27 [NAPCAT] [I] <MMKV_IO.cpp:87::loadFromFile> loading [nt_mmkv_united_config_no_login_v3] with 0 actual size, file size 4096, InterProcess 1, meta info version:0
10-04 21:33:27 [NAPCAT] [I] <MMKV_IO.cpp:136::loadFromFile> loaded [nt_mmkv_united_config_no_login_v3] with 0 key-values
10-04 21:33:27 [NAPCAT] [I] <MMKV_IO.cpp:516::writeActualSize> [nt_mmkv_united_config_no_login_v3] increase sequence to 1, crc 3895222947, actualSize 4
10-04 21:33:27 [NAPCAT] [I] <MMKV.cpp:260::mmkvWithID> prepare to load nt_mmkv_flash_transfer (id 2c205ab7ef22e396d3aa9169b0203f14) from rootPath /root/.config/QQ/nt_qq_0d0741be7278346
10-04 21:33:27 [NAPCAT] [I] <MemoryFile.cpp:98::open> open fd[0xb5], /root/.config/QQ/nt_qq_0d0741be72783462f580b59d95c70ea4/nt_data/mmkv/nt_mmkv_flash_transfer
10-04 21:33:27 [NAPCAT] [I] <MemoryFile.cpp:98::open> open fd[0xbb], /root/.config/QQ/nt_qq_0d0741be72783462f580b59d95c70ea4/nt_data/mmkv/nt_mmkv_flash_transfer.crc
10-04 21:33:27 [NAPCAT] [I] <MMKV_IO.cpp:87::loadFromFile> loading [nt_mmkv_flash_transfer] with 0 actual size, file size 4096, InterProcess 0, meta info version:0
10-04 21:33:27 [NAPCAT] [I] <MMKV_IO.cpp:136::loadFromFile> loaded [nt_mmkv_flash_transfer] with 0 key-values
10-04 21:33:27 [NAPCAT] 10-04 21:33:27 [debug] 本账号数据/缓存目录： /root/.config/QQ/NapCat/data
10-04 21:33:27 [NAPCAT] 10-04 21:33:27 [debug] [Core] [Config] 配置文件/root/napcat/config/napcat.json加载 {"fileLog":false,"consoleLog":true,"fileLogLevel":"debug","consoleLogLe
10-04 21:33:27 [NAPCAT] 10-04 21:33:27 [info] [ServerTime] 时间同步完成，偏差 -471ms
10-04 21:33:27 [NAPCAT] 10-04 21:33:27 [info] [Core] [Packet] 使用 NativePacketClient 作为后端
10-04 21:33:27 [NAPCAT] [I] <MMKV_IO.cpp:516::writeActualSize> [nt_mmkv_flash_transfer] increase sequence to 1, crc 1285129681, actualSize 4
10-04 21:33:27 [NAPCAT] 10-04 21:33:27 [info] [Core] [Packet] [PacketClient] NativePacketClient Hook 初始化成功 platform=linux.arm64
10-04 21:33:27 [NAPCAT] [I] <MemoryFile.cpp:98::open> open fd[0xb0], /root/.config/QQ/nt_qq/global/nt_data/mmkv/mmkv.default
10-04 21:33:27 [NAPCAT] [I] <MemoryFile.cpp:98::open> open fd[0xb2], /root/.config/QQ/nt_qq/global/nt_data/mmkv/mmkv.default.crc
10-04 21:33:28 [NAPCAT] [I] <MMKV_IO.cpp:87::loadFromFile> loading [mmkv.default] with 0 actual size, file size 4096, InterProcess 0, meta info version:0
10-04 21:33:28 [NAPCAT] [I] <MMKV_IO.cpp:136::loadFromFile> loaded [mmkv.default] with 0 key-values
10-04 21:33:28 [NAPCAT] [I] <MMKV_IO.cpp:516::writeActualSize> [nt_mmkv_msf_united_config] increase sequence to 1, crc 1285129681, actualSize 4
10-04 21:33:28 [NAPCAT] 10-04 21:33:27 [info] [AdapterManager] 开始初始化协议适配器...
10-04 21:33:28 [NAPCAT] 10-04 21:33:27 [info] [Notice] [OneBot11] [network] 配置加载
10-04 21:33:28 [NAPCAT] HTTP服务: 127.0.0.1:3000, : 已启动
10-04 21:33:28 [NAPCAT] WebSocket服务: 127.0.0.1:3001, : 已启动
10-04 21:33:28 [NAPCAT] WebSocket反向服务: ws://localhost:6199/ws, : 已启动
10-04 21:33:28 [NAPCAT] [I] <MMKV_IO.cpp:433::expandAndWriteBack> extending [nt_mmkv_united_config_no_login_v3] file size from 4096 to 8192, incoming size:61, future usage:2058
10-04 21:33:28 [NAPCAT] 10-04 21:33:28 [info] [OneBot] [WebSocket Server] Server Started undefined:undefined
10-04 21:33:28 [NAPCAT] [I] <MMKV_IO.cpp:516::writeActualSize> [nt_mmkv_united_config_no_login_v3] increase sequence to 2, crc 926516255, actualSize 4034
10-04 21:33:28 [NAPCAT] [I] <MMKV.cpp:1178::sync> MMKV::sync, SyncFlag = 1
10-04 21:33:28 [NAPCAT] 10-04 21:33:28 [info] [AdapterManager] OneBot11 适配器初始化完成
10-04 21:33:28 [NAPCAT] 10-04 21:33:28 [info] [AdapterManager] NapCat Protocol 适配器未启用，跳过初始化
10-04 21:33:28 [NAPCAT] 10-04 21:33:28 [info] [AdapterManager] 协议适配器初始化完成，已加载 2 个适配器
10-04 21:33:28 [NAPCAT] [I] <MMKV_IO.cpp:433::expandAndWriteBack> extending [nt_mmkv_united_config_no_login_v3] file size from 8192 to 16384, incoming size:43, future usage:4136
10-04 21:33:28 [NAPCAT] [I] <MMKV_IO.cpp:516::writeActualSize> [nt_mmkv_united_config_no_login_v3] increase sequence to 3, crc 519383828, actualSize 8178
10-04 21:33:28 [NAPCAT] [I] <MMKV.cpp:1178::sync> MMKV::sync, SyncFlag = 1
10-04 21:33:28 [NAPCAT] 10-04 21:33:28 [info] [OneBot] [HTTP Server Adapter] Start On 127.0.0.1:3000
10-04 21:33:28 [NAPCAT] 10-04 21:33:28 [error] [OneBot] [WebSocket Client] 反向WebSocket (ws://localhost:6199/ws) 连接错误 AggregateError [ECONNREFUSED]: 
10-04 21:33:28 [NAPCAT]     at internalConnectMultiple (node:net:1134:18)
10-04 21:33:28 [NAPCAT]     at afterConnectMultiple (node:net:1715:7)
10-04 21:33:28 [NAPCAT] 10-04 21:33:28 [error] [OneBot] [WebSocket Client] 在 5 秒后尝试重新连接
10-04 21:33:28 [NAPCAT] [I] <MMKV_IO.cpp:516::writeActualSize> [mmkv.default] increase sequence to 1, crc 1285129681, actualSize 4
10-04 21:33:28 [NAPCAT] 10-04 21:33:28 [info] 一秋呀(小号)大号2308534727 | 接收 <- 临时消息 (2010741172) [卡片消息]
10-04 21:33:29 [NAPCAT] 10-04 21:33:28 [info] 一秋呀(小号)大号2308534727 | 接收 <- 临时消息 (2010741172) [卡片消息]
10-04 21:33:29 [NAPCAT] 10-04 21:33:28 [info] 一秋呀(小号)大号2308534727 | 接收 <- 私聊 (3213049289) [图片]
10-04 21:33:29 [NAPCAT] 10-04 21:33:28 [info] 一秋呀(小号)大号2308534727 | 接收 <- 私聊 (3213049289) 这是要下载什么软件吗
10-04 21:33:29 [NAPCAT] 10-04 21:33:28 [info] 一秋呀(小号)大号2308534727 | 接收 <- 私聊 (3213049289) 求BandQQ米互联同步器安装包
10-04 21:33:29 [NAPCAT] 10-04 21:33:28 [info] 一秋呀(小号)大号2308534727 | 接收 <- 私聊 (1758310267) 请求添加你为好友
10-04 21:33:29 [NAPCAT] 10-04 21:33:28 [info] 一秋呀(小号)大号2308534727 | 接收 <- 私聊 (1758310267) 在吗
10-04 21:33:29 [NAPCAT] 10-04 21:33:28 [info] 一秋呀(小号)大号2308534727 | 接收 <- 私聊 (1758310267) 1
10-04 21:33:29 [NAPCAT] 10-04 21:33:28 [info] 一秋呀(小号)大号2308534727 | 接收 <- 私聊 (1758310267) 1
10-04 21:33:29 [NAPCAT] 10-04 21:33:28 [info] 一秋呀(小号)大号2308534727 | 接收 <- 私聊 (2300800569) 请求添加你为好友
10-04 21:33:29 [NAPCAT] 10-04 21:33:28 [info] 一秋呀(小号)大号2308534727 | 接收 <- 私聊 (2308534727)
10-04 21:33:29 [NAPCAT] 10-04 21:33:28 [info] 一秋呀(小号)大号2308534727 | 接收 <- 私聊 (1740567287) 请求添加你为好友
10-04 21:33:29 [NAPCAT] 10-04 21:33:28 [info] 一秋呀(小号)大号2308534727 | 接收 <- 私聊 (1740567287) [图片]
10-04 21:33:29 [NAPCAT] 10-04 21:33:28 [info] 一秋呀(小号)大号2308534727 | 接收 <- 私聊 (1740567287) 这个什么用
10-04 21:33:29 [NAPCAT] 10-04 21:33:28 [info] 一秋呀(小号)大号2308534727 | 接收 <- 私聊 (2324740874) 请求添加你为好友
10-04 21:33:29 [NAPCAT] 10-04 21:33:28 [info] 一秋呀(小号)大号2308534727 | 接收 <- 私聊 (3554724061) 请求添加你为好友
10-04 21:33:29 [NAPCAT] 10-04 21:33:28 [info] 一秋呀(小号)大号2308534727 | 接收 <- 私聊 (3554724061) 你好在吗
10-04 21:33:30 [NAPCAT] 10-04 21:33:29 [info] 一秋呀(小号)大号2308534727 | 接收 <- 群聊 [Air启动器交流群(966475918)] [把vvv刚好(2562895115)] 或者用回证书
10-04 21:33:30 [NAPCAT] 10-04 21:33:29 [info] 一秋呀(小号)大号2308534727 | 接收 <- 群聊 [Air启动器交流群(966475918)] [是小火呀灬(3260700388)] 证书识别不了 j
10-04 21:33:30 [NAPCAT] 10-04 21:33:29 [info] 一秋呀(小号)大号2308534727 | 接收 <- 群聊 [Air启动器交流群(966475918)]
10-04 21:33:30 [NAPCAT] 10-04 21:33:29 [info] 一秋呀(小号)大号2308534727 | 接收 <- 群聊 [Air启动器交流群(966475918)] [汽水 iphone17 26.4(3587028510)] [回复消息 �
10-04 21:33:30 [NAPCAT] 10-04 21:33:29 [info] 一秋呀(小号)大号2308534727 | 接收 <- 群聊 [Air启动器交流群(966475918)] [汽水 iphone17 26.4(3587028510)] 空悲切
10-04 21:33:30 [NAPCAT] 10-04 21:33:29 [info] 一秋呀(小号)大号2308534727 | 接收 <- 群聊 [Air启动器交流群(966475918)] [把vvv刚好(2562895115)] 666
10-04 21:33:30 [NAPCAT] 10-04 21:33:29 [info] 一秋呀(小号)大号2308534727 | 接收 <- 群聊 [Air启动器交流群(966475918)] [把vvv刚好(2562895115)] 重新登陆啊 @是小
10-04 21:33:30 [NAPCAT] 10-04 21:33:29 [info] 一秋呀(小号)大号2308534727 | 接收 <- 群聊 [Air启动器交流群(966475918)] [是小火呀灬(3260700388)] [图片]
10-04 21:33:30 [NAPCAT] 10-04 21:33:29 [info] 一秋呀(小号)大号2308534727 | 接收 <- 群聊 [Air启动器交流群(966475918)] [是小火呀灬(3260700388)] 怎么识别不到�
10-04 21:33:30 [NAPCAT] 10-04 21:33:29 [info] 一秋呀(小号)大号2308534727 | 接收 <- 群聊 [Air启动器交流群(966475918)] [是小火呀灬(3260700388)] 还有就是我在�
10-04 21:33:30 [STAGE:100:NapCat 已就绪（:3001/:3000 可连，手环消息链路可用）]
10-04 21:33:30 [31m- NapCat 已就绪（:3001/:3000 可连，手环消息链路可用）[0m
10-04 21:33:30 [31m- NapCat 运行中（仅 NapCat 模式）[0m
10-04 21:33:30 [NAPCAT] 10-04 21:33:29 [info] 一秋呀(小号)大号2308534727 | 接收 <- 群聊 [Air启动器交流群(966475918)] [把vvv刚好(2562895115)] 改了啥
10-04 21:33:30 [NAPCAT] 10-04 21:33:29 [info] 一秋呀(小号)大号2308534727 | 接收 <- 群聊 [Air启动器交流群(966475918)] [是小火呀灬(3260700388)]   我去看看
10-04 21:33:30 [NAPCAT] 10-04 21:33:29 [info] 一秋呀(小号)大号2308534727 | 接收 <- 群聊 [Air启动器交流群(966475918)] [是小火呀灬(3260700388)] @把vvv刚好 (25628
10-04 21:33:30 [NAPCAT] 10-04 21:33:29 [info] 一秋呀(小号)大号2308534727 | 接收 <- 群聊 [Air启动器交流群(966475918)] [把vvv刚好(2562895115)] 我去居然是杂交Ai
10-04 21:33:30 [NAPCAT] 10-04 21:33:29 [info] 一秋呀(小号)大号2308534727 | 接收 <- 群聊 [Air启动器交流群(966475918)] [是小火呀灬(3260700388)] 我就单纯把UI改
10-04 21:33:30 [NAPCAT] 10-04 21:33:29 [info] 一秋呀(小号)大号2308534727 | 接收 <- 群聊 [Air启动器交流群(966475918)] [把vvv刚好(2562895115)] 哦
10-04 21:33:30 [NAPCAT] 10-04 21:33:29 [info] 一秋呀(小号)大号2308534727 | 接收 <- 群聊 [Air启动器交流群(966475918)]
10-04 21:33:30 [NAPCAT] 10-04 21:33:29 [info] 一秋呀(小号)大号2308534727 | 接收 <- 群聊 [Air启动器交流群(966475918)] [是小火呀灬(3260700388)] 最终有改动的�
10-04 21:33:31 [NAPCAT] 10-04 21:33:29 [info] 一秋呀(小号)大号2308534727 | 接收 <- 群聊 [Air启动器交流群(966475918)] [把vvv刚好(2562895115)] 6
10-04 21:33:31 [NAPCAT] 10-04 21:33:29 [info] 一秋呀(小号)大号2308534727 | 接收 <- 群聊 [Air启动器交流群(966475918)] [是小火呀灬(3260700388)] 然后现在检测�
10-04 21:33:31 [NAPCAT] 10-04 21:33:29 [info] 一秋呀(小号)大号2308534727 | 接收 <- 群聊 [Air启动器交流群(966475918)] [是小火呀灬(3260700388)] 但是能跳转到�
10-04 21:33:31 [NAPCAT] 10-04 21:33:29 [info] 一秋呀(小号)大号2308534727 | 接收 <- 群聊 [Air启动器交流群(966475918)] [Frost ios27.0(3462717681)] [回复消息 [把vvv�
10-04 21:33:31 [NAPCAT] 10-04 21:33:29 [info] 一秋呀(小号)大号2308534727 | 接收 <- 群聊 [Air启动器交流群(966475918)] [Frost ios27.0(3462717681)] 杂交air）
10-04 21:33:31 [NAPCAT] 10-04 21:33:29 [info] 一秋呀(小号)大号2308534727 | 接收 <- 群聊 [Air启动器交流群(966475918)] [Frost ios27.0(3462717681)] [图片]
10-04 21:33:31 [NAPCAT] 10-04 21:33:29 [info] 一秋呀(小号)大号2308534727 | 接收 <- 群聊 [Air启动器交流群(966475918)] [是小火呀灬(3260700388)] [图片]
10-04 21:33:31 [NAPCAT] 10-04 21:33:29 [info] 一秋呀(小号)大号2308534727 | 接收 <- 群聊 [Air启动器交流群(966475918)] [把vvv刚好(2562895115)] @是小火呀灬 (32607
10-04 21:33:31 [NAPCAT] 10-04 21:33:29 [info] 一秋呀(小号)大号2308534727 | 接收 <- 群聊 [Air启动器交流群(966475918)] [是小火呀灬(3260700388)] 要不我再改改�
10-04 21:33:31 [NAPCAT] 10-04 21:33:29 [info] 一秋呀(小号)大号2308534727 | 接收 <- 群聊 [Air启动器交流群(966475918)] [是小火呀灬(3260700388)] 反正现在就是�
10-04 21:33:31 [NAPCAT] 10-04 21:33:29 [info] 一秋呀(小号)大号2308534727 | 接收 <- 群聊 [Air启动器交流群(966475918)] [忧酪酪(2044437157)] 我这个怎么点启动 �
10-04 21:33:31 [NAPCAT] 10-04 21:33:29 [info] 一秋呀(小号)大号2308534727 | 接收 <- 群聊 [Air启动器交流群(966475918)] [忧酪酪(2044437157)] [图片]
10-04 21:33:31 [NAPCAT] 10-04 21:33:29 [info] 一秋呀(小号)大号2308534727 | 接收 <- 群聊 [REDMI Note 9 | 中华人民永(925211535)] [PC-政治 被抓老师(2905538605)] 黑�
10-04 21:33:31 [NAPCAT] 10-04 21:33:29 [info] 一秋呀(小号)大号2308534727 | 接收 <- 群聊 [REDMI Note 9 | 中华人民永(925211535)] [体育-双手上下运动老师(33122821
10-04 21:33:31 [NAPCAT] 10-04 21:33:29 [info] 一秋呀(小号)大号2308534727 | 接收 <- 群聊 [REDMI Note 9 | 中华人民永(925211535)] [体育-双手上下运动老师(33122821
10-04 21:33:31 [NAPCAT] 10-04 21:33:29 [info] 一秋呀(小号)大号2308534727 | 接收 <- 群聊 [REDMI Note 9 | 中华人民永(925211535)] [英年早肥(786960225)] [图片]
10-04 21:33:31 [NAPCAT] 10-04 21:33:29 [info] 一秋呀(小号)大号2308534727 | 接收 <- 群聊 [REDMI Note 9 | 中华人民永(925211535)] [三（指令找我）(3762549711)] 不�
10-04 21:33:31 [NAPCAT] 10-04 21:33:29 [info] 一秋呀(小号)大号2308534727 | 接收 <- 群聊 [REDMI Note 9 | 中华人民永(925211535)] [三（指令找我）(3762549711)] 是�
10-04 21:33:31 [NAPCAT] 10-04 21:33:29 [info] 一秋呀(小号)大号2308534727 | 接收 <- 群聊 [REDMI Note 9 | 中华人民永(925211535)] [三（指令找我）(3762549711)] 替�
10-04 21:33:31 [NAPCAT] 10-04 21:33:29 [info] 一秋呀(小号)大号2308534727 | 接收 <- 群聊 [REDMI Note 9 | 中华人民永(925211535)] [PC-政治 被抓老师(2905538605)] 不�
10-04 21:33:31 [NAPCAT] 10-04 21:33:29 [info] 一秋呀(小号)大号2308534727 | 接收 <- 群聊 [REDMI Note 9 | 中华人民永(925211535)] [三（指令找我）(3762549711)] [表�
10-04 21:33:31 [NAPCAT] 10-04 21:33:29 [info] 一秋呀(小号)大号2308534727 | 接收 <- 群聊 [REDMI Note 9 | 中华人民永(925211535)]
10-04 21:33:31 [NAPCAT] 10-04 21:33:29 [info] 一秋呀(小号)大号2308534727 | 接收 <- 群聊 [REDMI Note 9 | 中华人民永(925211535)] [三（指令找我）(3762549711)] 又�
10-04 21:33:31 [NAPCAT] 10-04 21:33:29 [info] 一秋呀(小号)大号2308534727 | 接收 <- 群聊 [REDMI Note 9 | 中华人民永(925211535)] [三（指令找我）(3762549711)] 不�
10-04 21:33:31 [NAPCAT] 10-04 21:33:29 [info] 一秋呀(小号)大号2308534727 | 接收 <- 群聊 [REDMI Note 9 | 中华人民永(925211535)] [三（指令找我）(3762549711)] 这�
10-04 21:33:31 [NAPCAT] 10-04 21:33:29 [info] 一秋呀(小号)大号2308534727 | 接收 <- 群聊 [REDMI Note 9 | 中华人民永(925211535)] [PC-政治 被抓老师(2905538605)] 。
10-04 21:33:31 [NAPCAT] 10-04 21:33:29 [info] 一秋呀(小号)大号2308534727 | 接收 <- 群聊 [REDMI Note 9 | 中华人民永(925211535)] [PC-政治 被抓老师(2905538605)] 🍬
10-04 21:33:31 [NAPCAT] 10-04 21:33:29 [info] 一秋呀(小号)大号2308534727 | 接收 <- 群聊 [REDMI Note 9 | 中华人民永(925211535)] [三（指令找我）(3762549711)] 666
10-04 21:33:31 [NAPCAT] 10-04 21:33:29 [info] 一秋呀(小号)大号2308534727 | 接收 <- 群聊 [REDMI Note 9 | 中华人民永(925211535)] [三（指令找我）(3762549711)] 就�
10-04 21:33:31 [NAPCAT] 10-04 21:33:29 [info] 一秋呀(小号)大号2308534727 | 接收 <- 群聊 [REDMI Note 9 | 中华人民永(925211535)] [PC-政治 被抓老师(2905538605)] 🍬
10-04 21:33:31 [NAPCAT] 10-04 21:33:29 [info] 一秋呀(小号)大号2308534727 | 接收 <- 群聊 [REDMI Note 9 | 中华人民永(925211535)] [PC-政治 被抓老师(2905538605)] 你�
10-04 21:33:31 [NAPCAT] 10-04 21:33:29 [info] 一秋呀(小号)大号2308534727 | 接收 <- 群聊 [REDMI Note 9 | 中华人民永(925211535)] [三（指令找我）(3762549711)] 不�
10-04 21:33:31 [NAPCAT] 10-04 21:33:29 [info] 一秋呀(小号)大号2308534727 | 接收 <- 群聊 [REDMI Note 9 | 中华人民永(925211535)] [三（指令找我）(3762549711)] 我�
10-04 21:33:31 [NAPCAT] 10-04 21:33:29 [info] 一秋呀(小号)大号2308534727 | 接收 <- 群聊 [REDMI Note 9 | 中华人民永(925211535)] [三（指令找我）(3762549711)] 里�
10-04 21:33:31 [NAPCAT] 10-04 21:33:29 [info] 一秋呀(小号)大号2308534727 | 接收 <- 群聊 [REDMI Note 9 | 中华人民永(925211535)] [三（指令找我）(3762549711)] 所�
10-04 21:33:31 [NAPCAT] 10-04 21:33:29 [info] 一秋呀(小号)大号2308534727 | 接收 <- 群聊 [REDMI Note 9 | 中华人民永(925211535)] [PC-政治 被抓老师(2905538605)] 我�
10-04 21:33:31 [NAPCAT] 10-04 21:33:29 [info] 一秋呀(小号)大号2308534727 | 接收 <- 群聊 [REDMI Note 9 | 中华人民永(925211535)] [PC-政治 被抓老师(2905538605)] 我�
10-04 21:33:31 [NAPCAT] 10-04 21:33:29 [info] 一秋呀(小号)大号2308534727 | 接收 <- 群聊 [REDMI Note 9 | 中华人民永(925211535)] [三（指令找我）(3762549711)] 到�
10-04 21:33:32 [NAPCAT] 10-04 21:33:29 [info] 一秋呀(小号)大号2308534727 | 接收 <- 群聊 [REDMI Note 9 | 中华人民永(925211535)] [三（指令找我）(3762549711)] 不�
10-04 21:33:32 [NAPCAT] 10-04 21:33:29 [info] 一秋呀(小号)大号2308534727 | 接收 <- 群聊 [REDMI Note 9 | 中华人民永(925211535)] [⠀(3330307097)] 有什么方法可以�
10-04 21:33:32 [NAPCAT] 10-04 21:33:29 [info] 一秋呀(小号)大号2308534727 | 接收 <- 群聊 [REDMI Note 9 | 中华人民永(925211535)] [网站代写(2574788283)] @三（指令�
10-04 21:33:32 [NAPCAT] 10-04 21:33:29 [info] 一秋呀(小号)大号2308534727 | 接收 <- 群聊 [REDMI Note 9 | 中华人民永(925211535)] [网站代写(2574788283)] 怎么连线�
10-04 21:33:32 [NAPCAT] 10-04 21:33:29 [info] 一秋呀(小号)大号2308534727 | 接收 <- 群聊 [华强北安卓手表交流极(1031894167)] [Watch Dick - s16plus(2914825590)] hjb
10-04 21:33:32 [NAPCAT] 10-04 21:33:29 [info] 一秋呀(小号)大号2308534727 | 接收 <- 群聊 [华强北安卓手表交流极(1031894167)] [W·X·B微信不安全认证(3946469453
10-04 21:33:32 [NAPCAT] 10-04 21:33:29 [info] 一秋呀(小号)大号2308534727 | 接收 <- 群聊 [华强北安卓手表交流极(1031894167)] [我就是一个油井(3901648896)] [图
10-04 21:33:32 [NAPCAT] 10-04 21:33:29 [info] 一秋呀(小号)大号2308534727 | 接收 <- 群聊 [华强北安卓手表交流极(1031894167)] [我就是一个油井(3901648896)] [图
10-04 21:33:32 [NAPCAT] 10-04 21:33:29 [info] 一秋呀(小号)大号2308534727 | 接收 <- 群聊 [华强北安卓手表交流极(1031894167)] [我就是一个油井(3901648896)] [图
10-04 21:33:32 [NAPCAT] 10-04 21:33:29 [info] 一秋呀(小号)大号2308534727 | 接收 <- 群聊 [华强北安卓手表交流极(1031894167)] [我就是一个油井(3901648896)] 321�
10-04 21:33:32 [NAPCAT] 10-04 21:33:29 [info] 一秋呀(小号)大号2308534727 | 接收 <- 群聊 [华强北安卓手表交流极(1031894167)] [我就是一个油井(3901648896)] 直�
10-04 21:33:32 [NAPCAT] 10-04 21:33:29 [info] 一秋呀(小号)大号2308534727 | 接收 <- 群聊 [华强北安卓手表交流极(1031894167)] [Watch Dick - s16plus(2914825590)] [回�
10-04 21:33:32 [NAPCAT] 10-04 21:33:29 [info] 一秋呀(小号)大号2308534727 | 接收 <- 群聊 [华强北安卓手表交流极(1031894167)] [☆骨头ゞ(1737307825)]    [图片] �
10-04 21:33:32 [NAPCAT] 10-04 21:33:29 [info] 一秋呀(小号)大号2308534727 | 接收 <- 群聊 [华强北安卓手表交流极(1031894167)] [☆骨头ゞ(1737307825)] 没有扬声�
10-04 21:33:32 [NAPCAT] 10-04 21:33:29 [info] 一秋呀(小号)大号2308534727 | 接收 <- 群聊 [华强北安卓手表交流极(1031894167)] [☆骨头ゞ(1737307825)] [图片]
10-04 21:33:32 [NAPCAT] 10-04 21:33:29 [info] 一秋呀(小号)大号2308534727 | 接收 <- 群聊 [华强北安卓手表交流极(1031894167)] [☆骨头ゞ(1737307825)] @辞九门君
10-04 21:33:32 [NAPCAT] 10-04 21:33:29 [info] 一秋呀(小号)大号2308534727 | 接收 <- 群聊 [华强北安卓手表交流极(1031894167)] [Psyche.(1422250186)] 子腾咯
10-04 21:33:32 [NAPCAT] 10-04 21:33:29 [info] 一秋呀(小号)大号2308534727 | 接收 <- 群聊 [华强北安卓手表交流极(1031894167)] [Psyche.(1422250186)] 不懂
10-04 21:33:32 [NAPCAT] 10-04 21:33:29 [info] 一秋呀(小号)大号2308534727 | 接收 <- 群聊 [华强北安卓手表交流极(1031894167)] [喵喵(3950438886)] [卡片消息]
10-04 21:33:32 [NAPCAT] 10-04 21:33:29 [info] 一秋呀(小号)大号2308534727 | 接收 <- 群聊 [华强北安卓手表交流极(1031894167)] [喵喵(3950438886)] 户子看完当场�
10-04 21:33:32 [NAPCAT] 10-04 21:33:29 [info] 一秋呀(小号)大号2308534727 | 接收 <- 群聊 [华强北安卓手表交流极(1031894167)] [辞九门君(2944727339)] 不好说
10-04 21:33:32 [NAPCAT] 10-04 21:33:29 [info] 一秋呀(小号)大号2308534727 | 接收 <- 群聊 [华强北安卓手表交流极(1031894167)] [辞九门君(2944727339)] 没完整外�
10-04 21:33:32 [NAPCAT] 10-04 21:33:29 [info] 一秋呀(小号)大号2308534727 | 接收 <- 群聊 [华强北安卓手表交流极(1031894167)] [JM(3096841433)] 😋
10-04 21:33:32 [NAPCAT] 10-04 21:33:29 [info] 一秋呀(小号)大号2308534727 | 接收 <- 群聊 [华强北安卓手表交流极(1031894167)] [JM(3096841433)] 😇
10-04 21:33:32 [NAPCAT] 10-04 21:33:29 [info] 一秋呀(小号)大号2308534727 | 接收 <- 群聊 [华强北安卓手表交流极(1031894167)] [JM(3096841433)] 😍
10-04 21:33:32 [NAPCAT] 10-04 21:33:29 [info] 一秋呀(小号)大号2308534727 | 接收 <- 群聊 [华强北安卓手表交流极(1031894167)] [JM(3096841433)] 🥹
10-04 21:33:32 [NAPCAT] 10-04 21:33:29 [info] 一秋呀(小号)大号2308534727 | 接收 <- 群聊 [华强北安卓手表交流极(1031894167)] [JM(3096841433)] 😔
10-04 21:33:32 [NAPCAT] 10-04 21:33:29 [info] 一秋呀(小号)大号2308534727 | 接收 <- 群聊 [华强北安卓手表交流极(1031894167)] [JM(3096841433)] 💀
10-04 21:33:32 [NAPCAT] 10-04 21:33:29 [info] 一秋呀(小号)大号2308534727 | 接收 <- 群聊 [华强北安卓手表交流极(1031894167)] [JM(3096841433)] 😭
10-04 21:33:32 [NAPCAT] 10-04 21:33:29 [info] 一秋呀(小号)大号2308534727 | 接收 <- 群聊 [华强北安卓手表交流极(1031894167)] [JM(3096841433)] 🥲
10-04 21:33:32 [NAPCAT] 10-04 21:33:29 [info] 一秋呀(小号)大号2308534727 | 接收 <- 群聊 [华强北安卓手表交流极(1031894167)] [☆骨头ゞ(1737307825)] @辞九门君
10-04 21:33:32 [NAPCAT] 10-04 21:33:29 [info] 一秋呀(小号)大号2308534727 | 接收 <- 群聊 [华强北安卓手表交流极(1031894167)] [Watch Dick - s16plus(2914825590)] [回�
10-04 21:33:32 [NAPCAT] 10-04 21:33:29 [info] 一秋呀(小号)大号2308534727 | 接收 <- 群聊 [华强北安卓手表交流极(1031894167)] [☆骨头ゞ(1737307825)] 有摄像头�
10-04 21:33:32 [NAPCAT] 10-04 21:33:29 [info] 一秋呀(小号)大号2308534727 | 接收 <- 群聊 [华强北安卓手表交流极(1031894167)] [JM(3096841433)] [回复消息 [Watch Di
10-04 21:33:32 [NAPCAT] 10-04 21:33:29 [info] 一秋呀(小号)大号2308534727 | 接收 <- 群聊 [Zundamon Kernel Release(720726952)] [晨晨(3608640398)] 淘宝啊
10-04 21:33:32 [NAPCAT] 10-04 21:33:29 [info] 一秋呀(小号)大号2308534727 | 接收 <- 群聊 [Zundamon Kernel Release(720726952)] [胡董(2057436414)] [回复消息 [晨晨(36086
10-04 21:33:32 [NAPCAT] 10-04 21:33:29 [info] 一秋呀(小号)大号2308534727 | 接收 <- 群聊 [Zundamon Kernel Release(720726952)] [胡董(2057436414)] 找不到
10-04 21:33:32 [NAPCAT] 10-04 21:33:29 [info] 一秋呀(小号)大号2308534727 | 接收 <- 群聊 [Zundamon Kernel Release(720726952)] [胡董(2057436414)] 全是假货
10-04 21:33:32 [NAPCAT] 10-04 21:33:29 [info] 一秋呀(小号)大号2308534727 | 接收 <- 群聊 [Zundamon Kernel Release(720726952)] [晨晨(3608640398)] 有什么找不到的）
10-04 21:33:32 [NAPCAT] 10-04 21:33:29 [info] 一秋呀(小号)大号2308534727 | 接收 <- 群聊 [Zundamon Kernel Release(720726952)] [小周子(2302956352)] [回复消息 未找到�
10-04 21:33:32 [NAPCAT] 10-04 21:33:29 [info] 一秋呀(小号)大号2308534727 | 接收 <- 群聊 [Zundamon Kernel Release(720726952)] [TuT(263986989)] [回复消息 未找到消息�
10-04 21:33:32 [NAPCAT] 10-04 21:33:29 [info] 一秋呀(小号)大号2308534727 | 接收 <- 群聊 [Zundamon Kernel Release(720726952)] [胡董(2057436414)] 好的谢谢
10-04 21:33:32 [NAPCAT] 10-04 21:33:29 [info] 一秋呀(小号)大号2308534727 | 接收 <- 群聊 [Zundamon Kernel Release(720726952)] [小周子(2302956352)] 【淘宝】7天无理�
10-04 21:33:32 [NAPCAT] 10-04 21:33:29 [info] 一秋呀(小号)大号2308534727 | 接收 <- 群聊 [Zundamon Kernel Release(720726952)] [安生Q_Q(1570578174)] 签个到
10-04 21:33:32 [NAPCAT] 10-04 21:33:29 [info] 一秋呀(小号)大号2308534727 | 接收 <- 群聊 [Zundamon Kernel Release(720726952)] [胡董(2057436414)] [回复消息 [小周子(23
10-04 21:33:32 [NAPCAT] 10-04 21:33:29 [info] 一秋呀(小号)大号2308534727 | 接收 <- 群聊 [Zundamon Kernel Release(720726952)] [小周子(2302956352)] [图片]
10-04 21:33:32 [NAPCAT] 10-04 21:33:29 [info] 一秋呀(小号)大号2308534727 | 接收 <- 群聊 [Zundamon Kernel Release(720726952)] [果果果果(811825523)] [图片]
10-04 21:33:32 [NAPCAT] 10-04 21:33:29 [info] 一秋呀(小号)大号2308534727 | 接收 <- 群聊 [Zundamon Kernel Release(720726952)] [ (1441132322)] [图片]
10-04 21:33:32 [NAPCAT] 10-04 21:33:29 [info] 一秋呀(小号)大号2308534727 | 接收 <- 群聊 [Zundamon Kernel Release(720726952)] [金刀(3651272556)] [图片]
10-04 21:33:33 [NAPCAT] 10-04 21:33:29 [info] 一秋呀(小号)大号2308534727 | 接收 <- 群聊 [Zundamon Kernel Release(720726952)] [小周子(2302956352)] 签到
10-04 21:33:33 [NAPCAT] 10-04 21:33:29 [info] 一秋呀(小号)大号2308534727 | 接收 <- 群聊 [Zundamon Kernel Release(720726952)] [爸爸(193216344)] [图片]
10-04 21:33:33 [NAPCAT] 10-04 21:33:29 [info] 一秋呀(小号)大号2308534727 | 接收 <- 群聊 [Zundamon Kernel Release(720726952)] [羽哥季摆长(2681330038)] 队友你让讲解
10-04 21:33:33 [NAPCAT] 10-04 21:33:29 [info] 一秋呀(小号)大号2308534727 | 接收 <- 群聊 [Zundamon Kernel Release(720726952)] [爸爸(193216344)] [图片]
10-04 21:33:33 [NAPCAT] 10-04 21:33:29 [info] 一秋呀(小号)大号2308534727 | 接收 <- 群聊 [Zundamon Kernel Release(720726952)] [小周子(2302956352)] 队友你让讲解时怀
10-04 21:33:33 [NAPCAT] 10-04 21:33:29 [info] 一秋呀(小号)大号2308534727 | 接收 <- 群聊 [Zundamon Kernel Release(720726952)] [scf555(3056084316)] [图片]
10-04 21:33:33 [NAPCAT] 10-04 21:33:29 [info] 一秋呀(小号)大号2308534727 | 接收 <- 群聊 [Zundamon Kernel Release(720726952)] [66941(3862242786)] [图片]
10-04 21:33:33 [NAPCAT] 10-04 21:33:29 [info] 一秋呀(小号)大号2308534727 | 接收 <- 群聊 [Zundamon Kernel Release(720726952)] [66941(3862242786)] [图片]
10-04 21:33:33 [NAPCAT] 10-04 21:33:29 [info] 一秋呀(小号)大号2308534727 | 接收 <- 群聊 [Zundamon Kernel Release(720726952)] [66941(3862242786)] 这个可以刷吗
10-04 21:33:33 [NAPCAT] 10-04 21:33:29 [info] 一秋呀(小号)大号2308534727 | 接收 <- 群聊 [Zundamon Kernel Release(720726952)] [无名就好(3330879311)] ⚡嗷呜⚡⚡嗷呜
10-04 21:33:33 [NAPCAT] 10-04 21:33:29 [info] 一秋呀(小号)大号2308534727 | 接收 <- 群聊 [Zundamon Kernel Release(720726952)] [小周子(2302956352)] ⚡嗷呜⚡⚡嗷呜⚡
10-04 21:33:33 [NAPCAT] 10-04 21:33:29 [info] 一秋呀(小号)大号2308534727 | 接收 <- 群聊 [Zundamon Kernel Release(720726952)] [Rei(728846431)] ⚡嗷呜⚡⚡嗷呜⚡⚡嗷�
10-04 21:33:33 [NAPCAT] 10-04 21:33:29 [info] 一秋呀(小号)大号2308534727 | 接收 <- 群聊 [Zundamon Kernel Release(720726952)] [但渊刃伥乆(3092963079)] ⚡嗷呜⚡⚡嗷
10-04 21:33:33 [NAPCAT] 10-04 21:33:29 [info] 一秋呀(小号)大号2308534727 | 接收 <- 群聊 [Zundamon Kernel Release(720726952)] [:)(1747599798)] ⚡嗷呜⚡⚡嗷呜⚡⚡嗷�
10-04 21:33:33 [NAPCAT] 10-04 21:33:29 [info] 一秋呀(小号)大号2308534727 | 接收 <- 群聊 [Zundamon Kernel Release(720726952)] [无名就好(3330879311)] 0秒猜出群里的�
10-04 21:33:33 [NAPCAT] 10-04 21:33:29 [info] 一秋呀(小号)大号2308534727 | 接收 <- 群聊 [小米vela交流群(群满加(885186458)] [QQ被封了（明年解）(2308534727)] �
10-04 21:33:33 [NAPCAT] 10-04 21:33:29 [info] 一秋呀(小号)大号2308534727 | 接收 <- 群聊 [小米vela交流群(群满加(885186458)] [QQ被封了（明年解）(2308534727)] �
10-04 21:33:33 [NAPCAT] 10-04 21:33:29 [info] 一秋呀(小号)大号2308534727 | 接收 <- 群聊 [小米vela交流群(群满加(885186458)] [红米手表6(1465394203)] [图片]
10-04 21:33:33 [NAPCAT] 10-04 21:33:29 [info] 一秋呀(小号)大号2308534727 | 发送 -> 群聊 [小米vela交流群(群满加(885186458)] [一秋呀(小号)大号2308534727(3836305
10-04 21:33:33 [NAPCAT] 10-04 21:33:29 [info] 一秋呀(小号)大号2308534727 | 发送 -> 群聊 [小米vela交流群(群满加(885186458)] [一秋呀(小号)大号2308534727(3836305
10-04 21:33:33 [NAPCAT] 10-04 21:33:29 [info] 一秋呀(小号)大号2308534727 | 接收 <- 群聊 [小米vela交流群(群满加(885186458)] [北海(2677656420)] 收到
10-04 21:33:33 [NAPCAT] 10-04 21:33:29 [info] 一秋呀(小号)大号2308534727 | 接收 <- 群聊 [小米vela交流群(群满加(885186458)] [北海(2677656420)] [图片]
10-04 21:33:33 [NAPCAT] 10-04 21:33:29 [info] 一秋呀(小号)大号2308534727 | 接收 <- 群聊 [小米vela交流群(群满加(885186458)] [红米手表6(1465394203)] 好了，我�
10-04 21:33:33 [NAPCAT] 10-04 21:33:29 [info] 一秋呀(小号)大号2308534727 | 接收 <- 群聊 [小米vela交流群(群满加(885186458)] [红米手表6(1465394203)] [图片]
10-04 21:33:33 [NAPCAT] 10-04 21:33:29 [info] 一秋呀(小号)大号2308534727 | 接收 <- 群聊 [小米vela交流群(群满加(885186458)] [红米手表6(1465394203)] 下一步如�
10-04 21:33:33 [NAPCAT] 10-04 21:33:29 [info] 一秋呀(小号)大号2308534727 | 接收 <- 群聊 [小米vela交流群(群满加(885186458)] [QQ被封了（明年解）(2308534727)] �
10-04 21:33:33 [NAPCAT] 10-04 21:33:29 [info] 一秋呀(小号)大号2308534727 | 接收 <- 群聊 [小米vela交流群(群满加(885186458)] [QQ被封了（明年解）(2308534727)] o
10-04 21:33:33 [NAPCAT] 10-04 21:33:29 [info] 一秋呀(小号)大号2308534727 | 接收 <- 群聊 [小米vela交流群(群满加(885186458)] [星月枫(1704103336)] [图片]
10-04 21:33:33 [NAPCAT] 10-04 21:33:29 [info] 一秋呀(小号)大号2308534727 | 接收 <- 群聊 [小米vela交流群(群满加(885186458)] [Astroptis(3988199)] @一秋 小号3836305
10-04 21:33:33 [NAPCAT] 10-04 21:33:29 [info] 一秋呀(小号)大号2308534727 | 接收 <- 群聊 [小米vela交流群(群满加(885186458)] [QQ被封了（明年解）(2308534727)] @
10-04 21:33:33 [NAPCAT] 10-04 21:33:29 [info] 一秋呀(小号)大号2308534727 | 接收 <- 群聊 [小米vela交流群(群满加(885186458)] [QQ被封了（明年解）(2308534727)] �
10-04 21:33:33 [NAPCAT] 10-04 21:33:29 [info] 一秋呀(小号)大号2308534727 | 接收 <- 群聊 [小米vela交流群(群满加(885186458)] [jiangu-米10(3607242132)] [表情 ]
10-04 21:33:33 [NAPCAT] 10-04 21:33:29 [info] 一秋呀(小号)大号2308534727 | 接收 <- 群聊 [小米vela交流群(群满加(885186458)] [Q群管家(2854196310)] @诺子游 (36971
10-04 21:33:33 [NAPCAT] 10-04 21:33:29 [info] 一秋呀(小号)大号2308534727 | 接收 <- 群聊 [小米vela交流群(群满加(885186458)] [Q群管家(2854196310)] @缘Roy (19092217
10-04 21:33:33 [NAPCAT] 10-04 21:33:29 [info] 一秋呀(小号)大号2308534727 | 接收 <- 群聊 [小米vela交流群(群满加(885186458)] [小米手环11NFC(1909221782)] @Q群管�
10-04 21:33:33 [NAPCAT] 10-04 21:33:29 [info] 一秋呀(小号)大号2308534727 | 接收 <- 群聊 [小米vela交流群(群满加(885186458)] [Q群管家(2854196310)] [卡片消息]
10-04 21:33:33 [NAPCAT] 10-04 21:33:29 [info] 一秋呀(小号)大号2308534727 | 接收 <- 群聊 [小米vela交流群(群满加(885186458)] [Q群管家(2854196310)] @小米手环11NF
10-04 21:33:33 [NAPCAT] 10-04 21:33:29 [info] 一秋呀(小号)大号2308534727 | 接收 <- 群聊 [小米vela交流群(群满加(885186458)] [Q群管家(2854196310)] @o (548317083)   
10-04 21:33:33 [NAPCAT] 10-04 21:33:29 [info] 一秋呀(小号)大号2308534727 | 接收 <- 群聊 [小米vela交流群(群满加(885186458)] [QQ被封了（明年解）(2308534727)] [
10-04 21:33:33 [NAPCAT] 10-04 21:33:29 [info] 一秋呀(小号)大号2308534727 | 接收 <- 群聊 [小米vela交流群(群满加(885186458)] [北海(2677656420)] @Q群管家 (28541963
10-04 21:33:34 [NAPCAT] 10-04 21:33:29 [info] 一秋呀(小号)大号2308534727 | 接收 <- 群聊 [小米vela交流群(群满加(885186458)] [Q群管家(2854196310)] [卡片消息]
10-04 21:33:34 [NAPCAT] 10-04 21:33:29 [info] 一秋呀(小号)大号2308534727 | 接收 <- 群聊 [小米vela交流群(群满加(885186458)] [Q群管家(2854196310)] @北海 (26776564
10-04 21:33:34 [NAPCAT] 10-04 21:33:29 [info] 一秋呀(小号)大号2308534727 | 接收 <- 群聊 [小米vela交流群(群满加(885186458)] [Minecraft_DBS-#2(2319161649)] [表情 ]
10-04 21:33:34 [NAPCAT] 10-04 21:33:29 [info] 一秋呀(小号)大号2308534727 | 发送 -> 群聊 [小米vela交流群(群满加(885186458)] [一秋呀(小号)大号2308534727(3836305
10-04 21:33:34 [NAPCAT] 10-04 21:33:29 [info] 一秋呀(小号)大号2308534727 | 发送 -> 群聊 [小米vela交流群(群满加(885186458)] [一秋呀(小号)大号2308534727(3836305
10-04 21:33:34 [NAPCAT] 10-04 21:33:29 [info] 一秋呀(小号)大号2308534727 | 接收 <- 群聊 [Prisma启动器交流群(1126547426)] [APP778(1226818454)] e
10-04 21:33:34 [NAPCAT] 10-04 21:33:29 [info] 一秋呀(小号)大号2308534727 | 接收 <- 群聊 [Prisma启动器交流群(1126547426)] [APP778(1226818454)] [回复消息 未找到�
10-04 21:33:34 [NAPCAT] 10-04 21:33:29 [info] 一秋呀(小号)大号2308534727 | 接收 <- 群聊 [Prisma启动器交流群(1126547426)] [APP778(1226818454)] 就是 导出的文件是
10-04 21:33:34 [NAPCAT] 10-04 21:33:29 [info] 一秋呀(小号)大号2308534727 | 接收 <- 群聊 [Prisma启动器交流群(1126547426)] [银果集团(2011296068)] [转发消息]
10-04 21:33:34 [NAPCAT] 10-04 21:33:29 [info] 一秋呀(小号)大号2308534727 | 接收 <- 群聊 [Prisma启动器交流群(1126547426)] [银果集团(2011296068)] 吓哭了
10-04 21:33:34 [NAPCAT] 10-04 21:33:29 [info] 一秋呀(小号)大号2308534727 | 接收 <- 群聊 [Prisma启动器交流群(1126547426)] [APP778(1226818454)] ？
10-04 21:33:34 [NAPCAT] 10-04 21:33:29 [info] 一秋呀(小号)大号2308534727 | 接收 <- 群聊 [Prisma启动器交流群(1126547426)] [APP778(1226818454)] 我不行了启动器搞�
10-04 21:33:34 [NAPCAT] 10-04 21:33:29 [info] 一秋呀(小号)大号2308534727 | 接收 <- 群聊 [Prisma启动器交流群(1126547426)] [APP778(1226818454)] @一秋 小号3836305211 
10-04 21:33:34 [NAPCAT] 10-04 21:33:29 [info] 一秋呀(小号)大号2308534727 | 接收 <- 群聊 [Prisma启动器交流群(1126547426)] [QQ被封了（明年解）(2308534727)] 加�
10-04 21:33:34 [NAPCAT] 10-04 21:33:29 [info] 一秋呀(小号)大号2308534727 | 接收 <- 群聊 [Prisma启动器交流群(1126547426)] [QQ被封了（明年解）(2308534727)] 老�
10-04 21:33:34 [NAPCAT] 10-04 21:33:29 [info] 一秋呀(小号)大号2308534727 | 接收 <- 群聊 [Prisma启动器交流群(1126547426)] [APP778(1226818454)] @一秋 小号3836305211 
10-04 21:33:34 [NAPCAT] 10-04 21:33:29 [info] 一秋呀(小号)大号2308534727 | 接收 <- 群聊 [Prisma启动器交流群(1126547426)] [QQ被封了（明年解）(2308534727)] [回�
10-04 21:33:34 [NAPCAT] 10-04 21:33:29 [info] 一秋呀(小号)大号2308534727 | 接收 <- 群聊 [Prisma启动器交流群(1126547426)] [APP778(1226818454)] [回复消息 [QQ被封�
10-04 21:33:34 [NAPCAT] 10-04 21:33:29 [info] 一秋呀(小号)大号2308534727 | 接收 <- 群聊 [Prisma启动器交流群(1126547426)] [QQ被封了（明年解）(2308534727)] 那�
10-04 21:33:34 [NAPCAT] 10-04 21:33:29 [info] 一秋呀(小号)大号2308534727 | 接收 <- 群聊 [Prisma启动器交流群(1126547426)] [QQ被封了（明年解）(2308534727)] 切�
10-04 21:33:34 [NAPCAT] 10-04 21:33:29 [info] 一秋呀(小号)大号2308534727 | 接收 <- 群聊 [Prisma启动器交流群(1126547426)] [银果集团(2011296068)] [视频]
10-04 21:33:34 [NAPCAT] 10-04 21:33:29 [info] 一秋呀(小号)大号2308534727 | 接收 <- 群聊 [Prisma启动器交流群(1126547426)] [银果集团(2011296068)] [回复消息 [银�
10-04 21:33:34 [NAPCAT] 10-04 21:33:29 [info] 一秋呀(小号)大号2308534727 | 接收 <- 群聊 [Prisma启动器交流群(1126547426)] [QQ被封了（明年解）(2308534727)] @银�
10-04 21:33:34 [NAPCAT] 10-04 21:33:29 [info] 一秋呀(小号)大号2308534727 | 接收 <- 群聊 [Prisma启动器交流群(1126547426)] [QQ被封了（明年解）(2308534727)] 6.5.0
10-04 21:33:34 [NAPCAT] 10-04 21:33:29 [info] 一秋呀(小号)大号2308534727 | 接收 <- 群聊 [Prisma启动器交流群(1126547426)] [银果集团(2011296068)] [图片]
10-04 21:33:34 [NAPCAT] 10-04 21:33:29 [info] 一秋呀(小号)大号2308534727 | 接收 <- 群聊 [Prisma启动器交流群(1126547426)] [QQ被封了（明年解）(2308534727)] 我�
10-04 21:33:34 [NAPCAT] 10-04 21:33:29 [info] 一秋呀(小号)大号2308534727 | 接收 <- 群聊 [Prisma启动器交流群(1126547426)] [KXdw(3810534681)] [回复消息 [QQ被封了�
10-04 21:33:34 [NAPCAT] 10-04 21:33:29 [info] 一秋呀(小号)大号2308534727 | 接收 <- 群聊 [Prisma启动器交流群(1126547426)] [KXdw(3810534681)] 我刚才刚发现了这个
10-04 21:33:34 [NAPCAT] 10-04 21:33:29 [info] 一秋呀(小号)大号2308534727 | 接收 <- 群聊 [Prisma启动器交流群(1126547426)] [QQ被封了（明年解）(2308534727)] 我�
10-04 21:33:34 [NAPCAT] 10-04 21:33:29 [info] 一秋呀(小号)大号2308534727 | 接收 <- 群聊 [Prisma启动器交流群(1126547426)] [QQ被封了（明年解）(2308534727)] ai告
10-04 21:33:34 [NAPCAT] 10-04 21:33:29 [info] 一秋呀(小号)大号2308534727 | 接收 <- 群聊 [Prisma启动器交流群(1126547426)] [QQ被封了（明年解）(2308534727)] [回�
10-04 21:33:34 [NAPCAT] 10-04 21:33:29 [info] 一秋呀(小号)大号2308534727 | 接收 <- 群聊 [Prisma启动器交流群(1126547426)] [QQ被封了（明年解）(2308534727)] [文�
10-04 21:33:34 [NAPCAT] 10-04 21:33:29 [info] 一秋呀(小号)大号2308534727 | 接收 <- 群聊 [Prisma启动器交流群(1126547426)] [QQ被封了（明年解）(2308534727)] hello
10-04 21:33:34 [NAPCAT] 10-04 21:33:29 [info] 一秋呀(小号)大号2308534727 | 接收 <- 群聊 [Prisma启动器交流群(1126547426)] [QQ被封了（明年解）(2308534727)] @北�
10-04 21:33:34 [NAPCAT] 10-04 21:33:29 [info] 一秋呀(小号)大号2308534727 | 发送 -> 群聊 [Prisma启动器交流群(1126547426)] [一秋呀(小号)大号2308534727(3836305211)
10-04 21:33:35 [NAPCAT] 10-04 21:33:29 [info] 一秋呀(小号)大号2308534727 | 接收 <- 群聊 [电脑硬件交流群(1029798214)] [棣乛（开学飞升勿踢）(3682290597)] 这�
10-04 21:33:35 [NAPCAT] 10-04 21:33:29 [info] 一秋呀(小号)大号2308534727 | 接收 <- 群聊 [电脑硬件交流群(1029798214)] [伊什塔尔(750494463)] 你去搜搜一下
10-04 21:33:35 [NAPCAT] 10-04 21:33:29 [info] 一秋呀(小号)大号2308534727 | 接收 <- 群聊 [电脑硬件交流群(1029798214)] [伊什塔尔(750494463)] 8G 260元
10-04 21:33:35 [NAPCAT] 10-04 21:33:29 [info] 一秋呀(小号)大号2308534727 | 接收 <- 群聊 [电脑硬件交流群(1029798214)] [伊什塔尔(750494463)] @棣乛（开学飞升�
10-04 21:33:35 [NAPCAT] 10-04 21:33:29 [info] 一秋呀(小号)大号2308534727 | 接收 <- 群聊 [电脑硬件交流群(1029798214)] [棣乛（开学飞升勿踢）(3682290597)] 在�
10-04 21:33:35 [NAPCAT] 10-04 21:33:29 [info] 一秋呀(小号)大号2308534727 | 接收 <- 群聊 [电脑硬件交流群(1029798214)] [棣乛（开学飞升勿踢）(3682290597)] 这�
10-04 21:33:35 [NAPCAT] 10-04 21:33:29 [info] 一秋呀(小号)大号2308534727 | 接收 <- 群聊 [电脑硬件交流群(1029798214)] [若所思(274066955)] [回复消息 未找到消
10-04 21:33:35 [NAPCAT] 10-04 21:33:29 [info] 一秋呀(小号)大号2308534727 | 接收 <- 群聊 [电脑硬件交流群(1029798214)] [若所思(274066955)] 搞生产力的 还是全�
10-04 21:33:35 [NAPCAT] 10-04 21:33:29 [info] 一秋呀(小号)大号2308534727 | 接收 <- 群聊 [电脑硬件交流群(1029798214)] [化(67429168)] 除非你搞视频，一般应用
10-04 21:33:35 [NAPCAT] 10-04 21:33:29 [info] 一秋呀(小号)大号2308534727 | 接收 <- 群聊 [电脑硬件交流群(1029798214)] [化(67429168)] 40hx等于2060
10-04 21:33:35 [NAPCAT] 10-04 21:33:29 [info] 一秋呀(小号)大号2308534727 | 接收 <- 群聊 [电脑硬件交流群(1029798214)] [化(67429168)] 30hx等于?
10-04 21:33:35 [NAPCAT] 10-04 21:33:29 [info] 一秋呀(小号)大号2308534727 | 接收 <- 群聊 [电脑硬件交流群(1029798214)]
10-04 21:33:35 [NAPCAT] 10-04 21:33:29 [info] 一秋呀(小号)大号2308534727 | 接收 <- 群聊 [电脑硬件交流群(1029798214)] [伊什塔尔(750494463)] [图片]
10-04 21:33:35 [NAPCAT] 10-04 21:33:29 [info] 一秋呀(小号)大号2308534727 | 接收 <- 群聊 [电脑硬件交流群(1029798214)] [化(67429168)] 1060呢?
10-04 21:33:35 [NAPCAT] 10-04 21:33:29 [info] 一秋呀(小号)大号2308534727 | 接收 <- 群聊 [电脑硬件交流群(1029798214)] [伊什塔尔(750494463)] @化 (67429168)  1660S
10-04 21:33:35 [NAPCAT] 10-04 21:33:29 [info] 一秋呀(小号)大号2308534727 | 接收 <- 群聊 [电脑硬件交流群(1029798214)] [伊什塔尔(750494463)] @化 (67429168)  P106
10-04 21:33:35 [NAPCAT] 10-04 21:33:29 [info] 一秋呀(小号)大号2308534727 | 接收 <- 群聊 [电脑硬件交流群(1029798214)] [送我一个内存(3909243346)] 愁苦恩怨织�
10-04 21:33:35 [NAPCAT] 10-04 21:33:29 [info] 一秋呀(小号)大号2308534727 | 接收 <- 群聊 [电脑硬件交流群(1029798214)] [送我一个内存(3909243346)] 我现在宣布�
10-04 21:33:35 [NAPCAT] 10-04 21:33:29 [info] 一秋呀(小号)大号2308534727 | 接收 <- 群聊 [电脑硬件交流群(1029798214)] [棣乛（开学飞升勿踢）(3682290597)] 发�
10-04 21:33:35 [NAPCAT] 10-04 21:33:29 [info] 一秋呀(小号)大号2308534727 | 接收 <- 群聊 [电脑硬件交流群(1029798214)] [化(67429168)] 语言服务需要付费，详见
10-04 21:33:35 [NAPCAT] 10-04 21:33:29 [info] 一秋呀(小号)大号2308534727 | 接收 <- 群聊 [电脑硬件交流群(1029798214)] [化(67429168)] 主播收入扣50%
10-04 21:33:35 [NAPCAT] 10-04 21:33:29 [info] 一秋呀(小号)大号2308534727 | 接收 <- 群聊 [电脑硬件交流群(1029798214)] [送我一个内存(3909243346)] 白送我一根d
10-04 21:33:35 [NAPCAT] 10-04 21:33:29 [info] 一秋呀(小号)大号2308534727 | 接收 <- 群聊 [电脑硬件交流群(1029798214)] [忘语(2174807469)] 哦牛逼
10-04 21:33:35 [NAPCAT] 10-04 21:33:29 [info] 一秋呀(小号)大号2308534727 | 接收 <- 群聊 [电脑硬件交流群(1029798214)] [伊什塔尔(750494463)] DDR3 1066 4G是有一�
10-04 21:33:35 [NAPCAT] 10-04 21:33:29 [info] 一秋呀(小号)大号2308534727 | 接收 <- 群聊 [电脑硬件交流群(1029798214)] [送我一个内存(3909243346)] 不要
10-04 21:33:35 [NAPCAT] 10-04 21:33:29 [info] 一秋呀(小号)大号2308534727 | 接收 <- 群聊 [电脑硬件交流群(1029798214)] [送我一个内存(3909243346)] 老古董了。
10-04 21:33:35 [NAPCAT] 10-04 21:33:29 [info] 一秋呀(小号)大号2308534727 | 接收 <- 群聊 [电脑硬件交流群(1029798214)] [葛小嘬(2077734502)] 你这还嫌弃起来了
10-04 21:33:35 [NAPCAT] 10-04 21:33:29 [info] 一秋呀(小号)大号2308534727 | 接收 <- 群聊 [电脑硬件交流群(1029798214)] [葛小嘬(2077734502)] 还骂你父母，并不�
10-04 21:33:35 [NAPCAT] 10-04 21:33:29 [info] 一秋呀(小号)大号2308534727 | 接收 <- 群聊 [电脑硬件交流群(1029798214)] [送我一个内存(3909243346)] 那骂吧。
10-04 21:33:35 [NAPCAT] 10-04 21:33:29 [info] 一秋呀(小号)大号2308534727 | 接收 <- 群聊 [电脑硬件交流群(1029798214)] [求不来(2895991196)] [图片]
10-04 21:33:35 [NAPCAT] 10-04 21:33:29 [info] 一秋呀(小号)大号2308534727 | 接收 <- 群聊 [小米Vela交流群②(1124665323)] [小刺儿(439170473)] 这算是米环最复杂�
10-04 21:33:35 [NAPCAT] 10-04 21:33:29 [info] 一秋呀(小号)大号2308534727 | 接收 <- 群聊 [小米Vela交流群②(1124665323)] [QQ被封了（明年解）(2308534727)] 指引�
10-04 21:33:35 [NAPCAT] 10-04 21:33:29 [info] 一秋呀(小号)大号2308534727 | 接收 <- 群聊 [小米Vela交流群②(1124665323)] [凌晨说晚安_(1926409114)] 我这边群公�
10-04 21:33:35 [NAPCAT] 10-04 21:33:29 [info] 一秋呀(小号)大号2308534727 | 接收 <- 群聊 [小米Vela交流群②(1124665323)] [凌晨说晚安_(1926409114)] @一秋 小号383
10-04 21:33:35 [NAPCAT] 10-04 21:33:29 [info] 一秋呀(小号)大号2308534727 | 接收 <- 群聊 [小米Vela交流群②(1124665323)] [123456(3444677332)] [图片]
10-04 21:33:35 [NAPCAT] 10-04 21:33:29 [info] 一秋呀(小号)大号2308534727 | 接收 <- 群聊 [小米Vela交流群②(1124665323)] [123456(3444677332)] ？
10-04 21:33:35 [NAPCAT] 10-04 21:33:29 [info] 一秋呀(小号)大号2308534727 | 接收 <- 群聊 [小米Vela交流群②(1124665323)] [凌晨说晚安_(1926409114)] [图片]
10-04 21:33:35 [NAPCAT] 10-04 21:33:29 [info] 一秋呀(小号)大号2308534727 | 接收 <- 群聊 [小米Vela交流群②(1124665323)] [QQ被封了（明年解）(2308534727)] 那告�
10-04 21:33:35 [NAPCAT] 10-04 21:33:29 [info] 一秋呀(小号)大号2308534727 | 接收 <- 群聊 [小米Vela交流群②(1124665323)] [123456(3444677332)] [图片]
10-04 21:33:35 [NAPCAT] 10-04 21:33:29 [info] 一秋呀(小号)大号2308534727 | 接收 <- 群聊 [小米Vela交流群②(1124665323)] [凌晨说晚安_(1926409114)] 就不能直接�
10-04 21:33:35 [NAPCAT] 10-04 21:33:29 [info] 一秋呀(小号)大号2308534727 | 接收 <- 群聊 [小米Vela交流群②(1124665323)] [凌晨说晚安_(1926409114)] [表情 ]
10-04 21:33:36 [NAPCAT] 10-04 21:33:29 [info] 一秋呀(小号)大号2308534727 | 接收 <- 群聊 [小米Vela交流群②(1124665323)] [哥de心禁止访问(2410995271)] 神了
10-04 21:33:36 [NAPCAT] 10-04 21:33:29 [info] 一秋呀(小号)大号2308534727 | 接收 <- 群聊 [小米Vela交流群②(1124665323)] [Minecraft_DBS-#2(2319161649)] [表情 ]
10-04 21:33:36 [NAPCAT] 10-04 21:33:29 [info] 一秋呀(小号)大号2308534727 | 接收 <- 群聊 [小米Vela交流群②(1124665323)] [Minecraft_DBS-#2(2319161649)] 一秋居然没�
10-04 21:33:36 [NAPCAT] 10-04 21:33:29 [info] 一秋呀(小号)大号2308534727 | 接收 <- 群聊 [小米Vela交流群②(1124665323)] [Minecraft_DBS-#2(2319161649)] @Q群管家 (2854
10-04 21:33:36 [NAPCAT] 10-04 21:33:29 [info] 一秋呀(小号)大号2308534727 | 接收 <- 群聊 [小米Vela交流群②(1124665323)] [Q群管家(2854196310)] [卡片消息]
10-04 21:33:36 [NAPCAT] 10-04 21:33:29 [info] 一秋呀(小号)大号2308534727 | 接收 <- 群聊 [小米Vela交流群②(1124665323)]
10-04 21:33:36 [NAPCAT] 10-04 21:33:29 [info] 一秋呀(小号)大号2308534727 | 接收 <- 群聊 [小米Vela交流群②(1124665323)]
10-04 21:33:36 [NAPCAT] 10-04 21:33:29 [info] 一秋呀(小号)大号2308534727 | 接收 <- 群聊 [小米Vela交流群②(1124665323)]
10-04 21:33:36 [NAPCAT] 10-04 21:33:29 [info] 一秋呀(小号)大号2308534727 | 接收 <- 群聊 [小米Vela交流群②(1124665323)]
10-04 21:33:36 [NAPCAT] 10-04 21:33:29 [info] 一秋呀(小号)大号2308534727 | 接收 <- 群聊 [小米Vela交流群②(1124665323)] [Q群管家(2854196310)] @apply (3861963372)   �
10-04 21:33:36 [NAPCAT] 10-04 21:33:29 [info] 一秋呀(小号)大号2308534727 | 接收 <- 群聊 [小米Vela交流群②(1124665323)] [Q群管家(2854196310)] @自然锦鲤 (37985717
10-04 21:33:36 [NAPCAT] 10-04 21:33:29 [info] 一秋呀(小号)大号2308534727 | 接收 <- 群聊 [小米Vela交流群②(1124665323)] [Q群管家(2854196310)] @蓮雪東 (2474303369)
10-04 21:33:36 [NAPCAT] 10-04 21:33:29 [info] 一秋呀(小号)大号2308534727 | 接收 <- 群聊 [小米Vela交流群②(1124665323)] [Q群管家(2854196310)] @⁠‭⁧ACE，⁧‭�
10-04 21:33:36 [NAPCAT] 10-04 21:33:29 [info] 一秋呀(小号)大号2308534727 | 接收 <- 群聊 [小米Vela交流群②(1124665323)] [Q群管家(2854196310)] @、 (3479821341)   需
10-04 21:33:36 [NAPCAT] 10-04 21:33:29 [info] 一秋呀(小号)大号2308534727 | 接收 <- 群聊 [小米Vela交流群②(1124665323)] [Q群管家(2854196310)] @血敏_xin ⁧~喵⁦�
10-04 21:33:36 [NAPCAT] 10-04 21:33:29 [info] 一秋呀(小号)大号2308534727 | 接收 <- 群聊 [小米Vela交流群②(1124665323)] [Q群管家(2854196310)] @南城 (2164064991)   
10-04 21:33:36 [NAPCAT] 10-04 21:33:29 [info] 一秋呀(小号)大号2308534727 | 接收 <- 群聊 [小米Vela交流群②(1124665323)] [Q群管家(2854196310)] @我心本空空 (31869
10-04 21:33:36 [NAPCAT] 10-04 21:33:29 [info] 一秋呀(小号)大号2308534727 | 接收 <- 群聊 [小米Vela交流群②(1124665323)] [我不是人(2788514305)] [图片]
10-04 21:33:36 [NAPCAT] 10-04 21:33:29 [info] 一秋呀(小号)大号2308534727 | 接收 <- 群聊 [小米Vela交流群②(1124665323)] [QQ被封了（明年解）(2308534727)] 收到
10-04 21:33:36 [NAPCAT] 10-04 21:33:29 [info] 一秋呀(小号)大号2308534727 | 接收 <- 群聊 [[TLD]长途旅行-交流群-1�(802072961)] [MikoLost(3670473880)] 这么慢？
10-04 21:33:36 [NAPCAT] 10-04 21:33:29 [info] 一秋呀(小号)大号2308534727 | 接收 <- 群聊 [[TLD]长途旅行-交流群-1�(802072961)] [远程人(270379861)] 是
10-04 21:33:36 [NAPCAT] 10-04 21:33:29 [info] 一秋呀(小号)大号2308534727 | 接收 <- 群聊 [[TLD]长途旅行-交流群-1�(802072961)] [远程人(270379861)] [图片]
10-04 21:33:36 [NAPCAT] 10-04 21:33:29 [info] 一秋呀(小号)大号2308534727 | 接收 <- 群聊 [[TLD]长途旅行-交流群-1�(802072961)] [远程人(270379861)] 快了
10-04 21:33:36 [NAPCAT] 10-04 21:33:29 [info] 一秋呀(小号)大号2308534727 | 接收 <- 群聊 [[TLD]长途旅行-交流群-1�(802072961)] [MikoLost(3670473880)] 行
10-04 21:33:36 [NAPCAT] 10-04 21:33:29 [info] 一秋呀(小号)大号2308534727 | 接收 <- 群聊 [[TLD]长途旅行-交流群-1�(802072961)] [Q群管家(2854196310)] @阿式boy (33
10-04 21:33:36 [NAPCAT] 10-04 21:33:29 [info] 一秋呀(小号)大号2308534727 | 接收 <- 群聊 [[TLD]长途旅行-交流群-1�(802072961)] [问题解决者(全能马克附体)(39
10-04 21:33:36 [NAPCAT] 10-04 21:33:29 [info] 一秋呀(小号)大号2308534727 | 接收 <- 群聊 [[TLD]长途旅行-交流群-1�(802072961)] [阿式boy(3380556650)] 1
10-04 21:33:36 [NAPCAT] 10-04 21:33:29 [info] 一秋呀(小号)大号2308534727 | 接收 <- 群聊 [[TLD]长途旅行-交流群-1�(802072961)] [MikoLost(3670473880)] 1
10-04 21:33:36 [NAPCAT] 10-04 21:33:29 [info] 一秋呀(小号)大号2308534727 | 接收 <- 群聊 [[TLD]长途旅行-交流群-1�(802072961)] [阿式boy(3380556650)] 啥时候长途
10-04 21:33:36 [NAPCAT] 10-04 21:33:29 [info] 一秋呀(小号)大号2308534727 | 接收 <- 群聊 [[TLD]长途旅行-交流群-1�(802072961)] [MikoLost(3670473880)] 已经能了
10-04 21:33:36 [NAPCAT] 10-04 21:33:29 [info] 一秋呀(小号)大号2308534727 | 接收 <- 群聊 [[TLD]长途旅行-交流群-1�(802072961)] [阿式boy(3380556650)] ？！
10-04 21:33:36 [NAPCAT] 10-04 21:33:29 [info] 一秋呀(小号)大号2308534727 | 接收 <- 群聊 [[TLD]长途旅行-交流群-1�(802072961)] [阿式boy(3380556650)] 这我得去看
10-04 21:33:36 [NAPCAT] 10-04 21:33:29 [info] 一秋呀(小号)大号2308534727 | 接收 <- 群聊 [[TLD]长途旅行-交流群-1�(802072961)] [MikoLost(3670473880)] 100年前的事�
10-04 21:33:36 [NAPCAT] 10-04 21:33:29 [info] 一秋呀(小号)大号2308534727 | 接收 <- 群聊 [[TLD]长途旅行-交流群-1�(802072961)] [MikoLost(3670473880)] [图片]
10-04 21:33:36 [NAPCAT] 10-04 21:33:29 [info] 一秋呀(小号)大号2308534727 | 接收 <- 群聊 [[TLD]长途旅行-交流群-1�(802072961)] [Q群管家(2854196310)] @。 (36353261
10-04 21:33:36 [NAPCAT] 10-04 21:33:29 [info] 一秋呀(小号)大号2308534727 | 接收 <- 群聊 [[TLD]长途旅行-交流群-1�(802072961)] [Q群管家(2854196310)] @2co1 (3590839
10-04 21:33:36 [NAPCAT] 10-04 21:33:29 [info] 一秋呀(小号)大号2308534727 | 接收 <- 群聊 [[TLD]长途旅行-交流群-1�(802072961)] [一脸问号(3969274899)] [图片]
10-04 21:33:36 [NAPCAT] 10-04 21:33:29 [info] 一秋呀(小号)大号2308534727 | 接收 <- 群聊 [[TLD]长途旅行-交流群-1�(802072961)] [一脸问号(3969274899)] 这是什么
10-04 21:33:36 [NAPCAT] 10-04 21:33:29 [info] 一秋呀(小号)大号2308534727 | 接收 <- 群聊 [[TLD]长途旅行-交流群-1�(802072961)] [2co1(3590839855)] [图片]
10-04 21:33:36 [NAPCAT] 10-04 21:33:29 [info] 一秋呀(小号)大号2308534727 | 接收 <- 群聊 [[TLD]长途旅行-交流群-1�(802072961)] [2co1(3590839855)] 为什么会这样�
10-04 21:33:36 [NAPCAT] 10-04 21:33:29 [info] 一秋呀(小号)大号2308534727 | 接收 <- 群聊 [[TLD]长途旅行-交流群-1�(802072961)] [B站小黑子(2397678228)] [图片]
10-04 21:33:36 [NAPCAT] 10-04 21:33:29 [info] 一秋呀(小号)大号2308534727 | 接收 <- 群聊 [[TLD]长途旅行-交流群-1�(802072961)] [MikoLost(3670473880)] [回复消息 [2
10-04 21:33:36 [NAPCAT] 10-04 21:33:29 [info] 一秋呀(小号)大号2308534727 | 接收 <- 群聊 [[TLD]长途旅行-交流群-1�(802072961)] [MikoLost(3670473880)] 服务器可能�
10-04 21:33:36 [NAPCAT] 10-04 21:33:29 [info] 一秋呀(小号)大号2308534727 | 接收 <- 群聊 [[TLD]长途旅行-交流群-1�(802072961)] [2co1(3590839855)] 那怎么办啊
10-04 21:33:36 [NAPCAT] 10-04 21:33:29 [info] 一秋呀(小号)大号2308534727 | 接收 <- 群聊 [[TLD]长途旅行-交流群-1�(802072961)]
10-04 21:33:36 [NAPCAT] 10-04 21:33:29 [info] 一秋呀(小号)大号2308534727 | 接收 <- 群聊 [[TLD]长途旅行-交流群-1�(802072961)] [MikoLost(3670473880)] 不到
10-04 21:33:36 [NAPCAT] 10-04 21:33:29 [info] 一秋呀(小号)大号2308534727 | 接收 <- 群聊 [[TLD]长途旅行-交流群-1�(802072961)] [2co1(3590839855)] 有没有能用的�
10-04 21:33:36 [NAPCAT] 10-04 21:33:29 [info] 一秋呀(小号)大号2308534727 | 接收 <- 群聊 [[TLD]长途旅行-交流群-1�(802072961)] [MikoLost(3670473880)] 额
10-04 21:33:36 [NAPCAT] 10-04 21:33:29 [info] 一秋呀(小号)大号2308534727 | 接收 <- 群聊 [[TLD]长途旅行-交流群-1�(802072961)] [MikoLost(3670473880)] 现在模组都�
10-04 21:33:36 [NAPCAT] 10-04 21:33:29 [info] 一秋呀(小号)大号2308534727 | 接收 <- 群聊 [我的世界●一秋小镇(194636275)] [caw2206(无事勿扰 有事勿扰 有疑询
10-04 21:33:36 [NAPCAT] 10-04 21:33:29 [info] 一秋呀(小号)大号2308534727 | 接收 <- 群聊 [我的世界●一秋小镇(194636275)] [Him1388002468(2319161649)] [回复消息 �
10-04 21:33:36 [NAPCAT] 10-04 21:33:29 [info] 一秋呀(小号)大号2308534727 | 接收 <- 群聊 [我的世界●一秋小镇(194636275)] [Him1388002468(2319161649)] 签到
10-04 21:33:36 [NAPCAT] 10-04 21:33:29 [info] 一秋呀(小号)大号2308534727 | 接收 <- 群聊 [我的世界●一秋小镇(194636275)] [Him1388002468(2319161649)] @苦力怕娘 (0
10-04 21:33:36 [NAPCAT] 10-04 21:33:29 [info] 一秋呀(小号)大号2308534727 | 接收 <- 群聊 [我的世界●一秋小镇(194636275)] [苦力怕娘(3889696338)] @Him1388002468 (2
10-04 21:33:36 [NAPCAT] 10-04 21:33:29 [info] 一秋呀(小号)大号2308534727 | 接收 <- 群聊 [我的世界●一秋小镇(194636275)] [chuyingweiqi(2022231446)] 签到
10-04 21:33:36 [NAPCAT] 10-04 21:33:29 [info] 一秋呀(小号)大号2308534727 | 接收 <- 群聊 [我的世界●一秋小镇(194636275)] [chuyingweiqi(2022231446)] 玩家查询
10-04 21:33:36 [NAPCAT] 10-04 21:33:29 [info] 一秋呀(小号)大号2308534727 | 接收 <- 群聊 [我的世界●一秋小镇(194636275)] [chuyingweiqi(2022231446)] [图片]
10-04 21:33:36 [NAPCAT] 10-04 21:33:29 [info] 一秋呀(小号)大号2308534727 | 接收 <- 群聊 [我的世界●一秋小镇(194636275)] [chuyingweiqi(2022231446)] 服务器土豆�
10-04 21:33:36 [NAPCAT] 10-04 21:33:29 [info] 一秋呀(小号)大号2308534727 | 接收 <- 群聊 [我的世界●一秋小镇(194636275)] [QQ被封了（明年解）(2308534727)] [�
10-04 21:33:36 [NAPCAT] 10-04 21:33:29 [info] 一秋呀(小号)大号2308534727 | 接收 <- 群聊 [我的世界●一秋小镇(194636275)] [chuyingweiqi(2022231446)] 啥玩意儿，�
10-04 21:33:36 [NAPCAT] 10-04 21:33:29 [info] 一秋呀(小号)大号2308534727 | 接收 <- 群聊 [我的世界●一秋小镇(194636275)] [chuyingweiqi(2022231446)] 怎么不开服�
10-04 21:33:36 [NAPCAT] 10-04 21:33:29 [info] 一秋呀(小号)大号2308534727 | 接收 <- 群聊 [我的世界●一秋小镇(194636275)] [chuyingweiqi(2022231446)] @一秋 小号383
10-04 21:33:37 [NAPCAT] 10-04 21:33:29 [info] 一秋呀(小号)大号2308534727 | 接收 <- 群聊 [我的世界●一秋小镇(194636275)] [QQ被封了（明年解）(2308534727)] 因
10-04 21:33:37 [NAPCAT] 10-04 21:33:29 [info] 一秋呀(小号)大号2308534727 | 接收 <- 群聊 [我的世界●一秋小镇(194636275)] [chuyingweiqi(2022231446)] 用电瓶开
10-04 21:33:37 [NAPCAT] 10-04 21:33:29 [info] 一秋呀(小号)大号2308534727 | 接收 <- 群聊 [我的世界●一秋小镇(194636275)] [chuyingweiqi(2022231446)] [表情 ]
10-04 21:33:37 [NAPCAT] 10-04 21:33:29 [info] 一秋呀(小号)大号2308534727 | 接收 <- 群聊 [我的世界●一秋小镇(194636275)] [chuyingweiqi(2022231446)] 中国人能飞
10-04 21:33:37 [NAPCAT] 10-04 21:33:29 [info] 一秋呀(小号)大号2308534727 | 接收 <- 群聊 [我的世界●一秋小镇(194636275)] [QQ被封了（明年解）(2308534727)] 等
10-04 21:33:37 [NAPCAT] 10-04 21:33:29 [info] 一秋呀(小号)大号2308534727 | 接收 <- 群聊 [我的世界●一秋小镇(194636275)] [chuyingweiqi(2022231446)] [视频]
10-04 21:33:37 [NAPCAT] 10-04 21:33:29 [info] 一秋呀(小号)大号2308534727 | 接收 <- 群聊 [我的世界●一秋小镇(194636275)] [chuyingweiqi(2022231446)] 别呀！
10-04 21:33:37 [NAPCAT] 10-04 21:33:29 [info] 一秋呀(小号)大号2308534727 | 接收 <- 群聊 [我的世界●一秋小镇(194636275)] [chuyingweiqi(2022231446)] @一秋 小号383
10-04 21:33:37 [NAPCAT] 10-04 21:33:29 [info] 一秋呀(小号)大号2308534727 | 接收 <- 群聊 [我的世界●一秋小镇(194636275)] [QQ被封了（明年解）(2308534727)] [�
10-04 21:33:37 [NAPCAT] 10-04 21:33:29 [info] 一秋呀(小号)大号2308534727 | 接收 <- 群聊 [我的世界●一秋小镇(194636275)] [Him1388002468(2319161649)] [图片]
10-04 21:33:37 [NAPCAT] 10-04 21:33:29 [info] 一秋呀(小号)大号2308534727 | 接收 <- 群聊 [我的世界●一秋小镇(194636275)] [Him1388002468(2319161649)] [图片] 什么�
10-04 21:33:37 [NAPCAT] 10-04 21:33:29 [info] 一秋呀(小号)大号2308534727 | 接收 <- 群聊 [我的世界●一秋小镇(194636275)] [Him1388002468(2319161649)] [视频]
10-04 21:33:37 [NAPCAT] 10-04 21:33:29 [info] 一秋呀(小号)大号2308534727 | 接收 <- 群聊 [我的世界●一秋小镇(194636275)] [QQ被封了（明年解）(2308534727)] 服
10-04 21:33:37 [NAPCAT] 10-04 21:33:29 [info] 一秋呀(小号)大号2308534727 | 接收 <- 群聊 [我的世界●一秋小镇(194636275)] [QQ被封了（明年解）(2308534727)] 这
10-04 21:33:37 [NAPCAT] 10-04 21:33:29 [info] 一秋呀(小号)大号2308534727 | 接收 <- 群聊 [我的世界●一秋小镇(194636275)] [QQ被封了（明年解）(2308534727)] 等
10-04 21:33:37 [NAPCAT] 10-04 21:33:29 [info] 一秋呀(小号)大号2308534727 | 接收 <- 群聊 [我的世界●一秋小镇(194636275)] [Him1388002468(2319161649)] yooooooooooooooo
10-04 21:33:37 [NAPCAT] 10-04 21:33:29 [info] 一秋呀(小号)大号2308534727 | 接收 <- 群聊 [我的世界●一秋小镇(194636275)] [Him1388002468(2319161649)] [表情 ]
10-04 21:33:37 [NAPCAT] 10-04 21:33:29 [info] 一秋呀(小号)大号2308534727 | 接收 <- 群聊 [长途旅行交流群2(692938133)] [Q群管家(2854196310)] @1 (2917772625)   欢迎
10-04 21:33:37 [NAPCAT] 10-04 21:33:29 [info] 一秋呀(小号)大号2308534727 | 接收 <- 群聊 [长途旅行交流群2(692938133)] [Q群管家(2854196310)] @… (2876423162)   欢�
10-04 21:33:37 [NAPCAT] 10-04 21:33:29 [info] 一秋呀(小号)大号2308534727 | 发送 -> 群聊 [长途旅行交流群2(692938133)] [一秋呀(小号)大号2308534727(3836305211)] �
10-04 21:33:37 [NAPCAT] 10-04 21:33:29 [info] 一秋呀(小号)大号2308534727 | 发送 -> 群聊 [长途旅行交流群2(692938133)] [一秋呀(小号)大号2308534727(3836305211)] �
10-04 21:33:37 [NAPCAT] 10-04 21:33:29 [info] 一秋呀(小号)大号2308534727 | 接收 <- 群聊 [长途旅行交流群2(692938133)] [Q群管家(2854196310)] @痴诺 (2323657170)   �
10-04 21:33:37 [NAPCAT] 10-04 21:33:29 [info] 一秋呀(小号)大号2308534727 | 接收 <- 群聊 [长途旅行交流群2(692938133)] [Q群管家(2854196310)] @壹只猫到底能有�
10-04 21:33:37 [NAPCAT] 10-04 21:33:29 [info] 一秋呀(小号)大号2308534727 | 发送 -> 群聊 [长途旅行交流群2(692938133)] [一秋呀(小号)大号2308534727(3836305211)] �
10-04 21:33:37 [NAPCAT] 10-04 21:33:29 [info] 一秋呀(小号)大号2308534727 | 接收 <- 群聊 [长途旅行交流群2(692938133)] [ᥫᩣ(262184597)] 这个车间工具装上就�
10-04 21:33:37 [NAPCAT] 10-04 21:33:29 [info] 一秋呀(小号)大号2308534727 | 接收 <- 群聊 [长途旅行交流群2(692938133)] [ᥫᩣ(262184597)] [表情 ]
10-04 21:33:37 [NAPCAT] 10-04 21:33:29 [info] 一秋呀(小号)大号2308534727 | 接收 <- 群聊 [长途旅行交流群2(692938133)] [QQ被封了（明年解）(2308534727)] 要运�
10-04 21:33:37 [NAPCAT] 10-04 21:33:29 [info] 一秋呀(小号)大号2308534727 | 接收 <- 群聊 [长途旅行交流群2(692938133)] [QQ被封了（明年解）(2308534727)] 你打�
10-04 21:33:37 [NAPCAT] 10-04 21:33:29 [info] 一秋呀(小号)大号2308534727 | 接收 <- 群聊 [长途旅行交流群2(692938133)] [ᥫᩣ(262184597)] 好的谢谢
10-04 21:33:37 [NAPCAT] 10-04 21:33:29 [info] 一秋呀(小号)大号2308534727 | 接收 <- 群聊 [长途旅行交流群2(692938133)] [ᥫᩣ(262184597)] @一秋 小号3836305211 (230
10-04 21:33:37 [NAPCAT] 10-04 21:33:29 [info] 一秋呀(小号)大号2308534727 | 接收 <- 群聊 [长途旅行交流群2(692938133)] [ᥫᩣ(262184597)] 我问一下
10-04 21:33:37 [NAPCAT] 10-04 21:33:29 [info] 一秋呀(小号)大号2308534727 | 接收 <- 群聊 [长途旅行交流群2(692938133)] [QQ被封了（明年解）(2308534727)] 怎么�
10-04 21:33:37 [NAPCAT] 10-04 21:33:29 [info] 一秋呀(小号)大号2308534727 | 接收 <- 群聊 [长途旅行交流群2(692938133)] [ᥫᩣ(262184597)] 装mod要下哪个
10-04 21:33:37 [NAPCAT] 10-04 21:33:29 [info] 一秋呀(小号)大号2308534727 | 接收 <- 群聊 [长途旅行交流群2(692938133)] [QQ被封了（明年解）(2308534727)] 你喜�
10-04 21:33:37 [NAPCAT] 10-04 21:33:29 [info] 一秋呀(小号)大号2308534727 | 接收 <- 群聊 [长途旅行交流群2(692938133)] [ᥫᩣ(262184597)] 我一看文件里好多东�
10-04 21:33:37 [NAPCAT] 10-04 21:33:29 [info] 一秋呀(小号)大号2308534727 | 接收 <- 群聊 [长途旅行交流群2(692938133)] [ᥫᩣ(262184597)] 不知道该下那个
10-04 21:33:37 [NAPCAT] 10-04 21:33:29 [info] 一秋呀(小号)大号2308534727 | 接收 <- 群聊 [长途旅行交流群2(692938133)] [ᥫᩣ(262184597)] 群文件里
10-04 21:33:37 [NAPCAT] 10-04 21:33:29 [info] 一秋呀(小号)大号2308534727 | 接收 <- 群聊 [长途旅行交流群2(692938133)] [QQ被封了（明年解）(2308534727)] [文件 
10-04 21:33:37 [NAPCAT] 10-04 21:33:29 [info] 一秋呀(小号)大号2308534727 | 接收 <- 群聊 [长途旅行交流群2(692938133)] [ᥫᩣ(262184597)] OK谢谢
10-04 21:33:37 [NAPCAT] 10-04 21:33:29 [info] 一秋呀(小号)大号2308534727 | 接收 <- 群聊 [长途旅行交流群2(692938133)] [Q群管家(2854196310)] @社会我宁哥 (328540
10-04 21:33:37 [NAPCAT] 10-04 21:33:29 [info] 一秋呀(小号)大号2308534727 | 接收 <- 群聊 [长途旅行交流群2(692938133)] [Q群管家(2854196310)] @1 (3772992695)   欢迎
10-04 21:33:37 [NAPCAT] 10-04 21:33:29 [info] 一秋呀(小号)大号2308534727 | 接收 <- 群聊 [长途旅行交流群2(692938133)] [Q群管家(2854196310)] @🦋ꦿ໊余生᭄🕊
10-04 21:33:37 [NAPCAT] 10-04 21:33:29 [info] 一秋呀(小号)大号2308534727 | 发送 -> 群聊 [长途旅行交流群2(692938133)] [一秋呀(小号)大号2308534727(3836305211)] �
10-04 21:33:37 [NAPCAT] 10-04 21:33:29 [info] 一秋呀(小号)大号2308534727 | 接收 <- 群聊 [长途旅行交流群2(692938133)] [Q群管家(2854196310)] @风倾 (3618932364)   �
10-04 21:33:37 [NAPCAT] 10-04 21:33:29 [info] 一秋呀(小号)大号2308534727 | 发送 -> 群聊 [长途旅行交流群2(692938133)] [一秋呀(小号)大号2308534727(3836305211)] �
10-04 21:33:37 [NAPCAT] 10-04 21:33:29 [info] 一秋呀(小号)大号2308534727 | 接收 <- 群聊 [长途旅行交流群2(692938133)] [Q群管家(2854196310)] @龍つ (3385761270)   �
10-04 21:33:37 [NAPCAT] 10-04 21:33:29 [info] 一秋呀(小号)大号2308534727 | 接收 <- 群聊 [长途旅行交流群2(692938133)] [31175978043(3951638587)] 1
10-04 21:33:37 [NAPCAT] 10-04 21:33:29 [info] 一秋呀(小号)大号2308534727 | 接收 <- 群聊 [长途旅行(661726941)]
10-04 21:33:37 [NAPCAT] 10-04 21:33:29 [info] 一秋呀(小号)大号2308534727 | 接收 <- 群聊 [长途旅行(661726941)]
10-04 21:33:37 [NAPCAT] 10-04 21:33:29 [info] 一秋呀(小号)大号2308534727 | 接收 <- 群聊 [长途旅行(661726941)] [🐧(3990765014)] [图片]
10-04 21:33:37 [NAPCAT] 10-04 21:33:29 [info] 一秋呀(小号)大号2308534727 | 接收 <- 群聊 [长途旅行(661726941)] [Q群管家(2854196310)] @sh (2157214293)   欢迎新成员
10-04 21:33:37 [NAPCAT] 10-04 21:33:29 [info] 一秋呀(小号)大号2308534727 | 发送 -> 群聊 [长途旅行(661726941)] [一秋呀(小号)大号2308534727(3836305211)] 无退群�
10-04 21:33:37 [NAPCAT] 10-04 21:33:29 [info] 一秋呀(小号)大号2308534727 | 接收 <- 群聊 [长途旅行(661726941)] [Q群管家(2854196310)] @QY. (591445362)   欢迎新成员
10-04 21:33:37 [NAPCAT] 10-04 21:33:29 [info] 一秋呀(小号)大号2308534727 | 接收 <- 群聊 [长途旅行(661726941)] [Q群管家(2854196310)] @🦋ꦿ໊余生᭄🕊随心᭄�
10-04 21:33:37 [NAPCAT] 10-04 21:33:29 [info] 一秋呀(小号)大号2308534727 | 接收 <- 群聊 [长途旅行(661726941)]
10-04 21:33:38 [NAPCAT] 10-04 21:33:29 [info] 一秋呀(小号)大号2308534727 | 发送 -> 群聊 [长途旅行(661726941)] [一秋呀(小号)大号2308534727(3836305211)] 无退群�
10-04 21:33:38 [NAPCAT] 10-04 21:33:29 [info] 一秋呀(小号)大号2308534727 | 接收 <- 群聊 [长途旅行(661726941)] [Q群管家(2854196310)] @林玉韩 (3789240871)   欢迎�
10-04 21:33:38 [NAPCAT] 10-04 21:33:29 [info] 一秋呀(小号)大号2308534727 | 发送 -> 群聊 [长途旅行(661726941)] [一秋呀(小号)大号2308534727(3836305211)] 无退群�
10-04 21:33:38 [NAPCAT] 10-04 21:33:29 [info] 一秋呀(小号)大号2308534727 | 接收 <- 群聊 [长途旅行(661726941)] [Q群管家(2854196310)] @风倾 (3618932364)   欢迎新�
10-04 21:33:38 [NAPCAT] 10-04 21:33:29 [info] 一秋呀(小号)大号2308534727 | 接收 <- 群聊 [长途旅行(661726941)] [Q群管家(2854196310)] @龍つ (3385761270)   欢迎新�
10-04 21:33:38 [NAPCAT] 10-04 21:33:29 [info] 一秋呀(小号)大号2308534727 | 接收 <- 群聊 [长途旅行(661726941)] [Q群管家(2854196310)] @旧林 (2261437319)   欢迎新�
10-04 21:33:38 [NAPCAT] 10-04 21:33:29 [info] 一秋呀(小号)大号2308534727 | 接收 <- 群聊 [长途旅行(661726941)] [Q群管家(2854196310)] @真心比钱🍂 (2968678505)   �
10-04 21:33:38 [NAPCAT] 10-04 21:33:29 [info] 一秋呀(小号)大号2308534727 | 接收 <- 群聊 [MIUICX Update Channel 1(600403772)] [原谅我吧 宽恕我吧(2199838281)] 还有�
10-04 21:33:38 [NAPCAT] 10-04 21:33:29 [info] 一秋呀(小号)大号2308534727 | 接收 <- 群聊 [MIUICX Update Channel 1(600403772)] [胡董(2057436414)] [回复消息 未找到消�
10-04 21:33:38 [NAPCAT] 10-04 21:33:29 [info] 一秋呀(小号)大号2308534727 | 接收 <- 群聊 [MIUICX Update Channel 1(600403772)] [胡董(2057436414)] 具体教一下怎么用呗
10-04 21:33:38 [NAPCAT] 10-04 21:33:29 [info] 一秋呀(小号)大号2308534727 | 接收 <- 群聊 [MIUICX Update Channel 1(600403772)] [胡董(2057436414)] 没用过
10-04 21:33:38 [NAPCAT] 10-04 21:33:29 [info] 一秋呀(小号)大号2308534727 | 接收 <- 群聊 [MIUICX Update Channel 1(600403772)] [原谅我吧 宽恕我吧(2199838281)] 之前QQ
10-04 21:33:38 [NAPCAT] 10-04 21:33:29 [info] 一秋呀(小号)大号2308534727 | 接收 <- 群聊 [MIUICX Update Channel 1(600403772)] [胡董(2057436414)] [回复消息 [原谅我吧
10-04 21:33:38 [NAPCAT] 10-04 21:33:29 [info] 一秋呀(小号)大号2308534727 | 接收 <- 群聊 [MIUICX Update Channel 1(600403772)] [胡董(2057436414)] 微信有过检测吗
10-04 21:33:38 [NAPCAT] 10-04 21:33:29 [info] 一秋呀(小号)大号2308534727 | 接收 <- 群聊 [MIUICX Update Channel 1(600403772)] [原谅我吧 宽恕我吧(2199838281)] 微信�
10-04 21:33:38 [NAPCAT] 10-04 21:33:29 [info] 一秋呀(小号)大号2308534727 | 接收 <- 群聊 [MIUICX Update Channel 1(600403772)] [原谅我吧 宽恕我吧(2199838281)] 反正�
10-04 21:33:38 [NAPCAT] 10-04 21:33:29 [info] 一秋呀(小号)大号2308534727 | 接收 <- 群聊 [MIUICX Update Channel 1(600403772)] [原谅我吧 宽恕我吧(2199838281)] 就这QQ
10-04 21:33:38 [NAPCAT] 10-04 21:33:29 [info] 一秋呀(小号)大号2308534727 | 接收 <- 群聊 [MIUICX Update Channel 1(600403772)] [胡董(2057436414)] [回复消息 [原谅我吧
10-04 21:33:38 [NAPCAT] 10-04 21:33:30 [info] 一秋呀(小号)大号2308534727 | 接收 <- 群聊 [MIUICX Update Channel 1(600403772)] [原谅我吧 宽恕我吧(2199838281)] [回复�
10-04 21:33:38 [NAPCAT] 10-04 21:33:30 [info] 一秋呀(小号)大号2308534727 | 接收 <- 群聊 [MIUICX Update Channel 1(600403772)] [但渊刃伥乆(3092963079)] [图片]
10-04 21:33:38 [NAPCAT] 10-04 21:33:30 [info] 一秋呀(小号)大号2308534727 | 接收 <- 群聊 [MIUICX Update Channel 1(600403772)] [但渊刃伥乆(3092963079)] 填其他模块安
10-04 21:33:38 [NAPCAT] 10-04 21:33:30 [info] 一秋呀(小号)大号2308534727 | 接收 <- 群聊 [MIUICX Update Channel 1(600403772)] [原谅我吧 宽恕我吧(2199838281)] OK
10-04 21:33:38 [NAPCAT] 10-04 21:33:30 [info] 一秋呀(小号)大号2308534727 | 接收 <- 群聊 [MicoOTA交流群(950319841)] [🐈小猫在午睡⁧ ⁧~喵⁧‭(984985158)] ok
10-04 21:33:38 [NAPCAT] 10-04 21:33:30 [info] 一秋呀(小号)大号2308534727 | 接收 <- 群聊 [MicoOTA交流群(950319841)] [🐈小猫在午睡⁧ ⁧~喵⁧‭(984985158)] 测�
10-04 21:33:38 [NAPCAT] 10-04 21:33:30 [info] 一秋呀(小号)大号2308534727 | 接收 <- 群聊 [MicoOTA交流群(950319841)] [Adh_(3684294507)] 无
10-04 21:33:38 [NAPCAT] 10-04 21:33:30 [info] 一秋呀(小号)大号2308534727 | 接收 <- 群聊 [MicoOTA交流群(950319841)] [🐈小猫在午睡⁧ ⁧~喵⁧‭(984985158)] 看�
10-04 21:33:38 [NAPCAT] 10-04 21:33:30 [info] 一秋呀(小号)大号2308534727 | 接收 <- 群聊 [MicoOTA交流群(950319841)] [🐈小猫在午睡⁧ ⁧~喵⁧‭(984985158)] 鱼�
10-04 21:33:38 [NAPCAT] 10-04 21:33:30 [info] 一秋呀(小号)大号2308534727 | 接收 <- 群聊 [MicoOTA交流群(950319841)] [Adh_(3684294507)] 要改包
10-04 21:33:38 [NAPCAT] 10-04 21:33:30 [info] 一秋呀(小号)大号2308534727 | 接收 <- 群聊 [MicoOTA交流群(950319841)] [Adh_(3684294507)] 可以实现
10-04 21:33:38 [NAPCAT] 10-04 21:33:30 [info] 一秋呀(小号)大号2308534727 | 接收 <- 群聊 [MicoOTA交流群(950319841)] [🐈小猫在午睡⁧ ⁧~喵⁧‭(984985158)] 怎�
10-04 21:33:38 [NAPCAT] 10-04 21:33:30 [info] 一秋呀(小号)大号2308534727 | 接收 <- 群聊 [MicoOTA交流群(950319841)] [🐈小猫在午睡⁧ ⁧~喵⁧‭(984985158)] 怎�
10-04 21:33:38 [NAPCAT] 10-04 21:33:30 [info] 一秋呀(小号)大号2308534727 | 接收 <- 群聊 [MicoOTA交流群(950319841)] [ㅤ(1126037215)] 求小爱小屏能用的QQ
10-04 21:33:38 [NAPCAT] 10-04 21:33:30 [info] 一秋呀(小号)大号2308534727 | 接收 <- 群聊 [MicoOTA交流群(950319841)] [🐈小猫在午睡⁧ ⁧~喵⁧‭(984985158)] [回�
10-04 21:33:38 [NAPCAT] 10-04 21:33:30 [info] 一秋呀(小号)大号2308534727 | 接收 <- 群聊 [MicoOTA交流群(950319841)] [🐈小猫在午睡⁧ ⁧~喵⁧‭(984985158)] 试�
10-04 21:33:38 [NAPCAT] 10-04 21:33:30 [info] 一秋呀(小号)大号2308534727 | 接收 <- 群聊 [MicoOTA交流群(950319841)] [🐈小猫在午睡⁧ ⁧~喵⁧‭(984985158)] [回�
10-04 21:33:38 [NAPCAT] 10-04 21:33:30 [info] 一秋呀(小号)大号2308534727 | 接收 <- 群聊 [MicoOTA交流群(950319841)] [🐈小猫在午睡⁧ ⁧~喵⁧‭(984985158)] [表�
10-04 21:33:38 [NAPCAT] 10-04 21:33:30 [info] 一秋呀(小号)大号2308534727 | 接收 <- 群聊 [MicoOTA交流群(950319841)]
10-04 21:33:38 [NAPCAT] 10-04 21:33:30 [info] 一秋呀(小号)大号2308534727 | 接收 <- 群聊 [捞比 tool交流群(971592842)] [人及87(932599051)] [回复消息 未找到消息
10-04 21:33:38 [NAPCAT] 10-04 21:33:30 [info] 一秋呀(小号)大号2308534727 | 接收 <- 群聊 [捞比 tool交流群(971592842)] [小城数码(1360635113)] 红米kpad2的工厂包 
10-04 21:33:38 [NAPCAT] 10-04 21:33:30 [info] 一秋呀(小号)大号2308534727 | 接收 <- 群聊 [捞比 tool交流群(971592842)] [超帝尊(2054865255)] [图片]
10-04 21:33:38 [NAPCAT] 10-04 21:33:30 [info] 一秋呀(小号)大号2308534727 | 接收 <- 群聊 [捞比 tool交流群(971592842)] [天空不可爱(3123709190)] @超帝尊 (205486525
10-04 21:33:38 [NAPCAT] 10-04 21:33:30 [info] 一秋呀(小号)大号2308534727 | 接收 <- 群聊 [捞比 tool交流群(971592842)] [天空不可爱(3123709190)] [图片]
10-04 21:33:38 [NAPCAT] 10-04 21:33:30 [info] 一秋呀(小号)大号2308534727 | 接收 <- 群聊 [捞比 tool交流群(971592842)] [超帝尊(2054865255)] [图片]
10-04 21:33:38 [NAPCAT] 10-04 21:33:30 [info] 一秋呀(小号)大号2308534727 | 接收 <- 群聊 [捞比 tool交流群(971592842)] [林姝(3204649415)] [图片]
10-04 21:33:38 [NAPCAT] 10-04 21:33:30 [info] 一秋呀(小号)大号2308534727 | 接收 <- 群聊 [捞比 tool交流群(971592842)] [-(2283110369)] .
10-04 21:33:38 [NAPCAT] 10-04 21:33:30 [info] 一秋呀(小号)大号2308534727 | 接收 <- 群聊 [捞比 tool交流群(971592842)] [浅辞(3915055807)] 谁有Y7004代的刷机包
10-04 21:33:38 [NAPCAT] 10-04 21:33:30 [info] 一秋呀(小号)大号2308534727 | 接收 <- 群聊 [捞比 tool交流群(971592842)] [.(2585623042)] 拯救闪框卡框
10-04 21:33:38 [NAPCAT] 10-04 21:33:30 [info] 一秋呀(小号)大号2308534727 | 接收 <- 群聊 [捞比 tool交流群(971592842)] [.(86103396)] 0.0
10-04 21:33:38 [NAPCAT] 10-04 21:33:30 [info] 一秋呀(小号)大号2308534727 | 接收 <- 群聊 [捞比 tool交流群(971592842)] [Nostalgia.(1148703296)] [图片]
10-04 21:33:38 [NAPCAT] 10-04 21:33:30 [info] 一秋呀(小号)大号2308534727 | 接收 <- 群聊 [捞比 tool交流群(971592842)] [Nostalgia.(1148703296)] [转发消息]
10-04 21:33:38 [NAPCAT] 10-04 21:33:30 [info] 一秋呀(小号)大号2308534727 | 接收 <- 群聊 [捞比 tool交流群(971592842)] [Nostalgia.(1148703296)] 那如果说轻松绷住�
10-04 21:33:38 [NAPCAT] 10-04 21:33:30 [info] 一秋呀(小号)大号2308534727 | 接收 <- 群聊 [捞比 tool交流群(971592842)] [Nostalgia.(1148703296)] [表情 ]
10-04 21:33:38 [NAPCAT] 10-04 21:33:30 [info] 一秋呀(小号)大号2308534727 | 接收 <- 群聊 [T.C.B.Z航天局(767890788)] [重铬酸馄饨(3643028115)] [图片]
10-04 21:33:38 [NAPCAT] 10-04 21:33:30 [info] 一秋呀(小号)大号2308534727 | 接收 <- 群聊 [T.C.B.Z航天局(767890788)] [我是小天使(352965748)] 我要卖小鸡了
10-04 21:33:38 [NAPCAT] 10-04 21:33:30 [info] 一秋呀(小号)大号2308534727 | 接收 <- 群聊 [T.C.B.Z航天局(767890788)] [我是小天使(352965748)] 1H1G+6G，5块钱1个月�
10-04 21:33:38 [NAPCAT] 10-04 21:33:30 [info] 一秋呀(小号)大号2308534727 | 接收 <- 群聊 [T.C.B.Z航天局(767890788)] [一个广佛车迷（已开学）(3759638213)] 各位h
10-04 21:33:38 [NAPCAT] 10-04 21:33:30 [info] 一秋呀(小号)大号2308534727 | 接收 <- 群聊 [T.C.B.Z航天局(767890788)] [Q群管家(2854196310)] @谁说企鹅不是鸟 (306178
10-04 21:33:38 [NAPCAT] 10-04 21:33:30 [info] 一秋呀(小号)大号2308534727 | 接收 <- 群聊 [T.C.B.Z航天局(767890788)] [谁说企鹅不是鸟(3061782993)] [图片]
10-04 21:33:38 [NAPCAT] 10-04 21:33:30 [info] 一秋呀(小号)大号2308534727 | 接收 <- 群聊 [T.C.B.Z航天局(767890788)] [我叫名字(2067282530)] [图片]
10-04 21:33:38 [NAPCAT] 10-04 21:33:30 [info] 一秋呀(小号)大号2308534727 | 接收 <- 群聊 [T.C.B.Z航天局(767890788)]
10-04 21:33:38 [NAPCAT] 10-04 21:33:30 [info] 一秋呀(小号)大号2308534727 | 接收 <- 群聊 [T.C.B.Z航天局(767890788)] [AlanyCLK(3906234268)] 冒泡
10-04 21:33:38 [NAPCAT] 10-04 21:33:30 [info] 一秋呀(小号)大号2308534727 | 接收 <- 群聊 [T.C.B.Z航天局(767890788)] [一个广佛车迷（已开学）(3759638213)] [图片
10-04 21:33:38 [NAPCAT] 10-04 21:33:30 [info] 一秋呀(小号)大号2308534727 | 接收 <- 群聊 [T.C.B.Z航天局(767890788)] [谁骂我嘲笑我谁老冯在天飞(2944630009)] T.C.
10-04 21:33:38 [NAPCAT] 10-04 21:33:30 [info] 一秋呀(小号)大号2308534727 | 接收 <- 群聊 [T.C.B.Z航天局(767890788)] [无名无姓唉白嫖(2891784035)] 哇怎么群主没�
10-04 21:33:38 [NAPCAT] 10-04 21:33:30 [info] 一秋呀(小号)大号2308534727 | 接收 <- 群聊 [T.C.B.Z航天局(767890788)] [重铬酸馄饨(3643028115)] [图片]
10-04 21:33:38 [NAPCAT] 10-04 21:33:30 [info] 一秋呀(小号)大号2308534727 | 接收 <- 群聊 [T.C.B.Z航天局(767890788)] [无名无姓唉白嫖(2891784035)] 群主是怎么回�
10-04 21:33:38 [NAPCAT] 10-04 21:33:30 [info] 一秋呀(小号)大号2308534727 | 接收 <- 群聊 [T.C.B.Z航天局(767890788)] [地瓜机斯咬(1016176875)] SLS模组谁有
10-04 21:33:38 [NAPCAT] 10-04 21:33:34 [error] 一秋呀(小号)大号2308534727 | [OneBot] [WebSocket Client] 反向WebSocket (ws://localhost:6199/ws) 连接错误 AggregateError [ECO
10-04 21:33:38 [NAPCAT]     at internalConnectMultiple (node:net:1134:18)
10-04 21:33:38 [NAPCAT]     at afterConnectMultiple (node:net:1715:7)
10-04 21:33:38 [NAPCAT] 10-04 21:33:34 [error] 一秋呀(小号)大号2308534727 | [OneBot] [WebSocket Client] 在 5 秒后尝试重新连接
10-04 21:33:38 [NAPCAT] [BuglyManager.cpp][UploadBugly][107]!!!in UploadBugly.
10-04 21:33:39 [NAPCAT] [NativeCrashHandler.cpp][getCrashDetailBeanFromRecord][52]!!!! in NativeCrashHandler getCrashDetailBeanFromRecord, open file error!!!,dumpFilePath:/root/.config
10-04 21:33:39 [NAPCAT] [NativeCrashHandler.cpp][uploadCrashEvent][331]get null crashDetailBean, return!
10-04 21:33:39 [NAPCAT] 10-04 21:33:39 [error] 一秋呀(小号)大号2308534727 | [OneBot] [WebSocket Client] 反向WebSocket (ws://localhost:6199/ws) 连接错误 AggregateError [ECO
10-04 21:33:39 [NAPCAT]     at internalConnectMultiple (node:net:1134:18)
10-04 21:33:39 [NAPCAT]     at afterConnectMultiple (node:net:1715:7)
10-04 21:33:39 [NAPCAT] 10-04 21:33:39 [error] 一秋呀(小号)大号2308534727 | [OneBot] [WebSocket Client] 在 5 秒后尝试重新连接
10-04 21:33:44 [NAPCAT] 10-04 21:33:44 [error] 一秋呀(小号)大号2308534727 | [OneBot] [WebSocket Client] 反向WebSocket (ws://localhost:6199/ws) 连接错误 AggregateError [ECO
10-04 21:33:44 [NAPCAT]     at internalConnectMultiple (node:net:1134:18)
10-04 21:33:44 [NAPCAT]     at afterConnectMultiple (node:net:1715:7)
10-04 21:33:44 [NAPCAT] 10-04 21:33:44 [error] 一秋呀(小号)大号2308534727 | [OneBot] [WebSocket Client] 在 5 秒后尝试重新连接
10-04 21:33:49 [NAPCAT] 10-04 21:33:49 [error] 一秋呀(小号)大号2308534727 | [OneBot] [WebSocket Client] 反向WebSocket (ws://localhost:6199/ws) 连接错误 AggregateError [ECO
10-04 21:33:49 [NAPCAT]     at internalConnectMultiple (node:net:1134:18)
10-04 21:33:49 [NAPCAT]     at afterConnectMultiple (node:net:1715:7)
10-04 21:33:50 [NAPCAT] 10-04 21:33:49 [error] 一秋呀(小号)大号2308534727 | [OneBot] [WebSocket Client] 在 5 秒后尝试重新连接
10-04 21:33:54 [NAPCAT] 10-04 21:33:54 [error] 一秋呀(小号)大号2308534727 | [OneBot] [WebSocket Client] 反向WebSocket (ws://localhost:6199/ws) 连接错误 AggregateError [ECO
10-04 21:33:54 [NAPCAT]     at internalConnectMultiple (node:net:1134:18)
10-04 21:33:55 [NAPCAT]     at afterConnectMultiple (node:net:1715:7)
10-04 21:33:55 [NAPCAT] 10-04 21:33:54 [error] 一秋呀(小号)大号2308534727 | [OneBot] [WebSocket Client] 在 5 秒后尝试重新连接
10-04 21:33:57 [NAPCAT] 10-04 21:33:57 [info] 一秋呀(小号)大号2308534727 | 接收 <- 群聊 [Air启动器交流群(966475918)] [把vvv刚好(2562895115)] @忧酪酪 (2044437157)
10-04 21:33:59 [NAPCAT] 10-04 21:33:59 [error] 一秋呀(小号)大号2308534727 | [OneBot] [WebSocket Client] 反向WebSocket (ws://localhost:6199/ws) 连接错误 AggregateError [ECO
10-04 21:33:59 [NAPCAT]     at internalConnectMultiple (node:net:1134:18)
10-04 21:33:59 [NAPCAT]     at afterConnectMultiple (node:net:1715:7)
10-04 21:33:59 [NAPCAT] 10-04 21:33:59 [error] 一秋呀(小号)大号2308534727 | [OneBot] [WebSocket Client] 在 5 秒后尝试重新连接
10-04 21:34:04 [NAPCAT] 10-04 21:34:04 [error] 一秋呀(小号)大号2308534727 | [OneBot] [WebSocket Client] 反向WebSocket (ws://localhost:6199/ws) 连接错误 AggregateError [ECO
10-04 21:34:04 [NAPCAT]     at internalConnectMultiple (node:net:1134:18)
10-04 21:34:04 [NAPCAT]     at afterConnectMultiple (node:net:1715:7)
10-04 21:34:04 [NAPCAT] 10-04 21:34:04 [error] 一秋呀(小号)大号2308534727 | [OneBot] [WebSocket Client] 在 5 秒后尝试重新连接
10-04 21:34:09 [NAPCAT] 10-04 21:34:09 [error] 一秋呀(小号)大号2308534727 | [OneBot] [WebSocket Client] 反向WebSocket (ws://localhost:6199/ws) 连接错误 AggregateError [ECO
10-04 21:34:09 [NAPCAT]     at internalConnectMultiple (node:net:1134:18)
10-04 21:34:09 [NAPCAT]     at afterConnectMultiple (node:net:1715:7)
10-04 21:34:10 [NAPCAT] 10-04 21:34:09 [error] 一秋呀(小号)大号2308534727 | [OneBot] [WebSocket Client] 在 5 秒后尝试重新连接
10-04 21:34:14 [NAPCAT] 10-04 21:34:14 [error] 一秋呀(小号)大号2308534727 | [OneBot] [WebSocket Client] 反向WebSocket (ws://localhost:6199/ws) 连接错误 AggregateError [ECO
10-04 21:34:14 [NAPCAT]     at internalConnectMultiple (node:net:1134:18)
10-04 21:34:14 [NAPCAT]     at afterConnectMultiple (node:net:1715:7)
10-04 21:34:14 [NAPCAT] 10-04 21:34:14 [error] 一秋呀(小号)大号2308534727 | [OneBot] [WebSocket Client] 在 5 秒后尝试重新连接
10-04 21:34:19 [NAPCAT] 10-04 21:34:19 [error] 一秋呀(小号)大号2308534727 | [OneBot] [WebSocket Client] 反向WebSocket (ws://localhost:6199/ws) 连接错误 AggregateError [ECO
10-04 21:34:19 [NAPCAT]     at internalConnectMultiple (node:net:1134:18)
10-04 21:34:19 [NAPCAT]     at afterConnectMultiple (node:net:1715:7)
10-04 21:34:19 [NAPCAT] 10-04 21:34:19 [error] 一秋呀(小号)大号2308534727 | [OneBot] [WebSocket Client] 在 5 秒后尝试重新连接
10-04 21:34:24 [NAPCAT] 10-04 21:34:24 [error] 一秋呀(小号)大号2308534727 | [OneBot] [WebSocket Client] 反向WebSocket (ws://localhost:6199/ws) 连接错误 AggregateError [ECO
10-04 21:34:24 [NAPCAT]     at internalConnectMultiple (node:net:1134:18)
10-04 21:34:24 [NAPCAT]     at afterConnectMultiple (node:net:1715:7)
10-04 21:34:24 [NAPCAT] 10-04 21:34:24 [error] 一秋呀(小号)大号2308534727 | [OneBot] [WebSocket Client] 在 5 秒后尝试重新连接
10-04 21:34:29 [NAPCAT] 10-04 21:34:29 [error] 一秋呀(小号)大号2308534727 | [OneBot] [WebSocket Client] 反向WebSocket (ws://localhost:6199/ws) 连接错误 AggregateError [ECO
10-04 21:34:29 [NAPCAT]     at internalConnectMultiple (node:net:1134:18)
10-04 21:34:29 [NAPCAT]     at afterConnectMultiple (node:net:1715:7)
10-04 21:34:29 [NAPCAT] 10-04 21:34:29 [error] 一秋呀(小号)大号2308534727 | [OneBot] [WebSocket Client] 在 5 秒后尝试重新连接
10-04 21:34:34 [NAPCAT] 10-04 21:34:34 [error] 一秋呀(小号)大号2308534727 | [OneBot] [WebSocket Client] 反向WebSocket (ws://localhost:6199/ws) 连接错误 AggregateError [ECO
10-04 21:34:34 [NAPCAT]     at internalConnectMultiple (node:net:1134:18)
10-04 21:34:34 [NAPCAT]     at afterConnectMultiple (node:net:1715:7)
10-04 21:34:34 [NAPCAT] 10-04 21:34:34 [error] 一秋呀(小号)大号2308534727 | [OneBot] [WebSocket Client] 在 5 秒后尝试重新连接
10-04 21:34:39 [NAPCAT] 10-04 21:34:39 [error] 一秋呀(小号)大号2308534727 | [OneBot] [WebSocket Client] 反向WebSocket (ws://localhost:6199/ws) 连接错误 AggregateError [ECO
10-04 21:34:39 [NAPCAT]     at internalConnectMultiple (node:net:1134:18)
10-04 21:34:39 [NAPCAT]     at afterConnectMultiple (node:net:1715:7)
10-04 21:34:39 [NAPCAT] 10-04 21:34:39 [error] 一秋呀(小号)大号2308534727 | [OneBot] [WebSocket Client] 在 5 秒后尝试重新连接
10-04 21:34:44 [NAPCAT] 10-04 21:34:44 [error] 一秋呀(小号)大号2308534727 | [OneBot] [WebSocket Client] 反向WebSocket (ws://localhost:6199/ws) 连接错误 AggregateError [ECO
10-04 21:34:44 [NAPCAT]     at internalConnectMultiple (node:net:1134:18)
10-04 21:34:44 [NAPCAT]     at afterConnectMultiple (node:net:1715:7)
10-04 21:34:44 [NAPCAT] 10-04 21:34:44 [error] 一秋呀(小号)大号2308534727 | [OneBot] [WebSocket Client] 在 5 秒后尝试重新连接
10-04 21:34:49 [NAPCAT] 10-04 21:34:49 [error] 一秋呀(小号)大号2308534727 | [OneBot] [WebSocket Client] 反向WebSocket (ws://localhost:6199/ws) 连接错误 AggregateError [ECO
10-04 21:34:49 [NAPCAT]     at internalConnectMultiple (node:net:1134:18)
10-04 21:34:49 [NAPCAT]     at afterConnectMultiple (node:net:1715:7)
10-04 21:34:50 [NAPCAT] 10-04 21:34:49 [error] 一秋呀(小号)大号2308534727 | [OneBot] [WebSocket Client] 在 5 秒后尝试重新连接
10-04 21:34:54 [NAPCAT] 10-04 21:34:54 [error] 一秋呀(小号)大号2308534727 | [OneBot] [WebSocket Client] 反向WebSocket (ws://localhost:6199/ws) 连接错误 AggregateError [ECO
10-04 21:34:54 [NAPCAT]     at internalConnectMultiple (node:net:1134:18)
10-04 21:34:54 [NAPCAT]     at afterConnectMultiple (node:net:1715:7)
10-04 21:34:54 [NAPCAT] 10-04 21:34:54 [error] 一秋呀(小号)大号2308534727 | [OneBot] [WebSocket Client] 在 5 秒后尝试重新连接
10-04 21:34:59 [NAPCAT] 10-04 21:34:59 [error] 一秋呀(小号)大号2308534727 | [OneBot] [WebSocket Client] 反向WebSocket (ws://localhost:6199/ws) 连接错误 AggregateError [ECO
10-04 21:34:59 [NAPCAT]     at internalConnectMultiple (node:net:1134:18)
10-04 21:34:59 [NAPCAT]     at afterConnectMultiple (node:net:1715:7)
10-04 21:34:59 [NAPCAT] 10-04 21:34:59 [error] 一秋呀(小号)大号2308534727 | [OneBot] [WebSocket Client] 在 5 秒后尝试重新连接
10-04 21:35:04 [NAPCAT] 10-04 21:35:04 [error] 一秋呀(小号)大号2308534727 | [OneBot] [WebSocket Client] 反向WebSocket (ws://localhost:6199/ws) 连接错误 AggregateError [ECO
10-04 21:35:04 [NAPCAT]     at internalConnectMultiple (node:net:1134:18)
10-04 21:35:05 [NAPCAT]     at afterConnectMultiple (node:net:1715:7)
10-04 21:35:05 [NAPCAT] 10-04 21:35:04 [error] 一秋呀(小号)大号2308534727 | [OneBot] [WebSocket Client] 在 5 秒后尝试重新连接
10-04 21:35:10 [NAPCAT] 10-04 21:35:09 [error] 一秋呀(小号)大号2308534727 | [OneBot] [WebSocket Client] 反向WebSocket (ws://localhost:6199/ws) 连接错误 AggregateError [ECO
10-04 21:35:10 [NAPCAT]     at internalConnectMultiple (node:net:1134:18)
10-04 21:35:10 [NAPCAT]     at afterConnectMultiple (node:net:1715:7)
10-04 21:35:10 [NAPCAT] 10-04 21:35:09 [error] 一秋呀(小号)大号2308534727 | [OneBot] [WebSocket Client] 在 5 秒后尝试重新连接
10-04 21:35:11 引擎输出读取结束（主动停止）
10-04 21:35:11 引擎已停止

===== AstrBot 引擎会话开始 10-04 21:35:14 =====
10-04 21:35:14 启动脚本已与 APK 资产对齐（v2.18 每次启动强制刷新）
10-04 21:35:14 AstrBot 机器人开关已关闭：本次仅启动 NapCat（手环 QQ 直连），不安装/启动 AstrBot
10-04 21:35:14 拉起容器（proot → astrbot-startup.sh）…
10-04 21:35:14 [AstrBot Android] resolv.conf 已重写（原: nameserver 8.8.8.8 → 公共解析器x4）
10-04 21:35:14 [AstrBot Android] DNS 自检通过（getent 解析正常）
10-04 21:35:14 [STAGE:5:仅 NapCat 模式（AstrBot 机器人开关已关闭）]
10-04 21:35:14 [31m- 仅 NapCat 模式（AstrBot 机器人开关已关闭）[0m
10-04 21:35:15 [STAGE:90:启动 NapCat（首次需扫码登录 QQ，Token 在 App「密码与登录」卡复制）]
10-04 21:35:15 [31m- 启动 NapCat（首次需扫码登录 QQ，Token 在 App「密码与登录」卡复制）[0m
10-04 21:35:15 [31m- NapCat 启动中[0m
10-04 21:35:15 [AstrBot Android] NapCat 已后台拉起（控制台: /root/napcat/napcat-console.log）
10-04 21:35:15 [AstrBot Android] QQ 登录完成后 OneBot :3001/:3000 自动可用；未登录时打开 WebUI :5099 扫码
10-04 21:35:15 [AstrBot Android] NapCat 看门狗已启动（5 分钟巡检：进程保活 + 登录后配置自动升级重启）
10-04 21:35:15 [STAGE:92:NapCat 启动中（QQ 引导完成后 :3001/:3000 生效；AstrBot 已按开关关闭）]
10-04 21:35:15 [31m- NapCat 启动中（QQ 引导完成后 :3001/:3000 生效；AstrBot 已按开关关闭）[0m
10-04 21:35:15 [NAPCAT] [launcher] loadNapCat.js generated in current directory
10-04 21:35:15 [NAPCAT] not mini app. 
10-04 21:35:16 [NAPCAT] [launcher] loadNapCat.js generated in current directory
10-04 21:35:16 [NAPCAT] [preload] succeeded. /opt/QQ/resources/app/major.node
10-04 21:35:16 [NAPCAT] [launcher] loadNapCat.js generated in current directory
10-04 21:35:16 [NAPCAT] [preload] succeeded. /opt/QQ/resources/app/major.node
10-04 21:35:16 [NAPCAT] [5842:1004/213516.143518:ERROR:base/files/file_path_watcher_inotify.cc:923] Failed to read /proc/sys/fs/inotify/max_user_watches
10-04 21:35:16 [NAPCAT] [5840:1004/213516.143769:ERROR:base/files/file_path_watcher_inotify.cc:923] Failed to read /proc/sys/fs/inotify/max_user_watches
10-04 21:35:16 [NAPCAT] [5792:1004/213516.233658:ERROR:dbus/bus.cc:406] Failed to connect to the bus: Failed to connect to socket /run/dbus/system_bus_socket: No such file or directory
10-04 21:35:16 [NAPCAT] resourcesPath: /opt/QQ/resources
10-04 21:35:16 [NAPCAT] [launcher] intercepted package.json: /opt/QQ/resources/app/package.json, replacing content
10-04 21:35:16 [NAPCAT] [launcher] Generated relative path: ../../../../root
10-04 21:35:16 [NAPCAT] [launcher] New main field: "main": "../../../../root/loadNapCat.js"
10-04 21:35:16 [NAPCAT] [launcher] package.json content: {
10-04 21:35:16 [NAPCAT]   "name": "QQ",
10-04 21:35:16 [NAPCAT]   "version": "3.2.33-52892",
10-04 21:35:16 [NAPCAT]   "private": true,
10-04 21:35:16 [NAPCAT]   "description": "QQ",
10-04 21:35:17 [NAPCAT]   "productName": "QQ",
10-04 21:35:17 [NAPCAT]   "author": {
10-04 21:35:17 [NAPCAT]     "name": "Tencent",
10-04 21:35:17 [NAPCAT]     "email": "QQ-Team@tencent.com"
10-04 21:35:17 [NAPCAT]   },
10-04 21:35:17 [NAPCAT]   "homepage": "https://im.qq.com",
10-04 21:35:17 [NAPCAT]   "sideEffects": true,
10-04 21:35:17 [NAPCAT]   "bin": {
10-04 21:35:17 [NAPCAT]     "qd": "externals/devtools/cli/index.js"
10-04 21:35:17 [NAPCAT]   },
10-04 21:35:17 [NAPCAT]   "appid": {
10-04 21:35:17 [NAPCAT]     "win32": "537382716",
10-04 21:35:17 [NAPCAT]     "darwin": "537382742",
10-04 21:35:17 [NAPCAT]     "linux": "537382753",
10-04 21:35:17 [NAPCAT]     "ohos": "5373141859"
10-04 21:35:17 [NAPCAT]   },
10-04 21:35:17 [NAPCAT]   "main": "../../../../root/loadNapCat.js",
10-04 21:35:17 [NAPCAT]   "peerDependenciesMeta": {
10-04 21:35:17 [NAPCAT]     "*": {
10-04 21:35:17 [NAPCAT]       "optional": true
10-04 21:35:17 [NAPCAT]     }
10-04 21:35:17 [NAPCAT]   },
10-04 21:35:18 [NAPCAT]   "pnpm": {
10-04 21:35:18 [NAPCAT]     "patchedDependencies": {
10-04 21:35:18 [NAPCAT]       "@vue/runtime-dom@3.5.12": "patches/@vue__runtime-dom@3.5.12.patch",
10-04 21:35:18 [NAPCAT]       "@swc/helpers@0.5.3": "patches/@swc__helpers@0.5.3.patch",
10-04 21:35:18 [NAPCAT]       "vuex@4.1.0": "patches/vuex@4.1.0.patch",
10-04 21:35:18 [NAPCAT]       "typescript-parser@2.6.1": "patches/typescript-parser@2.6.1.patch",
10-04 21:35:18 [NAPCAT]       "@tencent/qqplay-downloadsdk": "patches/@tencent__qqplay-downloadsdk.patch",
10-04 21:35:18 [NAPCAT]       "@tencent/universal-report@4.5.4": "patches/@tencent__universal-report@4.5.4.patch",
10-04 21:35:18 [NAPCAT]       "typescript@7.0.2": "patches/typescript@7.0.2.patch"
10-04 21:35:18 [NAPCAT]     },
10-04 21:35:18 [NAPCAT]     "packageExtensions": {
10-04 21:35:18 [NAPCAT]       "qute": {
10-04 21:35:18 [NAPCAT]         "dependencies": {},
10-04 21:35:18 [NAPCAT]         "devDependencies": {}
10-04 21:35:18 [NAPCAT]       }
10-04 21:35:18 [NAPCAT]     },
10-04 21:35:18 [NAPCAT]     "overrides": {
10-04 21:35:19 [NAPCAT]       "@types/react": "-",
10-04 21:35:19 [NAPCAT]       "@types/react-dom": "-",
10-04 21:35:19 [NAPCAT]       "@tencent/yuanbao-react-markdown>@types/hast": "-",
10-04 21:35:19 [NAPCAT]       "@tencent/yuanbao-react-markdown>devlop": "-",
10-04 21:35:19 [NAPCAT]       "@tencent/yuanbao-react-markdown>hast-util-to-jsx-runtime": "-",
10-04 21:35:19 [NAPCAT]       "@tencent/yuanbao-react-markdown>html-url-attributes": "-",
10-04 21:35:19 [NAPCAT]       "@tencent/yuanbao-react-markdown>mdast-util-to-hast": "-",
10-04 21:35:19 [NAPCAT]       "@tencent/yuanbao-react-markdown>rehype-parse": "-",
10-04 21:35:19 [NAPCAT]       "@tencent/yuanbao-react-markdown>rehype-stringify": "-",
10-04 21:35:19 [NAPCAT]       "@tencent/yuanbao-react-markdown>remark-parse": "-",
10-04 21:35:19 [NAPCAT]       "@tencent/yuanbao-react-markdown>remark-rehype": "-",
10-04 21:35:19 [NAPCAT]       "@tencent/yuanbao-react-markdown>unified": "-",
10-04 21:35:20 [NAPCAT]       "@tencent/yuanbao-react-markdown>unist-util-visit": "-",
10-04 21:35:20 [NAPCAT]       "@tencent/yuanbao-react-markdown>vfile": "-",
10-04 21:35:20 [NAPCAT]       "@types/d3-dispatch": "3.0.6"
10-04 21:35:20 [NAPCAT]     }
10-04 21:35:20 [NAPCAT]   },
10-04 21:35:20 [NAPCAT]   "buildVersion": "52892",
10-04 21:35:20 [NAPCAT]   "platform": "linux",
10-04 21:35:20 [NAPCAT]   "eleArch": "arm64",
10-04 21:35:20 [NAPCAT]   "linuxFormat": "deb"
10-04 21:35:20 [NAPCAT] }
10-04 21:35:20 [NAPCAT] [5792:1004/213519.062490:ERROR:dbus/bus.cc:406] Failed to connect to the bus: Could not parse server address: Unknown address type (examples of valid types are 
10-04 21:35:20 [NAPCAT] [5792:1004/213519.062549:ERROR:dbus/bus.cc:406] Failed to connect to the bus: Could not parse server address: Unknown address type (examples of valid types are 
10-04 21:35:20 [NAPCAT] [5792:1004/213519.067823:ERROR:dbus/bus.cc:406] Failed to connect to the bus: Failed to connect to socket /run/dbus/system_bus_socket: No such file or directory
10-04 21:35:20 [NAPCAT] [5792:1004/213519.067712:ERROR:base/files/file_path_watcher_inotify.cc:923] Failed to read /proc/sys/fs/inotify/max_user_watches
10-04 21:35:21 [NAPCAT] [5792:1004/213519.068655:ERROR:dbus/bus.cc:406] Failed to connect to the bus: Failed to connect to socket /run/dbus/system_bus_socket: No such file or directory
10-04 21:35:21 [NAPCAT] [5792:1004/213519.082927:ERROR:net/base/address_tracker_linux.cc:242] Could not bind NETLINK socket: Permission denied (13)
10-04 21:35:21 [NAPCAT] [5792:1004/213519.111936:ERROR:device/udev_linux/udev_watcher.cc:51] Failed to initialize a udev monitor.
10-04 21:35:21 [NAPCAT] [5792:1004/213519.161860:ERROR:dbus/object_proxy.cc:573] Failed to call method: org.freedesktop.DBus.NameHasOwner: object_path= /org/freedesktop/DBus: unknown e
10-04 21:35:21 [NAPCAT] [5792:1004/213519.162000:ERROR:dbus/object_proxy.cc:573] Failed to call method: org.freedesktop.DBus.NameHasOwner: object_path= /org/freedesktop/DBus: unknown e
10-04 21:35:21 [NAPCAT] [5792:1004/213519.163801:ERROR:dbus/bus.cc:406] Failed to connect to the bus: Could not parse server address: Unknown address type (examples of valid types are 
10-04 21:35:21 [NAPCAT] [5792:1004/213519.163858:ERROR:dbus/bus.cc:406] Failed to connect to the bus: Could not parse server address: Unknown address type (examples of valid types are 
10-04 21:35:21 [NAPCAT] [5792:1004/213519.163876:ERROR:dbus/object_proxy.cc:573] Failed to call method: org.freedesktop.DBus.NameHasOwner: object_path= /org/freedesktop/DBus: unknown e
10-04 21:35:21 [NAPCAT] [5792:1004/213519.177101:ERROR:dbus/object_proxy.cc:573] Failed to call method: org.freedesktop.DBus.NameHasOwner: object_path= /org/freedesktop/DBus: unknown e
10-04 21:35:21 [NAPCAT] [launcher] loadNapCat.js generated in current directory
10-04 21:35:21 [NAPCAT] [6415:1004/213519.698310:ERROR:base/files/file_path_watcher_inotify.cc:923] Failed to read /proc/sys/fs/inotify/max_user_watches
10-04 21:35:21 [NAPCAT] [6415:1004/213519.704083:ERROR:net/base/address_tracker_linux.cc:242] Could not bind NETLINK socket: Permission denied (13)
10-04 21:35:22 [NAPCAT] [6416:1004/213519.709681:ERROR:base/files/file_path_watcher_inotify.cc:923] Failed to read /proc/sys/fs/inotify/max_user_watches
10-04 21:35:22 [NAPCAT] [6408:1004/213520.093491:ERROR:ui/gl/angle_platform_impl.cc:42] Display.cpp:1097 (initialize): ANGLE Display::initialize error 12289: GLX is not present.
10-04 21:35:22 [NAPCAT] ERR: Display.cpp:1097 (initialize): ANGLE Display::initialize error 12289: GLX is not present.
10-04 21:35:22 [NAPCAT] [6408:1004/213520.094152:ERROR:ui/gl/egl_util.cc:92] EGL Driver message (Critical) eglInitialize: GLX is not present.
10-04 21:35:22 [NAPCAT] [6408:1004/213520.094577:ERROR:ui/gl/gl_display.cc:639] eglInitialize OpenGL failed with error EGL_NOT_INITIALIZED, trying next display type
10-04 21:35:22 [NAPCAT] [6408:1004/213520.095966:ERROR:ui/gl/angle_platform_impl.cc:42] Display.cpp:1097 (initialize): ANGLE Display::initialize error 12289: GLX is not present.
10-04 21:35:22 [NAPCAT] ERR: Display.cpp:1097 (initialize): ANGLE Display::initialize error 12289: GLX is not present.
10-04 21:35:22 [NAPCAT] [6408:1004/213520.096425:ERROR:ui/gl/egl_util.cc:92] EGL Driver message (Critical) eglInitialize: GLX is not present.
10-04 21:35:22 [NAPCAT] [6408:1004/213520.096723:ERROR:ui/gl/gl_display.cc:639] eglInitialize OpenGLES failed with error EGL_NOT_INITIALIZED
10-04 21:35:22 [NAPCAT] [6408:1004/213520.096935:ERROR:ui/gl/gl_display.cc:674] Initialization of all EGL display types failed.
10-04 21:35:22 [NAPCAT] [6408:1004/213520.097201:ERROR:ui/ozone/common/gl_ozone_egl.cc:26] GLDisplayEGL::Initialize failed.
10-04 21:35:22 [NAPCAT] [6408:1004/213520.542904:ERROR:ui/gl/angle_platform_impl.cc:42] Display.cpp:1097 (initialize): ANGLE Display::initialize error 12289: GLX is not present.
10-04 21:35:22 [NAPCAT] ERR: Display.cpp:1097 (initialize): ANGLE Display::initialize error 12289: GLX is not present.
10-04 21:35:22 [NAPCAT] [6408:1004/213520.546648:ERROR:ui/gl/egl_util.cc:92] EGL Driver message (Critical) eglInitialize: GLX is not present.
10-04 21:35:22 [NAPCAT] [6408:1004/213520.547521:ERROR:ui/gl/gl_display.cc:639] eglInitialize OpenGL failed with error EGL_NOT_INITIALIZED, trying next display type
10-04 21:35:23 [NAPCAT] [6408:1004/213520.548251:ERROR:ui/gl/angle_platform_impl.cc:42] Display.cpp:1097 (initialize): ANGLE Display::initialize error 12289: GLX is not present.
10-04 21:35:23 [NAPCAT] ERR: Display.cpp:1097 (initialize): ANGLE Display::initialize error 12289: GLX is not present.
10-04 21:35:23 [NAPCAT] [6408:1004/213520.548596:ERROR:ui/gl/egl_util.cc:92] EGL Driver message (Critical) eglInitialize: GLX is not present.
10-04 21:35:23 [NAPCAT] [6408:1004/213520.548832:ERROR:ui/gl/gl_display.cc:639] eglInitialize OpenGLES failed with error EGL_NOT_INITIALIZED
10-04 21:35:23 [NAPCAT] [6408:1004/213520.549259:ERROR:ui/gl/gl_display.cc:674] Initialization of all EGL display types failed.
10-04 21:35:23 [NAPCAT] [6408:1004/213520.549566:ERROR:ui/ozone/common/gl_ozone_egl.cc:26] GLDisplayEGL::Initialize failed.
10-04 21:35:23 [NAPCAT] [6408:1004/213520.555458:ERROR:components/viz/service/main/viz_main_impl.cc:189] Exiting GPU process due to errors during initialization
10-04 21:35:23 [NAPCAT] NapCat Shell App Loading...
10-04 21:35:23 [NAPCAT] [launcher] intercepted package.json: /opt/QQ/resources/app/package.json, replacing content
10-04 21:35:23 [NAPCAT] [launcher] Generated relative path: ../../../../root
10-04 21:35:23 [NAPCAT] [launcher] New main field: "main": "../../../../root/loadNapCat.js"
10-04 21:35:23 [NAPCAT] [launcher] package.json content: {
10-04 21:35:23 [NAPCAT]   "name": "QQ",
10-04 21:35:23 [NAPCAT]   "version": "3.2.33-52892",
10-04 21:35:23 [NAPCAT]   "private": true,
10-04 21:35:23 [NAPCAT]   "description": "QQ",
10-04 21:35:23 [NAPCAT]   "productName": "QQ",
10-04 21:35:23 [NAPCAT]   "author": {
10-04 21:35:23 [NAPCAT]     "name": "Tencent",
10-04 21:35:23 [NAPCAT]     "email": "QQ-Team@tencent.com"
10-04 21:35:23 [NAPCAT]   },
10-04 21:35:23 [NAPCAT]   "homepage": "https://im.qq.com",
10-04 21:35:23 [NAPCAT]   "sideEffects": true,
10-04 21:35:23 [NAPCAT]   "bin": {
10-04 21:35:23 [NAPCAT]     "qd": "externals/devtools/cli/index.js"
10-04 21:35:24 [NAPCAT]   },
10-04 21:35:24 [NAPCAT]   "appid": {
10-04 21:35:24 [NAPCAT]     "win32": "537382716",
10-04 21:35:24 [NAPCAT]     "darwin": "537382742",
10-04 21:35:24 [NAPCAT]     "linux": "537382753",
10-04 21:35:24 [NAPCAT]     "ohos": "5373141859"
10-04 21:35:24 [NAPCAT]   },
10-04 21:35:24 [NAPCAT]   "main": "../../../../root/loadNapCat.js",
10-04 21:35:24 [NAPCAT]   "peerDependenciesMeta": {
10-04 21:35:24 [NAPCAT]     "*": {
10-04 21:35:24 [NAPCAT]       "optional": true
10-04 21:35:24 [NAPCAT]     }
10-04 21:35:24 [NAPCAT]   },
10-04 21:35:24 [NAPCAT]   "pnpm": {
10-04 21:35:24 [NAPCAT]     "patchedDependencies": {
10-04 21:35:24 [NAPCAT]       "@vue/runtime-dom@3.5.12": "patches/@vue__runtime-dom@3.5.12.patch",
10-04 21:35:25 [NAPCAT]       "@swc/helpers@0.5.3": "patches/@swc__helpers@0.5.3.patch",
10-04 21:35:25 [NAPCAT]       "vuex@4.1.0": "patches/vuex@4.1.0.patch",
10-04 21:35:25 [NAPCAT]       "typescript-parser@2.6.1": "patches/typescript-parser@2.6.1.patch",
10-04 21:35:25 [NAPCAT]       "@tencent/qqplay-downloadsdk": "patches/@tencent__qqplay-downloadsdk.patch",
10-04 21:35:25 [NAPCAT]       "@tencent/universal-report@4.5.4": "patches/@tencent__universal-report@4.5.4.patch",
10-04 21:35:25 [NAPCAT]       "typescript@7.0.2": "patches/typescript@7.0.2.patch"
10-04 21:35:25 [NAPCAT]     },
10-04 21:35:25 [NAPCAT]     "packageExtensions": {
10-04 21:35:25 [NAPCAT]       "qute": {
10-04 21:35:25 [NAPCAT]         "dependencies": {},
10-04 21:35:25 [NAPCAT]         "devDependencies": {}
10-04 21:35:25 [NAPCAT]       }
10-04 21:35:25 [NAPCAT]     },
10-04 21:35:25 [NAPCAT]     "overrides": {
10-04 21:35:25 [NAPCAT]       "@types/react": "-",
10-04 21:35:25 [NAPCAT]       "@types/react-dom": "-",
10-04 21:35:25 [NAPCAT]       "@tencent/yuanbao-react-markdown>@types/hast": "-",
10-04 21:35:25 [NAPCAT]       "@tencent/yuanbao-react-markdown>devlop": "-",
10-04 21:35:25 [NAPCAT]       "@tencent/yuanbao-react-markdown>hast-util-to-jsx-runtime": "-",
10-04 21:35:25 [NAPCAT]       "@tencent/yuanbao-react-markdown>html-url-attributes": "-",
10-04 21:35:26 [NAPCAT]       "@tencent/yuanbao-react-markdown>mdast-util-to-hast": "-",
10-04 21:35:26 [NAPCAT]       "@tencent/yuanbao-react-markdown>rehype-parse": "-",
10-04 21:35:26 [NAPCAT]       "@tencent/yuanbao-react-markdown>rehype-stringify": "-",
10-04 21:35:26 [NAPCAT]       "@tencent/yuanbao-react-markdown>remark-parse": "-",
10-04 21:35:26 [NAPCAT]       "@tencent/yuanbao-react-markdown>remark-rehype": "-",
10-04 21:35:26 [NAPCAT]       "@tencent/yuanbao-react-markdown>unified": "-",
10-04 21:35:26 [NAPCAT]       "@tencent/yuanbao-react-markdown>unist-util-visit": "-",
10-04 21:35:26 [NAPCAT]       "@tencent/yuanbao-react-markdown>vfile": "-",
10-04 21:35:26 [NAPCAT]       "@types/d3-dispatch": "3.0.6"
10-04 21:35:26 [NAPCAT]     }
10-04 21:35:26 [NAPCAT]   },
10-04 21:35:26 [NAPCAT]   "buildVersion": "52892",
10-04 21:35:26 [NAPCAT]   "platform": "linux",
10-04 21:35:26 [NAPCAT]   "eleArch": "arm64",
10-04 21:35:26 [NAPCAT]   "linuxFormat": "deb"
10-04 21:35:26 [NAPCAT] }
10-04 21:35:26 [NAPCAT] prepare write and writev hooks
10-04 21:35:26 [NAPCAT] 10-04 21:35:22 [info] [PacketHandler] 加载成功
10-04 21:35:26 [NAPCAT] 10-04 21:35:22 [info] [Napi2NativeLoader] 加载成功
10-04 21:35:26 [NAPCAT] 10-04 21:35:22 [info] [FFmpeg] 检查 Native Addon 可用性...
10-04 21:35:26 [NAPCAT] 10-04 21:35:22 [info] [FFmpeg] ✓ 使用 Native Addon 适配器
10-04 21:35:26 [NAPCAT] 10-04 21:35:22 [info] [PacketHandler] 初始化成功
10-04 21:35:26 [NAPCAT] 10-04 21:35:22 [info] [NapCat] [Core] NapCat.Core Version: 4.18.29
10-04 21:35:26 [NAPCAT] [I] <MemoryFile.cpp:98::open> open fd[0x27], /root/.config/QQ/nt_qq/global/nt_data/mmkv/nt_mmkv_global_misc.crc
10-04 21:35:26 [NAPCAT] [I] <MMKV_IO.cpp:213::loadMetaInfoAndCheck> meta file [nt_mmkv_global_misc] has flag [0]
10-04 21:35:26 [NAPCAT] [I] <MMKV_IO.cpp:87::loadFromFile> loading [nt_mmkv_global_misc] with 77 actual size, file size 4096, InterProcess 1, meta info version:4
10-04 21:35:26 [NAPCAT] [I] <MMKV_IO.cpp:92::loadFromFile> loading [nt_mmkv_global_misc] with crc 1813886533 sequence 1 version 4
10-04 21:35:26 [NAPCAT] [I] <MMKV_IO.cpp:136::loadFromFile> loaded [nt_mmkv_global_misc] with 2 key-values
10-04 21:35:27 [NAPCAT] [I] <MMKV.cpp:233::initializeMMKV> root dir: /root/.config/QQ/nt_qq/global/nt_data/mmkv
10-04 21:35:27 [NAPCAT] [I] <MemoryFile.cpp:98::open> open fd[0x28], /root/.config/QQ/nt_qq/global/nt_data/mmkv/nt_mmkv_o3
10-04 21:35:27 [NAPCAT] [I] <MemoryFile.cpp:98::open> open fd[0x29], /root/.config/QQ/nt_qq/global/nt_data/mmkv/nt_mmkv_o3.crc
10-04 21:35:27 [NAPCAT] [I] <MMKV_IO.cpp:213::loadMetaInfoAndCheck> meta file [nt_mmkv_o3] has flag [0]
10-04 21:35:27 [NAPCAT] [I] <MMKV_IO.cpp:87::loadFromFile> loading [nt_mmkv_o3] with 111 actual size, file size 4096, InterProcess 1, meta info version:4
10-04 21:35:27 [NAPCAT] [I] <MMKV_IO.cpp:92::loadFromFile> loading [nt_mmkv_o3] with crc 3792612646 sequence 1 version 4
10-04 21:35:27 [NAPCAT] [I] <MMKV_IO.cpp:136::loadFromFile> loaded [nt_mmkv_o3] with 2 key-values
10-04 21:35:27 [NAPCAT] 10-04 21:35:22 [error] [NapCat] [UtilityProcess] Worker进程退出，退出码: 11
10-04 21:35:27 [NAPCAT] 10-04 21:35:22 [warn] [NapCat] [UtilityProcess] Worker进程意外退出 (1/3)，正在尝试重新拉起...
10-04 21:35:27 [NAPCAT] [launcher] loadNapCat.js generated in current directory
10-04 21:35:27 [NAPCAT] [6956:1004/213522.997196:ERROR:base/files/file_path_watcher_inotify.cc:923] Failed to read /proc/sys/fs/inotify/max_user_watches
10-04 21:35:27 [NAPCAT] [6956:1004/213522.999178:ERROR:net/base/address_tracker_linux.cc:242] Could not bind NETLINK socket: Permission denied (13)
10-04 21:35:27 [NAPCAT] NapCat Shell App Loading...
10-04 21:35:27 [NAPCAT] [launcher] intercepted package.json: /opt/QQ/resources/app/package.json, replacing content
10-04 21:35:27 [NAPCAT] [launcher] Generated relative path: ../../../../root
10-04 21:35:27 [NAPCAT] [launcher] New main field: "main": "../../../../root/loadNapCat.js"
10-04 21:35:27 [NAPCAT] [launcher] package.json content: {
10-04 21:35:27 [NAPCAT]   "name": "QQ",
10-04 21:35:27 [NAPCAT]   "version": "3.2.33-52892",
10-04 21:35:27 [NAPCAT]   "private": true,
10-04 21:35:27 [NAPCAT]   "description": "QQ",
10-04 21:35:27 [NAPCAT]   "productName": "QQ",
10-04 21:35:27 [NAPCAT]   "author": {
10-04 21:35:27 [NAPCAT]     "name": "Tencent",
10-04 21:35:28 [NAPCAT]     "email": "QQ-Team@tencent.com"
10-04 21:35:28 [NAPCAT]   },
10-04 21:35:28 [NAPCAT]   "homepage": "https://im.qq.com",
10-04 21:35:28 [NAPCAT]   "sideEffects": true,
10-04 21:35:28 [NAPCAT]   "bin": {
10-04 21:35:28 [NAPCAT]     "qd": "externals/devtools/cli/index.js"
10-04 21:35:28 [NAPCAT]   },
10-04 21:35:28 [NAPCAT]   "appid": {
10-04 21:35:28 [NAPCAT]     "win32": "537382716",
10-04 21:35:28 [NAPCAT]     "darwin": "537382742",
10-04 21:35:28 [NAPCAT]     "linux": "537382753",
10-04 21:35:28 [NAPCAT]     "ohos": "5373141859"
10-04 21:35:28 [NAPCAT]   },
10-04 21:35:28 [NAPCAT]   "main": "../../../../root/loadNapCat.js",
10-04 21:35:28 [NAPCAT]   "peerDependenciesMeta": {
10-04 21:35:28 [NAPCAT]     "*": {
10-04 21:35:28 [NAPCAT]       "optional": true
10-04 21:35:28 [NAPCAT]     }
10-04 21:35:28 [NAPCAT]   },
10-04 21:35:28 [NAPCAT]   "pnpm": {
10-04 21:35:28 [NAPCAT]     "patchedDependencies": {
10-04 21:35:28 [NAPCAT]       "@vue/runtime-dom@3.5.12": "patches/@vue__runtime-dom@3.5.12.patch",
10-04 21:35:28 [NAPCAT]       "@swc/helpers@0.5.3": "patches/@swc__helpers@0.5.3.patch",
10-04 21:35:28 [NAPCAT]       "vuex@4.1.0": "patches/vuex@4.1.0.patch",
10-04 21:35:28 [NAPCAT]       "typescript-parser@2.6.1": "patches/typescript-parser@2.6.1.patch",
10-04 21:35:28 [NAPCAT]       "@tencent/qqplay-downloadsdk": "patches/@tencent__qqplay-downloadsdk.patch",
10-04 21:35:28 [NAPCAT]       "@tencent/universal-report@4.5.4": "patches/@tencent__universal-report@4.5.4.patch",
10-04 21:35:28 [NAPCAT]       "typescript@7.0.2": "patches/typescript@7.0.2.patch"
10-04 21:35:28 [NAPCAT]     },
10-04 21:35:28 [NAPCAT]     "packageExtensions": {
10-04 21:35:28 [NAPCAT]       "qute": {
10-04 21:35:28 [NAPCAT]         "dependencies": {},
10-04 21:35:28 [NAPCAT]         "devDependencies": {}
10-04 21:35:28 [NAPCAT]       }
10-04 21:35:28 [NAPCAT]     },
10-04 21:35:28 [NAPCAT]     "overrides": {
10-04 21:35:28 [NAPCAT]       "@types/react": "-",
10-04 21:35:29 [NAPCAT]       "@types/react-dom": "-",
10-04 21:35:29 [NAPCAT]       "@tencent/yuanbao-react-markdown>@types/hast": "-",
10-04 21:35:29 [NAPCAT]       "@tencent/yuanbao-react-markdown>devlop": "-",
10-04 21:35:29 [NAPCAT]       "@tencent/yuanbao-react-markdown>hast-util-to-jsx-runtime": "-",
10-04 21:35:29 [NAPCAT]       "@tencent/yuanbao-react-markdown>html-url-attributes": "-",
10-04 21:35:29 [NAPCAT]       "@tencent/yuanbao-react-markdown>mdast-util-to-hast": "-",
10-04 21:35:29 [NAPCAT]       "@tencent/yuanbao-react-markdown>rehype-parse": "-",
10-04 21:35:29 [NAPCAT]       "@tencent/yuanbao-react-markdown>rehype-stringify": "-",
10-04 21:35:29 [NAPCAT]       "@tencent/yuanbao-react-markdown>remark-parse": "-",
10-04 21:35:29 [NAPCAT]       "@tencent/yuanbao-react-markdown>remark-rehype": "-",
10-04 21:35:29 [NAPCAT]       "@tencent/yuanbao-react-markdown>unified": "-",
10-04 21:35:29 [NAPCAT]       "@tencent/yuanbao-react-markdown>unist-util-visit": "-",
10-04 21:35:29 [NAPCAT]       "@tencent/yuanbao-react-markdown>vfile": "-",
10-04 21:35:29 [NAPCAT]       "@types/d3-dispatch": "3.0.6"
10-04 21:35:29 [NAPCAT]     }
10-04 21:35:29 [NAPCAT]   },
10-04 21:35:29 [NAPCAT]   "buildVersion": "52892",
10-04 21:35:29 [NAPCAT]   "platform": "linux",
10-04 21:35:29 [NAPCAT]   "eleArch": "arm64",
10-04 21:35:29 [NAPCAT]   "linuxFormat": "deb"
10-04 21:35:29 [NAPCAT] }
10-04 21:35:29 [NAPCAT] prepare write and writev hooks
10-04 21:35:29 [NAPCAT] 10-04 21:35:24 [info] [PacketHandler] 加载成功
10-04 21:35:29 [NAPCAT] 10-04 21:35:24 [info] [Napi2NativeLoader] 加载成功
10-04 21:35:29 [NAPCAT] 10-04 21:35:24 [info] [FFmpeg] 检查 Native Addon 可用性...
10-04 21:35:29 [NAPCAT] 10-04 21:35:24 [info] [FFmpeg] ✓ 使用 Native Addon 适配器
10-04 21:35:29 [NAPCAT] 10-04 21:35:24 [info] [PacketHandler] 初始化成功
10-04 21:35:29 [NAPCAT] 10-04 21:35:24 [info] [NapCat] [Core] NapCat.Core Version: 4.18.29
10-04 21:35:29 [NAPCAT] 10-04 21:35:24 [error] [NapCat] [UtilityProcess] Worker进程退出，退出码: 11
10-04 21:35:29 [NAPCAT] 10-04 21:35:24 [warn] [NapCat] [UtilityProcess] Worker进程意外退出 (2/3)，正在尝试重新拉起...
10-04 21:35:29 [NAPCAT] [launcher] loadNapCat.js generated in current directory
10-04 21:35:29 [NAPCAT] [7327:1004/213525.321253:ERROR:base/files/file_path_watcher_inotify.cc:923] Failed to read /proc/sys/fs/inotify/max_user_watches
10-04 21:35:29 [NAPCAT] [7327:1004/213525.322704:ERROR:net/base/address_tracker_linux.cc:242] Could not bind NETLINK socket: Permission denied (13)
10-04 21:35:29 [NAPCAT] NapCat Shell App Loading...
10-04 21:35:29 [NAPCAT] [launcher] intercepted package.json: /opt/QQ/resources/app/package.json, replacing content
10-04 21:35:29 [NAPCAT] [launcher] Generated relative path: ../../../../root
10-04 21:35:29 [NAPCAT] [launcher] New main field: "main": "../../../../root/loadNapCat.js"
10-04 21:35:30 [NAPCAT] [launcher] package.json content: {
10-04 21:35:30 [NAPCAT]   "name": "QQ",
10-04 21:35:30 [NAPCAT]   "version": "3.2.33-52892",
10-04 21:35:30 [NAPCAT]   "private": true,
10-04 21:35:30 [NAPCAT]   "description": "QQ",
10-04 21:35:30 [NAPCAT]   "productName": "QQ",
10-04 21:35:30 [NAPCAT]   "author": {
10-04 21:35:30 [NAPCAT]     "name": "Tencent",
10-04 21:35:30 [NAPCAT]     "email": "QQ-Team@tencent.com"
10-04 21:35:30 [NAPCAT]   },
10-04 21:35:30 [NAPCAT]   "homepage": "https://im.qq.com",
10-04 21:35:30 [NAPCAT]   "sideEffects": true,
10-04 21:35:30 [NAPCAT]   "bin": {
10-04 21:35:30 [NAPCAT]     "qd": "externals/devtools/cli/index.js"
10-04 21:35:30 [NAPCAT]   },
10-04 21:35:30 [NAPCAT]   "appid": {
10-04 21:35:30 [NAPCAT]     "win32": "537382716",
10-04 21:35:30 [NAPCAT]     "darwin": "537382742",
10-04 21:35:30 [NAPCAT]     "linux": "537382753",
10-04 21:35:30 [NAPCAT]     "ohos": "5373141859"
10-04 21:35:30 [NAPCAT]   },
10-04 21:35:30 [NAPCAT]   "main": "../../../../root/loadNapCat.js",
10-04 21:35:30 [NAPCAT]   "peerDependenciesMeta": {
10-04 21:35:30 [NAPCAT]     "*": {
10-04 21:35:30 [NAPCAT]       "optional": true
10-04 21:35:30 [NAPCAT]     }
10-04 21:35:30 [NAPCAT]   },
10-04 21:35:30 [NAPCAT]   "pnpm": {
10-04 21:35:30 [NAPCAT]     "patchedDependencies": {
10-04 21:35:30 [NAPCAT]       "@vue/runtime-dom@3.5.12": "patches/@vue__runtime-dom@3.5.12.patch",
10-04 21:35:30 [NAPCAT]       "@swc/helpers@0.5.3": "patches/@swc__helpers@0.5.3.patch",
10-04 21:35:30 [NAPCAT]       "vuex@4.1.0": "patches/vuex@4.1.0.patch",
10-04 21:35:30 [NAPCAT]       "typescript-parser@2.6.1": "patches/typescript-parser@2.6.1.patch",
10-04 21:35:30 [NAPCAT]       "@tencent/qqplay-downloadsdk": "patches/@tencent__qqplay-downloadsdk.patch",
10-04 21:35:30 [NAPCAT]       "@tencent/universal-report@4.5.4": "patches/@tencent__universal-report@4.5.4.patch",
10-04 21:35:30 [NAPCAT]       "typescript@7.0.2": "patches/typescript@7.0.2.patch"
10-04 21:35:30 [NAPCAT]     },
10-04 21:35:31 [NAPCAT]     "packageExtensions": {
10-04 21:35:31 [NAPCAT]       "qute": {
10-04 21:35:31 [NAPCAT]         "dependencies": {},
10-04 21:35:31 [NAPCAT]         "devDependencies": {}
10-04 21:35:31 [NAPCAT]       }
10-04 21:35:31 [NAPCAT]     },
10-04 21:35:31 [NAPCAT]     "overrides": {
10-04 21:35:31 [NAPCAT]       "@types/react": "-",
10-04 21:35:31 [NAPCAT]       "@types/react-dom": "-",
10-04 21:35:31 [NAPCAT]       "@tencent/yuanbao-react-markdown>@types/hast": "-",
10-04 21:35:31 [NAPCAT]       "@tencent/yuanbao-react-markdown>devlop": "-",
10-04 21:35:31 [NAPCAT]       "@tencent/yuanbao-react-markdown>hast-util-to-jsx-runtime": "-",
10-04 21:35:31 [NAPCAT]       "@tencent/yuanbao-react-markdown>html-url-attributes": "-",
10-04 21:35:31 [NAPCAT]       "@tencent/yuanbao-react-markdown>mdast-util-to-hast": "-",
10-04 21:35:31 [NAPCAT]       "@tencent/yuanbao-react-markdown>rehype-parse": "-",
10-04 21:35:31 [NAPCAT]       "@tencent/yuanbao-react-markdown>rehype-stringify": "-",
10-04 21:35:31 [NAPCAT]       "@tencent/yuanbao-react-markdown>remark-parse": "-",
10-04 21:35:31 [NAPCAT]       "@tencent/yuanbao-react-markdown>remark-rehype": "-",
10-04 21:35:31 [NAPCAT]       "@tencent/yuanbao-react-markdown>unified": "-",
10-04 21:35:31 [NAPCAT]       "@tencent/yuanbao-react-markdown>unist-util-visit": "-",
10-04 21:35:31 [NAPCAT]       "@tencent/yuanbao-react-markdown>vfile": "-",
10-04 21:35:31 [NAPCAT]       "@types/d3-dispatch": "3.0.6"
10-04 21:35:31 [NAPCAT]     }
10-04 21:35:31 [NAPCAT]   },
10-04 21:35:31 [NAPCAT]   "buildVersion": "52892",
10-04 21:35:31 [NAPCAT]   "platform": "linux",
10-04 21:35:31 [NAPCAT]   "eleArch": "arm64",
10-04 21:35:31 [NAPCAT]   "linuxFormat": "deb"
10-04 21:35:31 [NAPCAT] }
10-04 21:35:31 [NAPCAT] prepare write and writev hooks
10-04 21:35:31 [NAPCAT] 10-04 21:35:26 [info] [PacketHandler] 加载成功
10-04 21:35:31 [NAPCAT] 10-04 21:35:26 [info] [Napi2NativeLoader] 加载成功
10-04 21:35:31 [NAPCAT] 10-04 21:35:26 [info] [FFmpeg] 检查 Native Addon 可用性...
10-04 21:35:31 [NAPCAT] 10-04 21:35:27 [info] [FFmpeg] ✓ 使用 Native Addon 适配器
10-04 21:35:31 [NAPCAT] 10-04 21:35:27 [info] [PacketHandler] 初始化成功
10-04 21:35:31 [NAPCAT] 10-04 21:35:27 [info] [NapCat] [Core] NapCat.Core Version: 4.18.29
10-04 21:35:31 [NAPCAT] [I] <MMKV.cpp:233::initializeMMKV> root dir: /root/.config/QQ/nt_qq/global/nt_data/mmkv
10-04 21:35:32 [NAPCAT] [I] <MemoryFile.cpp:98::open> open fd[0x28], /root/.config/QQ/nt_qq/global/nt_data/mmkv/nt_mmkv_o3
10-04 21:35:32 [NAPCAT] [I] <MemoryFile.cpp:98::open> open fd[0x29], /root/.config/QQ/nt_qq/global/nt_data/mmkv/nt_mmkv_o3.crc
10-04 21:35:32 [NAPCAT] [I] <MMKV_IO.cpp:213::loadMetaInfoAndCheck> meta file [nt_mmkv_o3] has flag [0]
10-04 21:35:32 [NAPCAT] [I] <MMKV_IO.cpp:87::loadFromFile> loading [nt_mmkv_o3] with 111 actual size, file size 4096, InterProcess 1, meta info version:4
10-04 21:35:32 [NAPCAT] [I] <MMKV_IO.cpp:92::loadFromFile> loading [nt_mmkv_o3] with crc 3792612646 sequence 1 version 4
10-04 21:35:32 [NAPCAT] [I] <MMKV_IO.cpp:136::loadFromFile> loaded [nt_mmkv_o3] with 2 key-values
10-04 21:35:32 [NAPCAT] 10-04 21:35:27 [error] [NapCat] [UtilityProcess] Worker进程退出，退出码: 11
10-04 21:35:32 [NAPCAT] 10-04 21:35:27 [error] [NapCat] [UtilityProcess] Worker进程在 10 秒内异常退出 3 次，主进程退出
10-04 21:35:32 [NAPCAT] 10-04 21:35:27 [warn] [NapCat] [UtilityProcess] Worker进程意外退出 (3/3)，正在尝试重新拉起...
10-04 21:35:32 [NAPCAT] [launcher] loadNapCat.js generated in current directory
10-04 21:35:40 [AstrBot Android] NapCat 启动中…（已等待 30 秒，QQ 首次引导较慢）
10-04 21:36:10 [AstrBot Android] NapCat 启动中…（已等待 60 秒，QQ 首次引导较慢）
10-04 21:36:41 [AstrBot Android] NapCat 启动中…（已等待 90 秒，QQ 首次引导较慢）
10-04 21:36:55 引擎输出读取结束（主动停止）
10-04 21:36:55 引擎已停止

===== AstrBot 引擎会话开始 10-04 21:36:56 =====
10-04 21:36:56 启动脚本已与 APK 资产对齐（v2.18 每次启动强制刷新）
10-04 21:36:56 AstrBot 机器人开关已关闭：本次仅启动 NapCat（手环 QQ 直连），不安装/启动 AstrBot
10-04 21:36:56 拉起容器（proot → astrbot-startup.sh）…
10-04 21:36:56 [AstrBot Android] resolv.conf 已重写（原: nameserver 8.8.8.8 → 公共解析器x4）
10-04 21:36:56 [AstrBot Android] DNS 自检通过（getent 解析正常）
10-04 21:36:56 [STAGE:5:仅 NapCat 模式（AstrBot 机器人开关已关闭）]
10-04 21:36:56 [31m- 仅 NapCat 模式（AstrBot 机器人开关已关闭）[0m
10-04 21:36:57 [STAGE:90:启动 NapCat（首次需扫码登录 QQ，Token 在 App「密码与登录」卡复制）]
10-04 21:36:57 [31m- 启动 NapCat（首次需扫码登录 QQ，Token 在 App「密码与登录」卡复制）[0m
10-04 21:36:57 [31m- NapCat 启动中[0m
10-04 21:36:57 [AstrBot Android] NapCat 已后台拉起（控制台: /root/napcat/napcat-console.log）
10-04 21:36:57 [AstrBot Android] QQ 登录完成后 OneBot :3001/:3000 自动可用；未登录时打开 WebUI :5099 扫码
10-04 21:36:57 [AstrBot Android] NapCat 看门狗已启动（5 分钟巡检：进程保活 + 登录后配置自动升级重启）
10-04 21:36:57 [STAGE:92:NapCat 启动中（QQ 引导完成后 :3001/:3000 生效；AstrBot 已按开关关闭）]
10-04 21:36:57 [31m- NapCat 启动中（QQ 引导完成后 :3001/:3000 生效；AstrBot 已按开关关闭）[0m
10-04 21:36:58 [NAPCAT] [launcher] loadNapCat.js generated in current directory
10-04 21:36:58 [NAPCAT] not mini app. 
10-04 21:36:58 [NAPCAT] [launcher] loadNapCat.js generated in current directory
10-04 21:36:58 [NAPCAT] [preload] succeeded. /opt/QQ/resources/app/major.node
10-04 21:36:58 [NAPCAT] [launcher] loadNapCat.js generated in current directory
10-04 21:36:58 [NAPCAT] [preload] succeeded. /opt/QQ/resources/app/major.node
10-04 21:36:58 [NAPCAT] [9476:1004/213658.192287:ERROR:base/files/file_path_watcher_inotify.cc:923] Failed to read /proc/sys/fs/inotify/max_user_watches
10-04 21:36:58 [NAPCAT] [9472:1004/213658.193818:ERROR:base/files/file_path_watcher_inotify.cc:923] Failed to read /proc/sys/fs/inotify/max_user_watches
10-04 21:36:58 [NAPCAT] [9450:1004/213658.239191:ERROR:dbus/bus.cc:406] Failed to connect to the bus: Failed to connect to socket /run/dbus/system_bus_socket: No such file or directory
10-04 21:36:58 [NAPCAT] resourcesPath: /opt/QQ/resources
10-04 21:36:58 [NAPCAT] [launcher] intercepted package.json: /opt/QQ/resources/app/package.json, replacing content
10-04 21:36:58 [NAPCAT] [launcher] Generated relative path: ../../../../root
10-04 21:36:58 [NAPCAT] [launcher] New main field: "main": "../../../../root/loadNapCat.js"
10-04 21:36:58 [NAPCAT] [launcher] package.json content: {
10-04 21:36:58 [NAPCAT]   "name": "QQ",
10-04 21:36:58 [NAPCAT]   "version": "3.2.33-52892",
10-04 21:36:58 [NAPCAT]   "private": true,
10-04 21:36:58 [NAPCAT]   "description": "QQ",
10-04 21:36:58 [NAPCAT]   "productName": "QQ",
10-04 21:36:58 [NAPCAT]   "author": {
10-04 21:36:58 [NAPCAT]     "name": "Tencent",
10-04 21:36:58 [NAPCAT]     "email": "QQ-Team@tencent.com"
10-04 21:36:58 [NAPCAT]   },
10-04 21:36:58 [NAPCAT]   "homepage": "https://im.qq.com",
10-04 21:36:58 [NAPCAT]   "sideEffects": true,
10-04 21:36:58 [NAPCAT]   "bin": {
10-04 21:36:58 [NAPCAT]     "qd": "externals/devtools/cli/index.js"
10-04 21:36:58 [NAPCAT]   },
10-04 21:36:58 [NAPCAT]   "appid": {
10-04 21:36:58 [NAPCAT]     "win32": "537382716",
10-04 21:36:59 [NAPCAT]     "darwin": "537382742",
10-04 21:36:59 [NAPCAT]     "linux": "537382753",
10-04 21:36:59 [NAPCAT]     "ohos": "5373141859"
10-04 21:36:59 [NAPCAT]   },
10-04 21:36:59 [NAPCAT]   "main": "../../../../root/loadNapCat.js",
10-04 21:36:59 [NAPCAT]   "peerDependenciesMeta": {
10-04 21:36:59 [NAPCAT]     "*": {
10-04 21:36:59 [NAPCAT]       "optional": true
10-04 21:36:59 [NAPCAT]     }
10-04 21:36:59 [NAPCAT]   },
10-04 21:36:59 [NAPCAT]   "pnpm": {
10-04 21:36:59 [NAPCAT]     "patchedDependencies": {
10-04 21:36:59 [NAPCAT]       "@vue/runtime-dom@3.5.12": "patches/@vue__runtime-dom@3.5.12.patch",
10-04 21:36:59 [NAPCAT]       "@swc/helpers@0.5.3": "patches/@swc__helpers@0.5.3.patch",
10-04 21:36:59 [NAPCAT]       "vuex@4.1.0": "patches/vuex@4.1.0.patch",
10-04 21:36:59 [NAPCAT]       "typescript-parser@2.6.1": "patches/typescript-parser@2.6.1.patch",
10-04 21:36:59 [NAPCAT]       "@tencent/qqplay-downloadsdk": "patches/@tencent__qqplay-downloadsdk.patch",
10-04 21:36:59 [NAPCAT]       "@tencent/universal-report@4.5.4": "patches/@tencent__universal-report@4.5.4.patch",
10-04 21:36:59 [NAPCAT]       "typescript@7.0.2": "patches/typescript@7.0.2.patch"
10-04 21:36:59 [NAPCAT]     },
10-04 21:36:59 [NAPCAT]     "packageExtensions": {
10-04 21:36:59 [NAPCAT]       "qute": {
10-04 21:36:59 [NAPCAT]         "dependencies": {},
10-04 21:36:59 [NAPCAT]         "devDependencies": {}
10-04 21:36:59 [NAPCAT]       }
10-04 21:36:59 [NAPCAT]     },
10-04 21:36:59 [NAPCAT]     "overrides": {
10-04 21:36:59 [NAPCAT]       "@types/react": "-",
10-04 21:36:59 [NAPCAT]       "@types/react-dom": "-",
10-04 21:36:59 [NAPCAT]       "@tencent/yuanbao-react-markdown>@types/hast": "-",
10-04 21:36:59 [NAPCAT]       "@tencent/yuanbao-react-markdown>devlop": "-",
10-04 21:36:59 [NAPCAT]       "@tencent/yuanbao-react-markdown>hast-util-to-jsx-runtime": "-",
10-04 21:36:59 [NAPCAT]       "@tencent/yuanbao-react-markdown>html-url-attributes": "-",
10-04 21:36:59 [NAPCAT]       "@tencent/yuanbao-react-markdown>mdast-util-to-hast": "-",
10-04 21:36:59 [NAPCAT]       "@tencent/yuanbao-react-markdown>rehype-parse": "-",
10-04 21:36:59 [NAPCAT]       "@tencent/yuanbao-react-markdown>rehype-stringify": "-",
10-04 21:36:59 [NAPCAT]       "@tencent/yuanbao-react-markdown>remark-parse": "-",
10-04 21:36:59 [NAPCAT]       "@tencent/yuanbao-react-markdown>remark-rehype": "-",
10-04 21:36:59 [NAPCAT]       "@tencent/yuanbao-react-markdown>unified": "-",
10-04 21:36:59 [NAPCAT]       "@tencent/yuanbao-react-markdown>unist-util-visit": "-",
10-04 21:37:00 [NAPCAT]       "@tencent/yuanbao-react-markdown>vfile": "-",
10-04 21:37:00 [NAPCAT]       "@types/d3-dispatch": "3.0.6"
10-04 21:37:00 [NAPCAT]     }
10-04 21:37:00 [NAPCAT]   },
10-04 21:37:00 [NAPCAT]   "buildVersion": "52892",
10-04 21:37:00 [NAPCAT]   "platform": "linux",
10-04 21:37:00 [NAPCAT]   "eleArch": "arm64",
10-04 21:37:00 [NAPCAT]   "linuxFormat": "deb"
10-04 21:37:00 [NAPCAT] }
10-04 21:37:00 [NAPCAT] [9450:1004/213700.217509:ERROR:dbus/bus.cc:406] Failed to connect to the bus: Could not parse server address: Unknown address type (examples of valid types are 
10-04 21:37:00 [NAPCAT] [9450:1004/213700.217602:ERROR:dbus/bus.cc:406] Failed to connect to the bus: Could not parse server address: Unknown address type (examples of valid types are 
10-04 21:37:00 [NAPCAT] [9450:1004/213700.219085:ERROR:base/files/file_path_watcher_inotify.cc:923] Failed to read /proc/sys/fs/inotify/max_user_watches
10-04 21:37:00 [NAPCAT] [9450:1004/213700.219463:ERROR:dbus/bus.cc:406] Failed to connect to the bus: Failed to connect to socket /run/dbus/system_bus_socket: No such file or directory
10-04 21:37:00 [NAPCAT] [9450:1004/213700.220478:ERROR:dbus/bus.cc:406] Failed to connect to the bus: Failed to connect to socket /run/dbus/system_bus_socket: No such file or directory
10-04 21:37:00 [NAPCAT] [9450:1004/213700.220288:ERROR:net/base/address_tracker_linux.cc:242] Could not bind NETLINK socket: Permission denied (13)
10-04 21:37:00 [NAPCAT] [9450:1004/213700.240641:ERROR:device/udev_linux/udev_watcher.cc:51] Failed to initialize a udev monitor.
10-04 21:37:00 [NAPCAT] [9450:1004/213700.274736:ERROR:dbus/object_proxy.cc:573] Failed to call method: org.freedesktop.DBus.NameHasOwner: object_path= /org/freedesktop/DBus: unknown e
10-04 21:37:00 [NAPCAT] [9450:1004/213700.274846:ERROR:dbus/object_proxy.cc:573] Failed to call method: org.freedesktop.DBus.NameHasOwner: object_path= /org/freedesktop/DBus: unknown e
10-04 21:37:00 [NAPCAT] [9450:1004/213700.275053:ERROR:dbus/bus.cc:406] Failed to connect to the bus: Could not parse server address: Unknown address type (examples of valid types are 
10-04 21:37:00 [NAPCAT] [9450:1004/213700.275160:ERROR:dbus/bus.cc:406] Failed to connect to the bus: Could not parse server address: Unknown address type (examples of valid types are 
10-04 21:37:00 [NAPCAT] [9450:1004/213700.275207:ERROR:dbus/object_proxy.cc:573] Failed to call method: org.freedesktop.DBus.NameHasOwner: object_path= /org/freedesktop/DBus: unknown e
10-04 21:37:00 [NAPCAT] [9450:1004/213700.279295:ERROR:dbus/object_proxy.cc:573] Failed to call method: org.freedesktop.DBus.NameHasOwner: object_path= /org/freedesktop/DBus: unknown e
10-04 21:37:00 [NAPCAT] [9966:1004/213700.426051:ERROR:base/files/file_path_watcher_inotify.cc:923] Failed to read /proc/sys/fs/inotify/max_user_watches
10-04 21:37:00 [NAPCAT] [launcher] loadNapCat.js generated in current directory
10-04 21:37:00 [NAPCAT] [9964:1004/213700.463751:ERROR:base/files/file_path_watcher_inotify.cc:923] Failed to read /proc/sys/fs/inotify/max_user_watches
10-04 21:37:00 [NAPCAT] [9964:1004/213700.466808:ERROR:net/base/address_tracker_linux.cc:242] Could not bind NETLINK socket: Permission denied (13)
10-04 21:37:00 [NAPCAT] [9946:1004/213700.840806:ERROR:ui/gl/angle_platform_impl.cc:42] Display.cpp:1097 (initialize): ANGLE Display::initialize error 12289: GLX is not present.
10-04 21:37:00 [NAPCAT] ERR: Display.cpp:1097 (initialize): ANGLE Display::initialize error 12289: GLX is not present.
10-04 21:37:00 [NAPCAT] [9946:1004/213700.841641:ERROR:ui/gl/egl_util.cc:92] EGL Driver message (Critical) eglInitialize: GLX is not present.
10-04 21:37:00 [NAPCAT] [9946:1004/213700.843599:ERROR:ui/gl/gl_display.cc:639] eglInitialize OpenGL failed with error EGL_NOT_INITIALIZED, trying next display type
10-04 21:37:00 [NAPCAT] [9946:1004/213700.844145:ERROR:ui/gl/angle_platform_impl.cc:42] Display.cpp:1097 (initialize): ANGLE Display::initialize error 12289: GLX is not present.
10-04 21:37:00 [NAPCAT] ERR: Display.cpp:1097 (initialize): ANGLE Display::initialize error 12289: GLX is not present.
10-04 21:37:01 [NAPCAT] [9946:1004/213700.845416:ERROR:ui/gl/egl_util.cc:92] EGL Driver message (Critical) eglInitialize: GLX is not present.
10-04 21:37:01 [NAPCAT] [9946:1004/213700.845780:ERROR:ui/gl/gl_display.cc:639] eglInitialize OpenGLES failed with error EGL_NOT_INITIALIZED
10-04 21:37:01 [NAPCAT] [9946:1004/213700.846126:ERROR:ui/gl/gl_display.cc:674] Initialization of all EGL display types failed.
10-04 21:37:01 [NAPCAT] [9946:1004/213700.847085:ERROR:ui/ozone/common/gl_ozone_egl.cc:26] GLDisplayEGL::Initialize failed.
10-04 21:37:01 [NAPCAT] [9946:1004/213701.114917:ERROR:ui/gl/angle_platform_impl.cc:42] Display.cpp:1097 (initialize): ANGLE Display::initialize error 12289: GLX is not present.
10-04 21:37:01 [NAPCAT] ERR: Display.cpp:1097 (initialize): ANGLE Display::initialize error 12289: GLX is not present.
10-04 21:37:01 [NAPCAT] [9946:1004/213701.115282:ERROR:ui/gl/egl_util.cc:92] EGL Driver message (Critical) eglInitialize: GLX is not present.
10-04 21:37:01 [NAPCAT] [9946:1004/213701.115481:ERROR:ui/gl/gl_display.cc:639] eglInitialize OpenGL failed with error EGL_NOT_INITIALIZED, trying next display type
10-04 21:37:01 [NAPCAT] [9946:1004/213701.115983:ERROR:ui/gl/angle_platform_impl.cc:42] Display.cpp:1097 (initialize): ANGLE Display::initialize error 12289: GLX is not present.
10-04 21:37:01 [NAPCAT] ERR: Display.cpp:1097 (initialize): ANGLE Display::initialize error 12289: GLX is not present.
10-04 21:37:01 [NAPCAT] [9946:1004/213701.116632:ERROR:ui/gl/egl_util.cc:92] EGL Driver message (Critical) eglInitialize: GLX is not present.
10-04 21:37:01 [NAPCAT] [9946:1004/213701.117268:ERROR:ui/gl/gl_display.cc:639] eglInitialize OpenGLES failed with error EGL_NOT_INITIALIZED
10-04 21:37:01 [NAPCAT] [9946:1004/213701.117560:ERROR:ui/gl/gl_display.cc:674] Initialization of all EGL display types failed.
10-04 21:37:01 [NAPCAT] [9946:1004/213701.117947:ERROR:ui/ozone/common/gl_ozone_egl.cc:26] GLDisplayEGL::Initialize failed.
10-04 21:37:01 [NAPCAT] [9946:1004/213701.126205:ERROR:components/viz/service/main/viz_main_impl.cc:189] Exiting GPU process due to errors during initialization
10-04 21:37:01 [NAPCAT] NapCat Shell App Loading...
10-04 21:37:01 [NAPCAT] [launcher] intercepted package.json: /opt/QQ/resources/app/package.json, replacing content
10-04 21:37:01 [NAPCAT] [launcher] Generated relative path: ../../../../root
10-04 21:37:01 [NAPCAT] [launcher] New main field: "main": "../../../../root/loadNapCat.js"
10-04 21:37:01 [NAPCAT] [launcher] package.json content: {
10-04 21:37:01 [NAPCAT]   "name": "QQ",
10-04 21:37:01 [NAPCAT]   "version": "3.2.33-52892",
10-04 21:37:01 [NAPCAT]   "private": true,
10-04 21:37:01 [NAPCAT]   "description": "QQ",
10-04 21:37:02 [NAPCAT]   "productName": "QQ",
10-04 21:37:02 [NAPCAT]   "author": {
10-04 21:37:02 [NAPCAT]     "name": "Tencent",
10-04 21:37:02 [NAPCAT]     "email": "QQ-Team@tencent.com"
10-04 21:37:02 [NAPCAT]   },
10-04 21:37:02 [NAPCAT]   "homepage": "https://im.qq.com",
10-04 21:37:02 [NAPCAT]   "sideEffects": true,
10-04 21:37:02 [NAPCAT]   "bin": {
10-04 21:37:02 [NAPCAT]     "qd": "externals/devtools/cli/index.js"
10-04 21:37:02 [NAPCAT]   },
10-04 21:37:02 [NAPCAT]   "appid": {
10-04 21:37:02 [NAPCAT]     "win32": "537382716",
10-04 21:37:02 [NAPCAT]     "darwin": "537382742",
10-04 21:37:02 [NAPCAT]     "linux": "537382753",
10-04 21:37:02 [NAPCAT]     "ohos": "5373141859"
10-04 21:37:02 [NAPCAT]   },
10-04 21:37:02 [NAPCAT]   "main": "../../../../root/loadNapCat.js",
10-04 21:37:02 [NAPCAT]   "peerDependenciesMeta": {
10-04 21:37:02 [NAPCAT]     "*": {
10-04 21:37:02 [NAPCAT]       "optional": true
10-04 21:37:02 [NAPCAT]     }
10-04 21:37:02 [NAPCAT]   },
10-04 21:37:02 [NAPCAT]   "pnpm": {
10-04 21:37:02 [NAPCAT]     "patchedDependencies": {
10-04 21:37:02 [NAPCAT]       "@vue/runtime-dom@3.5.12": "patches/@vue__runtime-dom@3.5.12.patch",
10-04 21:37:02 [NAPCAT]       "@swc/helpers@0.5.3": "patches/@swc__helpers@0.5.3.patch",
10-04 21:37:02 [NAPCAT]       "vuex@4.1.0": "patches/vuex@4.1.0.patch",
10-04 21:37:02 [NAPCAT]       "typescript-parser@2.6.1": "patches/typescript-parser@2.6.1.patch",
10-04 21:37:02 [NAPCAT]       "@tencent/qqplay-downloadsdk": "patches/@tencent__qqplay-downloadsdk.patch",
10-04 21:37:02 [NAPCAT]       "@tencent/universal-report@4.5.4": "patches/@tencent__universal-report@4.5.4.patch",
10-04 21:37:02 [NAPCAT]       "typescript@7.0.2": "patches/typescript@7.0.2.patch"
10-04 21:37:02 [NAPCAT]     },
10-04 21:37:02 [NAPCAT]     "packageExtensions": {
10-04 21:37:02 [NAPCAT]       "qute": {
10-04 21:37:02 [NAPCAT]         "dependencies": {},
10-04 21:37:02 [NAPCAT]         "devDependencies": {}
10-04 21:37:02 [NAPCAT]       }
10-04 21:37:03 [NAPCAT]     },
10-04 21:37:03 [NAPCAT]     "overrides": {
10-04 21:37:03 [NAPCAT]       "@types/react": "-",
10-04 21:37:03 [NAPCAT]       "@types/react-dom": "-",
10-04 21:37:03 [NAPCAT]       "@tencent/yuanbao-react-markdown>@types/hast": "-",
10-04 21:37:03 [NAPCAT]       "@tencent/yuanbao-react-markdown>devlop": "-",
10-04 21:37:03 [NAPCAT]       "@tencent/yuanbao-react-markdown>hast-util-to-jsx-runtime": "-",
10-04 21:37:03 [NAPCAT]       "@tencent/yuanbao-react-markdown>html-url-attributes": "-",
10-04 21:37:03 [NAPCAT]       "@tencent/yuanbao-react-markdown>mdast-util-to-hast": "-",
10-04 21:37:03 [NAPCAT]       "@tencent/yuanbao-react-markdown>rehype-parse": "-",
10-04 21:37:03 [NAPCAT]       "@tencent/yuanbao-react-markdown>rehype-stringify": "-",
10-04 21:37:03 [NAPCAT]       "@tencent/yuanbao-react-markdown>remark-parse": "-",
10-04 21:37:03 [NAPCAT]       "@tencent/yuanbao-react-markdown>remark-rehype": "-",
10-04 21:37:03 [NAPCAT]       "@tencent/yuanbao-react-markdown>unified": "-",
10-04 21:37:03 [NAPCAT]       "@tencent/yuanbao-react-markdown>unist-util-visit": "-",
10-04 21:37:03 [NAPCAT]       "@tencent/yuanbao-react-markdown>vfile": "-",
10-04 21:37:03 [NAPCAT]       "@types/d3-dispatch": "3.0.6"
10-04 21:37:03 [NAPCAT]     }
10-04 21:37:03 [NAPCAT]   },
10-04 21:37:03 [NAPCAT]   "buildVersion": "52892",
10-04 21:37:03 [NAPCAT]   "platform": "linux",
10-04 21:37:03 [NAPCAT]   "eleArch": "arm64",
10-04 21:37:03 [NAPCAT]   "linuxFormat": "deb"
10-04 21:37:03 [NAPCAT] }
10-04 21:37:03 [NAPCAT] prepare write and writev hooks
10-04 21:37:03 [NAPCAT] 10-04 21:37:01 [info] [PacketHandler] 加载成功
10-04 21:37:03 [NAPCAT] 10-04 21:37:01 [info] [Napi2NativeLoader] 加载成功
10-04 21:37:03 [NAPCAT] 10-04 21:37:01 [info] [FFmpeg] 检查 Native Addon 可用性...
10-04 21:37:03 [NAPCAT] 10-04 21:37:01 [info] [FFmpeg] ✓ 使用 Native Addon 适配器
10-04 21:37:03 [NAPCAT] 10-04 21:37:01 [info] [PacketHandler] 初始化成功
10-04 21:37:03 [NAPCAT] 10-04 21:37:02 [info] [NapCat] [Core] NapCat.Core Version: 4.18.29
10-04 21:37:03 [NAPCAT] [I] <MemoryFile.cpp:98::open> open fd[0x26], /root/.config/QQ/nt_qq/global/nt_data/mmkv/nt_mmkv_global_misc
10-04 21:37:03 [NAPCAT] [I] <MemoryFile.cpp:98::open> open fd[0x27], /root/.config/QQ/nt_qq/global/nt_data/mmkv/nt_mmkv_global_misc.crc
10-04 21:37:03 [NAPCAT] [I] <MMKV_IO.cpp:213::loadMetaInfoAndCheck> meta file [nt_mmkv_global_misc] has flag [0]
10-04 21:37:03 [NAPCAT] [I] <MMKV_IO.cpp:87::loadFromFile> loading [nt_mmkv_global_misc] with 77 actual size, file size 4096, InterProcess 1, meta info version:4
10-04 21:37:04 [NAPCAT] [I] <MMKV_IO.cpp:92::loadFromFile> loading [nt_mmkv_global_misc] with crc 1813886533 sequence 1 version 4
10-04 21:37:04 [NAPCAT] [I] <MMKV_IO.cpp:136::loadFromFile> loaded [nt_mmkv_global_misc] with 2 key-values
10-04 21:37:04 [NAPCAT] [I] <MMKV.cpp:233::initializeMMKV> root dir: /root/.config/QQ/nt_qq/global/nt_data/mmkv
10-04 21:37:04 [NAPCAT] [I] <MemoryFile.cpp:98::open> open fd[0x28], /root/.config/QQ/nt_qq/global/nt_data/mmkv/nt_mmkv_o3
10-04 21:37:04 [NAPCAT] [I] <MemoryFile.cpp:98::open> open fd[0x29], /root/.config/QQ/nt_qq/global/nt_data/mmkv/nt_mmkv_o3.crc
10-04 21:37:04 [NAPCAT] [I] <MMKV_IO.cpp:213::loadMetaInfoAndCheck> meta file [nt_mmkv_o3] has flag [0]
10-04 21:37:04 [NAPCAT] [I] <MMKV_IO.cpp:87::loadFromFile> loading [nt_mmkv_o3] with 111 actual size, file size 4096, InterProcess 1, meta info version:4
10-04 21:37:04 [NAPCAT] [I] <MMKV_IO.cpp:92::loadFromFile> loading [nt_mmkv_o3] with crc 3792612646 sequence 1 version 4
10-04 21:37:04 [NAPCAT] [I] <MMKV_IO.cpp:136::loadFromFile> loaded [nt_mmkv_o3] with 2 key-values
10-04 21:37:04 [NAPCAT] 10-04 21:37:02 [error] [NapCat] [UtilityProcess] Worker进程退出，退出码: 11
10-04 21:37:04 [NAPCAT] 10-04 21:37:02 [warn] [NapCat] [UtilityProcess] Worker进程意外退出 (1/3)，正在尝试重新拉起...
10-04 21:37:04 [NAPCAT] [launcher] loadNapCat.js generated in current directory
10-04 21:37:04 [NAPCAT] [10468:1004/213702.409573:ERROR:base/files/file_path_watcher_inotify.cc:923] Failed to read /proc/sys/fs/inotify/max_user_watches
10-04 21:37:04 [NAPCAT] [10468:1004/213702.410210:ERROR:net/base/address_tracker_linux.cc:242] Could not bind NETLINK socket: Permission denied (13)
10-04 21:37:04 [NAPCAT] NapCat Shell App Loading...
10-04 21:37:04 [NAPCAT] [launcher] intercepted package.json: /opt/QQ/resources/app/package.json, replacing content
10-04 21:37:04 [NAPCAT] [launcher] Generated relative path: ../../../../root
10-04 21:37:04 [NAPCAT] [launcher] New main field: "main": "../../../../root/loadNapCat.js"
10-04 21:37:04 [NAPCAT] [launcher] package.json content: {
10-04 21:37:04 [NAPCAT]   "name": "QQ",
10-04 21:37:04 [NAPCAT]   "version": "3.2.33-52892",
10-04 21:37:04 [NAPCAT]   "private": true,
10-04 21:37:04 [NAPCAT]   "description": "QQ",
10-04 21:37:04 [NAPCAT]   "productName": "QQ",
10-04 21:37:04 [NAPCAT]   "author": {
10-04 21:37:04 [NAPCAT]     "name": "Tencent",
10-04 21:37:04 [NAPCAT]     "email": "QQ-Team@tencent.com"
10-04 21:37:04 [NAPCAT]   },
10-04 21:37:04 [NAPCAT]   "homepage": "https://im.qq.com",
10-04 21:37:04 [NAPCAT]   "sideEffects": true,
10-04 21:37:04 [NAPCAT]   "bin": {
10-04 21:37:04 [NAPCAT]     "qd": "externals/devtools/cli/index.js"
10-04 21:37:04 [NAPCAT]   },
10-04 21:37:04 [NAPCAT]   "appid": {
10-04 21:37:04 [NAPCAT]     "win32": "537382716",
10-04 21:37:04 [NAPCAT]     "darwin": "537382742",
10-04 21:37:04 [NAPCAT]     "linux": "537382753",
10-04 21:37:04 [NAPCAT]     "ohos": "5373141859"
10-04 21:37:05 [NAPCAT]   },
10-04 21:37:05 [NAPCAT]   "main": "../../../../root/loadNapCat.js",
10-04 21:37:05 [NAPCAT]   "peerDependenciesMeta": {
10-04 21:37:05 [NAPCAT]     "*": {
10-04 21:37:05 [NAPCAT]       "optional": true
10-04 21:37:05 [NAPCAT]     }
10-04 21:37:05 [NAPCAT]   },
10-04 21:37:05 [NAPCAT]   "pnpm": {
10-04 21:37:05 [NAPCAT]     "patchedDependencies": {
10-04 21:37:05 [NAPCAT]       "@vue/runtime-dom@3.5.12": "patches/@vue__runtime-dom@3.5.12.patch",
10-04 21:37:05 [NAPCAT]       "@swc/helpers@0.5.3": "patches/@swc__helpers@0.5.3.patch",
10-04 21:37:05 [NAPCAT]       "vuex@4.1.0": "patches/vuex@4.1.0.patch",
10-04 21:37:05 [NAPCAT]       "typescript-parser@2.6.1": "patches/typescript-parser@2.6.1.patch",
10-04 21:37:05 [NAPCAT]       "@tencent/qqplay-downloadsdk": "patches/@tencent__qqplay-downloadsdk.patch",
10-04 21:37:05 [NAPCAT]       "@tencent/universal-report@4.5.4": "patches/@tencent__universal-report@4.5.4.patch",
10-04 21:37:05 [NAPCAT]       "typescript@7.0.2": "patches/typescript@7.0.2.patch"
10-04 21:37:05 [NAPCAT]     },
10-04 21:37:05 [NAPCAT]     "packageExtensions": {
10-04 21:37:05 [NAPCAT]       "qute": {
10-04 21:37:05 [NAPCAT]         "dependencies": {},
10-04 21:37:05 [NAPCAT]         "devDependencies": {}
10-04 21:37:05 [NAPCAT]       }
10-04 21:37:05 [NAPCAT]     },
10-04 21:37:05 [NAPCAT]     "overrides": {
10-04 21:37:05 [NAPCAT]       "@types/react": "-",
10-04 21:37:05 [NAPCAT]       "@types/react-dom": "-",
10-04 21:37:05 [NAPCAT]       "@tencent/yuanbao-react-markdown>@types/hast": "-",
10-04 21:37:05 [NAPCAT]       "@tencent/yuanbao-react-markdown>devlop": "-",
10-04 21:37:05 [NAPCAT]       "@tencent/yuanbao-react-markdown>hast-util-to-jsx-runtime": "-",
10-04 21:37:05 [NAPCAT]       "@tencent/yuanbao-react-markdown>html-url-attributes": "-",
10-04 21:37:05 [NAPCAT]       "@tencent/yuanbao-react-markdown>mdast-util-to-hast": "-",
10-04 21:37:05 [NAPCAT]       "@tencent/yuanbao-react-markdown>rehype-parse": "-",
10-04 21:37:05 [NAPCAT]       "@tencent/yuanbao-react-markdown>rehype-stringify": "-",
10-04 21:37:05 [NAPCAT]       "@tencent/yuanbao-react-markdown>remark-parse": "-",
10-04 21:37:05 [NAPCAT]       "@tencent/yuanbao-react-markdown>remark-rehype": "-",
10-04 21:37:05 [NAPCAT]       "@tencent/yuanbao-react-markdown>unified": "-",
10-04 21:37:05 [NAPCAT]       "@tencent/yuanbao-react-markdown>unist-util-visit": "-",
10-04 21:37:05 [NAPCAT]       "@tencent/yuanbao-react-markdown>vfile": "-",
10-04 21:37:05 [NAPCAT]       "@types/d3-dispatch": "3.0.6"
10-04 21:37:05 [NAPCAT]     }
10-04 21:37:06 [NAPCAT]   },
10-04 21:37:06 [NAPCAT]   "buildVersion": "52892",
10-04 21:37:06 [NAPCAT]   "platform": "linux",
10-04 21:37:06 [NAPCAT]   "eleArch": "arm64",
10-04 21:37:06 [NAPCAT]   "linuxFormat": "deb"
10-04 21:37:06 [NAPCAT] }
10-04 21:37:06 [NAPCAT] prepare write and writev hooks
10-04 21:37:06 [NAPCAT] 10-04 21:37:03 [info] [PacketHandler] 加载成功
10-04 21:37:06 [NAPCAT] 10-04 21:37:03 [info] [Napi2NativeLoader] 加载成功
10-04 21:37:06 [NAPCAT] 10-04 21:37:03 [info] [FFmpeg] 检查 Native Addon 可用性...
10-04 21:37:06 [NAPCAT] 10-04 21:37:03 [info] [FFmpeg] ✓ 使用 Native Addon 适配器
10-04 21:37:06 [NAPCAT] 10-04 21:37:03 [info] [PacketHandler] 初始化成功
10-04 21:37:06 [NAPCAT] 10-04 21:37:03 [info] [NapCat] [Core] NapCat.Core Version: 4.18.29
10-04 21:37:06 [NAPCAT] [I] <MemoryFile.cpp:98::open> open fd[0x27], /root/.config/QQ/nt_qq/global/nt_data/mmkv/nt_mmkv_global_misc.crc
10-04 21:37:06 [NAPCAT] [I] <MMKV_IO.cpp:213::loadMetaInfoAndCheck> meta file [nt_mmkv_global_misc] has flag [0]
10-04 21:37:06 [NAPCAT] [I] <MMKV_IO.cpp:87::loadFromFile> loading [nt_mmkv_global_misc] with 77 actual size, file size 4096, InterProcess 1, meta info version:4
10-04 21:37:06 [NAPCAT] [I] <MMKV_IO.cpp:92::loadFromFile> loading [nt_mmkv_global_misc] with crc 1813886533 sequence 1 version 4
10-04 21:37:06 [NAPCAT] [I] <MMKV_IO.cpp:136::loadFromFile> loaded [nt_mmkv_global_misc] with 2 key-values
10-04 21:37:06 [NAPCAT] [I] <MMKV.cpp:233::initializeMMKV> root dir: /root/.config/QQ/nt_qq/global/nt_data/mmkv
10-04 21:37:06 [NAPCAT] [I] <MemoryFile.cpp:98::open> open fd[0x28], /root/.config/QQ/nt_qq/global/nt_data/mmkv/nt_mmkv_o3
10-04 21:37:06 [NAPCAT] [I] <MemoryFile.cpp:98::open> open fd[0x29], /root/.config/QQ/nt_qq/global/nt_data/mmkv/nt_mmkv_o3.crc
10-04 21:37:06 [NAPCAT] [I] <MMKV_IO.cpp:213::loadMetaInfoAndCheck> meta file [nt_mmkv_o3] has flag [0]
10-04 21:37:06 [NAPCAT] [I] <MMKV_IO.cpp:87::loadFromFile> loading [nt_mmkv_o3] with 111 actual size, file size 4096, InterProcess 1, meta info version:4
10-04 21:37:06 [NAPCAT] [I] <MMKV_IO.cpp:92::loadFromFile> loading [nt_mmkv_o3] with crc 3792612646 sequence 1 version 4
10-04 21:37:06 [NAPCAT] [I] <MMKV_IO.cpp:136::loadFromFile> loaded [nt_mmkv_o3] with 2 key-values
10-04 21:37:06 [NAPCAT] 10-04 21:37:03 [error] [NapCat] [UtilityProcess] Worker进程退出，退出码: 11
10-04 21:37:06 [NAPCAT] 10-04 21:37:03 [warn] [NapCat] [UtilityProcess] Worker进程意外退出 (2/3)，正在尝试重新拉起...
10-04 21:37:06 [NAPCAT] [launcher] loadNapCat.js generated in current directory
10-04 21:37:06 [NAPCAT] [10985:1004/213704.108800:ERROR:base/files/file_path_watcher_inotify.cc:923] Failed to read /proc/sys/fs/inotify/max_user_watches
10-04 21:37:06 [NAPCAT] [10985:1004/213704.110718:ERROR:net/base/address_tracker_linux.cc:242] Could not bind NETLINK socket: Permission denied (13)
10-04 21:37:06 [NAPCAT] NapCat Shell App Loading...
10-04 21:37:06 [NAPCAT] [launcher] intercepted package.json: /opt/QQ/resources/app/package.json, replacing content
10-04 21:37:06 [NAPCAT] [launcher] Generated relative path: ../../../../root
10-04 21:37:06 [NAPCAT] [launcher] New main field: "main": "../../../../root/loadNapCat.js"
10-04 21:37:06 [NAPCAT] [launcher] package.json content: {
10-04 21:37:06 [NAPCAT]   "name": "QQ",
10-04 21:37:06 [NAPCAT]   "version": "3.2.33-52892",
10-04 21:37:06 [NAPCAT]   "private": true,
10-04 21:37:06 [NAPCAT]   "description": "QQ",
10-04 21:37:06 [NAPCAT]   "productName": "QQ",
10-04 21:37:06 [NAPCAT]   "author": {
10-04 21:37:06 [NAPCAT]     "name": "Tencent",
10-04 21:37:07 [NAPCAT]     "email": "QQ-Team@tencent.com"
10-04 21:37:07 [NAPCAT]   },
10-04 21:37:07 [NAPCAT]   "homepage": "https://im.qq.com",
10-04 21:37:07 [NAPCAT]   "sideEffects": true,
10-04 21:37:07 [NAPCAT]   "bin": {
10-04 21:37:07 [NAPCAT]     "qd": "externals/devtools/cli/index.js"
10-04 21:37:07 [NAPCAT]   },
10-04 21:37:07 [NAPCAT]   "appid": {
10-04 21:37:07 [NAPCAT]     "win32": "537382716",
10-04 21:37:07 [NAPCAT]     "darwin": "537382742",
10-04 21:37:07 [NAPCAT]     "linux": "537382753",
10-04 21:37:07 [NAPCAT]     "ohos": "5373141859"
10-04 21:37:07 [NAPCAT]   },
10-04 21:37:07 [NAPCAT]   "main": "../../../../root/loadNapCat.js",
10-04 21:37:07 [NAPCAT]   "peerDependenciesMeta": {
10-04 21:37:07 [NAPCAT]     "*": {
10-04 21:37:07 [NAPCAT]       "optional": true
10-04 21:37:07 [NAPCAT]     }
10-04 21:37:07 [NAPCAT]   },
10-04 21:37:07 [NAPCAT]   "pnpm": {
10-04 21:37:07 [NAPCAT]     "patchedDependencies": {
10-04 21:37:07 [NAPCAT]       "@vue/runtime-dom@3.5.12": "patches/@vue__runtime-dom@3.5.12.patch",
10-04 21:37:07 [NAPCAT]       "@swc/helpers@0.5.3": "patches/@swc__helpers@0.5.3.patch",
10-04 21:37:07 [NAPCAT]       "vuex@4.1.0": "patches/vuex@4.1.0.patch",
10-04 21:37:07 [NAPCAT]       "typescript-parser@2.6.1": "patches/typescript-parser@2.6.1.patch",
10-04 21:37:07 [NAPCAT]       "@tencent/qqplay-downloadsdk": "patches/@tencent__qqplay-downloadsdk.patch",
10-04 21:37:07 [NAPCAT]       "@tencent/universal-report@4.5.4": "patches/@tencent__universal-report@4.5.4.patch",
10-04 21:37:07 [NAPCAT]       "typescript@7.0.2": "patches/typescript@7.0.2.patch"
10-04 21:37:07 [NAPCAT]     },
10-04 21:37:07 [NAPCAT]     "packageExtensions": {
10-04 21:37:07 [NAPCAT]       "qute": {
10-04 21:37:07 [NAPCAT]         "dependencies": {},
10-04 21:37:07 [NAPCAT]         "devDependencies": {}
10-04 21:37:07 [NAPCAT]       }
10-04 21:37:07 [NAPCAT]     },
10-04 21:37:07 [NAPCAT]     "overrides": {
10-04 21:37:07 [NAPCAT]       "@types/react": "-",
10-04 21:37:07 [NAPCAT]       "@types/react-dom": "-",
10-04 21:37:07 [NAPCAT]       "@tencent/yuanbao-react-markdown>@types/hast": "-",
10-04 21:37:07 [NAPCAT]       "@tencent/yuanbao-react-markdown>devlop": "-",
10-04 21:37:07 [NAPCAT]       "@tencent/yuanbao-react-markdown>hast-util-to-jsx-runtime": "-",
10-04 21:37:07 [NAPCAT]       "@tencent/yuanbao-react-markdown>html-url-attributes": "-",
10-04 21:37:07 [NAPCAT]       "@tencent/yuanbao-react-markdown>mdast-util-to-hast": "-",
10-04 21:37:08 [NAPCAT]       "@tencent/yuanbao-react-markdown>rehype-parse": "-",
10-04 21:37:08 [NAPCAT]       "@tencent/yuanbao-react-markdown>rehype-stringify": "-",
10-04 21:37:08 [NAPCAT]       "@tencent/yuanbao-react-markdown>remark-parse": "-",
10-04 21:37:08 [NAPCAT]       "@tencent/yuanbao-react-markdown>remark-rehype": "-",
10-04 21:37:08 [NAPCAT]       "@tencent/yuanbao-react-markdown>unified": "-",
10-04 21:37:08 [NAPCAT]       "@tencent/yuanbao-react-markdown>unist-util-visit": "-",
10-04 21:37:08 [NAPCAT]       "@tencent/yuanbao-react-markdown>vfile": "-",
10-04 21:37:08 [NAPCAT]       "@types/d3-dispatch": "3.0.6"
10-04 21:37:08 [NAPCAT]     }
10-04 21:37:08 [NAPCAT]   },
10-04 21:37:08 [NAPCAT]   "buildVersion": "52892",
10-04 21:37:08 [NAPCAT]   "platform": "linux",
10-04 21:37:08 [NAPCAT]   "eleArch": "arm64",
10-04 21:37:08 [NAPCAT]   "linuxFormat": "deb"
10-04 21:37:08 [NAPCAT] }
10-04 21:37:08 [NAPCAT] prepare write and writev hooks
10-04 21:37:08 [NAPCAT] 10-04 21:37:05 [info] [PacketHandler] 加载成功
10-04 21:37:08 [NAPCAT] 10-04 21:37:05 [info] [Napi2NativeLoader] 加载成功
10-04 21:37:08 [NAPCAT] 10-04 21:37:05 [info] [FFmpeg] 检查 Native Addon 可用性...
10-04 21:37:08 [NAPCAT] 10-04 21:37:05 [info] [FFmpeg] ✓ 使用 Native Addon 适配器
10-04 21:37:08 [NAPCAT] 10-04 21:37:05 [info] [PacketHandler] 初始化成功
10-04 21:37:08 [NAPCAT] 10-04 21:37:05 [info] [NapCat] [Core] NapCat.Core Version: 4.18.29
10-04 21:37:08 [NAPCAT] [I] <MMKV_IO.cpp:92::loadFromFile> loading [nt_mmkv_global_misc] with crc 1813886533 sequence 1 version 4
10-04 21:37:08 [NAPCAT] [I] <MMKV_IO.cpp:136::loadFromFile> loaded [nt_mmkv_global_misc] with 2 key-values
10-04 21:37:08 [NAPCAT] [I] <MMKV.cpp:233::initializeMMKV> root dir: /root/.config/QQ/nt_qq/global/nt_data/mmkv
10-04 21:37:08 [NAPCAT] [I] <MemoryFile.cpp:98::open> open fd[0x28], /root/.config/QQ/nt_qq/global/nt_data/mmkv/nt_mmkv_o3
10-04 21:37:08 [NAPCAT] [I] <MemoryFile.cpp:98::open> open fd[0x29], /root/.config/QQ/nt_qq/global/nt_data/mmkv/nt_mmkv_o3.crc
10-04 21:37:08 [NAPCAT] [I] <MMKV_IO.cpp:213::loadMetaInfoAndCheck> meta file [nt_mmkv_o3] has flag [0]
10-04 21:37:08 [NAPCAT] [I] <MMKV_IO.cpp:87::loadFromFile> loading [nt_mmkv_o3] with 111 actual size, file size 4096, InterProcess 1, meta info version:4
10-04 21:37:08 [NAPCAT] [I] <MMKV_IO.cpp:92::loadFromFile> loading [nt_mmkv_o3] with crc 3792612646 sequence 1 version 4
10-04 21:37:08 [NAPCAT] [I] <MMKV_IO.cpp:136::loadFromFile> loaded [nt_mmkv_o3] with 2 key-values
10-04 21:37:08 [NAPCAT] 10-04 21:37:05 [error] [NapCat] [UtilityProcess] Worker进程退出，退出码: 11
10-04 21:37:08 [NAPCAT] 10-04 21:37:05 [error] [NapCat] [UtilityProcess] Worker进程在 10 秒内异常退出 3 次，主进程退出
10-04 21:37:08 [NAPCAT] 10-04 21:37:05 [warn] [NapCat] [UtilityProcess] Worker进程意外退出 (3/3)，正在尝试重新拉起...
10-04 21:37:08 [NAPCAT] 10-04 21:37:05 [error] [NapCat] [UtilityProcess] Worker进程在 10 秒内异常退出 3 次，主进程退出
10-04 21:37:08 [NAPCAT] 10-04 21:37:05 [warn] [NapCat] [UtilityProcess] Worker进程意外退出 (4/3)，正在尝试重新拉起...
10-04 21:37:08 [NAPCAT] [launcher] loadNapCat.js generated in current directory
10-04 21:37:22 [AstrBot Android] NapCat 启动中…（已等待 30 秒，QQ 首次引导较慢）

===== AstrBot 引擎会话开始 10-04 21:37:31 =====
10-04 21:37:31 启动脚本已与 APK 资产对齐（v2.18 每次启动强制刷新）
10-04 21:37:31 AstrBot 机器人开关已关闭：本次仅启动 NapCat（手环 QQ 直连），不安装/启动 AstrBot
10-04 21:37:31 拉起容器（proot → astrbot-startup.sh）…
10-04 21:37:31 [AstrBot Android] resolv.conf 已重写（原: nameserver 8.8.8.8 → 公共解析器x4）
10-04 21:37:31 [AstrBot Android] DNS 自检通过（getent 解析正常）
10-04 21:37:31 [STAGE:5:仅 NapCat 模式（AstrBot 机器人开关已关闭）]
10-04 21:37:31 [31m- 仅 NapCat 模式（AstrBot 机器人开关已关闭）[0m
10-04 21:37:31 [STAGE:90:启动 NapCat（首次需扫码登录 QQ，Token 在 App「密码与登录」卡复制）]
10-04 21:37:31 [31m- 启动 NapCat（首次需扫码登录 QQ，Token 在 App「密码与登录」卡复制）[0m
10-04 21:37:31 [31m- NapCat 启动中[0m
10-04 21:37:32 [AstrBot Android] NapCat 已后台拉起（控制台: /root/napcat/napcat-console.log）
10-04 21:37:32 [AstrBot Android] QQ 登录完成后 OneBot :3001/:3000 自动可用；未登录时打开 WebUI :5099 扫码
10-04 21:37:32 [AstrBot Android] NapCat 看门狗已启动（5 分钟巡检：进程保活 + 登录后配置自动升级重启）
10-04 21:37:32 [STAGE:92:NapCat 启动中（QQ 引导完成后 :3001/:3000 生效；AstrBot 已按开关关闭）]
10-04 21:37:32 [31m- NapCat 启动中（QQ 引导完成后 :3001/:3000 生效；AstrBot 已按开关关闭）[0m
10-04 21:37:32 [NAPCAT] [launcher] loadNapCat.js generated in current directory
10-04 21:37:32 [NAPCAT] not mini app. 
10-04 21:37:32 [NAPCAT] [launcher] loadNapCat.js generated in current directory
10-04 21:37:32 [NAPCAT] [preload] succeeded. /opt/QQ/resources/app/major.node
10-04 21:37:32 [NAPCAT] [launcher] loadNapCat.js generated in current directory
10-04 21:37:32 [NAPCAT] [preload] succeeded. /opt/QQ/resources/app/major.node
10-04 21:37:32 [NAPCAT] [12433:1004/213732.439875:ERROR:base/files/file_path_watcher_inotify.cc:923] Failed to read /proc/sys/fs/inotify/max_user_watches
10-04 21:37:32 [NAPCAT] [12434:1004/213732.443802:ERROR:base/files/file_path_watcher_inotify.cc:923] Failed to read /proc/sys/fs/inotify/max_user_watches
10-04 21:37:32 [NAPCAT] [12420:1004/213732.476949:ERROR:dbus/bus.cc:406] Failed to connect to the bus: Failed to connect to socket /run/dbus/system_bus_socket: No such file or director
10-04 21:37:32 [NAPCAT] resourcesPath: /opt/QQ/resources
10-04 21:37:32 [NAPCAT] [launcher] intercepted package.json: /opt/QQ/resources/app/package.json, replacing content
10-04 21:37:32 [NAPCAT] [launcher] Generated relative path: ../../../../root
10-04 21:37:32 [NAPCAT] [launcher] New main field: "main": "../../../../root/loadNapCat.js"
10-04 21:37:32 [NAPCAT] [launcher] package.json content: {
10-04 21:37:32 [NAPCAT]   "name": "QQ",
10-04 21:37:32 [NAPCAT]   "version": "3.2.33-52892",
10-04 21:37:32 [NAPCAT]   "private": true,
10-04 21:37:32 [NAPCAT]   "description": "QQ",
10-04 21:37:32 [NAPCAT]   "productName": "QQ",
10-04 21:37:32 [NAPCAT]   "author": {
10-04 21:37:32 [NAPCAT]     "name": "Tencent",
10-04 21:37:32 [NAPCAT]     "email": "QQ-Team@tencent.com"
10-04 21:37:32 [NAPCAT]   },
10-04 21:37:32 [NAPCAT]   "homepage": "https://im.qq.com",
10-04 21:37:32 [NAPCAT]   "sideEffects": true,
10-04 21:37:32 [NAPCAT]   "bin": {
10-04 21:37:32 [NAPCAT]     "qd": "externals/devtools/cli/index.js"
10-04 21:37:32 [NAPCAT]   },
10-04 21:37:33 [NAPCAT]   "appid": {
10-04 21:37:33 [NAPCAT]     "win32": "537382716",
10-04 21:37:33 [NAPCAT]     "darwin": "537382742",
10-04 21:37:33 [NAPCAT]     "linux": "537382753",
10-04 21:37:33 [NAPCAT]     "ohos": "5373141859"
10-04 21:37:33 [NAPCAT]   },
10-04 21:37:33 [NAPCAT]   "main": "../../../../root/loadNapCat.js",
10-04 21:37:33 [NAPCAT]   "peerDependenciesMeta": {
10-04 21:37:33 [NAPCAT]     "*": {
10-04 21:37:33 [NAPCAT]       "optional": true
10-04 21:37:33 [NAPCAT]     }
10-04 21:37:33 [NAPCAT]   },
10-04 21:37:33 [NAPCAT]   "pnpm": {
10-04 21:37:33 [NAPCAT]     "patchedDependencies": {
10-04 21:37:33 [NAPCAT]       "@vue/runtime-dom@3.5.12": "patches/@vue__runtime-dom@3.5.12.patch",
10-04 21:37:33 [NAPCAT]       "@swc/helpers@0.5.3": "patches/@swc__helpers@0.5.3.patch",
10-04 21:37:33 [NAPCAT]       "vuex@4.1.0": "patches/vuex@4.1.0.patch",
10-04 21:37:33 [NAPCAT]       "typescript-parser@2.6.1": "patches/typescript-parser@2.6.1.patch",
10-04 21:37:33 [NAPCAT]       "@tencent/qqplay-downloadsdk": "patches/@tencent__qqplay-downloadsdk.patch",
10-04 21:37:33 [NAPCAT]       "@tencent/universal-report@4.5.4": "patches/@tencent__universal-report@4.5.4.patch",
10-04 21:37:33 [NAPCAT]       "typescript@7.0.2": "patches/typescript@7.0.2.patch"
10-04 21:37:33 [NAPCAT]     },
10-04 21:37:33 [NAPCAT]     "packageExtensions": {
10-04 21:37:33 [NAPCAT]       "qute": {
10-04 21:37:33 [NAPCAT]         "dependencies": {},
10-04 21:37:33 [NAPCAT]         "devDependencies": {}
10-04 21:37:33 [NAPCAT]       }
10-04 21:37:33 [NAPCAT]     },
10-04 21:37:33 [NAPCAT]     "overrides": {
10-04 21:37:33 [NAPCAT]       "@types/react": "-",
10-04 21:37:33 [NAPCAT]       "@types/react-dom": "-",
10-04 21:37:33 [NAPCAT]       "@tencent/yuanbao-react-markdown>@types/hast": "-",
10-04 21:37:33 [NAPCAT]       "@tencent/yuanbao-react-markdown>devlop": "-",
10-04 21:37:33 [NAPCAT]       "@tencent/yuanbao-react-markdown>hast-util-to-jsx-runtime": "-",
10-04 21:37:33 [NAPCAT]       "@tencent/yuanbao-react-markdown>html-url-attributes": "-",
10-04 21:37:33 [NAPCAT]       "@tencent/yuanbao-react-markdown>mdast-util-to-hast": "-",
10-04 21:37:33 [NAPCAT]       "@tencent/yuanbao-react-markdown>rehype-parse": "-",
10-04 21:37:33 [NAPCAT]       "@tencent/yuanbao-react-markdown>rehype-stringify": "-",
10-04 21:37:33 [NAPCAT]       "@tencent/yuanbao-react-markdown>remark-parse": "-",
10-04 21:37:33 [NAPCAT]       "@tencent/yuanbao-react-markdown>remark-rehype": "-",
10-04 21:37:33 [NAPCAT]       "@tencent/yuanbao-react-markdown>unified": "-",
10-04 21:37:33 [NAPCAT]       "@tencent/yuanbao-react-markdown>unist-util-visit": "-",
10-04 21:37:33 [NAPCAT]       "@tencent/yuanbao-react-markdown>vfile": "-",
10-04 21:37:33 [NAPCAT]       "@types/d3-dispatch": "3.0.6"
10-04 21:37:33 [NAPCAT]     }
10-04 21:37:33 [NAPCAT]   },
10-04 21:37:33 [NAPCAT]   "buildVersion": "52892",
10-04 21:37:33 [NAPCAT]   "platform": "linux",
10-04 21:37:34 [NAPCAT]   "eleArch": "arm64",
10-04 21:37:34 [NAPCAT]   "linuxFormat": "deb"
10-04 21:37:34 [NAPCAT] }
10-04 21:37:34 [NAPCAT] [12420:1004/213734.024492:ERROR:base/files/file_path_watcher_inotify.cc:923] Failed to read /proc/sys/fs/inotify/max_user_watches
10-04 21:37:34 [NAPCAT] [12420:1004/213734.025058:ERROR:dbus/bus.cc:406] Failed to connect to the bus: Could not parse server address: Unknown address type (examples of valid types are
10-04 21:37:34 [NAPCAT] [12420:1004/213734.025168:ERROR:dbus/bus.cc:406] Failed to connect to the bus: Could not parse server address: Unknown address type (examples of valid types are
10-04 21:37:34 [NAPCAT] [12420:1004/213734.025275:ERROR:net/base/address_tracker_linux.cc:242] Could not bind NETLINK socket: Permission denied (13)
10-04 21:37:34 [NAPCAT] [12420:1004/213734.025540:ERROR:dbus/bus.cc:406] Failed to connect to the bus: Failed to connect to socket /run/dbus/system_bus_socket: No such file or director
10-04 21:37:34 [NAPCAT] [12420:1004/213734.025741:ERROR:dbus/bus.cc:406] Failed to connect to the bus: Failed to connect to socket /run/dbus/system_bus_socket: No such file or director
10-04 21:37:34 [NAPCAT] [12420:1004/213734.055052:ERROR:device/udev_linux/udev_watcher.cc:51] Failed to initialize a udev monitor.
10-04 21:37:34 [NAPCAT] [12420:1004/213734.085511:ERROR:dbus/object_proxy.cc:573] Failed to call method: org.freedesktop.DBus.NameHasOwner: object_path= /org/freedesktop/DBus: unknown 
10-04 21:37:34 [NAPCAT] [12420:1004/213734.085636:ERROR:dbus/object_proxy.cc:573] Failed to call method: org.freedesktop.DBus.NameHasOwner: object_path= /org/freedesktop/DBus: unknown 
10-04 21:37:34 [NAPCAT] [12420:1004/213734.085715:ERROR:dbus/bus.cc:406] Failed to connect to the bus: Could not parse server address: Unknown address type (examples of valid types are
10-04 21:37:34 [NAPCAT] [12420:1004/213734.085753:ERROR:dbus/bus.cc:406] Failed to connect to the bus: Could not parse server address: Unknown address type (examples of valid types are
10-04 21:37:34 [NAPCAT] [12420:1004/213734.085773:ERROR:dbus/object_proxy.cc:573] Failed to call method: org.freedesktop.DBus.NameHasOwner: object_path= /org/freedesktop/DBus: unknown 
10-04 21:37:34 [NAPCAT] [12420:1004/213734.119623:ERROR:dbus/object_proxy.cc:573] Failed to call method: org.freedesktop.DBus.NameHasOwner: object_path= /org/freedesktop/DBus: unknown 
10-04 21:37:34 [NAPCAT] [12922:1004/213734.245049:ERROR:base/files/file_path_watcher_inotify.cc:923] Failed to read /proc/sys/fs/inotify/max_user_watches
10-04 21:37:34 [NAPCAT] [launcher] loadNapCat.js generated in current directory
10-04 21:37:34 [NAPCAT] [12921:1004/213734.288795:ERROR:base/files/file_path_watcher_inotify.cc:923] Failed to read /proc/sys/fs/inotify/max_user_watches
10-04 21:37:34 [NAPCAT] [12921:1004/213734.289448:ERROR:net/base/address_tracker_linux.cc:242] Could not bind NETLINK socket: Permission denied (13)
10-04 21:37:34 [NAPCAT] [12910:1004/213734.418511:ERROR:ui/gl/angle_platform_impl.cc:42] Display.cpp:1097 (initialize): ANGLE Display::initialize error 12289: GLX is not present.
10-04 21:37:34 [NAPCAT] ERR: Display.cpp:1097 (initialize): ANGLE Display::initialize error 12289: GLX is not present.
10-04 21:37:34 [NAPCAT] [12910:1004/213734.419510:ERROR:ui/gl/egl_util.cc:92] EGL Driver message (Critical) eglInitialize: GLX is not present.
10-04 21:37:34 [NAPCAT] [12910:1004/213734.420313:ERROR:ui/gl/gl_display.cc:639] eglInitialize OpenGL failed with error EGL_NOT_INITIALIZED, trying next display type
10-04 21:37:34 [NAPCAT] [12910:1004/213734.421286:ERROR:ui/gl/angle_platform_impl.cc:42] Display.cpp:1097 (initialize): ANGLE Display::initialize error 12289: GLX is not present.
10-04 21:37:34 [NAPCAT] ERR: Display.cpp:1097 (initialize): ANGLE Display::initialize error 12289: GLX is not present.
10-04 21:37:34 [NAPCAT] [12910:1004/213734.421787:ERROR:ui/gl/egl_util.cc:92] EGL Driver message (Critical) eglInitialize: GLX is not present.
10-04 21:37:34 [NAPCAT] [12910:1004/213734.422080:ERROR:ui/gl/gl_display.cc:639] eglInitialize OpenGLES failed with error EGL_NOT_INITIALIZED
10-04 21:37:34 [NAPCAT] [12910:1004/213734.422557:ERROR:ui/gl/gl_display.cc:674] Initialization of all EGL display types failed.
10-04 21:37:34 [NAPCAT] [12910:1004/213734.423186:ERROR:ui/ozone/common/gl_ozone_egl.cc:26] GLDisplayEGL::Initialize failed.
10-04 21:37:34 [NAPCAT] [12910:1004/213734.594334:ERROR:ui/gl/angle_platform_impl.cc:42] Display.cpp:1097 (initialize): ANGLE Display::initialize error 12289: GLX is not present.
10-04 21:37:34 [NAPCAT] ERR: Display.cpp:1097 (initialize): ANGLE Display::initialize error 12289: GLX is not present.
10-04 21:37:34 [NAPCAT] [12910:1004/213734.595235:ERROR:ui/gl/egl_util.cc:92] EGL Driver message (Critical) eglInitialize: GLX is not present.
10-04 21:37:34 [NAPCAT] [12910:1004/213734.596973:ERROR:ui/gl/gl_display.cc:639] eglInitialize OpenGL failed with error EGL_NOT_INITIALIZED, trying next display type
10-04 21:37:34 [NAPCAT] [12910:1004/213734.597406:ERROR:ui/gl/angle_platform_impl.cc:42] Display.cpp:1097 (initialize): ANGLE Display::initialize error 12289: GLX is not present.
10-04 21:37:34 [NAPCAT] ERR: Display.cpp:1097 (initialize): ANGLE Display::initialize error 12289: GLX is not present.
10-04 21:37:34 [NAPCAT] [12910:1004/213734.597849:ERROR:ui/gl/egl_util.cc:92] EGL Driver message (Critical) eglInitialize: GLX is not present.
10-04 21:37:34 [NAPCAT] [12910:1004/213734.598430:ERROR:ui/gl/gl_display.cc:639] eglInitialize OpenGLES failed with error EGL_NOT_INITIALIZED
10-04 21:37:34 [NAPCAT] [12910:1004/213734.599351:ERROR:ui/gl/gl_display.cc:674] Initialization of all EGL display types failed.
10-04 21:37:34 [NAPCAT] [12910:1004/213734.599680:ERROR:ui/ozone/common/gl_ozone_egl.cc:26] GLDisplayEGL::Initialize failed.
10-04 21:37:35 [NAPCAT] [12910:1004/213734.603529:ERROR:components/viz/service/main/viz_main_impl.cc:189] Exiting GPU process due to errors during initialization
10-04 21:37:35 [NAPCAT] NapCat Shell App Loading...
10-04 21:37:35 [NAPCAT] [launcher] intercepted package.json: /opt/QQ/resources/app/package.json, replacing content
10-04 21:37:35 [NAPCAT] [launcher] Generated relative path: ../../../../root
10-04 21:37:35 [NAPCAT] [launcher] New main field: "main": "../../../../root/loadNapCat.js"
10-04 21:37:35 [NAPCAT] [launcher] package.json content: {
10-04 21:37:35 [NAPCAT]   "name": "QQ",
10-04 21:37:35 [NAPCAT]   "version": "3.2.33-52892",
10-04 21:37:35 [NAPCAT]   "private": true,
10-04 21:37:35 [NAPCAT]   "description": "QQ",
10-04 21:37:35 [NAPCAT]   "productName": "QQ",
10-04 21:37:35 [NAPCAT]   "author": {
10-04 21:37:35 [NAPCAT]     "name": "Tencent",
10-04 21:37:35 [NAPCAT]     "email": "QQ-Team@tencent.com"
10-04 21:37:35 [NAPCAT]   },
10-04 21:37:35 [NAPCAT]   "homepage": "https://im.qq.com",
10-04 21:37:35 [NAPCAT]   "sideEffects": true,
10-04 21:37:35 [NAPCAT]   "bin": {
10-04 21:37:35 [NAPCAT]     "qd": "externals/devtools/cli/index.js"
10-04 21:37:35 [NAPCAT]   },
10-04 21:37:35 [NAPCAT]   "appid": {
10-04 21:37:35 [NAPCAT]     "win32": "537382716",
10-04 21:37:35 [NAPCAT]     "darwin": "537382742",
10-04 21:37:35 [NAPCAT]     "linux": "537382753",
10-04 21:37:35 [NAPCAT]     "ohos": "5373141859"
10-04 21:37:35 [NAPCAT]   },
10-04 21:37:35 [NAPCAT]   "main": "../../../../root/loadNapCat.js",
10-04 21:37:35 [NAPCAT]   "peerDependenciesMeta": {
10-04 21:37:35 [NAPCAT]     "*": {
10-04 21:37:35 [NAPCAT]       "optional": true
10-04 21:37:35 [NAPCAT]     }
10-04 21:37:36 [NAPCAT]   },
10-04 21:37:36 [NAPCAT]   "pnpm": {
10-04 21:37:36 [NAPCAT]     "patchedDependencies": {
10-04 21:37:36 [NAPCAT]       "@vue/runtime-dom@3.5.12": "patches/@vue__runtime-dom@3.5.12.patch",
10-04 21:37:36 [NAPCAT]       "@swc/helpers@0.5.3": "patches/@swc__helpers@0.5.3.patch",
10-04 21:37:36 [NAPCAT]       "vuex@4.1.0": "patches/vuex@4.1.0.patch",
10-04 21:37:36 [NAPCAT]       "typescript-parser@2.6.1": "patches/typescript-parser@2.6.1.patch",
10-04 21:37:36 [NAPCAT]       "@tencent/qqplay-downloadsdk": "patches/@tencent__qqplay-downloadsdk.patch",
10-04 21:37:36 [NAPCAT]       "@tencent/universal-report@4.5.4": "patches/@tencent__universal-report@4.5.4.patch",
10-04 21:37:36 [NAPCAT]       "typescript@7.0.2": "patches/typescript@7.0.2.patch"
10-04 21:37:36 [NAPCAT]     },
10-04 21:37:36 [NAPCAT]     "packageExtensions": {
10-04 21:37:36 [NAPCAT]       "qute": {
10-04 21:37:36 [NAPCAT]         "dependencies": {},
10-04 21:37:36 [NAPCAT]         "devDependencies": {}
10-04 21:37:36 [NAPCAT]       }
10-04 21:37:36 [NAPCAT]     },
10-04 21:37:36 [NAPCAT]     "overrides": {
10-04 21:37:36 [NAPCAT]       "@types/react": "-",
10-04 21:37:36 [NAPCAT]       "@types/react-dom": "-",
10-04 21:37:36 [NAPCAT]       "@tencent/yuanbao-react-markdown>@types/hast": "-",
10-04 21:37:36 [NAPCAT]       "@tencent/yuanbao-react-markdown>devlop": "-",
10-04 21:37:36 [NAPCAT]       "@tencent/yuanbao-react-markdown>hast-util-to-jsx-runtime": "-",
10-04 21:37:36 [NAPCAT]       "@tencent/yuanbao-react-markdown>html-url-attributes": "-",
10-04 21:37:36 [NAPCAT]       "@tencent/yuanbao-react-markdown>mdast-util-to-hast": "-",
10-04 21:37:36 [NAPCAT]       "@tencent/yuanbao-react-markdown>rehype-parse": "-",
10-04 21:37:36 [NAPCAT]       "@tencent/yuanbao-react-markdown>rehype-stringify": "-",
10-04 21:37:36 [NAPCAT]       "@tencent/yuanbao-react-markdown>remark-parse": "-",
10-04 21:37:36 [NAPCAT]       "@tencent/yuanbao-react-markdown>remark-rehype": "-",
10-04 21:37:36 [NAPCAT]       "@tencent/yuanbao-react-markdown>unified": "-",
10-04 21:37:36 [NAPCAT]       "@tencent/yuanbao-react-markdown>unist-util-visit": "-",
10-04 21:37:36 [NAPCAT]       "@tencent/yuanbao-react-markdown>vfile": "-",
10-04 21:37:36 [NAPCAT]       "@types/d3-dispatch": "3.0.6"
10-04 21:37:36 [NAPCAT]     }
10-04 21:37:36 [NAPCAT]   },
10-04 21:37:36 [NAPCAT]   "buildVersion": "52892",
10-04 21:37:36 [NAPCAT]   "platform": "linux",
10-04 21:37:36 [NAPCAT]   "eleArch": "arm64",
10-04 21:37:36 [NAPCAT]   "linuxFormat": "deb"
10-04 21:37:36 [NAPCAT] }
10-04 21:37:36 [NAPCAT] prepare write and writev hooks
10-04 21:37:36 [NAPCAT] 10-04 21:37:35 [info] [PacketHandler] 加载成功
10-04 21:37:36 [NAPCAT] 10-04 21:37:35 [info] [Napi2NativeLoader] 加载成功
10-04 21:37:36 [NAPCAT] 10-04 21:37:35 [info] [FFmpeg] 检查 Native Addon 可用性...
10-04 21:37:36 [NAPCAT] 10-04 21:37:35 [info] [FFmpeg] ✓ 使用 Native Addon 适配器
10-04 21:37:36 [NAPCAT] 10-04 21:37:35 [info] [PacketHandler] 初始化成功
10-04 21:37:37 [NAPCAT] 10-04 21:37:35 [info] [NapCat] [Core] NapCat.Core Version: 4.18.29
10-04 21:37:37 [NAPCAT] [I] <MemoryFile.cpp:98::open> open fd[0x27], /root/.config/QQ/nt_qq/global/nt_data/mmkv/nt_mmkv_global_misc.crc
10-04 21:37:37 [NAPCAT] [I] <MMKV_IO.cpp:213::loadMetaInfoAndCheck> meta file [nt_mmkv_global_misc] has flag [0]
10-04 21:37:37 [NAPCAT] [I] <MMKV_IO.cpp:87::loadFromFile> loading [nt_mmkv_global_misc] with 77 actual size, file size 4096, InterProcess 1, meta info version:4
10-04 21:37:37 [NAPCAT] [I] <MMKV_IO.cpp:92::loadFromFile> loading [nt_mmkv_global_misc] with crc 1813886533 sequence 1 version 4
10-04 21:37:37 [NAPCAT] [I] <MMKV_IO.cpp:136::loadFromFile> loaded [nt_mmkv_global_misc] with 2 key-values
10-04 21:37:37 [NAPCAT] [I] <MMKV.cpp:233::initializeMMKV> root dir: /root/.config/QQ/nt_qq/global/nt_data/mmkv
10-04 21:37:37 [NAPCAT] [I] <MemoryFile.cpp:98::open> open fd[0x28], /root/.config/QQ/nt_qq/global/nt_data/mmkv/nt_mmkv_o3
10-04 21:37:37 [NAPCAT] [I] <MemoryFile.cpp:98::open> open fd[0x29], /root/.config/QQ/nt_qq/global/nt_data/mmkv/nt_mmkv_o3.crc
10-04 21:37:37 [NAPCAT] [I] <MMKV_IO.cpp:213::loadMetaInfoAndCheck> meta file [nt_mmkv_o3] has flag [0]
10-04 21:37:37 [NAPCAT] [I] <MMKV_IO.cpp:87::loadFromFile> loading [nt_mmkv_o3] with 111 actual size, file size 4096, InterProcess 1, meta info version:4
10-04 21:37:37 [NAPCAT] [I] <MMKV_IO.cpp:92::loadFromFile> loading [nt_mmkv_o3] with crc 3792612646 sequence 1 version 4
10-04 21:37:37 [NAPCAT] [I] <MMKV_IO.cpp:136::loadFromFile> loaded [nt_mmkv_o3] with 2 key-values
10-04 21:37:37 [NAPCAT] 10-04 21:37:35 [error] [NapCat] [UtilityProcess] Worker进程退出，退出码: 11
10-04 21:37:37 [NAPCAT] 10-04 21:37:35 [warn] [NapCat] [UtilityProcess] Worker进程意外退出 (1/3)，正在尝试重新拉起...
10-04 21:37:37 [NAPCAT] [launcher] loadNapCat.js generated in current directory
10-04 21:37:37 [NAPCAT] [13247:1004/213735.682948:ERROR:base/files/file_path_watcher_inotify.cc:923] Failed to read /proc/sys/fs/inotify/max_user_watches
10-04 21:37:37 [NAPCAT] [13247:1004/213735.683316:ERROR:net/base/address_tracker_linux.cc:242] Could not bind NETLINK socket: Permission denied (13)
10-04 21:37:37 [NAPCAT] NapCat Shell App Loading...
10-04 21:37:37 [NAPCAT] [launcher] intercepted package.json: /opt/QQ/resources/app/package.json, replacing content
10-04 21:37:37 [NAPCAT] [launcher] Generated relative path: ../../../../root
10-04 21:37:37 [NAPCAT] [launcher] New main field: "main": "../../../../root/loadNapCat.js"
10-04 21:37:37 [NAPCAT] [launcher] package.json content: {
10-04 21:37:37 [NAPCAT]   "name": "QQ",
10-04 21:37:37 [NAPCAT]   "version": "3.2.33-52892",
10-04 21:37:37 [NAPCAT]   "private": true,
10-04 21:37:37 [NAPCAT]   "description": "QQ",
10-04 21:37:37 [NAPCAT]   "productName": "QQ",
10-04 21:37:37 [NAPCAT]   "author": {
10-04 21:37:37 [NAPCAT]     "name": "Tencent",
10-04 21:37:37 [NAPCAT]     "email": "QQ-Team@tencent.com"
10-04 21:37:37 [NAPCAT]   },
10-04 21:37:37 [NAPCAT]   "homepage": "https://im.qq.com",
10-04 21:37:37 [NAPCAT]   "sideEffects": true,
10-04 21:37:37 [NAPCAT]   "bin": {
10-04 21:37:37 [NAPCAT]     "qd": "externals/devtools/cli/index.js"
10-04 21:37:37 [NAPCAT]   },
10-04 21:37:37 [NAPCAT]   "appid": {
10-04 21:37:37 [NAPCAT]     "win32": "537382716",
10-04 21:37:37 [NAPCAT]     "darwin": "537382742",
10-04 21:37:37 [NAPCAT]     "linux": "537382753",
10-04 21:37:37 [NAPCAT]     "ohos": "5373141859"
10-04 21:37:37 [NAPCAT]   },
10-04 21:37:37 [NAPCAT]   "main": "../../../../root/loadNapCat.js",
10-04 21:37:37 [NAPCAT]   "peerDependenciesMeta": {
10-04 21:37:37 [NAPCAT]     "*": {
10-04 21:37:37 [NAPCAT]       "optional": true
10-04 21:37:37 [NAPCAT]     }
10-04 21:37:37 [NAPCAT]   },
10-04 21:37:38 [NAPCAT]   "pnpm": {
10-04 21:37:38 [NAPCAT]     "patchedDependencies": {
10-04 21:37:38 [NAPCAT]       "@vue/runtime-dom@3.5.12": "patches/@vue__runtime-dom@3.5.12.patch",
10-04 21:37:38 [NAPCAT]       "@swc/helpers@0.5.3": "patches/@swc__helpers@0.5.3.patch",
10-04 21:37:38 [NAPCAT]       "vuex@4.1.0": "patches/vuex@4.1.0.patch",
10-04 21:37:38 [NAPCAT]       "typescript-parser@2.6.1": "patches/typescript-parser@2.6.1.patch",
10-04 21:37:38 [NAPCAT]       "@tencent/qqplay-downloadsdk": "patches/@tencent__qqplay-downloadsdk.patch",
10-04 21:37:38 [NAPCAT]       "@tencent/universal-report@4.5.4": "patches/@tencent__universal-report@4.5.4.patch",
10-04 21:37:38 [NAPCAT]       "typescript@7.0.2": "patches/typescript@7.0.2.patch"
10-04 21:37:38 [NAPCAT]     },
10-04 21:37:38 [NAPCAT]     "packageExtensions": {
10-04 21:37:38 [NAPCAT]       "qute": {
10-04 21:37:38 [NAPCAT]         "dependencies": {},
10-04 21:37:38 [NAPCAT]         "devDependencies": {}
10-04 21:37:38 [NAPCAT]       }
10-04 21:37:38 [NAPCAT]     },
10-04 21:37:38 [NAPCAT]     "overrides": {
10-04 21:37:38 [NAPCAT]       "@types/react": "-",
10-04 21:37:38 [NAPCAT]       "@types/react-dom": "-",
10-04 21:37:38 [NAPCAT]       "@tencent/yuanbao-react-markdown>@types/hast": "-",
10-04 21:37:38 [NAPCAT]       "@tencent/yuanbao-react-markdown>devlop": "-",
10-04 21:37:38 [NAPCAT]       "@tencent/yuanbao-react-markdown>hast-util-to-jsx-runtime": "-",
10-04 21:37:38 [NAPCAT]       "@tencent/yuanbao-react-markdown>html-url-attributes": "-",
10-04 21:37:38 [NAPCAT]       "@tencent/yuanbao-react-markdown>mdast-util-to-hast": "-",
10-04 21:37:38 [NAPCAT]       "@tencent/yuanbao-react-markdown>rehype-parse": "-",
10-04 21:37:38 [NAPCAT]       "@tencent/yuanbao-react-markdown>rehype-stringify": "-",
10-04 21:37:38 [NAPCAT]       "@tencent/yuanbao-react-markdown>remark-parse": "-",
10-04 21:37:38 [NAPCAT]       "@tencent/yuanbao-react-markdown>remark-rehype": "-",
10-04 21:37:38 [NAPCAT]       "@tencent/yuanbao-react-markdown>unified": "-",
10-04 21:37:38 [NAPCAT]       "@tencent/yuanbao-react-markdown>unist-util-visit": "-",
10-04 21:37:38 [NAPCAT]       "@tencent/yuanbao-react-markdown>vfile": "-",
10-04 21:37:38 [NAPCAT]       "@types/d3-dispatch": "3.0.6"
10-04 21:37:38 [NAPCAT]     }
10-04 21:37:38 [NAPCAT]   },
10-04 21:37:38 [NAPCAT]   "buildVersion": "52892",
10-04 21:37:38 [NAPCAT]   "platform": "linux",
10-04 21:37:38 [NAPCAT]   "eleArch": "arm64",
10-04 21:37:38 [NAPCAT]   "linuxFormat": "deb"
10-04 21:37:38 [NAPCAT] }
10-04 21:37:38 [NAPCAT] prepare write and writev hooks
10-04 21:37:38 [NAPCAT] 10-04 21:37:36 [info] [PacketHandler] 加载成功
10-04 21:37:38 [NAPCAT] 10-04 21:37:36 [info] [Napi2NativeLoader] 加载成功
10-04 21:37:38 [NAPCAT] 10-04 21:37:36 [info] [FFmpeg] 检查 Native Addon 可用性...
10-04 21:37:38 [NAPCAT] 10-04 21:37:36 [info] [FFmpeg] ✓ 使用 Native Addon 适配器
10-04 21:37:38 [NAPCAT] 10-04 21:37:36 [info] [PacketHandler] 初始化成功
10-04 21:37:39 [NAPCAT] 10-04 21:37:36 [info] [NapCat] [Core] NapCat.Core Version: 4.18.29
10-04 21:37:39 [NAPCAT] [I] <MemoryFile.cpp:98::open> open fd[0x25], /root/.config/QQ/nt_qq/global/nt_data/mmkv/nt_mmkv_global_misc
10-04 21:37:39 [NAPCAT] [I] <MMKV.cpp:233::initializeMMKV> root dir: /root/.config/QQ/nt_qq/global/nt_data/mmkv
10-04 21:37:39 [NAPCAT] [I] <MemoryFile.cpp:98::open> open fd[0x27], /root/.config/QQ/nt_qq/global/nt_data/mmkv/nt_mmkv_global_misc.crc
10-04 21:37:39 [NAPCAT] [I] <MMKV_IO.cpp:213::loadMetaInfoAndCheck> meta file [nt_mmkv_global_misc] has flag [0]
10-04 21:37:39 [NAPCAT] [I] <MMKV_IO.cpp:87::loadFromFile> loading [nt_mmkv_global_misc] with 77 actual size, file size 4096, InterProcess 1, meta info version:4
10-04 21:37:39 [NAPCAT] [I] <MMKV_IO.cpp:92::loadFromFile> loading [nt_mmkv_global_misc] with crc 1813886533 sequence 1 version 4
10-04 21:37:39 [NAPCAT] [I] <MMKV_IO.cpp:136::loadFromFile> loaded [nt_mmkv_global_misc] with 2 key-values
10-04 21:37:39 [NAPCAT] [I] <MemoryFile.cpp:98::open> open fd[0x28], /root/.config/QQ/nt_qq/global/nt_data/mmkv/nt_mmkv_o3
10-04 21:37:39 [NAPCAT] [I] <MemoryFile.cpp:98::open> open fd[0x29], /root/.config/QQ/nt_qq/global/nt_data/mmkv/nt_mmkv_o3.crc
10-04 21:37:39 [NAPCAT] [I] <MMKV_IO.cpp:213::loadMetaInfoAndCheck> meta file [nt_mmkv_o3] has flag [0]
10-04 21:37:39 [NAPCAT] [I] <MMKV_IO.cpp:87::loadFromFile> loading [nt_mmkv_o3] with 111 actual size, file size 4096, InterProcess 1, meta info version:4
10-04 21:37:39 [NAPCAT] [I] <MMKV_IO.cpp:92::loadFromFile> loading [nt_mmkv_o3] with crc 3792612646 sequence 1 version 4
10-04 21:37:39 [NAPCAT] [I] <MMKV_IO.cpp:136::loadFromFile> loaded [nt_mmkv_o3] with 2 key-values
10-04 21:37:39 [NAPCAT] 10-04 21:37:37 [error] [NapCat] [UtilityProcess] Worker进程退出，退出码: 11
10-04 21:37:39 [NAPCAT] 10-04 21:37:37 [warn] [NapCat] [UtilityProcess] Worker进程意外退出 (2/3)，正在尝试重新拉起...
10-04 21:37:39 [NAPCAT] [launcher] loadNapCat.js generated in current directory
10-04 21:37:39 [NAPCAT] [13704:1004/213737.263523:ERROR:net/base/address_tracker_linux.cc:242] Could not bind NETLINK socket: Permission denied (13)
10-04 21:37:39 [NAPCAT] [13704:1004/213737.264092:ERROR:base/files/file_path_watcher_inotify.cc:923] Failed to read /proc/sys/fs/inotify/max_user_watches
10-04 21:37:39 [NAPCAT] NapCat Shell App Loading...
10-04 21:37:39 [NAPCAT] [launcher] intercepted package.json: /opt/QQ/resources/app/package.json, replacing content
10-04 21:37:39 [NAPCAT] [launcher] Generated relative path: ../../../../root
10-04 21:37:39 [NAPCAT] [launcher] New main field: "main": "../../../../root/loadNapCat.js"
10-04 21:37:39 [NAPCAT] [launcher] package.json content: {
10-04 21:37:39 [NAPCAT]   "name": "QQ",
10-04 21:37:39 [NAPCAT]   "version": "3.2.33-52892",
10-04 21:37:39 [NAPCAT]   "private": true,
10-04 21:37:39 [NAPCAT]   "description": "QQ",
10-04 21:37:39 [NAPCAT]   "productName": "QQ",
10-04 21:37:39 [NAPCAT]   "author": {
10-04 21:37:39 [NAPCAT]     "name": "Tencent",
10-04 21:37:39 [NAPCAT]     "email": "QQ-Team@tencent.com"
10-04 21:37:39 [NAPCAT]   },
10-04 21:37:39 [NAPCAT]   "homepage": "https://im.qq.com",
10-04 21:37:39 [NAPCAT]   "sideEffects": true,
10-04 21:37:39 [NAPCAT]   "bin": {
10-04 21:37:39 [NAPCAT]     "qd": "externals/devtools/cli/index.js"
10-04 21:37:39 [NAPCAT]   },
10-04 21:37:39 [NAPCAT]   "appid": {
10-04 21:37:39 [NAPCAT]     "win32": "537382716",
10-04 21:37:39 [NAPCAT]     "darwin": "537382742",
10-04 21:37:39 [NAPCAT]     "linux": "537382753",
10-04 21:37:39 [NAPCAT]     "ohos": "5373141859"
10-04 21:37:39 [NAPCAT]   },
10-04 21:37:39 [NAPCAT]   "main": "../../../../root/loadNapCat.js",
10-04 21:37:39 [NAPCAT]   "peerDependenciesMeta": {
10-04 21:37:39 [NAPCAT]     "*": {
10-04 21:37:39 [NAPCAT]       "optional": true
10-04 21:37:39 [NAPCAT]     }
10-04 21:37:39 [NAPCAT]   },
10-04 21:37:39 [NAPCAT]   "pnpm": {
10-04 21:37:39 [NAPCAT]     "patchedDependencies": {
10-04 21:37:39 [NAPCAT]       "@vue/runtime-dom@3.5.12": "patches/@vue__runtime-dom@3.5.12.patch",
10-04 21:37:39 [NAPCAT]       "@swc/helpers@0.5.3": "patches/@swc__helpers@0.5.3.patch",
10-04 21:37:39 [NAPCAT]       "vuex@4.1.0": "patches/vuex@4.1.0.patch",
10-04 21:37:40 [NAPCAT]       "typescript-parser@2.6.1": "patches/typescript-parser@2.6.1.patch",
10-04 21:37:40 [NAPCAT]       "@tencent/qqplay-downloadsdk": "patches/@tencent__qqplay-downloadsdk.patch",
10-04 21:37:40 [NAPCAT]       "@tencent/universal-report@4.5.4": "patches/@tencent__universal-report@4.5.4.patch",
10-04 21:37:40 [NAPCAT]       "typescript@7.0.2": "patches/typescript@7.0.2.patch"
10-04 21:37:40 [NAPCAT]     },
10-04 21:37:40 [NAPCAT]     "packageExtensions": {
10-04 21:37:40 [NAPCAT]       "qute": {
10-04 21:37:40 [NAPCAT]         "dependencies": {},
10-04 21:37:40 [NAPCAT]         "devDependencies": {}
10-04 21:37:40 [NAPCAT]       }
10-04 21:37:40 [NAPCAT]     },
10-04 21:37:40 [NAPCAT]     "overrides": {
10-04 21:37:40 [NAPCAT]       "@types/react": "-",
10-04 21:37:40 [NAPCAT]       "@types/react-dom": "-",
10-04 21:37:40 [NAPCAT]       "@tencent/yuanbao-react-markdown>@types/hast": "-",
10-04 21:37:40 [NAPCAT]       "@tencent/yuanbao-react-markdown>devlop": "-",
10-04 21:37:40 [NAPCAT]       "@tencent/yuanbao-react-markdown>hast-util-to-jsx-runtime": "-",
10-04 21:37:40 [NAPCAT]       "@tencent/yuanbao-react-markdown>html-url-attributes": "-",
10-04 21:37:40 [NAPCAT]       "@tencent/yuanbao-react-markdown>mdast-util-to-hast": "-",
10-04 21:37:40 [NAPCAT]       "@tencent/yuanbao-react-markdown>rehype-parse": "-",
10-04 21:37:40 [NAPCAT]       "@tencent/yuanbao-react-markdown>rehype-stringify": "-",
10-04 21:37:40 [NAPCAT]       "@tencent/yuanbao-react-markdown>remark-parse": "-",
10-04 21:37:40 [NAPCAT]       "@tencent/yuanbao-react-markdown>remark-rehype": "-",
10-04 21:37:40 [NAPCAT]       "@tencent/yuanbao-react-markdown>unified": "-",
10-04 21:37:40 [NAPCAT]       "@tencent/yuanbao-react-markdown>unist-util-visit": "-",
10-04 21:37:40 [NAPCAT]       "@tencent/yuanbao-react-markdown>vfile": "-",
10-04 21:37:40 [NAPCAT]       "@types/d3-dispatch": "3.0.6"
10-04 21:37:40 [NAPCAT]     }
10-04 21:37:40 [NAPCAT]   },
10-04 21:37:40 [NAPCAT]   "buildVersion": "52892",
10-04 21:37:40 [NAPCAT]   "platform": "linux",
10-04 21:37:40 [NAPCAT]   "eleArch": "arm64",
10-04 21:37:40 [NAPCAT]   "linuxFormat": "deb"
10-04 21:37:40 [NAPCAT] }
10-04 21:37:40 [NAPCAT] prepare write and writev hooks
10-04 21:37:40 [NAPCAT] 10-04 21:37:38 [info] [PacketHandler] 加载成功
10-04 21:37:40 [NAPCAT] 10-04 21:37:38 [info] [Napi2NativeLoader] 加载成功
10-04 21:37:40 [NAPCAT] 10-04 21:37:38 [info] [FFmpeg] 检查 Native Addon 可用性...
10-04 21:37:40 [NAPCAT] 10-04 21:37:38 [info] [FFmpeg] ✓ 使用 Native Addon 适配器
10-04 21:37:40 [NAPCAT] 10-04 21:37:38 [info] [PacketHandler] 初始化成功
10-04 21:37:40 [NAPCAT] 10-04 21:37:38 [info] [NapCat] [Core] NapCat.Core Version: 4.18.29
10-04 21:37:40 [NAPCAT] [I] <MemoryFile.cpp:98::open> open fd[0x24], /root/.config/QQ/nt_qq/global/nt_data/mmkv/nt_mmkv_global_misc
10-04 21:37:40 [NAPCAT] [I] <MemoryFile.cpp:98::open> open fd[0x27], /root/.config/QQ/nt_qq/global/nt_data/mmkv/nt_mmkv_global_misc.crc
10-04 21:37:40 [NAPCAT] [I] <MMKV_IO.cpp:213::loadMetaInfoAndCheck> meta file [nt_mmkv_global_misc] has flag [0]
10-04 21:37:40 [NAPCAT] [I] <MMKV_IO.cpp:87::loadFromFile> loading [nt_mmkv_global_misc] with 77 actual size, file size 4096, InterProcess 1, meta info version:4
10-04 21:37:40 [NAPCAT] [I] <MMKV_IO.cpp:92::loadFromFile> loading [nt_mmkv_global_misc] with crc 1813886533 sequence 1 version 4
10-04 21:37:40 [NAPCAT] [I] <MMKV_IO.cpp:136::loadFromFile> loaded [nt_mmkv_global_misc] with 2 key-values
10-04 21:37:40 [NAPCAT] [I] <MMKV.cpp:233::initializeMMKV> root dir: /root/.config/QQ/nt_qq/global/nt_data/mmkv
10-04 21:37:40 [NAPCAT] [I] <MemoryFile.cpp:98::open> open fd[0x28], /root/.config/QQ/nt_qq/global/nt_data/mmkv/nt_mmkv_o3
10-04 21:37:40 [NAPCAT] [I] <MemoryFile.cpp:98::open> open fd[0x29], /root/.config/QQ/nt_qq/global/nt_data/mmkv/nt_mmkv_o3.crc
10-04 21:37:40 [NAPCAT] [I] <MMKV_IO.cpp:213::loadMetaInfoAndCheck> meta file [nt_mmkv_o3] has flag [0]
10-04 21:37:41 [NAPCAT] [I] <MMKV_IO.cpp:87::loadFromFile> loading [nt_mmkv_o3] with 111 actual size, file size 4096, InterProcess 1, meta info version:4
10-04 21:37:41 [NAPCAT] [I] <MMKV_IO.cpp:92::loadFromFile> loading [nt_mmkv_o3] with crc 3792612646 sequence 1 version 4
10-04 21:37:41 [NAPCAT] [I] <MMKV_IO.cpp:136::loadFromFile> loaded [nt_mmkv_o3] with 2 key-values
10-04 21:37:41 [NAPCAT] 10-04 21:37:38 [error] [NapCat] [UtilityProcess] Worker进程退出，退出码: 11
10-04 21:37:41 [NAPCAT] 10-04 21:37:38 [error] [NapCat] [UtilityProcess] Worker进程在 10 秒内异常退出 3 次，主进程退出
10-04 21:37:41 [NAPCAT] 10-04 21:37:38 [warn] [NapCat] [UtilityProcess] Worker进程意外退出 (3/3)，正在尝试重新拉起...
10-04 21:37:41 [NAPCAT] [launcher] loadNapCat.js generated in current directory
10-04 21:37:57 [AstrBot Android] NapCat 启动中…（已等待 30 秒，QQ 首次引导较慢）
10-04 21:38:27 [AstrBot Android] NapCat 启动中…（已等待 60 秒，QQ 首次引导较慢）
10-04 21:38:57 [AstrBot Android] NapCat 启动中…（已等待 90 秒，QQ 首次引导较慢）
10-04 21:39:28 [AstrBot Android] NapCat 启动中…（已等待 120 秒，QQ 首次引导较慢）
