
===== AstrBot 引擎会话开始 10-06 00:38:10 =====
10-06 00:38:10 启动脚本已与 APK 资产对齐（v2.28.1 每次启动强制刷新）
10-06 00:38:10 AstrBot 机器人开关已关闭：本次仅启动 NapCat（手环 QQ 直连），不安装/启动 AstrBot
10-06 00:38:10 拉起容器（proot → astrbot-startup.sh）…
10-06 00:38:10 [AstrBot Android] resolv.conf 已重写（原: nameserver 8.8.8.8 → 公共解析器x4）
10-06 00:38:10 [AstrBot Android] DNS 自检通过（getent 解析正常）
10-06 00:38:10 [STAGE:5:仅 NapCat 模式（AstrBot 机器人开关已关闭）]
10-06 00:38:10 [31m- 仅 NapCat 模式（AstrBot 机器人开关已关闭）[0m
10-06 00:38:11 [STAGE:10:检查基础命令（git/curl）]
10-06 00:38:11 [31m- 检查基础命令（git/curl）[0m
10-06 00:38:11 [31m- 基础命令已安装[0m
10-06 00:38:11 [AstrBot Android] NapCat 就绪检查未通过，缺失项：
10-06 00:38:11   [AstrBot Android] missing NapCat launcher: /root/launcher.sh
10-06 00:38:11   [AstrBot Android] missing NapCat launcher library: /root/libnapcat_launcher.so
10-06 00:38:11   [AstrBot Android] missing NapCat directory: /root/napcat
10-06 00:38:11 [AstrBot Android] NapCat 框架或 LinuxQQ 缺失，走全量重装
10-06 00:38:11 [STAGE:45:安装 NapCat（QQ↔OneBot 协议桥，含依赖，约 2~5 分钟）]
10-06 00:38:11 [31m- 安装 NapCat（QQ↔OneBot 协议桥，含依赖，约 2~5 分钟）[0m
10-06 00:38:11 [31m- Napcat 未安装，安装中...[0m
10-06 00:38:11 WARNING: apt does not have a stable CLI interface. Use with caution in scripts.
10-06 00:38:11 Reading package lists...
10-06 00:38:11 Building dependency tree...
10-06 00:38:11 Reading state information...
10-06 00:38:12 0 upgraded, 0 newly installed, 0 to remove and 102 not upgraded.
10-06 00:38:12 LinuxQQ 已安装
10-06 00:38:12 Napcat 未安装，安装中...
10-06 00:38:12 开始网络测试: Github...
10-06 00:38:15 将使用Github代理: https://ghfast.top（多源竞速）
10-06 00:38:15 下载源: https://ghfast.top → install.sh
10-06 00:38:15   % Total    % Received % Xferd  Average Speed   Time    Time     Time  Current
10-06 00:38:15                                  Dload  Upload   Total   Spent    Left  Speed
10-06 00:38:16   0     0    0     0    0     0      0      0 --:--:-- --:--:-- --:--:--     0
10-06 00:38:16   0     0    0     0    0     0      0      0 --:--:-- --:--:-- --:--:--     0
10-06 00:38:16 100  9610  100  9610    0     0   8925      0  0:00:01  0:00:01 --:--:--  8931
10-06 00:38:16 [AstrBot Android] NapCat 构建依赖已齐备（跳过 apt-get update 快速通道）
10-06 00:38:17 检测到有效 NapCat 离线包，跳过预下载
10-06 00:38:17 [H[2J[3J[0;1;34;94m[2026-10-06 00:38:17]: NapCat Shell 安装脚本 [0m
10-06 00:38:17 [0;1;34;94m[2026-10-06 00:38:17]: 脚本正在以 root 权限运行。 [0m
10-06 00:38:17 [0;1;34;94m[2026-10-06 00:38:17]: 开始更新依赖... [0m
10-06 00:38:17 [0;1;34;94m[2026-10-06 00:38:17]: 当前高级包管理器: apt-get [0m
10-06 00:38:17 [0;1;33;93m[2026-10-06 00:38:17]: 依赖已齐备，跳过 apt-get update（BandQQ 快速通道） [0m
10-06 00:38:18 [0;1;32;92m[2026-10-06 00:38:18]: 依赖安装成功... [0m
10-06 00:38:18 [0;1;33;93m[2026-10-06 00:38:18]: 检测到已下载NapCat安装包,跳过下载... [0m
10-06 00:38:18 [0;1;34;94m[2026-10-06 00:38:18]: 正在验证 NapCat.Shell.zip... [0m
10-06 00:38:19 [0;1;34;94m[2026-10-06 00:38:19]: 正在解压 NapCat.Shell.zip... [0m
10-06 00:38:21 [0;1;33;93m[2026-10-06 00:38:21]: LinuxQQ 已由 AstrBot Android 安装，跳过上游重复安装 [0m
10-06 00:38:21 [0;1;34;94m[2026-10-06 00:38:21]: 当前系统架构: arm64 [0m
10-06 00:38:21 [0;1;34;94m[2026-10-06 00:38:21]: 开始网络测试: Github... [0m
10-06 00:38:21 [0;1;34;94m[2026-10-06 00:38:21]: 测试代理: https://ghfast.top [0m
10-06 00:38:22 [0;1;34;94m[2026-10-06 00:38:22]: 将使用Github代理: https://ghfast.top [0m
10-06 00:38:22 [0;1;34;94m[2026-10-06 00:38:22]: 开始下载 launcher.cpp ... [0m
10-06 00:38:22 #=#=#                                                                          
10-06 00:38:23 ##O#-#                                                                         
10-06 00:38:23 ##O=#  #                                                                       
10-06 00:38:23 #=#=-#  #                                                                      
10-06 00:38:23 -#O#- #   #                                                                    
10-06 00:38:23 ######################################################################## 100.0%
10-06 00:38:23 [0;1;32;92m[2026-10-06 00:38:23]: launcher.cpp 下载成功。 [0m
10-06 00:38:23 [0;1;34;94m[2026-10-06 00:38:23]: 正在编译 libnapcat_launcher.so ... [0m
10-06 00:38:24 [0;1;32;92m[2026-10-06 00:38:24]: libnapcat_launcher.so 编译成功。 [0m
10-06 00:38:24 [0;1;34;94m[2026-10-06 00:38:24]: 启动步骤: [0m
10-06 00:38:24 [0;1;34;94m[2026-10-06 00:38:24]: 输入 Xvfb :1 -screen 0 1x1x8 +extension GLX +render > /dev/null 2>&1 & [0m
10-06 00:38:24 [0;1;34;94m[2026-10-06 00:38:24]: 输入 export DISPLAY=:1 [0m
10-06 00:38:24 [0;1;34;94m[2026-10-06 00:38:24]: 输入 sudo su [0m
10-06 00:38:24 [0;1;34;94m[2026-10-06 00:38:24]: 输入 LD_PRELOAD=./libnapcat_launcher.so qq --no-sandbox [0m
10-06 00:38:24 [0;1;34;94m[2026-10-06 00:38:24]: 或直接运行 sudo bash ./launcher.sh 启动 NapCat Shell [0m
10-06 00:38:24 恢复 NapCat 配置目录...
10-06 00:38:25 [AstrBot Android] 反检测状态：全开（hook/window/module/process/container/js 六项 + o3HookMode）
10-06 00:38:25 反检测已开启：napcat.json（六项 + o3HookMode）
10-06 00:38:25 反检测已开启：napcat_3836305211.json（六项 + o3HookMode）
10-06 00:38:25 反检测已开启：napcat_protocol_3836305211.json（六项 + o3HookMode）
10-06 00:38:25 [AstrBot Android] 反检测配置已更新（重启 NapCat 生效，看门狗/启动链会自动重启）
10-06 00:38:25 [STAGE:55:NapCat 安装完成]
10-06 00:38:25 [31m- NapCat 安装完成[0m
10-06 00:38:26 [31m- Napcat 已安装[0m
10-06 00:38:26 [AstrBot Android] 反检测状态：全开（hook/window/module/process/container/js 六项 + o3HookMode）
10-06 00:38:26 [AstrBot Android] 反检测状态：全开（hook/window/module/process/container/js 六项 + o3HookMode）
10-06 00:38:26 [STAGE:90:启动 NapCat（首次需扫码登录 QQ，Token 在 App「密码与登录」卡复制）]
10-06 00:38:26 [31m- 启动 NapCat（首次需扫码登录 QQ，Token 在 App「密码与登录」卡复制）[0m
10-06 00:38:26 [31m- NapCat 启动中[0m
10-06 00:38:27 [AstrBot Android] NapCat 已后台拉起（控制台: /root/napcat/napcat-console.log）
10-06 00:38:27 [AstrBot Android] QQ 登录完成后 OneBot :3001/:3000 自动可用；未登录时打开 WebUI :5099 扫码
10-06 00:38:27 [AstrBot Android] NapCat 看门狗已启动（2 分钟巡检：进程保活 + 崩溃自愈阶梯 + 版本钉扎强制执行 + 登录后配置自动升级重启）
10-06 00:38:27 [STAGE:92:NapCat 启动中（QQ 引导完成后 :3001/:3000 生效；AstrBot 已按开关关闭）]
10-06 00:38:27 [31m- NapCat 启动中（QQ 引导完成后 :3001/:3000 生效；AstrBot 已按开关关闭）[0m
10-06 00:38:27 [NAPCAT] [launcher] loadNapCat.js generated in current directory
10-06 00:38:27 [NAPCAT] not mini app. 
10-06 00:38:27 [NAPCAT] [launcher] loadNapCat.js generated in current directory
10-06 00:38:27 [NAPCAT] [preload] succeeded. /opt/QQ/resources/app/major.node
10-06 00:38:27 [NAPCAT] [launcher] loadNapCat.js generated in current directory
10-06 00:38:27 [NAPCAT] [preload] succeeded. /opt/QQ/resources/app/major.node
10-06 00:38:27 [NAPCAT] [25072:1006/003827.842298:ERROR:base/files/file_path_watcher_inotify.cc:923] Failed to read /proc/sys/fs/inotify/max_user_watches
10-06 00:38:27 [NAPCAT] [25071:1006/003827.842668:ERROR:base/files/file_path_watcher_inotify.cc:923] Failed to read /proc/sys/fs/inotify/max_user_watches
10-06 00:38:28 [NAPCAT] [25024:1006/003827.885948:ERROR:dbus/bus.cc:406] Failed to connect to the bus: Failed to connect to socket /run/dbus/system_bus_socket: No such file or director
10-06 00:38:28 [NAPCAT] resourcesPath: /opt/QQ/resources
10-06 00:38:28 [NAPCAT] [launcher] intercepted package.json: /opt/QQ/resources/app/package.json, replacing content
10-06 00:38:28 [NAPCAT] [launcher] Generated relative path: ../../../../root
10-06 00:38:28 [NAPCAT] [launcher] New main field: "main": "../../../../root/loadNapCat.js"
10-06 00:38:28 [NAPCAT] [launcher] package.json content: {
10-06 00:38:28 [NAPCAT]   "name": "QQ",
10-06 00:38:28 [NAPCAT]   "version": "3.2.33-52892",
10-06 00:38:28 [NAPCAT]   "private": true,
10-06 00:38:28 [NAPCAT]   "description": "QQ",
10-06 00:38:28 [NAPCAT]   "productName": "QQ",
10-06 00:38:28 [NAPCAT]   "author": {
10-06 00:38:28 [NAPCAT]     "name": "Tencent",
10-06 00:38:28 [NAPCAT]     "email": "QQ-Team@tencent.com"
10-06 00:38:28 [NAPCAT]   },
10-06 00:38:28 [NAPCAT]   "homepage": "https://im.qq.com",
10-06 00:38:28 [NAPCAT]   "sideEffects": true,
10-06 00:38:28 [NAPCAT]   "bin": {
10-06 00:38:28 [NAPCAT]     "qd": "externals/devtools/cli/index.js"
10-06 00:38:28 [NAPCAT]   },
10-06 00:38:28 [NAPCAT]   "appid": {
10-06 00:38:28 [NAPCAT]     "win32": "537382716",
10-06 00:38:28 [NAPCAT]     "darwin": "537382742",
10-06 00:38:28 [NAPCAT]     "linux": "537382753",
10-06 00:38:28 [NAPCAT]     "ohos": "5373141859"
10-06 00:38:28 [NAPCAT]   },
10-06 00:38:28 [NAPCAT]   "main": "../../../../root/loadNapCat.js",
10-06 00:38:28 [NAPCAT]   "peerDependenciesMeta": {
10-06 00:38:28 [NAPCAT]     "*": {
10-06 00:38:28 [NAPCAT]       "optional": true
10-06 00:38:28 [NAPCAT]     }
10-06 00:38:28 [NAPCAT]   },
10-06 00:38:28 [NAPCAT]   "pnpm": {
10-06 00:38:29 [NAPCAT]     "patchedDependencies": {
10-06 00:38:29 [NAPCAT]       "@vue/runtime-dom@3.5.12": "patches/@vue__runtime-dom@3.5.12.patch",
10-06 00:38:29 [NAPCAT]       "@swc/helpers@0.5.3": "patches/@swc__helpers@0.5.3.patch",
10-06 00:38:29 [NAPCAT]       "vuex@4.1.0": "patches/vuex@4.1.0.patch",
10-06 00:38:29 [NAPCAT]       "typescript-parser@2.6.1": "patches/typescript-parser@2.6.1.patch",
10-06 00:38:29 [NAPCAT]       "@tencent/qqplay-downloadsdk": "patches/@tencent__qqplay-downloadsdk.patch",
10-06 00:38:29 [NAPCAT]       "@tencent/universal-report@4.5.4": "patches/@tencent__universal-report@4.5.4.patch",
10-06 00:38:29 [NAPCAT]       "typescript@7.0.2": "patches/typescript@7.0.2.patch"
10-06 00:38:29 [NAPCAT]     },
10-06 00:38:29 [NAPCAT]     "packageExtensions": {
10-06 00:38:29 [NAPCAT]       "qute": {
10-06 00:38:29 [NAPCAT]         "dependencies": {},
10-06 00:38:29 [NAPCAT]         "devDependencies": {}
10-06 00:38:29 [NAPCAT]       }
10-06 00:38:29 [NAPCAT]     },
10-06 00:38:29 [NAPCAT]     "overrides": {
10-06 00:38:29 [NAPCAT]       "@types/react": "-",
10-06 00:38:29 [NAPCAT]       "@types/react-dom": "-",
10-06 00:38:29 [NAPCAT]       "@tencent/yuanbao-react-markdown>@types/hast": "-",
10-06 00:38:29 [NAPCAT]       "@tencent/yuanbao-react-markdown>devlop": "-",
10-06 00:38:29 [NAPCAT]       "@tencent/yuanbao-react-markdown>hast-util-to-jsx-runtime": "-",
10-06 00:38:29 [NAPCAT]       "@tencent/yuanbao-react-markdown>html-url-attributes": "-",
10-06 00:38:29 [NAPCAT]       "@tencent/yuanbao-react-markdown>mdast-util-to-hast": "-",
10-06 00:38:29 [NAPCAT]       "@tencent/yuanbao-react-markdown>rehype-parse": "-",
10-06 00:38:29 [NAPCAT]       "@tencent/yuanbao-react-markdown>rehype-stringify": "-",
10-06 00:38:29 [NAPCAT]       "@tencent/yuanbao-react-markdown>remark-parse": "-",
10-06 00:38:29 [NAPCAT]       "@tencent/yuanbao-react-markdown>remark-rehype": "-",
10-06 00:38:29 [NAPCAT]       "@tencent/yuanbao-react-markdown>unified": "-",
10-06 00:38:29 [NAPCAT]       "@tencent/yuanbao-react-markdown>unist-util-visit": "-",
10-06 00:38:29 [NAPCAT]       "@tencent/yuanbao-react-markdown>vfile": "-",
10-06 00:38:29 [NAPCAT]       "@types/d3-dispatch": "3.0.6"
10-06 00:38:29 [NAPCAT]     }
10-06 00:38:29 [NAPCAT]   },
10-06 00:38:29 [NAPCAT]   "buildVersion": "52892",
10-06 00:38:29 [NAPCAT]   "platform": "linux",
10-06 00:38:29 [NAPCAT]   "eleArch": "arm64",
10-06 00:38:29 [NAPCAT]   "linuxFormat": "deb"
10-06 00:38:29 [NAPCAT] }
10-06 00:38:30 [NAPCAT] [25024:1006/003829.772261:ERROR:dbus/bus.cc:406] Failed to connect to the bus: Could not parse server address: Unknown address type (examples of valid types are
10-06 00:38:30 [NAPCAT] [25024:1006/003829.772328:ERROR:dbus/bus.cc:406] Failed to connect to the bus: Could not parse server address: Unknown address type (examples of valid types are
10-06 00:38:30 [NAPCAT] [25024:1006/003829.773314:ERROR:net/base/address_tracker_linux.cc:242] Could not bind NETLINK socket: Permission denied (13)
10-06 00:38:30 [NAPCAT] [25024:1006/003829.773590:ERROR:dbus/bus.cc:406] Failed to connect to the bus: Failed to connect to socket /run/dbus/system_bus_socket: No such file or director
10-06 00:38:30 [NAPCAT] [25024:1006/003829.773731:ERROR:base/files/file_path_watcher_inotify.cc:923] Failed to read /proc/sys/fs/inotify/max_user_watches
10-06 00:38:30 [NAPCAT] [25024:1006/003829.773915:ERROR:dbus/bus.cc:406] Failed to connect to the bus: Failed to connect to socket /run/dbus/system_bus_socket: No such file or director
10-06 00:38:30 [NAPCAT] [25024:1006/003829.813359:ERROR:device/udev_linux/udev_watcher.cc:51] Failed to initialize a udev monitor.
10-06 00:38:30 [NAPCAT] [25024:1006/003829.839447:ERROR:dbus/object_proxy.cc:573] Failed to call method: org.freedesktop.DBus.NameHasOwner: object_path= /org/freedesktop/DBus: unknown 
10-06 00:38:30 [NAPCAT] [25024:1006/003829.839568:ERROR:dbus/object_proxy.cc:573] Failed to call method: org.freedesktop.DBus.NameHasOwner: object_path= /org/freedesktop/DBus: unknown 
10-06 00:38:30 [NAPCAT] [25024:1006/003829.839645:ERROR:dbus/bus.cc:406] Failed to connect to the bus: Could not parse server address: Unknown address type (examples of valid types are
10-06 00:38:30 [NAPCAT] [25024:1006/003829.839678:ERROR:dbus/bus.cc:406] Failed to connect to the bus: Could not parse server address: Unknown address type (examples of valid types are
10-06 00:38:30 [NAPCAT] [25024:1006/003829.839705:ERROR:dbus/object_proxy.cc:573] Failed to call method: org.freedesktop.DBus.NameHasOwner: object_path= /org/freedesktop/DBus: unknown 
10-06 00:38:30 [NAPCAT] [25024:1006/003829.857470:ERROR:dbus/object_proxy.cc:573] Failed to call method: org.freedesktop.DBus.NameHasOwner: object_path= /org/freedesktop/DBus: unknown 
10-06 00:38:30 [NAPCAT] [25573:1006/003830.247907:ERROR:base/files/file_path_watcher_inotify.cc:923] Failed to read /proc/sys/fs/inotify/max_user_watches
10-06 00:38:30 [NAPCAT] [launcher] loadNapCat.js generated in current directory
10-06 00:38:30 [NAPCAT] [25572:1006/003830.372217:ERROR:base/files/file_path_watcher_inotify.cc:923] Failed to read /proc/sys/fs/inotify/max_user_watches
10-06 00:38:30 [NAPCAT] [25572:1006/003830.386264:ERROR:net/base/address_tracker_linux.cc:242] Could not bind NETLINK socket: Permission denied (13)
10-06 00:38:31 [NAPCAT] [25559:1006/003830.694051:ERROR:ui/gl/angle_platform_impl.cc:42] Display.cpp:1097 (initialize): ANGLE Display::initialize error 12289: GLX is not present.
10-06 00:38:31 [NAPCAT] ERR: Display.cpp:1097 (initialize): ANGLE Display::initialize error 12289: GLX is not present.
10-06 00:38:31 [NAPCAT] [25559:1006/003830.698195:ERROR:ui/gl/egl_util.cc:92] EGL Driver message (Critical) eglInitialize: GLX is not present.
10-06 00:38:31 [NAPCAT] [25559:1006/003830.698553:ERROR:ui/gl/gl_display.cc:639] eglInitialize OpenGL failed with error EGL_NOT_INITIALIZED, trying next display type
10-06 00:38:31 [NAPCAT] [25559:1006/003830.699123:ERROR:ui/gl/angle_platform_impl.cc:42] Display.cpp:1097 (initialize): ANGLE Display::initialize error 12289: GLX is not present.
10-06 00:38:31 [NAPCAT] ERR: Display.cpp:1097 (initialize): ANGLE Display::initialize error 12289: GLX is not present.
10-06 00:38:31 [NAPCAT] [25559:1006/003830.699394:ERROR:ui/gl/egl_util.cc:92] EGL Driver message (Critical) eglInitialize: GLX is not present.
10-06 00:38:31 [NAPCAT] [25559:1006/003830.699755:ERROR:ui/gl/gl_display.cc:639] eglInitialize OpenGLES failed with error EGL_NOT_INITIALIZED
10-06 00:38:31 [NAPCAT] [25559:1006/003830.700177:ERROR:ui/gl/gl_display.cc:674] Initialization of all EGL display types failed.
10-06 00:38:31 [NAPCAT] [25559:1006/003830.700335:ERROR:ui/ozone/common/gl_ozone_egl.cc:26] GLDisplayEGL::Initialize failed.
10-06 00:38:31 [NAPCAT] [25559:1006/003830.910411:ERROR:ui/gl/angle_platform_impl.cc:42] Display.cpp:1097 (initialize): ANGLE Display::initialize error 12289: GLX is not present.
10-06 00:38:31 [NAPCAT] ERR: Display.cpp:1097 (initialize): ANGLE Display::initialize error 12289: GLX is not present.
10-06 00:38:31 [NAPCAT] [25559:1006/003830.911146:ERROR:ui/gl/egl_util.cc:92] EGL Driver message (Critical) eglInitialize: GLX is not present.
10-06 00:38:31 [NAPCAT] [25559:1006/003830.911618:ERROR:ui/gl/gl_display.cc:639] eglInitialize OpenGL failed with error EGL_NOT_INITIALIZED, trying next display type
10-06 00:38:31 [NAPCAT] [25559:1006/003830.911942:ERROR:ui/gl/angle_platform_impl.cc:42] Display.cpp:1097 (initialize): ANGLE Display::initialize error 12289: GLX is not present.
10-06 00:38:31 [NAPCAT] ERR: Display.cpp:1097 (initialize): ANGLE Display::initialize error 12289: GLX is not present.
10-06 00:38:31 [NAPCAT] [25559:1006/003830.912135:ERROR:ui/gl/egl_util.cc:92] EGL Driver message (Critical) eglInitialize: GLX is not present.
10-06 00:38:31 [NAPCAT] [25559:1006/003830.912584:ERROR:ui/gl/gl_display.cc:639] eglInitialize OpenGLES failed with error EGL_NOT_INITIALIZED
10-06 00:38:31 [NAPCAT] [25559:1006/003830.912918:ERROR:ui/gl/gl_display.cc:674] Initialization of all EGL display types failed.
10-06 00:38:31 [NAPCAT] [25559:1006/003830.913496:ERROR:ui/ozone/common/gl_ozone_egl.cc:26] GLDisplayEGL::Initialize failed.
10-06 00:38:31 [NAPCAT] [25559:1006/003830.927196:ERROR:components/viz/service/main/viz_main_impl.cc:189] Exiting GPU process due to errors during initialization
10-06 00:38:32 [NAPCAT] NapCat Shell App Loading...
10-06 00:38:32 [NAPCAT] [launcher] intercepted package.json: /opt/QQ/resources/app/package.json, replacing content
10-06 00:38:32 [NAPCAT] [launcher] Generated relative path: ../../../../root
10-06 00:38:32 [NAPCAT] [launcher] New main field: "main": "../../../../root/loadNapCat.js"
10-06 00:38:32 [NAPCAT] [launcher] package.json content: {
10-06 00:38:32 [NAPCAT]   "name": "QQ",
10-06 00:38:32 [NAPCAT]   "version": "3.2.33-52892",
10-06 00:38:32 [NAPCAT]   "private": true,
10-06 00:38:32 [NAPCAT]   "description": "QQ",
10-06 00:38:32 [NAPCAT]   "productName": "QQ",
10-06 00:38:32 [NAPCAT]   "author": {
10-06 00:38:32 [NAPCAT]     "name": "Tencent",
10-06 00:38:32 [NAPCAT]     "email": "QQ-Team@tencent.com"
10-06 00:38:32 [NAPCAT]   },
10-06 00:38:32 [NAPCAT]   "homepage": "https://im.qq.com",
10-06 00:38:32 [NAPCAT]   "sideEffects": true,
10-06 00:38:32 [NAPCAT]   "bin": {
10-06 00:38:32 [NAPCAT]     "qd": "externals/devtools/cli/index.js"
10-06 00:38:32 [NAPCAT]   },
10-06 00:38:32 [NAPCAT]   "appid": {
10-06 00:38:32 [NAPCAT]     "win32": "537382716",
10-06 00:38:32 [NAPCAT]     "darwin": "537382742",
10-06 00:38:32 [NAPCAT]     "linux": "537382753",
10-06 00:38:32 [NAPCAT]     "ohos": "5373141859"
10-06 00:38:32 [NAPCAT]   },
10-06 00:38:32 [NAPCAT]   "main": "../../../../root/loadNapCat.js",
10-06 00:38:32 [NAPCAT]   "peerDependenciesMeta": {
10-06 00:38:32 [NAPCAT]     "*": {
10-06 00:38:32 [NAPCAT]       "optional": true
10-06 00:38:32 [NAPCAT]     }
10-06 00:38:32 [NAPCAT]   },
10-06 00:38:32 [NAPCAT]   "pnpm": {
10-06 00:38:32 [NAPCAT]     "patchedDependencies": {
10-06 00:38:32 [NAPCAT]       "@vue/runtime-dom@3.5.12": "patches/@vue__runtime-dom@3.5.12.patch",
10-06 00:38:33 [NAPCAT]       "@swc/helpers@0.5.3": "patches/@swc__helpers@0.5.3.patch",
10-06 00:38:33 [NAPCAT]       "vuex@4.1.0": "patches/vuex@4.1.0.patch",
10-06 00:38:33 [NAPCAT]       "typescript-parser@2.6.1": "patches/typescript-parser@2.6.1.patch",
10-06 00:38:33 [NAPCAT]       "@tencent/qqplay-downloadsdk": "patches/@tencent__qqplay-downloadsdk.patch",
10-06 00:38:33 [NAPCAT]       "@tencent/universal-report@4.5.4": "patches/@tencent__universal-report@4.5.4.patch",
10-06 00:38:33 [NAPCAT]       "typescript@7.0.2": "patches/typescript@7.0.2.patch"
10-06 00:38:33 [NAPCAT]     },
10-06 00:38:33 [NAPCAT]     "packageExtensions": {
10-06 00:38:33 [NAPCAT]       "qute": {
10-06 00:38:33 [NAPCAT]         "dependencies": {},
10-06 00:38:33 [NAPCAT]         "devDependencies": {}
10-06 00:38:33 [NAPCAT]       }
10-06 00:38:33 [NAPCAT]     },
10-06 00:38:33 [NAPCAT]     "overrides": {
10-06 00:38:33 [NAPCAT]       "@types/react": "-",
10-06 00:38:33 [NAPCAT]       "@types/react-dom": "-",
10-06 00:38:33 [NAPCAT]       "@tencent/yuanbao-react-markdown>@types/hast": "-",
10-06 00:38:33 [NAPCAT]       "@tencent/yuanbao-react-markdown>devlop": "-",
10-06 00:38:33 [NAPCAT]       "@tencent/yuanbao-react-markdown>hast-util-to-jsx-runtime": "-",
10-06 00:38:33 [NAPCAT]       "@tencent/yuanbao-react-markdown>html-url-attributes": "-",
10-06 00:38:33 [NAPCAT]       "@tencent/yuanbao-react-markdown>mdast-util-to-hast": "-",
10-06 00:38:33 [NAPCAT]       "@tencent/yuanbao-react-markdown>rehype-parse": "-",
10-06 00:38:33 [NAPCAT]       "@tencent/yuanbao-react-markdown>rehype-stringify": "-",
10-06 00:38:33 [NAPCAT]       "@tencent/yuanbao-react-markdown>remark-parse": "-",
10-06 00:38:33 [NAPCAT]       "@tencent/yuanbao-react-markdown>remark-rehype": "-",
10-06 00:38:33 [NAPCAT]       "@tencent/yuanbao-react-markdown>unified": "-",
10-06 00:38:33 [NAPCAT]       "@tencent/yuanbao-react-markdown>unist-util-visit": "-",
10-06 00:38:33 [NAPCAT]       "@tencent/yuanbao-react-markdown>vfile": "-",
10-06 00:38:33 [NAPCAT]       "@types/d3-dispatch": "3.0.6"
10-06 00:38:34 [NAPCAT]     }
10-06 00:38:34 [NAPCAT]   },
10-06 00:38:34 [NAPCAT]   "buildVersion": "52892",
10-06 00:38:34 [NAPCAT]   "platform": "linux",
10-06 00:38:34 [NAPCAT]   "eleArch": "arm64",
10-06 00:38:34 [NAPCAT]   "linuxFormat": "deb"
10-06 00:38:34 [NAPCAT] }
10-06 00:38:34 [NAPCAT] prepare write and writev hooks
10-06 00:38:34 [NAPCAT] 10-06 00:38:32 [info] [PacketHandler] 加载成功
10-06 00:38:34 [NAPCAT] 10-06 00:38:32 [info] [Napi2NativeLoader] 加载成功
10-06 00:38:34 [NAPCAT] 10-06 00:38:32 [info] [FFmpeg] 检查 Native Addon 可用性...
10-06 00:38:34 [NAPCAT] 10-06 00:38:32 [info] [FFmpeg] ✓ 使用 Native Addon 适配器
10-06 00:38:34 [NAPCAT] 10-06 00:38:32 [info] [PacketHandler] 初始化成功
10-06 00:38:34 [NAPCAT] 10-06 00:38:32 [info] [NapCat] [Core] NapCat.Core Version: 4.18.28
10-06 00:38:34 [NAPCAT] [I] <MemoryFile.cpp:98::open> open fd[0x24], /root/.config/QQ/nt_qq/global/nt_data/mmkv/nt_mmkv_global_misc
10-06 00:38:34 [NAPCAT] [I] <MemoryFile.cpp:98::open> open fd[0x27], /root/.config/QQ/nt_qq/global/nt_data/mmkv/nt_mmkv_global_misc.crc
10-06 00:38:34 [NAPCAT] [I] <MMKV_IO.cpp:213::loadMetaInfoAndCheck> meta file [nt_mmkv_global_misc] has flag [0]
10-06 00:38:34 [NAPCAT] [I] <MMKV_IO.cpp:87::loadFromFile> loading [nt_mmkv_global_misc] with 201 actual size, file size 4096, InterProcess 1, meta info version:4
10-06 00:38:35 [NAPCAT] [I] <MMKV_IO.cpp:92::loadFromFile> loading [nt_mmkv_global_misc] with crc 869129090 sequence 1 version 4
10-06 00:38:35 [NAPCAT] [I] <MMKV_IO.cpp:136::loadFromFile> loaded [nt_mmkv_global_misc] with 2 key-values
10-06 00:38:35 [NAPCAT] [I] <MMKV.cpp:233::initializeMMKV> root dir: /root/.config/QQ/nt_qq/global/nt_data/mmkv
10-06 00:38:35 [NAPCAT] [I] <MemoryFile.cpp:98::open> open fd[0x28], /root/.config/QQ/nt_qq/global/nt_data/mmkv/nt_mmkv_o3
10-06 00:38:35 [NAPCAT] [I] <MemoryFile.cpp:98::open> open fd[0x29], /root/.config/QQ/nt_qq/global/nt_data/mmkv/nt_mmkv_o3.crc
10-06 00:38:35 [NAPCAT] [I] <MMKV_IO.cpp:213::loadMetaInfoAndCheck> meta file [nt_mmkv_o3] has flag [0]
10-06 00:38:35 [NAPCAT] [I] <MMKV_IO.cpp:87::loadFromFile> loading [nt_mmkv_o3] with 183 actual size, file size 4096, InterProcess 1, meta info version:4
10-06 00:38:35 [NAPCAT] [I] <MMKV_IO.cpp:92::loadFromFile> loading [nt_mmkv_o3] with crc 704323148 sequence 1 version 4
10-06 00:38:35 [NAPCAT] [I] <MMKV_IO.cpp:136::loadFromFile> loaded [nt_mmkv_o3] with 2 key-values
10-06 00:38:35 [NAPCAT] 10-06 00:38:32 [error] [NapCat] [UtilityProcess] Worker进程退出，退出码: 11
10-06 00:38:35 [NAPCAT] 10-06 00:38:32 [warn] [NapCat] [UtilityProcess] Worker进程意外退出 (1/3)，正在尝试重新拉起...
10-06 00:38:35 [NAPCAT] [launcher] loadNapCat.js generated in current directory
10-06 00:38:35 [NAPCAT] [26084:1006/003832.689439:ERROR:base/files/file_path_watcher_inotify.cc:923] Failed to read /proc/sys/fs/inotify/max_user_watches
10-06 00:38:35 [NAPCAT] [26084:1006/003832.697371:ERROR:net/base/address_tracker_linux.cc:242] Could not bind NETLINK socket: Permission denied (13)
10-06 00:38:35 [NAPCAT] NapCat Shell App Loading...
10-06 00:38:35 [NAPCAT] [launcher] intercepted package.json: /opt/QQ/resources/app/package.json, replacing content
10-06 00:38:35 [NAPCAT] [launcher] Generated relative path: ../../../../root
10-06 00:38:35 [NAPCAT] [launcher] New main field: "main": "../../../../root/loadNapCat.js"
10-06 00:38:35 [NAPCAT] [launcher] package.json content: {
10-06 00:38:35 [NAPCAT]   "name": "QQ",
10-06 00:38:35 [NAPCAT]   "version": "3.2.33-52892",
10-06 00:38:36 [NAPCAT]   "private": true,
10-06 00:38:36 [NAPCAT]   "description": "QQ",
10-06 00:38:36 [NAPCAT]   "productName": "QQ",
10-06 00:38:36 [NAPCAT]   "author": {
10-06 00:38:36 [NAPCAT]     "name": "Tencent",
10-06 00:38:36 [NAPCAT]     "email": "QQ-Team@tencent.com"
10-06 00:38:36 [NAPCAT]   },
10-06 00:38:36 [NAPCAT]   "homepage": "https://im.qq.com",
10-06 00:38:36 [NAPCAT]   "sideEffects": true,
10-06 00:38:36 [NAPCAT]   "bin": {
10-06 00:38:36 [NAPCAT]     "qd": "externals/devtools/cli/index.js"
10-06 00:38:36 [NAPCAT]   },
10-06 00:38:36 [NAPCAT]   "appid": {
10-06 00:38:36 [NAPCAT]     "win32": "537382716",
10-06 00:38:36 [NAPCAT]     "darwin": "537382742",
10-06 00:38:36 [NAPCAT]     "linux": "537382753",
10-06 00:38:36 [NAPCAT]     "ohos": "5373141859"
10-06 00:38:36 [NAPCAT]   },
10-06 00:38:36 [NAPCAT]   "main": "../../../../root/loadNapCat.js",
10-06 00:38:36 [NAPCAT]   "peerDependenciesMeta": {
10-06 00:38:36 [NAPCAT]     "*": {
10-06 00:38:36 [NAPCAT]       "optional": true
10-06 00:38:36 [NAPCAT]     }
10-06 00:38:36 [NAPCAT]   },
10-06 00:38:36 [NAPCAT]   "pnpm": {
10-06 00:38:36 [NAPCAT]     "patchedDependencies": {
10-06 00:38:36 [NAPCAT]       "@vue/runtime-dom@3.5.12": "patches/@vue__runtime-dom@3.5.12.patch",
10-06 00:38:36 [NAPCAT]       "@swc/helpers@0.5.3": "patches/@swc__helpers@0.5.3.patch",
10-06 00:38:36 [NAPCAT]       "vuex@4.1.0": "patches/vuex@4.1.0.patch",
10-06 00:38:36 [NAPCAT]       "typescript-parser@2.6.1": "patches/typescript-parser@2.6.1.patch",
10-06 00:38:36 [NAPCAT]       "@tencent/qqplay-downloadsdk": "patches/@tencent__qqplay-downloadsdk.patch",
10-06 00:38:36 [NAPCAT]       "@tencent/universal-report@4.5.4": "patches/@tencent__universal-report@4.5.4.patch",
10-06 00:38:36 [NAPCAT]       "typescript@7.0.2": "patches/typescript@7.0.2.patch"
10-06 00:38:36 [NAPCAT]     },
10-06 00:38:36 [NAPCAT]     "packageExtensions": {
10-06 00:38:36 [NAPCAT]       "qute": {
10-06 00:38:36 [NAPCAT]         "dependencies": {},
10-06 00:38:36 [NAPCAT]         "devDependencies": {}
10-06 00:38:36 [NAPCAT]       }
10-06 00:38:36 [NAPCAT]     },
10-06 00:38:36 [NAPCAT]     "overrides": {
10-06 00:38:37 [NAPCAT]       "@types/react": "-",
10-06 00:38:37 [NAPCAT]       "@types/react-dom": "-",
10-06 00:38:37 [NAPCAT]       "@tencent/yuanbao-react-markdown>@types/hast": "-",
10-06 00:38:37 [NAPCAT]       "@tencent/yuanbao-react-markdown>devlop": "-",
10-06 00:38:37 [NAPCAT]       "@tencent/yuanbao-react-markdown>hast-util-to-jsx-runtime": "-",
10-06 00:38:37 [NAPCAT]       "@tencent/yuanbao-react-markdown>html-url-attributes": "-",
10-06 00:38:37 [NAPCAT]       "@tencent/yuanbao-react-markdown>mdast-util-to-hast": "-",
10-06 00:38:37 [NAPCAT]       "@tencent/yuanbao-react-markdown>rehype-parse": "-",
10-06 00:38:37 [NAPCAT]       "@tencent/yuanbao-react-markdown>rehype-stringify": "-",
10-06 00:38:37 [NAPCAT]       "@tencent/yuanbao-react-markdown>remark-parse": "-",
10-06 00:38:37 [NAPCAT]       "@tencent/yuanbao-react-markdown>remark-rehype": "-",
10-06 00:38:37 [NAPCAT]       "@tencent/yuanbao-react-markdown>unified": "-",
10-06 00:38:37 [NAPCAT]       "@tencent/yuanbao-react-markdown>unist-util-visit": "-",
10-06 00:38:37 [NAPCAT]       "@tencent/yuanbao-react-markdown>vfile": "-",
10-06 00:38:37 [NAPCAT]       "@types/d3-dispatch": "3.0.6"
10-06 00:38:37 [NAPCAT]     }
10-06 00:38:37 [AstrBot Android] 检测到 NapCat 崩溃（主进程退出）——立即执行自愈重启（第 1 轮；阶梯级别按崩溃计数自动升级）
10-06 00:38:37 [NAPCAT]   },
10-06 00:38:37 [NAPCAT]   "buildVersion": "52892",
10-06 00:38:37 [NAPCAT]   "platform": "linux",
10-06 00:38:37 [NAPCAT]   "eleArch": "arm64",
10-06 00:38:37 [NAPCAT]   "linuxFormat": "deb"
10-06 00:38:37 [NAPCAT] }
10-06 00:38:37 [NAPCAT] prepare write and writev hooks
10-06 00:38:37 [NAPCAT] 10-06 00:38:33 [info] [PacketHandler] 加载成功
10-06 00:38:37 [NAPCAT] 10-06 00:38:33 [info] [Napi2NativeLoader] 加载成功
10-06 00:38:37 [NAPCAT] 10-06 00:38:33 [info] [FFmpeg] 检查 Native Addon 可用性...
10-06 00:38:37 [NAPCAT] 10-06 00:38:34 [info] [FFmpeg] ✓ 使用 Native Addon 适配器
10-06 00:38:37 [NAPCAT] 10-06 00:38:34 [info] [PacketHandler] 初始化成功
10-06 00:38:37 [NAPCAT] 10-06 00:38:34 [info] [NapCat] [Core] NapCat.Core Version: 4.18.28
10-06 00:38:37 [NAPCAT] 10-06 00:38:34 [error] [NapCat] [UtilityProcess] Worker进程退出，退出码: 11
10-06 00:38:37 [NAPCAT] 10-06 00:38:34 [warn] [NapCat] [UtilityProcess] Worker进程意外退出 (2/3)，正在尝试重新拉起...
10-06 00:38:37 [NAPCAT] [launcher] loadNapCat.js generated in current directory
10-06 00:38:37 [NAPCAT] [26422:1006/003834.275347:ERROR:base/files/file_path_watcher_inotify.cc:923] Failed to read /proc/sys/fs/inotify/max_user_watches
10-06 00:38:37 [NAPCAT] [26422:1006/003834.277366:ERROR:net/base/address_tracker_linux.cc:242] Could not bind NETLINK socket: Permission denied (13)
10-06 00:38:37 [NAPCAT] NapCat Shell App Loading...
10-06 00:38:37 [NAPCAT] [launcher] intercepted package.json: /opt/QQ/resources/app/package.json, replacing content
10-06 00:38:37 [NAPCAT] [launcher] Generated relative path: ../../../../root
10-06 00:38:37 [NAPCAT] [launcher] New main field: "main": "../../../../root/loadNapCat.js"
10-06 00:38:37 [NAPCAT] [launcher] package.json content: {
10-06 00:38:37 [NAPCAT]   "name": "QQ",
10-06 00:38:37 [NAPCAT]   "version": "3.2.33-52892",
10-06 00:38:37 [NAPCAT]   "private": true,
10-06 00:38:38 [NAPCAT]   "description": "QQ",
10-06 00:38:38 [NAPCAT]   "productName": "QQ",
10-06 00:38:38 [NAPCAT]   "author": {
10-06 00:38:38 [NAPCAT]     "name": "Tencent",
10-06 00:38:38 [NAPCAT]     "email": "QQ-Team@tencent.com"
10-06 00:38:38 [NAPCAT]   },
10-06 00:38:38 [NAPCAT]   "homepage": "https://im.qq.com",
10-06 00:38:38 [NAPCAT]   "sideEffects": true,
10-06 00:38:38 [NAPCAT]   "bin": {
10-06 00:38:38 [NAPCAT]     "qd": "externals/devtools/cli/index.js"
10-06 00:38:38 [NAPCAT]   },
10-06 00:38:38 [NAPCAT]   "appid": {
10-06 00:38:38 [NAPCAT]     "win32": "537382716",
10-06 00:38:38 [NAPCAT]     "darwin": "537382742",
10-06 00:38:38 [NAPCAT]     "linux": "537382753",
10-06 00:38:38 [NAPCAT]     "ohos": "5373141859"
10-06 00:38:38 [NAPCAT]   },
10-06 00:38:38 [NAPCAT]   "main": "../../../../root/loadNapCat.js",
10-06 00:38:38 [NAPCAT]   "peerDependenciesMeta": {
10-06 00:38:38 [NAPCAT]     "*": {
10-06 00:38:38 [NAPCAT]       "optional": true
10-06 00:38:38 [NAPCAT]     }
10-06 00:38:38 [NAPCAT]   },
10-06 00:38:38 [NAPCAT]   "pnpm": {
10-06 00:38:38 [NAPCAT]     "patchedDependencies": {
10-06 00:38:38 [NAPCAT]       "@vue/runtime-dom@3.5.12": "patches/@vue__runtime-dom@3.5.12.patch",
10-06 00:38:38 [NAPCAT]       "@swc/helpers@0.5.3": "patches/@swc__helpers@0.5.3.patch",
10-06 00:38:38 [NAPCAT]       "vuex@4.1.0": "patches/vuex@4.1.0.patch",
10-06 00:38:38 [NAPCAT]       "typescript-parser@2.6.1": "patches/typescript-parser@2.6.1.patch",
10-06 00:38:38 [NAPCAT]       "@tencent/qqplay-downloadsdk": "patches/@tencent__qqplay-downloadsdk.patch",
10-06 00:38:38 [NAPCAT]       "@tencent/universal-report@4.5.4": "patches/@tencent__universal-report@4.5.4.patch",
10-06 00:38:38 [NAPCAT]       "typescript@7.0.2": "patches/typescript@7.0.2.patch"
10-06 00:38:38 [NAPCAT]     },
10-06 00:38:38 [NAPCAT]     "packageExtensions": {
10-06 00:38:38 [NAPCAT]       "qute": {
10-06 00:38:38 [NAPCAT]         "dependencies": {},
10-06 00:38:38 [NAPCAT]         "devDependencies": {}
10-06 00:38:38 [NAPCAT]       }
10-06 00:38:38 [NAPCAT]     },
10-06 00:38:39 [NAPCAT]     "overrides": {
10-06 00:38:39 [NAPCAT]       "@types/react": "-",
10-06 00:38:39 [NAPCAT]       "@types/react-dom": "-",
10-06 00:38:39 [NAPCAT]       "@tencent/yuanbao-react-markdown>@types/hast": "-",
10-06 00:38:39 [NAPCAT]       "@tencent/yuanbao-react-markdown>devlop": "-",
10-06 00:38:39 [NAPCAT]       "@tencent/yuanbao-react-markdown>hast-util-to-jsx-runtime": "-",
10-06 00:38:39 [NAPCAT]       "@tencent/yuanbao-react-markdown>html-url-attributes": "-",
10-06 00:38:39 [NAPCAT]       "@tencent/yuanbao-react-markdown>mdast-util-to-hast": "-",
10-06 00:38:39 cut: write error: Broken pipe
10-06 00:38:40 [AstrBot Android] 自愈第 1 轮已执行（详见 /root/napcat/watchdog.log；若已进入禁 bypass 态，反检测将保持关闭直至手动恢复）
10-06 00:38:40 [NAPCAT] [launcher] loadNapCat.js generated in current directory
10-06 00:38:40 [NAPCAT] not mini app. 
10-06 00:38:40 [NAPCAT] [launcher] loadNapCat.js generated in current directory
10-06 00:38:40 [NAPCAT] [preload] succeeded. /opt/QQ/resources/app/major.node
10-06 00:38:40 [NAPCAT] [27611:1006/003840.911344:ERROR:base/files/file_path_watcher_inotify.cc:923] Failed to read /proc/sys/fs/inotify/max_user_watches
10-06 00:38:40 [NAPCAT] [launcher] loadNapCat.js generated in current directory
10-06 00:38:41 [NAPCAT] [preload] succeeded. /opt/QQ/resources/app/major.node
10-06 00:38:41 [NAPCAT] [27600:1006/003840.933519:ERROR:dbus/bus.cc:406] Failed to connect to the bus: Failed to connect to socket /run/dbus/system_bus_socket: No such file or director
10-06 00:38:41 [NAPCAT] [27610:1006/003840.937995:ERROR:base/files/file_path_watcher_inotify.cc:923] Failed to read /proc/sys/fs/inotify/max_user_watches
10-06 00:38:41 [NAPCAT] resourcesPath: /opt/QQ/resources
10-06 00:38:41 [NAPCAT] [launcher] intercepted package.json: /opt/QQ/resources/app/package.json, replacing content
10-06 00:38:41 [NAPCAT] [launcher] Generated relative path: ../../../../root
10-06 00:38:41 [NAPCAT] [launcher] New main field: "main": "../../../../root/loadNapCat.js"
10-06 00:38:41 [NAPCAT] [launcher] package.json content: {
10-06 00:38:41 [NAPCAT]   "name": "QQ",
10-06 00:38:41 [NAPCAT]   "version": "3.2.33-52892",
10-06 00:38:41 [NAPCAT]   "private": true,
10-06 00:38:41 [NAPCAT]   "description": "QQ",
10-06 00:38:41 [NAPCAT]   "productName": "QQ",
10-06 00:38:41 [NAPCAT]   "author": {
10-06 00:38:41 [NAPCAT]     "name": "Tencent",
10-06 00:38:41 [NAPCAT]     "email": "QQ-Team@tencent.com"
10-06 00:38:41 [NAPCAT]   },
10-06 00:38:41 [NAPCAT]   "homepage": "https://im.qq.com",
10-06 00:38:41 [NAPCAT]   "sideEffects": true,
10-06 00:38:41 [NAPCAT]   "bin": {
10-06 00:38:41 [NAPCAT]     "qd": "externals/devtools/cli/index.js"
10-06 00:38:41 [NAPCAT]   },
10-06 00:38:41 [NAPCAT]   "appid": {
10-06 00:38:41 [NAPCAT]     "win32": "537382716",
10-06 00:38:41 [NAPCAT]     "darwin": "537382742",
10-06 00:38:41 [NAPCAT]     "linux": "537382753",
10-06 00:38:41 [NAPCAT]     "ohos": "5373141859"
10-06 00:38:41 [NAPCAT]   },
10-06 00:38:41 [NAPCAT]   "main": "../../../../root/loadNapCat.js",
10-06 00:38:41 [NAPCAT]   "peerDependenciesMeta": {
10-06 00:38:41 [NAPCAT]     "*": {
10-06 00:38:41 [NAPCAT]       "optional": true
10-06 00:38:41 [NAPCAT]     }
10-06 00:38:41 [NAPCAT]   },
10-06 00:38:41 [NAPCAT]   "pnpm": {
10-06 00:38:41 [NAPCAT]     "patchedDependencies": {
10-06 00:38:41 [NAPCAT]       "@vue/runtime-dom@3.5.12": "patches/@vue__runtime-dom@3.5.12.patch",
10-06 00:38:41 [NAPCAT]       "@swc/helpers@0.5.3": "patches/@swc__helpers@0.5.3.patch",
10-06 00:38:41 [NAPCAT]       "vuex@4.1.0": "patches/vuex@4.1.0.patch",
10-06 00:38:42 [NAPCAT]       "typescript-parser@2.6.1": "patches/typescript-parser@2.6.1.patch",
10-06 00:38:42 [NAPCAT]       "@tencent/qqplay-downloadsdk": "patches/@tencent__qqplay-downloadsdk.patch",
10-06 00:38:42 [NAPCAT]       "@tencent/universal-report@4.5.4": "patches/@tencent__universal-report@4.5.4.patch",
10-06 00:38:42 [NAPCAT]       "typescript@7.0.2": "patches/typescript@7.0.2.patch"
10-06 00:38:42 [NAPCAT]     },
10-06 00:38:42 [NAPCAT]     "packageExtensions": {
10-06 00:38:42 [NAPCAT]       "qute": {
10-06 00:38:42 [NAPCAT]         "dependencies": {},
10-06 00:38:42 [NAPCAT]         "devDependencies": {}
10-06 00:38:42 [NAPCAT]       }
10-06 00:38:42 [NAPCAT]     },
10-06 00:38:42 [NAPCAT]     "overrides": {
10-06 00:38:42 [NAPCAT]       "@types/react": "-",
10-06 00:38:42 [NAPCAT]       "@types/react-dom": "-",
10-06 00:38:42 [NAPCAT]       "@tencent/yuanbao-react-markdown>@types/hast": "-",
10-06 00:38:42 [NAPCAT]       "@tencent/yuanbao-react-markdown>devlop": "-",
10-06 00:38:42 [NAPCAT]       "@tencent/yuanbao-react-markdown>hast-util-to-jsx-runtime": "-",
10-06 00:38:42 [NAPCAT]       "@tencent/yuanbao-react-markdown>html-url-attributes": "-",
10-06 00:38:42 [NAPCAT]       "@tencent/yuanbao-react-markdown>mdast-util-to-hast": "-",
10-06 00:38:42 [NAPCAT]       "@tencent/yuanbao-react-markdown>rehype-parse": "-",
10-06 00:38:42 [NAPCAT]       "@tencent/yuanbao-react-markdown>rehype-stringify": "-",
10-06 00:38:42 [NAPCAT]       "@tencent/yuanbao-react-markdown>remark-parse": "-",
10-06 00:38:42 [NAPCAT]       "@tencent/yuanbao-react-markdown>remark-rehype": "-",
10-06 00:38:42 [NAPCAT]       "@tencent/yuanbao-react-markdown>unified": "-",
10-06 00:38:42 [NAPCAT]       "@tencent/yuanbao-react-markdown>unist-util-visit": "-",
10-06 00:38:42 [NAPCAT]       "@tencent/yuanbao-react-markdown>vfile": "-",
10-06 00:38:42 [NAPCAT]       "@types/d3-dispatch": "3.0.6"
10-06 00:38:42 [NAPCAT]     }
10-06 00:38:42 [NAPCAT]   },
10-06 00:38:42 [NAPCAT]   "buildVersion": "52892",
10-06 00:38:42 [NAPCAT]   "platform": "linux",
10-06 00:38:43 [NAPCAT]   "eleArch": "arm64",
10-06 00:38:43 [NAPCAT]   "linuxFormat": "deb"
10-06 00:38:43 [NAPCAT] }
10-06 00:38:43 [NAPCAT] [27600:1006/003842.573947:ERROR:dbus/bus.cc:406] Failed to connect to the bus: Could not parse server address: Unknown address type (examples of valid types are
10-06 00:38:43 [NAPCAT] [27600:1006/003842.574027:ERROR:dbus/bus.cc:406] Failed to connect to the bus: Could not parse server address: Unknown address type (examples of valid types are
10-06 00:38:43 [NAPCAT] [27600:1006/003842.575280:ERROR:dbus/bus.cc:406] Failed to connect to the bus: Failed to connect to socket /run/dbus/system_bus_socket: No such file or director
10-06 00:38:43 [NAPCAT] [27600:1006/003842.575463:ERROR:base/files/file_path_watcher_inotify.cc:923] Failed to read /proc/sys/fs/inotify/max_user_watches
10-06 00:38:43 [NAPCAT] [27600:1006/003842.575566:ERROR:dbus/bus.cc:406] Failed to connect to the bus: Failed to connect to socket /run/dbus/system_bus_socket: No such file or director
10-06 00:38:43 [NAPCAT] [27600:1006/003842.575574:ERROR:net/base/address_tracker_linux.cc:242] Could not bind NETLINK socket: Permission denied (13)
10-06 00:38:43 [NAPCAT] [27600:1006/003842.591575:ERROR:device/udev_linux/udev_watcher.cc:51] Failed to initialize a udev monitor.
10-06 00:38:43 [NAPCAT] [27600:1006/003842.608157:ERROR:dbus/object_proxy.cc:573] Failed to call method: org.freedesktop.DBus.NameHasOwner: object_path= /org/freedesktop/DBus: unknown 
10-06 00:38:43 [NAPCAT] [27600:1006/003842.608256:ERROR:dbus/object_proxy.cc:573] Failed to call method: org.freedesktop.DBus.NameHasOwner: object_path= /org/freedesktop/DBus: unknown 
10-06 00:38:43 [NAPCAT] [27600:1006/003842.609650:ERROR:dbus/bus.cc:406] Failed to connect to the bus: Could not parse server address: Unknown address type (examples of valid types are
10-06 00:38:43 [NAPCAT] [27600:1006/003842.609695:ERROR:dbus/bus.cc:406] Failed to connect to the bus: Could not parse server address: Unknown address type (examples of valid types are
10-06 00:38:43 [NAPCAT] [27600:1006/003842.609711:ERROR:dbus/object_proxy.cc:573] Failed to call method: org.freedesktop.DBus.NameHasOwner: object_path= /org/freedesktop/DBus: unknown 
10-06 00:38:43 [NAPCAT] [27600:1006/003842.629941:ERROR:dbus/object_proxy.cc:573] Failed to call method: org.freedesktop.DBus.NameHasOwner: object_path= /org/freedesktop/DBus: unknown 
10-06 00:38:43 [NAPCAT] [28012:1006/003842.827854:ERROR:base/files/file_path_watcher_inotify.cc:923] Failed to read /proc/sys/fs/inotify/max_user_watches
10-06 00:38:43 [NAPCAT] [launcher] loadNapCat.js generated in current directory
10-06 00:38:43 [NAPCAT] [28005:1006/003842.930222:ERROR:base/files/file_path_watcher_inotify.cc:923] Failed to read /proc/sys/fs/inotify/max_user_watches
10-06 00:38:43 [NAPCAT] [28005:1006/003842.931017:ERROR:net/base/address_tracker_linux.cc:242] Could not bind NETLINK socket: Permission denied (13)
10-06 00:38:43 [NAPCAT] [28001:1006/003843.146479:ERROR:ui/gl/angle_platform_impl.cc:42] Display.cpp:1097 (initialize): ANGLE Display::initialize error 12289: GLX is not present.
10-06 00:38:43 [NAPCAT] ERR: Display.cpp:1097 (initialize): ANGLE Display::initialize error 12289: GLX is not present.
10-06 00:38:43 [NAPCAT] [28001:1006/003843.148365:ERROR:ui/gl/egl_util.cc:92] EGL Driver message (Critical) eglInitialize: GLX is not present.
10-06 00:38:43 [NAPCAT] [28001:1006/003843.148789:ERROR:ui/gl/gl_display.cc:639] eglInitialize OpenGL failed with error EGL_NOT_INITIALIZED, trying next display type
10-06 00:38:43 [NAPCAT] [28001:1006/003843.149455:ERROR:ui/gl/angle_platform_impl.cc:42] Display.cpp:1097 (initialize): ANGLE Display::initialize error 12289: GLX is not present.
10-06 00:38:43 [NAPCAT] ERR: Display.cpp:1097 (initialize): ANGLE Display::initialize error 12289: GLX is not present.
10-06 00:38:43 [NAPCAT] [28001:1006/003843.149707:ERROR:ui/gl/egl_util.cc:92] EGL Driver message (Critical) eglInitialize: GLX is not present.
10-06 00:38:43 [NAPCAT] [28001:1006/003843.149950:ERROR:ui/gl/gl_display.cc:639] eglInitialize OpenGLES failed with error EGL_NOT_INITIALIZED
10-06 00:38:43 [NAPCAT] [28001:1006/003843.150174:ERROR:ui/gl/gl_display.cc:674] Initialization of all EGL display types failed.
10-06 00:38:43 [NAPCAT] [28001:1006/003843.150518:ERROR:ui/ozone/common/gl_ozone_egl.cc:26] GLDisplayEGL::Initialize failed.
10-06 00:38:43 [NAPCAT] [28001:1006/003843.326673:ERROR:ui/gl/angle_platform_impl.cc:42] Display.cpp:1097 (initialize): ANGLE Display::initialize error 12289: GLX is not present.
10-06 00:38:43 [NAPCAT] ERR: Display.cpp:1097 (initialize): ANGLE Display::initialize error 12289: GLX is not present.
10-06 00:38:44 [NAPCAT] [28001:1006/003843.327244:ERROR:ui/gl/egl_util.cc:92] EGL Driver message (Critical) eglInitialize: GLX is not present.
10-06 00:38:44 [NAPCAT] [28001:1006/003843.329206:ERROR:ui/gl/gl_display.cc:639] eglInitialize OpenGL failed with error EGL_NOT_INITIALIZED, trying next display type
10-06 00:38:44 [NAPCAT] [28001:1006/003843.329845:ERROR:ui/gl/angle_platform_impl.cc:42] Display.cpp:1097 (initialize): ANGLE Display::initialize error 12289: GLX is not present.
10-06 00:38:44 [NAPCAT] ERR: Display.cpp:1097 (initialize): ANGLE Display::initialize error 12289: GLX is not present.
10-06 00:38:44 [NAPCAT] [28001:1006/003843.330595:ERROR:ui/gl/egl_util.cc:92] EGL Driver message (Critical) eglInitialize: GLX is not present.
10-06 00:38:44 [NAPCAT] [28001:1006/003843.331546:ERROR:ui/gl/gl_display.cc:639] eglInitialize OpenGLES failed with error EGL_NOT_INITIALIZED
10-06 00:38:44 [NAPCAT] [28001:1006/003843.334899:ERROR:ui/gl/gl_display.cc:674] Initialization of all EGL display types failed.
10-06 00:38:44 [NAPCAT] [28001:1006/003843.335480:ERROR:ui/ozone/common/gl_ozone_egl.cc:26] GLDisplayEGL::Initialize failed.
10-06 00:38:44 [NAPCAT] [28001:1006/003843.345874:ERROR:components/viz/service/main/viz_main_impl.cc:189] Exiting GPU process due to errors during initialization
10-06 00:38:44 [NAPCAT] NapCat Shell App Loading...
10-06 00:38:44 [NAPCAT] [launcher] intercepted package.json: /opt/QQ/resources/app/package.json, replacing content
10-06 00:38:44 [NAPCAT] [launcher] Generated relative path: ../../../../root
10-06 00:38:44 [NAPCAT] [launcher] New main field: "main": "../../../../root/loadNapCat.js"
10-06 00:38:44 [NAPCAT] [launcher] package.json content: {
10-06 00:38:44 [NAPCAT]   "name": "QQ",
10-06 00:38:44 [NAPCAT]   "version": "3.2.33-52892",
10-06 00:38:44 [NAPCAT]   "private": true,
10-06 00:38:44 [NAPCAT]   "description": "QQ",
10-06 00:38:44 [NAPCAT]   "productName": "QQ",
10-06 00:38:44 [NAPCAT]   "author": {
10-06 00:38:44 [NAPCAT]     "name": "Tencent",
10-06 00:38:44 [NAPCAT]     "email": "QQ-Team@tencent.com"
10-06 00:38:44 [NAPCAT]   },
10-06 00:38:44 [NAPCAT]   "homepage": "https://im.qq.com",
10-06 00:38:44 [NAPCAT]   "sideEffects": true,
10-06 00:38:44 [NAPCAT]   "bin": {
10-06 00:38:44 [NAPCAT]     "qd": "externals/devtools/cli/index.js"
10-06 00:38:44 [NAPCAT]   },
10-06 00:38:44 [NAPCAT]   "appid": {
10-06 00:38:45 [NAPCAT]     "win32": "537382716",
10-06 00:38:45 [NAPCAT]     "darwin": "537382742",
10-06 00:38:45 [NAPCAT]     "linux": "537382753",
10-06 00:38:45 [NAPCAT]     "ohos": "5373141859"
10-06 00:38:45 [NAPCAT]   },
10-06 00:38:45 [NAPCAT]   "main": "../../../../root/loadNapCat.js",
10-06 00:38:45 [NAPCAT]   "peerDependenciesMeta": {
10-06 00:38:45 [NAPCAT]     "*": {
10-06 00:38:45 [NAPCAT]       "optional": true
10-06 00:38:45 [NAPCAT]     }
10-06 00:38:45 [NAPCAT]   },
10-06 00:38:45 [NAPCAT]   "pnpm": {
10-06 00:38:45 [NAPCAT]     "patchedDependencies": {
10-06 00:38:45 [NAPCAT]       "@vue/runtime-dom@3.5.12": "patches/@vue__runtime-dom@3.5.12.patch",
10-06 00:38:45 [NAPCAT]       "@swc/helpers@0.5.3": "patches/@swc__helpers@0.5.3.patch",
10-06 00:38:45 [NAPCAT]       "vuex@4.1.0": "patches/vuex@4.1.0.patch",
10-06 00:38:45 [NAPCAT]       "typescript-parser@2.6.1": "patches/typescript-parser@2.6.1.patch",
10-06 00:38:45 [NAPCAT]       "@tencent/qqplay-downloadsdk": "patches/@tencent__qqplay-downloadsdk.patch",
10-06 00:38:45 [NAPCAT]       "@tencent/universal-report@4.5.4": "patches/@tencent__universal-report@4.5.4.patch",
10-06 00:38:45 [NAPCAT]       "typescript@7.0.2": "patches/typescript@7.0.2.patch"
10-06 00:38:45 [NAPCAT]     },
10-06 00:38:45 [NAPCAT]     "packageExtensions": {
10-06 00:38:45 [NAPCAT]       "qute": {
10-06 00:38:45 [NAPCAT]         "dependencies": {},
10-06 00:38:45 [NAPCAT]         "devDependencies": {}
10-06 00:38:45 [NAPCAT]       }
10-06 00:38:45 [NAPCAT]     },
10-06 00:38:45 [NAPCAT]     "overrides": {
10-06 00:38:46 [NAPCAT]       "@types/react": "-",
10-06 00:38:46 [NAPCAT]       "@types/react-dom": "-",
10-06 00:38:46 [NAPCAT]       "@tencent/yuanbao-react-markdown>@types/hast": "-",
10-06 00:38:46 [NAPCAT]       "@tencent/yuanbao-react-markdown>devlop": "-",
10-06 00:38:46 [NAPCAT]       "@tencent/yuanbao-react-markdown>hast-util-to-jsx-runtime": "-",
10-06 00:38:46 [NAPCAT]       "@tencent/yuanbao-react-markdown>html-url-attributes": "-",
10-06 00:38:46 [NAPCAT]       "@tencent/yuanbao-react-markdown>mdast-util-to-hast": "-",
10-06 00:38:46 [NAPCAT]       "@tencent/yuanbao-react-markdown>rehype-parse": "-",
10-06 00:38:46 [NAPCAT]       "@tencent/yuanbao-react-markdown>rehype-stringify": "-",
10-06 00:38:46 [NAPCAT]       "@tencent/yuanbao-react-markdown>remark-parse": "-",
10-06 00:38:46 [NAPCAT]       "@tencent/yuanbao-react-markdown>remark-rehype": "-",
10-06 00:38:46 [NAPCAT]       "@tencent/yuanbao-react-markdown>unified": "-",
10-06 00:38:46 [NAPCAT]       "@tencent/yuanbao-react-markdown>unist-util-visit": "-",
10-06 00:38:46 [NAPCAT]       "@tencent/yuanbao-react-markdown>vfile": "-",
10-06 00:38:46 [NAPCAT]       "@types/d3-dispatch": "3.0.6"
10-06 00:38:46 [NAPCAT]     }
10-06 00:38:46 [NAPCAT]   },
10-06 00:38:46 [NAPCAT]   "buildVersion": "52892",
10-06 00:38:46 [NAPCAT]   "platform": "linux",
10-06 00:38:46 [NAPCAT]   "eleArch": "arm64",
10-06 00:38:46 [NAPCAT]   "linuxFormat": "deb"
10-06 00:38:46 [NAPCAT] }
10-06 00:38:47 [NAPCAT] prepare write and writev hooks
10-06 00:38:47 [NAPCAT] 10-06 00:38:44 [info] [PacketHandler] 加载成功
10-06 00:38:47 [NAPCAT] 10-06 00:38:44 [info] [Napi2NativeLoader] 加载成功
10-06 00:38:47 [NAPCAT] 10-06 00:38:44 [info] [FFmpeg] 检查 Native Addon 可用性...
10-06 00:38:47 [NAPCAT] 10-06 00:38:44 [info] [FFmpeg] ✓ 使用 Native Addon 适配器
10-06 00:38:47 [NAPCAT] 10-06 00:38:44 [info] [PacketHandler] 初始化成功
10-06 00:38:47 [NAPCAT] 10-06 00:38:44 [info] [NapCat] [Core] NapCat.Core Version: 4.18.28
10-06 00:38:47 [NAPCAT] [I] <MemoryFile.cpp:98::open> open fd[0x27], /root/.config/QQ/nt_qq/global/nt_data/mmkv/nt_mmkv_global_misc.crc
10-06 00:38:47 [NAPCAT] [I] <MMKV_IO.cpp:213::loadMetaInfoAndCheck> meta file [nt_mmkv_global_misc] has flag [0]
10-06 00:38:47 [NAPCAT] [I] <MMKV_IO.cpp:87::loadFromFile> loading [nt_mmkv_global_misc] with 201 actual size, file size 4096, InterProcess 1, meta info version:4
10-06 00:38:47 [NAPCAT] [I] <MMKV_IO.cpp:92::loadFromFile> loading [nt_mmkv_global_misc] with crc 869129090 sequence 1 version 4
10-06 00:38:47 [NAPCAT] [I] <MMKV_IO.cpp:136::loadFromFile> loaded [nt_mmkv_global_misc] with 2 key-values
10-06 00:38:47 [NAPCAT] [I] <MMKV.cpp:233::initializeMMKV> root dir: /root/.config/QQ/nt_qq/global/nt_data/mmkv
10-06 00:38:47 [NAPCAT] [I] <MemoryFile.cpp:98::open> open fd[0x28], /root/.config/QQ/nt_qq/global/nt_data/mmkv/nt_mmkv_o3
10-06 00:38:47 [NAPCAT] [I] <MemoryFile.cpp:98::open> open fd[0x29], /root/.config/QQ/nt_qq/global/nt_data/mmkv/nt_mmkv_o3.crc
10-06 00:38:47 [NAPCAT] [I] <MMKV_IO.cpp:213::loadMetaInfoAndCheck> meta file [nt_mmkv_o3] has flag [0]
10-06 00:38:48 [NAPCAT] [I] <MMKV_IO.cpp:87::loadFromFile> loading [nt_mmkv_o3] with 183 actual size, file size 4096, InterProcess 1, meta info version:4
10-06 00:38:48 [NAPCAT] [I] <MMKV_IO.cpp:92::loadFromFile> loading [nt_mmkv_o3] with crc 704323148 sequence 1 version 4
10-06 00:38:48 [NAPCAT] [I] <MMKV_IO.cpp:136::loadFromFile> loaded [nt_mmkv_o3] with 2 key-values
10-06 00:38:48 [NAPCAT] 10-06 00:38:44 [error] [NapCat] [UtilityProcess] Worker进程退出，退出码: 11
10-06 00:38:48 [NAPCAT] 10-06 00:38:44 [warn] [NapCat] [UtilityProcess] Worker进程意外退出 (1/3)，正在尝试重新拉起...
10-06 00:38:48 [NAPCAT] [launcher] loadNapCat.js generated in current directory
10-06 00:38:48 [NAPCAT] [28412:1006/003844.828212:ERROR:base/files/file_path_watcher_inotify.cc:923] Failed to read /proc/sys/fs/inotify/max_user_watches
10-06 00:38:48 [NAPCAT] [28412:1006/003844.830688:ERROR:net/base/address_tracker_linux.cc:242] Could not bind NETLINK socket: Permission denied (13)
10-06 00:38:48 [NAPCAT] NapCat Shell App Loading...
10-06 00:38:48 [NAPCAT] [launcher] intercepted package.json: /opt/QQ/resources/app/package.json, replacing content
10-06 00:38:48 [NAPCAT] [launcher] Generated relative path: ../../../../root
10-06 00:38:48 [NAPCAT] [launcher] New main field: "main": "../../../../root/loadNapCat.js"
10-06 00:38:48 [NAPCAT] [launcher] package.json content: {
10-06 00:38:48 [NAPCAT]   "name": "QQ",
10-06 00:38:48 [NAPCAT]   "version": "3.2.33-52892",
10-06 00:38:48 [NAPCAT]   "private": true,
10-06 00:38:48 [NAPCAT]   "description": "QQ",
10-06 00:38:48 [NAPCAT]   "productName": "QQ",
10-06 00:38:48 [NAPCAT]   "author": {
10-06 00:38:49 [NAPCAT]     "name": "Tencent",
10-06 00:38:49 [NAPCAT]     "email": "QQ-Team@tencent.com"
10-06 00:38:49 [NAPCAT]   },
10-06 00:38:49 [NAPCAT]   "homepage": "https://im.qq.com",
10-06 00:38:49 [NAPCAT]   "sideEffects": true,
10-06 00:38:49 [NAPCAT]   "bin": {
10-06 00:38:49 [NAPCAT]     "qd": "externals/devtools/cli/index.js"
10-06 00:38:49 [NAPCAT]   },
10-06 00:38:49 [NAPCAT]   "appid": {
10-06 00:38:49 [NAPCAT]     "win32": "537382716",
10-06 00:38:49 [NAPCAT]     "darwin": "537382742",
10-06 00:38:49 [NAPCAT]     "linux": "537382753",
10-06 00:38:49 [NAPCAT]     "ohos": "5373141859"
10-06 00:38:49 [NAPCAT]   },
10-06 00:38:49 [NAPCAT]   "main": "../../../../root/loadNapCat.js",
10-06 00:38:49 [NAPCAT]   "peerDependenciesMeta": {
10-06 00:38:49 [NAPCAT]     "*": {
10-06 00:38:49 [NAPCAT]       "optional": true
10-06 00:38:49 [NAPCAT]     }
10-06 00:38:49 [NAPCAT]   },
10-06 00:38:49 [NAPCAT]   "pnpm": {
10-06 00:38:49 [NAPCAT]     "patchedDependencies": {
10-06 00:38:49 [NAPCAT]       "@vue/runtime-dom@3.5.12": "patches/@vue__runtime-dom@3.5.12.patch",
10-06 00:38:49 [NAPCAT]       "@swc/helpers@0.5.3": "patches/@swc__helpers@0.5.3.patch",
10-06 00:38:49 [NAPCAT]       "vuex@4.1.0": "patches/vuex@4.1.0.patch",
10-06 00:38:49 [NAPCAT]       "typescript-parser@2.6.1": "patches/typescript-parser@2.6.1.patch",
10-06 00:38:49 [NAPCAT]       "@tencent/qqplay-downloadsdk": "patches/@tencent__qqplay-downloadsdk.patch",
10-06 00:38:49 [NAPCAT]       "@tencent/universal-report@4.5.4": "patches/@tencent__universal-report@4.5.4.patch",
10-06 00:38:49 [NAPCAT]       "typescript@7.0.2": "patches/typescript@7.0.2.patch"
10-06 00:38:49 [NAPCAT]     },
10-06 00:38:49 [NAPCAT]     "packageExtensions": {
10-06 00:38:49 [NAPCAT]       "qute": {
10-06 00:38:49 [NAPCAT]         "dependencies": {},
10-06 00:38:49 [NAPCAT]         "devDependencies": {}
10-06 00:38:49 [NAPCAT]       }
10-06 00:38:49 [NAPCAT]     },
10-06 00:38:50 [NAPCAT]     "overrides": {
10-06 00:38:50 [NAPCAT]       "@types/react": "-",
10-06 00:38:50 [NAPCAT]       "@types/react-dom": "-",
10-06 00:38:50 [NAPCAT]       "@tencent/yuanbao-react-markdown>@types/hast": "-",
10-06 00:38:50 [NAPCAT]       "@tencent/yuanbao-react-markdown>devlop": "-",
10-06 00:38:50 [NAPCAT]       "@tencent/yuanbao-react-markdown>hast-util-to-jsx-runtime": "-",
10-06 00:38:50 [NAPCAT]       "@tencent/yuanbao-react-markdown>html-url-attributes": "-",
10-06 00:38:50 [NAPCAT]       "@tencent/yuanbao-react-markdown>mdast-util-to-hast": "-",
10-06 00:38:50 [NAPCAT]       "@tencent/yuanbao-react-markdown>rehype-parse": "-",
10-06 00:38:50 [NAPCAT]       "@tencent/yuanbao-react-markdown>rehype-stringify": "-",
10-06 00:38:50 [NAPCAT]       "@tencent/yuanbao-react-markdown>remark-parse": "-",
10-06 00:38:50 [NAPCAT]       "@tencent/yuanbao-react-markdown>remark-rehype": "-",
10-06 00:38:50 [NAPCAT]       "@tencent/yuanbao-react-markdown>unified": "-",
10-06 00:38:50 [NAPCAT]       "@tencent/yuanbao-react-markdown>unist-util-visit": "-",
10-06 00:38:50 [NAPCAT]       "@tencent/yuanbao-react-markdown>vfile": "-",
10-06 00:38:50 [NAPCAT]       "@types/d3-dispatch": "3.0.6"
10-06 00:38:50 [NAPCAT]     }
10-06 00:38:50 [NAPCAT]   },
10-06 00:38:50 [NAPCAT]   "buildVersion": "52892",
10-06 00:38:50 [NAPCAT]   "platform": "linux",
10-06 00:38:50 [NAPCAT]   "eleArch": "arm64",
10-06 00:38:50 [NAPCAT]   "linuxFormat": "deb"
10-06 00:38:50 [NAPCAT] }
10-06 00:38:50 [NAPCAT] prepare write and writev hooks
10-06 00:38:50 [NAPCAT] 10-06 00:38:46 [info] [PacketHandler] 加载成功
10-06 00:38:50 [NAPCAT] 10-06 00:38:46 [info] [Napi2NativeLoader] 加载成功
10-06 00:38:50 [NAPCAT] 10-06 00:38:46 [info] [FFmpeg] 检查 Native Addon 可用性...
10-06 00:38:50 [NAPCAT] 10-06 00:38:46 [info] [FFmpeg] ✓ 使用 Native Addon 适配器
10-06 00:38:50 [AstrBot Android] 检测到 NapCat 崩溃（主进程退出）——立即执行自愈重启（第 2 轮；阶梯级别按崩溃计数自动升级）
10-06 00:38:50 [NAPCAT] 10-06 00:38:46 [info] [PacketHandler] 初始化成功
10-06 00:38:50 [NAPCAT] 10-06 00:38:46 [info] [NapCat] [Core] NapCat.Core Version: 4.18.28
10-06 00:38:50 [NAPCAT] [I] <MemoryFile.cpp:98::open> open fd[0x26], /root/.config/QQ/nt_qq/global/nt_data/mmkv/nt_mmkv_global_misc
10-06 00:38:50 [NAPCAT] [I] <MemoryFile.cpp:98::open> open fd[0x28], /root/.config/QQ/nt_qq/global/nt_data/mmkv/nt_mmkv_global_misc.crc
10-06 00:38:50 [NAPCAT] [I] <MMKV_IO.cpp:213::loadMetaInfoAndCheck> meta file [nt_mmkv_global_misc] has flag [0]
10-06 00:38:50 [NAPCAT] [I] <MMKV_IO.cpp:87::loadFromFile> loading [nt_mmkv_global_misc] with 201 actual size, file size 4096, InterProcess 1, meta info version:4
10-06 00:38:50 [NAPCAT] [I] <MMKV_IO.cpp:92::loadFromFile> loading [nt_mmkv_global_misc] with crc 869129090 sequence 1 version 4
10-06 00:38:50 [NAPCAT] [I] <MMKV_IO.cpp:136::loadFromFile> loaded [nt_mmkv_global_misc] with 2 key-values
10-06 00:38:50 [NAPCAT] [I] <MMKV.cpp:233::initializeMMKV> root dir: /root/.config/QQ/nt_qq/global/nt_data/mmkv
10-06 00:38:51 [NAPCAT] [I] <MemoryFile.cpp:98::open> open fd[0x27], /root/.config/QQ/nt_qq/global/nt_data/mmkv/nt_mmkv_o3
10-06 00:38:51 [NAPCAT] [I] <MemoryFile.cpp:98::open> open fd[0x29], /root/.config/QQ/nt_qq/global/nt_data/mmkv/nt_mmkv_o3.crc
10-06 00:38:51 [NAPCAT] [I] <MMKV_IO.cpp:213::loadMetaInfoAndCheck> meta file [nt_mmkv_o3] has flag [0]
10-06 00:38:51 [NAPCAT] [I] <MMKV_IO.cpp:87::loadFromFile> loading [nt_mmkv_o3] with 183 actual size, file size 4096, InterProcess 1, meta info version:4
10-06 00:38:51 [NAPCAT] [I] <MMKV_IO.cpp:92::loadFromFile> loading [nt_mmkv_o3] with crc 704323148 sequence 1 version 4
10-06 00:38:51 [NAPCAT] [I] <MMKV_IO.cpp:136::loadFromFile> loaded [nt_mmkv_o3] with 2 key-values
10-06 00:38:51 [NAPCAT] 10-06 00:38:46 [error] [NapCat] [UtilityProcess] Worker进程退出，退出码: 11
10-06 00:38:51 [NAPCAT] 10-06 00:38:46 [warn] [NapCat] [UtilityProcess] Worker进程意外退出 (2/3)，正在尝试重新拉起...
10-06 00:38:51 [NAPCAT] [launcher] loadNapCat.js generated in current directory
10-06 00:38:51 [NAPCAT] [28718:1006/003846.596165:ERROR:base/files/file_path_watcher_inotify.cc:923] Failed to read /proc/sys/fs/inotify/max_user_watches
10-06 00:38:51 [NAPCAT] [28718:1006/003846.597900:ERROR:net/base/address_tracker_linux.cc:242] Could not bind NETLINK socket: Permission denied (13)
10-06 00:38:51 [NAPCAT] NapCat Shell App Loading...
10-06 00:38:51 [NAPCAT] [launcher] intercepted package.json: /opt/QQ/resources/app/package.json, replacing content
10-06 00:38:51 [NAPCAT] [launcher] Generated relative path: ../../../../root
10-06 00:38:51 [NAPCAT] [launcher] New main field: "main": "../../../../root/loadNapCat.js"
10-06 00:38:51 [NAPCAT] [launcher] package.json content: {
10-06 00:38:51 [NAPCAT]   "name": "QQ",
10-06 00:38:51 [NAPCAT]   "version": "3.2.33-52892",
10-06 00:38:51 [NAPCAT]   "private": true,
10-06 00:38:51 [NAPCAT]   "description": "QQ",
10-06 00:38:51 [NAPCAT]   "productName": "QQ",
10-06 00:38:51 [NAPCAT]   "author": {
10-06 00:38:51 [NAPCAT]     "name": "Tencent",
10-06 00:38:51 [NAPCAT]     "email": "QQ-Team@tencent.com"
10-06 00:38:51 [NAPCAT]   },
10-06 00:38:51 [NAPCAT]   "homepage": "https://im.qq.com",
10-06 00:38:51 [NAPCAT]   "sideEffects": true,
10-06 00:38:51 [NAPCAT]   "bin": {
10-06 00:38:51 [NAPCAT]     "qd": "externals/devtools/cli/index.js"
10-06 00:38:51 [NAPCAT]   },
10-06 00:38:51 [NAPCAT]   "appid": {
10-06 00:38:51 [NAPCAT]     "win32": "537382716",
10-06 00:38:51 [NAPCAT]     "darwin": "537382742",
10-06 00:38:51 [NAPCAT]     "linux": "537382753",
10-06 00:38:51 [NAPCAT]     "ohos": "5373141859"
10-06 00:38:51 [NAPCAT]   },
10-06 00:38:51 [NAPCAT]   "main": "../../../../root/loadNapCat.js",
10-06 00:38:51 [NAPCAT]   "peerDependenciesMeta": {
10-06 00:38:51 [NAPCAT]     "*": {
10-06 00:38:51 [NAPCAT]       "optional": true
10-06 00:38:51 [NAPCAT]     }
10-06 00:38:51 [NAPCAT]   },
10-06 00:38:52 [NAPCAT]   "pnpm": {
10-06 00:38:52 [NAPCAT]     "patchedDependencies": {
10-06 00:38:52 [NAPCAT]       "@vue/runtime-dom@3.5.12": "patches/@vue__runtime-dom@3.5.12.patch",
10-06 00:38:52 [NAPCAT]       "@swc/helpers@0.5.3": "patches/@swc__helpers@0.5.3.patch",
10-06 00:38:52 [NAPCAT]       "vuex@4.1.0": "patches/vuex@4.1.0.patch",
10-06 00:38:52 [NAPCAT]       "typescript-parser@2.6.1": "patches/typescript-parser@2.6.1.patch",
10-06 00:38:52 [NAPCAT]       "@tencent/qqplay-downloadsdk": "patches/@tencent__qqplay-downloadsdk.patch",
10-06 00:38:52 [NAPCAT]       "@tencent/universal-report@4.5.4": "patches/@tencent__universal-report@4.5.4.patch",
10-06 00:38:52 [NAPCAT]       "typescript@7.0.2": "patches/typescript@7.0.2.patch"
10-06 00:38:52 [NAPCAT]     },
10-06 00:38:52 [NAPCAT]     "packageExtensions": {
10-06 00:38:52 [NAPCAT]       "qute": {
10-06 00:38:52 [NAPCAT]         "dependencies": {},
10-06 00:38:52 [NAPCAT]         "devDependencies": {}
10-06 00:38:52 [NAPCAT]       }
10-06 00:38:52 [NAPCAT]     },
10-06 00:38:52 [NAPCAT]     "overrides": {
10-06 00:38:52 [NAPCAT]       "@types/react": "-",
10-06 00:38:52 [NAPCAT]       "@types/react-dom": "-",
10-06 00:38:52 [NAPCAT]       "@tencent/yuanbao-react-markdown>@types/hast": "-",
10-06 00:38:52 [NAPCAT]       "@tencent/yuanbao-react-markdown>devlop": "-",
10-06 00:38:52 [NAPCAT]       "@tencent/yuanbao-react-markdown>hast-util-to-jsx-runtime": "-",
10-06 00:38:52 [NAPCAT]       "@tencent/yuanbao-react-markdown>html-url-attributes": "-",
10-06 00:38:52 [NAPCAT]       "@tencent/yuanbao-react-markdown>mdast-util-to-hast": "-",
10-06 00:38:52 [NAPCAT]       "@tencent/yuanbao-react-markdown>rehype-parse": "-",
10-06 00:38:52 [NAPCAT]       "@tencent/yuanbao-react-markdown>rehype-stringify": "-",
10-06 00:38:52 [NAPCAT]       "@tencent/yuanbao-react-markdown>remark-parse": "-",
10-06 00:38:52 [NAPCAT]       "@tencent/yuanbao-react-markdown>remark-rehype": "-",
10-06 00:38:52 [NAPCAT]       "@tencent/yuanbao-react-markdown>unified": "-",
10-06 00:38:52 [NAPCAT]       "@tencent/yuanbao-react-markdown>unist-util-visit": "-",
10-06 00:38:54 [AstrBot Android] 自愈第 2 轮已执行（详见 /root/napcat/watchdog.log；若已进入禁 bypass 态，反检测将保持关闭直至手动恢复）
10-06 00:38:54 [NAPCAT] [launcher] loadNapCat.js generated in current directory
10-06 00:38:54 [NAPCAT] not mini app. 
10-06 00:38:54 [NAPCAT] [launcher] loadNapCat.js generated in current directory
10-06 00:38:54 [NAPCAT] [preload] succeeded. /opt/QQ/resources/app/major.node
10-06 00:38:54 [NAPCAT] [launcher] loadNapCat.js generated in current directory
10-06 00:38:54 [NAPCAT] [preload] succeeded. /opt/QQ/resources/app/major.node
10-06 00:38:54 [NAPCAT] [29998:1006/003854.503182:ERROR:base/files/file_path_watcher_inotify.cc:923] Failed to read /proc/sys/fs/inotify/max_user_watches
10-06 00:38:54 [NAPCAT] [29996:1006/003854.507502:ERROR:base/files/file_path_watcher_inotify.cc:923] Failed to read /proc/sys/fs/inotify/max_user_watches
10-06 00:38:54 [NAPCAT] [29976:1006/003854.529543:ERROR:dbus/bus.cc:406] Failed to connect to the bus: Failed to connect to socket /run/dbus/system_bus_socket: No such file or director
10-06 00:38:54 [NAPCAT] resourcesPath: /opt/QQ/resources
10-06 00:38:54 [NAPCAT] [launcher] intercepted package.json: /opt/QQ/resources/app/package.json, replacing content
10-06 00:38:54 [NAPCAT] [launcher] Generated relative path: ../../../../root
10-06 00:38:54 [NAPCAT] [launcher] New main field: "main": "../../../../root/loadNapCat.js"
10-06 00:38:54 [NAPCAT] [launcher] package.json content: {
10-06 00:38:54 [NAPCAT]   "name": "QQ",
10-06 00:38:54 [NAPCAT]   "version": "3.2.33-52892",
10-06 00:38:54 [NAPCAT]   "private": true,
10-06 00:38:54 [NAPCAT]   "description": "QQ",
10-06 00:38:54 [NAPCAT]   "productName": "QQ",
10-06 00:38:54 [NAPCAT]   "author": {
10-06 00:38:54 [NAPCAT]     "name": "Tencent",
10-06 00:38:54 [NAPCAT]     "email": "QQ-Team@tencent.com"
10-06 00:38:55 [NAPCAT]   },
10-06 00:38:55 [NAPCAT]   "homepage": "https://im.qq.com",
10-06 00:38:55 [NAPCAT]   "sideEffects": true,
10-06 00:38:55 [NAPCAT]   "bin": {
10-06 00:38:55 [NAPCAT]     "qd": "externals/devtools/cli/index.js"
10-06 00:38:55 [NAPCAT]   },
10-06 00:38:55 [NAPCAT]   "appid": {
10-06 00:38:55 [NAPCAT]     "win32": "537382716",
10-06 00:38:55 [NAPCAT]     "darwin": "537382742",
10-06 00:38:55 [NAPCAT]     "linux": "537382753",
10-06 00:38:55 [NAPCAT]     "ohos": "5373141859"
10-06 00:38:55 [NAPCAT]   },
10-06 00:38:55 [NAPCAT]   "main": "../../../../root/loadNapCat.js",
10-06 00:38:55 [NAPCAT]   "peerDependenciesMeta": {
10-06 00:38:55 [NAPCAT]     "*": {
10-06 00:38:55 [NAPCAT]       "optional": true
10-06 00:38:55 [NAPCAT]     }
10-06 00:38:55 [NAPCAT]   },
10-06 00:38:55 [NAPCAT]   "pnpm": {
10-06 00:38:55 [NAPCAT]     "patchedDependencies": {
10-06 00:38:55 [NAPCAT]       "@vue/runtime-dom@3.5.12": "patches/@vue__runtime-dom@3.5.12.patch",
10-06 00:38:55 [NAPCAT]       "@swc/helpers@0.5.3": "patches/@swc__helpers@0.5.3.patch",
10-06 00:38:55 [NAPCAT]       "vuex@4.1.0": "patches/vuex@4.1.0.patch",
10-06 00:38:55 [NAPCAT]       "typescript-parser@2.6.1": "patches/typescript-parser@2.6.1.patch",
10-06 00:38:55 [NAPCAT]       "@tencent/qqplay-downloadsdk": "patches/@tencent__qqplay-downloadsdk.patch",
10-06 00:38:55 [NAPCAT]       "@tencent/universal-report@4.5.4": "patches/@tencent__universal-report@4.5.4.patch",
10-06 00:38:55 [NAPCAT]       "typescript@7.0.2": "patches/typescript@7.0.2.patch"
10-06 00:38:55 [NAPCAT]     },
10-06 00:38:55 [NAPCAT]     "packageExtensions": {
10-06 00:38:55 [NAPCAT]       "qute": {
10-06 00:38:55 [NAPCAT]         "dependencies": {},
10-06 00:38:55 [NAPCAT]         "devDependencies": {}
10-06 00:38:55 [NAPCAT]       }
10-06 00:38:55 [NAPCAT]     },
10-06 00:38:55 [NAPCAT]     "overrides": {
10-06 00:38:55 [NAPCAT]       "@types/react": "-",
10-06 00:38:55 [NAPCAT]       "@types/react-dom": "-",
10-06 00:38:55 [NAPCAT]       "@tencent/yuanbao-react-markdown>@types/hast": "-",
10-06 00:38:55 [NAPCAT]       "@tencent/yuanbao-react-markdown>devlop": "-",
10-06 00:38:55 [NAPCAT]       "@tencent/yuanbao-react-markdown>hast-util-to-jsx-runtime": "-",
10-06 00:38:55 [NAPCAT]       "@tencent/yuanbao-react-markdown>html-url-attributes": "-",
10-06 00:38:55 [NAPCAT]       "@tencent/yuanbao-react-markdown>mdast-util-to-hast": "-",
10-06 00:38:55 [NAPCAT]       "@tencent/yuanbao-react-markdown>rehype-parse": "-",
10-06 00:38:55 [NAPCAT]       "@tencent/yuanbao-react-markdown>rehype-stringify": "-",
10-06 00:38:55 [NAPCAT]       "@tencent/yuanbao-react-markdown>remark-parse": "-",
10-06 00:38:55 [NAPCAT]       "@tencent/yuanbao-react-markdown>remark-rehype": "-",
10-06 00:38:56 [NAPCAT]       "@tencent/yuanbao-react-markdown>unified": "-",
10-06 00:38:56 [NAPCAT]       "@tencent/yuanbao-react-markdown>unist-util-visit": "-",
10-06 00:38:56 [NAPCAT]       "@tencent/yuanbao-react-markdown>vfile": "-",
10-06 00:38:56 [NAPCAT]       "@types/d3-dispatch": "3.0.6"
10-06 00:38:56 [NAPCAT]     }
10-06 00:38:56 [NAPCAT]   },
10-06 00:38:56 [NAPCAT]   "buildVersion": "52892",
10-06 00:38:56 [NAPCAT]   "platform": "linux",
10-06 00:38:56 [NAPCAT]   "eleArch": "arm64",
10-06 00:38:56 [NAPCAT]   "linuxFormat": "deb"
10-06 00:38:56 [NAPCAT] }
10-06 00:38:56 [NAPCAT] [29976:1006/003856.350060:ERROR:dbus/bus.cc:406] Failed to connect to the bus: Could not parse server address: Unknown address type (examples of valid types are
10-06 00:38:56 [NAPCAT] [29976:1006/003856.350132:ERROR:dbus/bus.cc:406] Failed to connect to the bus: Could not parse server address: Unknown address type (examples of valid types are
10-06 00:38:56 [NAPCAT] [29976:1006/003856.350954:ERROR:dbus/bus.cc:406] Failed to connect to the bus: Failed to connect to socket /run/dbus/system_bus_socket: No such file or director
10-06 00:38:56 [NAPCAT] [29976:1006/003856.351335:ERROR:base/files/file_path_watcher_inotify.cc:923] Failed to read /proc/sys/fs/inotify/max_user_watches
10-06 00:38:56 [NAPCAT] [29976:1006/003856.351434:ERROR:net/base/address_tracker_linux.cc:242] Could not bind NETLINK socket: Permission denied (13)
10-06 00:38:56 [NAPCAT] [29976:1006/003856.351623:ERROR:dbus/bus.cc:406] Failed to connect to the bus: Failed to connect to socket /run/dbus/system_bus_socket: No such file or director
10-06 00:38:56 [NAPCAT] [29976:1006/003856.371486:ERROR:device/udev_linux/udev_watcher.cc:51] Failed to initialize a udev monitor.
10-06 00:38:56 [NAPCAT] [29976:1006/003856.394273:ERROR:dbus/object_proxy.cc:573] Failed to call method: org.freedesktop.DBus.NameHasOwner: object_path= /org/freedesktop/DBus: unknown 
10-06 00:38:56 [NAPCAT] [29976:1006/003856.394503:ERROR:dbus/object_proxy.cc:573] Failed to call method: org.freedesktop.DBus.NameHasOwner: object_path= /org/freedesktop/DBus: unknown 
10-06 00:38:56 [NAPCAT] [29976:1006/003856.394916:ERROR:dbus/bus.cc:406] Failed to connect to the bus: Could not parse server address: Unknown address type (examples of valid types are
10-06 00:38:56 [NAPCAT] [29976:1006/003856.394995:ERROR:dbus/bus.cc:406] Failed to connect to the bus: Could not parse server address: Unknown address type (examples of valid types are
10-06 00:38:56 [NAPCAT] [29976:1006/003856.395016:ERROR:dbus/object_proxy.cc:573] Failed to call method: org.freedesktop.DBus.NameHasOwner: object_path= /org/freedesktop/DBus: unknown 
10-06 00:38:56 [NAPCAT] [29976:1006/003856.413891:ERROR:dbus/object_proxy.cc:573] Failed to call method: org.freedesktop.DBus.NameHasOwner: object_path= /org/freedesktop/DBus: unknown 
10-06 00:38:57 [NAPCAT] [30481:1006/003856.597530:ERROR:base/files/file_path_watcher_inotify.cc:923] Failed to read /proc/sys/fs/inotify/max_user_watches
10-06 00:38:57 [NAPCAT] [launcher] loadNapCat.js generated in current directory
10-06 00:38:57 [NAPCAT] [30480:1006/003856.689914:ERROR:base/files/file_path_watcher_inotify.cc:923] Failed to read /proc/sys/fs/inotify/max_user_watches
10-06 00:38:57 [NAPCAT] [30480:1006/003856.699017:ERROR:net/base/address_tracker_linux.cc:242] Could not bind NETLINK socket: Permission denied (13)
10-06 00:38:57 [NAPCAT] [30468:1006/003857.012805:ERROR:ui/gl/angle_platform_impl.cc:42] Display.cpp:1097 (initialize): ANGLE Display::initialize error 12289: GLX is not present.
10-06 00:38:57 [NAPCAT] ERR: Display.cpp:1097 (initialize): ANGLE Display::initialize error 12289: GLX is not present.
10-06 00:38:57 [NAPCAT] [30468:1006/003857.013958:ERROR:ui/gl/egl_util.cc:92] EGL Driver message (Critical) eglInitialize: GLX is not present.
10-06 00:38:57 [NAPCAT] [30468:1006/003857.014405:ERROR:ui/gl/gl_display.cc:639] eglInitialize OpenGL failed with error EGL_NOT_INITIALIZED, trying next display type
10-06 00:38:57 [NAPCAT] [30468:1006/003857.014901:ERROR:ui/gl/angle_platform_impl.cc:42] Display.cpp:1097 (initialize): ANGLE Display::initialize error 12289: GLX is not present.
10-06 00:38:57 [NAPCAT] ERR: Display.cpp:1097 (initialize): ANGLE Display::initialize error 12289: GLX is not present.
10-06 00:38:57 [NAPCAT] [30468:1006/003857.015159:ERROR:ui/gl/egl_util.cc:92] EGL Driver message (Critical) eglInitialize: GLX is not present.
10-06 00:38:57 [NAPCAT] [30468:1006/003857.015349:ERROR:ui/gl/gl_display.cc:639] eglInitialize OpenGLES failed with error EGL_NOT_INITIALIZED
10-06 00:38:57 [NAPCAT] [30468:1006/003857.015517:ERROR:ui/gl/gl_display.cc:674] Initialization of all EGL display types failed.
10-06 00:38:57 [NAPCAT] [30468:1006/003857.015806:ERROR:ui/ozone/common/gl_ozone_egl.cc:26] GLDisplayEGL::Initialize failed.
10-06 00:38:57 [NAPCAT] [30468:1006/003857.182952:ERROR:ui/gl/angle_platform_impl.cc:42] Display.cpp:1097 (initialize): ANGLE Display::initialize error 12289: GLX is not present.
10-06 00:38:57 [NAPCAT] ERR: Display.cpp:1097 (initialize): ANGLE Display::initialize error 12289: GLX is not present.
10-06 00:38:57 [NAPCAT] [30468:1006/003857.183344:ERROR:ui/gl/egl_util.cc:92] EGL Driver message (Critical) eglInitialize: GLX is not present.
10-06 00:38:57 [NAPCAT] [30468:1006/003857.183626:ERROR:ui/gl/gl_display.cc:639] eglInitialize OpenGL failed with error EGL_NOT_INITIALIZED, trying next display type
10-06 00:38:57 [NAPCAT] [30468:1006/003857.184195:ERROR:ui/gl/angle_platform_impl.cc:42] Display.cpp:1097 (initialize): ANGLE Display::initialize error 12289: GLX is not present.
10-06 00:38:57 [NAPCAT] ERR: Display.cpp:1097 (initialize): ANGLE Display::initialize error 12289: GLX is not present.
10-06 00:38:57 [NAPCAT] [30468:1006/003857.185276:ERROR:ui/gl/egl_util.cc:92] EGL Driver message (Critical) eglInitialize: GLX is not present.
10-06 00:38:57 [NAPCAT] [30468:1006/003857.185709:ERROR:ui/gl/gl_display.cc:639] eglInitialize OpenGLES failed with error EGL_NOT_INITIALIZED
10-06 00:38:57 [NAPCAT] [30468:1006/003857.186857:ERROR:ui/gl/gl_display.cc:674] Initialization of all EGL display types failed.
10-06 00:38:57 [NAPCAT] [30468:1006/003857.187434:ERROR:ui/ozone/common/gl_ozone_egl.cc:26] GLDisplayEGL::Initialize failed.
10-06 00:38:57 [NAPCAT] [30468:1006/003857.207628:ERROR:components/viz/service/main/viz_main_impl.cc:189] Exiting GPU process due to errors during initialization
10-06 00:38:57 [NAPCAT] NapCat Shell App Loading...
10-06 00:38:58 [NAPCAT] [launcher] intercepted package.json: /opt/QQ/resources/app/package.json, replacing content
10-06 00:38:58 [NAPCAT] [launcher] Generated relative path: ../../../../root
10-06 00:38:58 [NAPCAT] [launcher] New main field: "main": "../../../../root/loadNapCat.js"
10-06 00:38:58 [NAPCAT] [launcher] package.json content: {
10-06 00:38:58 [NAPCAT]   "name": "QQ",
10-06 00:38:58 [NAPCAT]   "version": "3.2.33-52892",
10-06 00:38:58 [NAPCAT]   "private": true,
10-06 00:38:58 [NAPCAT]   "description": "QQ",
10-06 00:38:58 [NAPCAT]   "productName": "QQ",
10-06 00:38:58 [NAPCAT]   "author": {
10-06 00:38:58 [NAPCAT]     "name": "Tencent",
10-06 00:38:58 [NAPCAT]     "email": "QQ-Team@tencent.com"
10-06 00:38:58 [NAPCAT]   },
10-06 00:38:58 [NAPCAT]   "homepage": "https://im.qq.com",
10-06 00:38:58 [NAPCAT]   "sideEffects": true,
10-06 00:38:58 [NAPCAT]   "bin": {
10-06 00:38:58 [NAPCAT]     "qd": "externals/devtools/cli/index.js"
10-06 00:38:58 [NAPCAT]   },
10-06 00:38:58 [NAPCAT]   "appid": {
10-06 00:38:58 [NAPCAT]     "win32": "537382716",
10-06 00:38:58 [NAPCAT]     "darwin": "537382742",
10-06 00:38:58 [NAPCAT]     "linux": "537382753",
10-06 00:38:58 [NAPCAT]     "ohos": "5373141859"
10-06 00:38:58 [NAPCAT]   },
10-06 00:38:58 [NAPCAT]   "main": "../../../../root/loadNapCat.js",
10-06 00:38:58 [NAPCAT]   "peerDependenciesMeta": {
10-06 00:38:58 [NAPCAT]     "*": {
10-06 00:38:58 [NAPCAT]       "optional": true
10-06 00:38:58 [NAPCAT]     }
10-06 00:38:58 [NAPCAT]   },
10-06 00:38:58 [NAPCAT]   "pnpm": {
10-06 00:38:58 [NAPCAT]     "patchedDependencies": {
10-06 00:38:58 [NAPCAT]       "@vue/runtime-dom@3.5.12": "patches/@vue__runtime-dom@3.5.12.patch",
10-06 00:38:58 [NAPCAT]       "@swc/helpers@0.5.3": "patches/@swc__helpers@0.5.3.patch",
10-06 00:38:58 [NAPCAT]       "vuex@4.1.0": "patches/vuex@4.1.0.patch",
10-06 00:38:58 [NAPCAT]       "typescript-parser@2.6.1": "patches/typescript-parser@2.6.1.patch",
10-06 00:38:58 [NAPCAT]       "@tencent/qqplay-downloadsdk": "patches/@tencent__qqplay-downloadsdk.patch",
10-06 00:38:58 [NAPCAT]       "@tencent/universal-report@4.5.4": "patches/@tencent__universal-report@4.5.4.patch",
10-06 00:38:58 [NAPCAT]       "typescript@7.0.2": "patches/typescript@7.0.2.patch"
10-06 00:38:59 [NAPCAT]     },
10-06 00:38:59 [NAPCAT]     "packageExtensions": {
10-06 00:38:59 [NAPCAT]       "qute": {
10-06 00:38:59 [NAPCAT]         "dependencies": {},
10-06 00:38:59 [NAPCAT]         "devDependencies": {}
10-06 00:38:59 [NAPCAT]       }
10-06 00:38:59 [NAPCAT]     },
10-06 00:38:59 [NAPCAT]     "overrides": {
10-06 00:38:59 [NAPCAT]       "@types/react": "-",
10-06 00:38:59 [NAPCAT]       "@types/react-dom": "-",
10-06 00:38:59 [NAPCAT]       "@tencent/yuanbao-react-markdown>@types/hast": "-",
10-06 00:38:59 [NAPCAT]       "@tencent/yuanbao-react-markdown>devlop": "-",
10-06 00:38:59 [NAPCAT]       "@tencent/yuanbao-react-markdown>hast-util-to-jsx-runtime": "-",
10-06 00:38:59 [NAPCAT]       "@tencent/yuanbao-react-markdown>html-url-attributes": "-",
10-06 00:38:59 [NAPCAT]       "@tencent/yuanbao-react-markdown>mdast-util-to-hast": "-",
10-06 00:38:59 [NAPCAT]       "@tencent/yuanbao-react-markdown>rehype-parse": "-",
10-06 00:38:59 [NAPCAT]       "@tencent/yuanbao-react-markdown>rehype-stringify": "-",
10-06 00:38:59 [NAPCAT]       "@tencent/yuanbao-react-markdown>remark-parse": "-",
10-06 00:38:59 [NAPCAT]       "@tencent/yuanbao-react-markdown>remark-rehype": "-",
10-06 00:38:59 [NAPCAT]       "@tencent/yuanbao-react-markdown>unified": "-",
10-06 00:38:59 [NAPCAT]       "@tencent/yuanbao-react-markdown>unist-util-visit": "-",
10-06 00:38:59 [NAPCAT]       "@tencent/yuanbao-react-markdown>vfile": "-",
10-06 00:38:59 [NAPCAT]       "@types/d3-dispatch": "3.0.6"
10-06 00:38:59 [NAPCAT]     }
10-06 00:38:59 [NAPCAT]   },
10-06 00:38:59 [NAPCAT]   "buildVersion": "52892",
10-06 00:38:59 [NAPCAT]   "platform": "linux",
10-06 00:38:59 [NAPCAT]   "eleArch": "arm64",
10-06 00:38:59 [NAPCAT]   "linuxFormat": "deb"
10-06 00:38:59 [NAPCAT] }
10-06 00:38:59 [NAPCAT] prepare write and writev hooks
10-06 00:38:59 [NAPCAT] 10-06 00:38:57 [info] [PacketHandler] 加载成功
10-06 00:38:59 [NAPCAT] 10-06 00:38:57 [info] [Napi2NativeLoader] 加载成功
10-06 00:38:59 [NAPCAT] 10-06 00:38:57 [info] [FFmpeg] 检查 Native Addon 可用性...
10-06 00:38:59 [NAPCAT] 10-06 00:38:57 [info] [FFmpeg] ✓ 使用 Native Addon 适配器
10-06 00:38:59 [NAPCAT] 10-06 00:38:58 [info] [PacketHandler] 初始化成功
10-06 00:38:59 [NAPCAT] 10-06 00:38:58 [info] [NapCat] [Core] NapCat.Core Version: 4.18.28
10-06 00:38:59 [NAPCAT] [I] <MemoryFile.cpp:98::open> open fd[0x27], /root/.config/QQ/nt_qq/global/nt_data/mmkv/nt_mmkv_global_misc
10-06 00:39:00 [NAPCAT] [I] <MemoryFile.cpp:98::open> open fd[0x28], /root/.config/QQ/nt_qq/global/nt_data/mmkv/nt_mmkv_global_misc.crc
10-06 00:39:00 [NAPCAT] [I] <MMKV.cpp:233::initializeMMKV> root dir: /root/.config/QQ/nt_qq/global/nt_data/mmkv
10-06 00:39:00 [NAPCAT] [I] <MMKV_IO.cpp:213::loadMetaInfoAndCheck> meta file [nt_mmkv_global_misc] has flag [0]
10-06 00:39:00 [NAPCAT] [I] <MMKV_IO.cpp:87::loadFromFile> loading [nt_mmkv_global_misc] with 201 actual size, file size 4096, InterProcess 1, meta info version:4
10-06 00:39:00 [NAPCAT] [I] <MMKV_IO.cpp:92::loadFromFile> loading [nt_mmkv_global_misc] with crc 869129090 sequence 1 version 4
10-06 00:39:00 [NAPCAT] [I] <MMKV_IO.cpp:136::loadFromFile> loaded [nt_mmkv_global_misc] with 2 key-values
10-06 00:39:00 [NAPCAT] [I] <MemoryFile.cpp:98::open> open fd[0x26], /root/.config/QQ/nt_qq/global/nt_data/mmkv/nt_mmkv_o3
10-06 00:39:00 [NAPCAT] [I] <MemoryFile.cpp:98::open> open fd[0x29], /root/.config/QQ/nt_qq/global/nt_data/mmkv/nt_mmkv_o3.crc
10-06 00:39:00 [NAPCAT] [I] <MMKV_IO.cpp:213::loadMetaInfoAndCheck> meta file [nt_mmkv_o3] has flag [0]
10-06 00:39:00 [NAPCAT] [I] <MMKV_IO.cpp:87::loadFromFile> loading [nt_mmkv_o3] with 183 actual size, file size 4096, InterProcess 1, meta info version:4
10-06 00:39:00 [NAPCAT] [I] <MMKV_IO.cpp:92::loadFromFile> loading [nt_mmkv_o3] with crc 704323148 sequence 1 version 4
10-06 00:39:00 [NAPCAT] [I] <MMKV_IO.cpp:136::loadFromFile> loaded [nt_mmkv_o3] with 2 key-values
10-06 00:39:00 [NAPCAT] 10-06 00:38:58 [error] [NapCat] [UtilityProcess] Worker进程退出，退出码: 11
10-06 00:39:00 [NAPCAT] 10-06 00:38:58 [warn] [NapCat] [UtilityProcess] Worker进程意外退出 (1/3)，正在尝试重新拉起...
10-06 00:39:00 [NAPCAT] [launcher] loadNapCat.js generated in current directory
10-06 00:39:00 [NAPCAT] [30859:1006/003858.397600:ERROR:base/files/file_path_watcher_inotify.cc:923] Failed to read /proc/sys/fs/inotify/max_user_watches
10-06 00:39:00 [NAPCAT] [30859:1006/003858.397863:ERROR:net/base/address_tracker_linux.cc:242] Could not bind NETLINK socket: Permission denied (13)
10-06 00:39:00 [NAPCAT] NapCat Shell App Loading...
10-06 00:39:00 [NAPCAT] [launcher] intercepted package.json: /opt/QQ/resources/app/package.json, replacing content
10-06 00:39:00 [NAPCAT] [launcher] Generated relative path: ../../../../root
10-06 00:39:00 [NAPCAT] [launcher] New main field: "main": "../../../../root/loadNapCat.js"
10-06 00:39:00 [NAPCAT] [launcher] package.json content: {
10-06 00:39:00 [NAPCAT]   "name": "QQ",
10-06 00:39:00 [NAPCAT]   "version": "3.2.33-52892",
10-06 00:39:00 [NAPCAT]   "private": true,
10-06 00:39:00 [NAPCAT]   "description": "QQ",
10-06 00:39:00 [NAPCAT]   "productName": "QQ",
10-06 00:39:00 [NAPCAT]   "author": {
10-06 00:39:00 [NAPCAT]     "name": "Tencent",
10-06 00:39:00 [NAPCAT]     "email": "QQ-Team@tencent.com"
10-06 00:39:00 [NAPCAT]   },
10-06 00:39:00 [NAPCAT]   "homepage": "https://im.qq.com",
10-06 00:39:00 [NAPCAT]   "sideEffects": true,
10-06 00:39:00 [NAPCAT]   "bin": {
10-06 00:39:00 [NAPCAT]     "qd": "externals/devtools/cli/index.js"
10-06 00:39:00 [NAPCAT]   },
10-06 00:39:00 [NAPCAT]   "appid": {
10-06 00:39:00 [NAPCAT]     "win32": "537382716",
10-06 00:39:00 [NAPCAT]     "darwin": "537382742",
10-06 00:39:00 [NAPCAT]     "linux": "537382753",
10-06 00:39:00 [NAPCAT]     "ohos": "5373141859"
10-06 00:39:00 [NAPCAT]   },
10-06 00:39:01 [NAPCAT]   "main": "../../../../root/loadNapCat.js",
10-06 00:39:01 [NAPCAT]   "peerDependenciesMeta": {
10-06 00:39:01 [NAPCAT]     "*": {
10-06 00:39:01 [NAPCAT]       "optional": true
10-06 00:39:01 [NAPCAT]     }
10-06 00:39:01 [NAPCAT]   },
10-06 00:39:01 [NAPCAT]   "pnpm": {
10-06 00:39:01 [NAPCAT]     "patchedDependencies": {
10-06 00:39:01 [NAPCAT]       "@vue/runtime-dom@3.5.12": "patches/@vue__runtime-dom@3.5.12.patch",
10-06 00:39:01 [NAPCAT]       "@swc/helpers@0.5.3": "patches/@swc__helpers@0.5.3.patch",
10-06 00:39:01 [NAPCAT]       "vuex@4.1.0": "patches/vuex@4.1.0.patch",
10-06 00:39:01 [NAPCAT]       "typescript-parser@2.6.1": "patches/typescript-parser@2.6.1.patch",
10-06 00:39:01 [NAPCAT]       "@tencent/qqplay-downloadsdk": "patches/@tencent__qqplay-downloadsdk.patch",
10-06 00:39:01 [NAPCAT]       "@tencent/universal-report@4.5.4": "patches/@tencent__universal-report@4.5.4.patch",
10-06 00:39:01 [NAPCAT]       "typescript@7.0.2": "patches/typescript@7.0.2.patch"
10-06 00:39:01 [NAPCAT]     },
10-06 00:39:01 [NAPCAT]     "packageExtensions": {
10-06 00:39:01 [NAPCAT]       "qute": {
10-06 00:39:01 [NAPCAT]         "dependencies": {},
10-06 00:39:01 [NAPCAT]         "devDependencies": {}
10-06 00:39:01 [NAPCAT]       }
10-06 00:39:01 [NAPCAT]     },
10-06 00:39:01 [NAPCAT]     "overrides": {
10-06 00:39:01 [NAPCAT]       "@types/react": "-",
10-06 00:39:01 [NAPCAT]       "@types/react-dom": "-",
10-06 00:39:01 [NAPCAT]       "@tencent/yuanbao-react-markdown>@types/hast": "-",
10-06 00:39:01 [NAPCAT]       "@tencent/yuanbao-react-markdown>devlop": "-",
10-06 00:39:01 [NAPCAT]       "@tencent/yuanbao-react-markdown>hast-util-to-jsx-runtime": "-",
10-06 00:39:01 [NAPCAT]       "@tencent/yuanbao-react-markdown>html-url-attributes": "-",
10-06 00:39:01 [NAPCAT]       "@tencent/yuanbao-react-markdown>mdast-util-to-hast": "-",
10-06 00:39:01 [NAPCAT]       "@tencent/yuanbao-react-markdown>rehype-parse": "-",
10-06 00:39:01 [NAPCAT]       "@tencent/yuanbao-react-markdown>rehype-stringify": "-",
10-06 00:39:01 [NAPCAT]       "@tencent/yuanbao-react-markdown>remark-parse": "-",
10-06 00:39:01 [NAPCAT]       "@tencent/yuanbao-react-markdown>remark-rehype": "-",
10-06 00:39:01 [NAPCAT]       "@tencent/yuanbao-react-markdown>unified": "-",
10-06 00:39:01 [NAPCAT]       "@tencent/yuanbao-react-markdown>unist-util-visit": "-",
10-06 00:39:01 [NAPCAT]       "@tencent/yuanbao-react-markdown>vfile": "-",
10-06 00:39:01 [NAPCAT]       "@types/d3-dispatch": "3.0.6"
10-06 00:39:01 [NAPCAT]     }
10-06 00:39:01 [NAPCAT]   },
10-06 00:39:01 [NAPCAT]   "buildVersion": "52892",
10-06 00:39:02 [NAPCAT]   "platform": "linux",
10-06 00:39:02 [NAPCAT]   "eleArch": "arm64",
10-06 00:39:02 [NAPCAT]   "linuxFormat": "deb"
10-06 00:39:02 [NAPCAT] }
10-06 00:39:02 [NAPCAT] prepare write and writev hooks
10-06 00:39:02 [NAPCAT] 10-06 00:38:59 [info] [PacketHandler] 加载成功
10-06 00:39:02 [NAPCAT] 10-06 00:38:59 [info] [Napi2NativeLoader] 加载成功
10-06 00:39:02 [NAPCAT] 10-06 00:38:59 [info] [FFmpeg] 检查 Native Addon 可用性...
10-06 00:39:02 [NAPCAT] 10-06 00:38:59 [info] [FFmpeg] ✓ 使用 Native Addon 适配器
10-06 00:39:02 [NAPCAT] 10-06 00:38:59 [info] [PacketHandler] 初始化成功
10-06 00:39:02 [NAPCAT] 10-06 00:38:59 [info] [NapCat] [Core] NapCat.Core Version: 4.18.28
10-06 00:39:02 [NAPCAT] [I] <MemoryFile.cpp:98::open> open fd[0x27], /root/.config/QQ/nt_qq/global/nt_data/mmkv/nt_mmkv_global_misc
10-06 00:39:02 [NAPCAT] [I] <MemoryFile.cpp:98::open> open fd[0x24], /root/.config/QQ/nt_qq/global/nt_data/mmkv/nt_mmkv_global_misc.crc
10-06 00:39:02 [NAPCAT] [I] <MMKV.cpp:233::initializeMMKV> root dir: /root/.config/QQ/nt_qq/global/nt_data/mmkv
10-06 00:39:02 [NAPCAT] [I] <MMKV_IO.cpp:213::loadMetaInfoAndCheck> meta file [nt_mmkv_global_misc] has flag [0]
10-06 00:39:02 [NAPCAT] [I] <MMKV_IO.cpp:87::loadFromFile> loading [nt_mmkv_global_misc] with 201 actual size, file size 4096, InterProcess 1, meta info version:4
10-06 00:39:02 [NAPCAT] [I] <MMKV_IO.cpp:92::loadFromFile> loading [nt_mmkv_global_misc] with crc 869129090 sequence 1 version 4
10-06 00:39:02 [NAPCAT] [I] <MMKV_IO.cpp:136::loadFromFile> loaded [nt_mmkv_global_misc] with 2 key-values
10-06 00:39:02 [NAPCAT] [I] <MemoryFile.cpp:98::open> open fd[0x28], /root/.config/QQ/nt_qq/global/nt_data/mmkv/nt_mmkv_o3
10-06 00:39:02 [NAPCAT] [I] <MemoryFile.cpp:98::open> open fd[0x29], /root/.config/QQ/nt_qq/global/nt_data/mmkv/nt_mmkv_o3.crc
10-06 00:39:02 [NAPCAT] [I] <MMKV_IO.cpp:213::loadMetaInfoAndCheck> meta file [nt_mmkv_o3] has flag [0]
10-06 00:39:02 [NAPCAT] [I] <MMKV_IO.cpp:87::loadFromFile> loading [nt_mmkv_o3] with 183 actual size, file size 4096, InterProcess 1, meta info version:4
10-06 00:39:02 [NAPCAT] [I] <MMKV_IO.cpp:92::loadFromFile> loading [nt_mmkv_o3] with crc 704323148 sequence 1 version 4
10-06 00:39:02 [NAPCAT] [I] <MMKV_IO.cpp:136::loadFromFile> loaded [nt_mmkv_o3] with 2 key-values
10-06 00:39:02 [NAPCAT] 10-06 00:38:59 [error] [NapCat] [UtilityProcess] Worker进程退出，退出码: 11
10-06 00:39:02 [NAPCAT] 10-06 00:38:59 [warn] [NapCat] [UtilityProcess] Worker进程意外退出 (2/3)，正在尝试重新拉起...
10-06 00:39:02 [NAPCAT] [launcher] loadNapCat.js generated in current directory
10-06 00:39:02 [NAPCAT] [31241:1006/003900.087492:ERROR:base/files/file_path_watcher_inotify.cc:923] Failed to read /proc/sys/fs/inotify/max_user_watches
10-06 00:39:02 [NAPCAT] [31241:1006/003900.088356:ERROR:net/base/address_tracker_linux.cc:242] Could not bind NETLINK socket: Permission denied (13)
10-06 00:39:02 [NAPCAT] NapCat Shell App Loading...
10-06 00:39:02 [NAPCAT] [launcher] intercepted package.json: /opt/QQ/resources/app/package.json, replacing content
10-06 00:39:02 [NAPCAT] [launcher] Generated relative path: ../../../../root
10-06 00:39:02 [NAPCAT] [launcher] New main field: "main": "../../../../root/loadNapCat.js"
10-06 00:39:02 [NAPCAT] [launcher] package.json content: {
10-06 00:39:02 [NAPCAT]   "name": "QQ",
10-06 00:39:02 [NAPCAT]   "version": "3.2.33-52892",
10-06 00:39:02 [NAPCAT]   "private": true,
10-06 00:39:02 [NAPCAT]   "description": "QQ",
10-06 00:39:02 [NAPCAT]   "productName": "QQ",
10-06 00:39:02 [NAPCAT]   "author": {
10-06 00:39:02 [NAPCAT]     "name": "Tencent",
10-06 00:39:03 [NAPCAT]     "email": "QQ-Team@tencent.com"
10-06 00:39:03 [NAPCAT]   },
10-06 00:39:03 [NAPCAT]   "homepage": "https://im.qq.com",
10-06 00:39:03 [NAPCAT]   "sideEffects": true,
10-06 00:39:03 [NAPCAT]   "bin": {
10-06 00:39:03 [NAPCAT]     "qd": "externals/devtools/cli/index.js"
10-06 00:39:03 [NAPCAT]   },
10-06 00:39:03 [NAPCAT]   "appid": {
10-06 00:39:03 [NAPCAT]     "win32": "537382716",
10-06 00:39:03 [NAPCAT]     "darwin": "537382742",
10-06 00:39:03 [NAPCAT]     "linux": "537382753",
10-06 00:39:03 [NAPCAT]     "ohos": "5373141859"
10-06 00:39:03 [NAPCAT]   },
10-06 00:39:03 [NAPCAT]   "main": "../../../../root/loadNapCat.js",
10-06 00:39:03 [NAPCAT]   "peerDependenciesMeta": {
10-06 00:39:03 [NAPCAT]     "*": {
10-06 00:39:03 [NAPCAT]       "optional": true
10-06 00:39:03 [NAPCAT]     }
10-06 00:39:03 [NAPCAT]   },
10-06 00:39:03 [NAPCAT]   "pnpm": {
10-06 00:39:03 [NAPCAT]     "patchedDependencies": {
10-06 00:39:03 [NAPCAT]       "@vue/runtime-dom@3.5.12": "patches/@vue__runtime-dom@3.5.12.patch",
10-06 00:39:03 [NAPCAT]       "@swc/helpers@0.5.3": "patches/@swc__helpers@0.5.3.patch",
10-06 00:39:03 [NAPCAT]       "vuex@4.1.0": "patches/vuex@4.1.0.patch",
10-06 00:39:03 [NAPCAT]       "typescript-parser@2.6.1": "patches/typescript-parser@2.6.1.patch",
10-06 00:39:03 [NAPCAT]       "@tencent/qqplay-downloadsdk": "patches/@tencent__qqplay-downloadsdk.patch",
10-06 00:39:03 [NAPCAT]       "@tencent/universal-report@4.5.4": "patches/@tencent__universal-report@4.5.4.patch",
10-06 00:39:03 [NAPCAT]       "typescript@7.0.2": "patches/typescript@7.0.2.patch"
10-06 00:39:03 [NAPCAT]     },
10-06 00:39:03 [NAPCAT]     "packageExtensions": {
10-06 00:39:03 [NAPCAT]       "qute": {
10-06 00:39:03 [NAPCAT]         "dependencies": {},
10-06 00:39:03 [NAPCAT]         "devDependencies": {}
10-06 00:39:03 [NAPCAT]       }
10-06 00:39:03 [NAPCAT]     },
10-06 00:39:03 [NAPCAT]     "overrides": {
10-06 00:39:03 [NAPCAT]       "@types/react": "-",
10-06 00:39:03 [NAPCAT]       "@types/react-dom": "-",
10-06 00:39:03 [NAPCAT]       "@tencent/yuanbao-react-markdown>@types/hast": "-",
10-06 00:39:03 [NAPCAT]       "@tencent/yuanbao-react-markdown>devlop": "-",
10-06 00:39:03 [NAPCAT]       "@tencent/yuanbao-react-markdown>hast-util-to-jsx-runtime": "-",
10-06 00:39:04 [NAPCAT]       "@tencent/yuanbao-react-markdown>html-url-attributes": "-",
10-06 00:39:04 [NAPCAT]       "@tencent/yuanbao-react-markdown>mdast-util-to-hast": "-",
10-06 00:39:04 [NAPCAT]       "@tencent/yuanbao-react-markdown>rehype-parse": "-",
10-06 00:39:04 [NAPCAT]       "@tencent/yuanbao-react-markdown>rehype-stringify": "-",
10-06 00:39:04 [NAPCAT]       "@tencent/yuanbao-react-markdown>remark-parse": "-",
10-06 00:39:04 [NAPCAT]       "@tencent/yuanbao-react-markdown>remark-rehype": "-",
10-06 00:39:04 [NAPCAT]       "@tencent/yuanbao-react-markdown>unified": "-",
10-06 00:39:04 [NAPCAT]       "@tencent/yuanbao-react-markdown>unist-util-visit": "-",
10-06 00:39:04 [NAPCAT]       "@tencent/yuanbao-react-markdown>vfile": "-",
10-06 00:39:04 [NAPCAT]       "@types/d3-dispatch": "3.0.6"
10-06 00:39:04 [NAPCAT]     }
10-06 00:39:04 [NAPCAT]   },
10-06 00:39:04 [NAPCAT]   "buildVersion": "52892",
10-06 00:39:04 [NAPCAT]   "platform": "linux",
10-06 00:39:04 [AstrBot Android] 检测到 NapCat 崩溃（主进程退出）——立即执行自愈重启（第 3 轮；阶梯级别按崩溃计数自动升级）
10-06 00:39:04 [NAPCAT]   "eleArch": "arm64",
10-06 00:39:04 [NAPCAT]   "linuxFormat": "deb"
10-06 00:39:04 [NAPCAT] }
10-06 00:39:04 [NAPCAT] prepare write and writev hooks
10-06 00:39:04 [NAPCAT] 10-06 00:39:01 [info] [PacketHandler] 加载成功
10-06 00:39:04 [NAPCAT] 10-06 00:39:01 [info] [Napi2NativeLoader] 加载成功
10-06 00:39:04 [NAPCAT] 10-06 00:39:01 [info] [FFmpeg] 检查 Native Addon 可用性...
10-06 00:39:04 [NAPCAT] 10-06 00:39:01 [info] [FFmpeg] ✓ 使用 Native Addon 适配器
10-06 00:39:04 [NAPCAT] 10-06 00:39:01 [info] [PacketHandler] 初始化成功
10-06 00:39:04 [NAPCAT] 10-06 00:39:01 [info] [NapCat] [Core] NapCat.Core Version: 4.18.28
10-06 00:39:04 [NAPCAT] [I] <MemoryFile.cpp:98::open> open fd[0x27], /root/.config/QQ/nt_qq/global/nt_data/mmkv/nt_mmkv_global_misc.crc
10-06 00:39:04 [NAPCAT] [I] <MMKV_IO.cpp:213::loadMetaInfoAndCheck> meta file [nt_mmkv_global_misc] has flag [0]
10-06 00:39:04 [NAPCAT] [I] <MMKV_IO.cpp:87::loadFromFile> loading [nt_mmkv_global_misc] with 201 actual size, file size 4096, InterProcess 1, meta info version:4
10-06 00:39:04 [NAPCAT] [I] <MMKV_IO.cpp:92::loadFromFile> loading [nt_mmkv_global_misc] with crc 869129090 sequence 1 version 4
10-06 00:39:04 [NAPCAT] [I] <MMKV_IO.cpp:136::loadFromFile> loaded [nt_mmkv_global_misc] with 2 key-values
10-06 00:39:04 [NAPCAT] [I] <MMKV.cpp:233::initializeMMKV> root dir: /root/.config/QQ/nt_qq/global/nt_data/mmkv
10-06 00:39:04 [NAPCAT] [I] <MemoryFile.cpp:98::open> open fd[0x28], /root/.config/QQ/nt_qq/global/nt_data/mmkv/nt_mmkv_o3
10-06 00:39:04 [NAPCAT] [I] <MemoryFile.cpp:98::open> open fd[0x29], /root/.config/QQ/nt_qq/global/nt_data/mmkv/nt_mmkv_o3.crc
10-06 00:39:04 [NAPCAT] [I] <MMKV_IO.cpp:213::loadMetaInfoAndCheck> meta file [nt_mmkv_o3] has flag [0]
10-06 00:39:04 [NAPCAT] [I] <MMKV_IO.cpp:87::loadFromFile> loading [nt_mmkv_o3] with 183 actual size, file size 4096, InterProcess 1, meta info version:4
10-06 00:39:04 [NAPCAT] [I] <MMKV_IO.cpp:92::loadFromFile> loading [nt_mmkv_o3] with crc 704323148 sequence 1 version 4
10-06 00:39:04 [NAPCAT] [I] <MMKV_IO.cpp:136::loadFromFile> loaded [nt_mmkv_o3] with 2 key-values
10-06 00:39:04 [NAPCAT] 10-06 00:39:01 [error] [NapCat] [UtilityProcess] Worker进程退出，退出码: 11
10-06 00:39:04 [NAPCAT] 10-06 00:39:01 [error] [NapCat] [UtilityProcess] Worker进程在 10 秒内异常退出 3 次，主进程退出
10-06 00:39:04 [NAPCAT] 10-06 00:39:01 [warn] [NapCat] [UtilityProcess] Worker进程意外退出 (3/3)，正在尝试重新拉起...
10-06 00:39:04 [NAPCAT] [launcher] loadNapCat.js generated in current directory
10-06 00:39:40 [AstrBot Android] 自愈第 3 轮已执行（详见 /root/napcat/watchdog.log；若已进入禁 bypass 态，反检测将保持关闭直至手动恢复）
10-06 00:39:40 [NAPCAT] [launcher] loadNapCat.js generated in current directory
10-06 00:39:40 [NAPCAT] not mini app. 
10-06 00:39:40 [NAPCAT] [launcher] loadNapCat.js generated in current directory
10-06 00:39:40 [NAPCAT] [preload] succeeded. /opt/QQ/resources/app/major.node
10-06 00:39:40 [NAPCAT] [738:1006/003940.951619:ERROR:base/files/file_path_watcher_inotify.cc:923] Failed to read /proc/sys/fs/inotify/max_user_watches
10-06 00:39:41 [NAPCAT] [launcher] loadNapCat.js generated in current directory
10-06 00:39:41 [NAPCAT] [preload] succeeded. /opt/QQ/resources/app/major.node
10-06 00:39:41 [NAPCAT] [739:1006/003940.977030:ERROR:base/files/file_path_watcher_inotify.cc:923] Failed to read /proc/sys/fs/inotify/max_user_watches
10-06 00:39:41 [NAPCAT] [727:1006/003940.997076:ERROR:dbus/bus.cc:406] Failed to connect to the bus: Failed to connect to socket /run/dbus/system_bus_socket: No such file or directory
10-06 00:39:41 [NAPCAT] resourcesPath: /opt/QQ/resources
10-06 00:39:41 [NAPCAT] [launcher] intercepted package.json: /opt/QQ/resources/app/package.json, replacing content
10-06 00:39:41 [NAPCAT] [launcher] Generated relative path: ../../../../root
10-06 00:39:41 [NAPCAT] [launcher] New main field: "main": "../../../../root/loadNapCat.js"
10-06 00:39:41 [NAPCAT] [launcher] package.json content: {
10-06 00:39:41 [NAPCAT]   "name": "QQ",
10-06 00:39:41 [NAPCAT]   "version": "3.2.33-52892",
10-06 00:39:41 [NAPCAT]   "private": true,
10-06 00:39:41 [NAPCAT]   "description": "QQ",
10-06 00:39:41 [NAPCAT]   "productName": "QQ",
10-06 00:39:41 [NAPCAT]   "author": {
10-06 00:39:41 [NAPCAT]     "name": "Tencent",
10-06 00:39:41 [NAPCAT]     "email": "QQ-Team@tencent.com"
10-06 00:39:41 [NAPCAT]   },
10-06 00:39:41 [NAPCAT]   "homepage": "https://im.qq.com",
10-06 00:39:41 [NAPCAT]   "sideEffects": true,
10-06 00:39:41 [NAPCAT]   "bin": {
10-06 00:39:41 [NAPCAT]     "qd": "externals/devtools/cli/index.js"
10-06 00:39:41 [NAPCAT]   },
10-06 00:39:41 [NAPCAT]   "appid": {
10-06 00:39:41 [NAPCAT]     "win32": "537382716",
10-06 00:39:41 [NAPCAT]     "darwin": "537382742",
10-06 00:39:41 [NAPCAT]     "linux": "537382753",
10-06 00:39:41 [NAPCAT]     "ohos": "5373141859"
10-06 00:39:41 [NAPCAT]   },
10-06 00:39:41 [NAPCAT]   "main": "../../../../root/loadNapCat.js",
10-06 00:39:41 [NAPCAT]   "peerDependenciesMeta": {
10-06 00:39:41 [NAPCAT]     "*": {
10-06 00:39:41 [NAPCAT]       "optional": true
10-06 00:39:41 [NAPCAT]     }
10-06 00:39:41 [NAPCAT]   },
10-06 00:39:41 [NAPCAT]   "pnpm": {
10-06 00:39:41 [NAPCAT]     "patchedDependencies": {
10-06 00:39:41 [NAPCAT]       "@vue/runtime-dom@3.5.12": "patches/@vue__runtime-dom@3.5.12.patch",
10-06 00:39:41 [NAPCAT]       "@swc/helpers@0.5.3": "patches/@swc__helpers@0.5.3.patch",
10-06 00:39:41 [NAPCAT]       "vuex@4.1.0": "patches/vuex@4.1.0.patch",
10-06 00:39:41 [NAPCAT]       "typescript-parser@2.6.1": "patches/typescript-parser@2.6.1.patch",
10-06 00:39:41 [NAPCAT]       "@tencent/qqplay-downloadsdk": "patches/@tencent__qqplay-downloadsdk.patch",
10-06 00:39:41 [NAPCAT]       "@tencent/universal-report@4.5.4": "patches/@tencent__universal-report@4.5.4.patch",
10-06 00:39:41 [NAPCAT]       "typescript@7.0.2": "patches/typescript@7.0.2.patch"
10-06 00:39:42 [NAPCAT]     },
10-06 00:39:42 [NAPCAT]     "packageExtensions": {
10-06 00:39:42 [NAPCAT]       "qute": {
10-06 00:39:42 [NAPCAT]         "dependencies": {},
10-06 00:39:42 [NAPCAT]         "devDependencies": {}
10-06 00:39:42 [NAPCAT]       }
10-06 00:39:42 [NAPCAT]     },
10-06 00:39:42 [NAPCAT]     "overrides": {
10-06 00:39:42 [NAPCAT]       "@types/react": "-",
10-06 00:39:42 [NAPCAT]       "@types/react-dom": "-",
10-06 00:39:42 [NAPCAT]       "@tencent/yuanbao-react-markdown>@types/hast": "-",
10-06 00:39:42 [NAPCAT]       "@tencent/yuanbao-react-markdown>devlop": "-",
10-06 00:39:42 [NAPCAT]       "@tencent/yuanbao-react-markdown>hast-util-to-jsx-runtime": "-",
10-06 00:39:42 [NAPCAT]       "@tencent/yuanbao-react-markdown>html-url-attributes": "-",
10-06 00:39:42 [NAPCAT]       "@tencent/yuanbao-react-markdown>mdast-util-to-hast": "-",
10-06 00:39:42 [NAPCAT]       "@tencent/yuanbao-react-markdown>rehype-parse": "-",
10-06 00:39:42 [NAPCAT]       "@tencent/yuanbao-react-markdown>rehype-stringify": "-",
10-06 00:39:42 [NAPCAT]       "@tencent/yuanbao-react-markdown>remark-parse": "-",
10-06 00:39:42 [NAPCAT]       "@tencent/yuanbao-react-markdown>remark-rehype": "-",
10-06 00:39:42 [NAPCAT]       "@tencent/yuanbao-react-markdown>unified": "-",
10-06 00:39:42 [NAPCAT]       "@tencent/yuanbao-react-markdown>unist-util-visit": "-",
10-06 00:39:42 [NAPCAT]       "@tencent/yuanbao-react-markdown>vfile": "-",
10-06 00:39:42 [NAPCAT]       "@types/d3-dispatch": "3.0.6"
10-06 00:39:42 [NAPCAT]     }
10-06 00:39:42 [NAPCAT]   },
10-06 00:39:42 [NAPCAT]   "buildVersion": "52892",
10-06 00:39:42 [NAPCAT]   "platform": "linux",
10-06 00:39:42 [NAPCAT]   "eleArch": "arm64",
10-06 00:39:42 [NAPCAT]   "linuxFormat": "deb"
10-06 00:39:42 [NAPCAT] }
10-06 00:39:42 [NAPCAT] [727:1006/003942.663657:ERROR:dbus/bus.cc:406] Failed to connect to the bus: Could not parse server address: Unknown address type (examples of valid types are "
10-06 00:39:42 [NAPCAT] [727:1006/003942.663788:ERROR:dbus/bus.cc:406] Failed to connect to the bus: Could not parse server address: Unknown address type (examples of valid types are "
10-06 00:39:42 [NAPCAT] [727:1006/003942.664756:ERROR:dbus/bus.cc:406] Failed to connect to the bus: Failed to connect to socket /run/dbus/system_bus_socket: No such file or directory
10-06 00:39:42 [NAPCAT] [727:1006/003942.664987:ERROR:dbus/bus.cc:406] Failed to connect to the bus: Failed to connect to socket /run/dbus/system_bus_socket: No such file or directory
10-06 00:39:42 [NAPCAT] [727:1006/003942.665451:ERROR:base/files/file_path_watcher_inotify.cc:923] Failed to read /proc/sys/fs/inotify/max_user_watches
10-06 00:39:42 [NAPCAT] [727:1006/003942.665960:ERROR:net/base/address_tracker_linux.cc:242] Could not bind NETLINK socket: Permission denied (13)
10-06 00:39:42 [NAPCAT] [727:1006/003942.689765:ERROR:device/udev_linux/udev_watcher.cc:51] Failed to initialize a udev monitor.
10-06 00:39:42 [NAPCAT] [727:1006/003942.702849:ERROR:dbus/object_proxy.cc:573] Failed to call method: org.freedesktop.DBus.NameHasOwner: object_path= /org/freedesktop/DBus: unknown er
10-06 00:39:42 [NAPCAT] [727:1006/003942.702973:ERROR:dbus/object_proxy.cc:573] Failed to call method: org.freedesktop.DBus.NameHasOwner: object_path= /org/freedesktop/DBus: unknown er
10-06 00:39:42 [NAPCAT] [727:1006/003942.703048:ERROR:dbus/bus.cc:406] Failed to connect to the bus: Could not parse server address: Unknown address type (examples of valid types are "
10-06 00:39:42 [NAPCAT] [727:1006/003942.703084:ERROR:dbus/bus.cc:406] Failed to connect to the bus: Could not parse server address: Unknown address type (examples of valid types are "
10-06 00:39:42 [NAPCAT] [727:1006/003942.703103:ERROR:dbus/object_proxy.cc:573] Failed to call method: org.freedesktop.DBus.NameHasOwner: object_path= /org/freedesktop/DBus: unknown er
10-06 00:39:43 [NAPCAT] [727:1006/003942.706334:ERROR:dbus/object_proxy.cc:573] Failed to call method: org.freedesktop.DBus.NameHasOwner: object_path= /org/freedesktop/DBus: unknown er
10-06 00:39:43 [NAPCAT] [1939:1006/003942.851994:ERROR:base/files/file_path_watcher_inotify.cc:923] Failed to read /proc/sys/fs/inotify/max_user_watches
10-06 00:39:43 [NAPCAT] [launcher] loadNapCat.js generated in current directory
10-06 00:39:43 [NAPCAT] [1936:1006/003942.909009:ERROR:base/files/file_path_watcher_inotify.cc:923] Failed to read /proc/sys/fs/inotify/max_user_watches
10-06 00:39:43 [NAPCAT] [1936:1006/003942.910380:ERROR:net/base/address_tracker_linux.cc:242] Could not bind NETLINK socket: Permission denied (13)
10-06 00:39:43 [NAPCAT] [1924:1006/003943.101020:ERROR:ui/gl/angle_platform_impl.cc:42] Display.cpp:1097 (initialize): ANGLE Display::initialize error 12289: GLX is not present.
10-06 00:39:43 [NAPCAT] ERR: Display.cpp:1097 (initialize): ANGLE Display::initialize error 12289: GLX is not present.
10-06 00:39:43 [NAPCAT] [1924:1006/003943.102273:ERROR:ui/gl/egl_util.cc:92] EGL Driver message (Critical) eglInitialize: GLX is not present.
10-06 00:39:43 [NAPCAT] [1924:1006/003943.103443:ERROR:ui/gl/gl_display.cc:639] eglInitialize OpenGL failed with error EGL_NOT_INITIALIZED, trying next display type
10-06 00:39:43 [NAPCAT] [1924:1006/003943.104251:ERROR:ui/gl/angle_platform_impl.cc:42] Display.cpp:1097 (initialize): ANGLE Display::initialize error 12289: GLX is not present.
10-06 00:39:43 [NAPCAT] ERR: Display.cpp:1097 (initialize): ANGLE Display::initialize error 12289: GLX is not present.
10-06 00:39:43 [NAPCAT] [1924:1006/003943.109892:ERROR:ui/gl/egl_util.cc:92] EGL Driver message (Critical) eglInitialize: GLX is not present.
10-06 00:39:43 [NAPCAT] [1924:1006/003943.111483:ERROR:ui/gl/gl_display.cc:639] eglInitialize OpenGLES failed with error EGL_NOT_INITIALIZED
10-06 00:39:43 [NAPCAT] [1924:1006/003943.112115:ERROR:ui/gl/gl_display.cc:674] Initialization of all EGL display types failed.
10-06 00:39:43 [NAPCAT] [1924:1006/003943.112457:ERROR:ui/ozone/common/gl_ozone_egl.cc:26] GLDisplayEGL::Initialize failed.
10-06 00:39:43 [NAPCAT] [1924:1006/003943.369995:ERROR:ui/gl/angle_platform_impl.cc:42] Display.cpp:1097 (initialize): ANGLE Display::initialize error 12289: GLX is not present.
10-06 00:39:43 [NAPCAT] ERR: Display.cpp:1097 (initialize): ANGLE Display::initialize error 12289: GLX is not present.
10-06 00:39:43 [NAPCAT] [1924:1006/003943.370400:ERROR:ui/gl/egl_util.cc:92] EGL Driver message (Critical) eglInitialize: GLX is not present.
10-06 00:39:43 [NAPCAT] [1924:1006/003943.370594:ERROR:ui/gl/gl_display.cc:639] eglInitialize OpenGL failed with error EGL_NOT_INITIALIZED, trying next display type
10-06 00:39:43 [NAPCAT] [1924:1006/003943.371084:ERROR:ui/gl/angle_platform_impl.cc:42] Display.cpp:1097 (initialize): ANGLE Display::initialize error 12289: GLX is not present.
10-06 00:39:43 [NAPCAT] ERR: Display.cpp:1097 (initialize): ANGLE Display::initialize error 12289: GLX is not present.
10-06 00:39:43 [NAPCAT] [1924:1006/003943.371505:ERROR:ui/gl/egl_util.cc:92] EGL Driver message (Critical) eglInitialize: GLX is not present.
10-06 00:39:43 [NAPCAT] [1924:1006/003943.371739:ERROR:ui/gl/gl_display.cc:639] eglInitialize OpenGLES failed with error EGL_NOT_INITIALIZED
10-06 00:39:43 [NAPCAT] [1924:1006/003943.373192:ERROR:ui/gl/gl_display.cc:674] Initialization of all EGL display types failed.
10-06 00:39:43 [NAPCAT] [1924:1006/003943.375132:ERROR:ui/ozone/common/gl_ozone_egl.cc:26] GLDisplayEGL::Initialize failed.
10-06 00:39:43 [NAPCAT] [1924:1006/003943.381652:ERROR:components/viz/service/main/viz_main_impl.cc:189] Exiting GPU process due to errors during initialization
10-06 00:39:44 [NAPCAT] NapCat Shell App Loading...
10-06 00:39:44 [NAPCAT] [launcher] intercepted package.json: /opt/QQ/resources/app/package.json, replacing content
10-06 00:39:44 [NAPCAT] [launcher] Generated relative path: ../../../../root
10-06 00:39:44 [NAPCAT] [launcher] New main field: "main": "../../../../root/loadNapCat.js"
10-06 00:39:44 [NAPCAT] [launcher] package.json content: {
10-06 00:39:44 [NAPCAT]   "name": "QQ",
10-06 00:39:44 [NAPCAT]   "version": "3.2.33-52892",
10-06 00:39:44 [NAPCAT]   "private": true,
10-06 00:39:44 [NAPCAT]   "description": "QQ",
10-06 00:39:44 [NAPCAT]   "productName": "QQ",
10-06 00:39:44 [NAPCAT]   "author": {
10-06 00:39:44 [NAPCAT]     "name": "Tencent",
10-06 00:39:44 [NAPCAT]     "email": "QQ-Team@tencent.com"
10-06 00:39:44 [NAPCAT]   },
10-06 00:39:44 [NAPCAT]   "homepage": "https://im.qq.com",
10-06 00:39:44 [NAPCAT]   "sideEffects": true,
10-06 00:39:44 [NAPCAT]   "bin": {
10-06 00:39:44 [NAPCAT]     "qd": "externals/devtools/cli/index.js"
10-06 00:39:44 [NAPCAT]   },
10-06 00:39:44 [NAPCAT]   "appid": {
10-06 00:39:44 [NAPCAT]     "win32": "537382716",
10-06 00:39:44 [NAPCAT]     "darwin": "537382742",
10-06 00:39:44 [NAPCAT]     "linux": "537382753",
10-06 00:39:44 [NAPCAT]     "ohos": "5373141859"
10-06 00:39:44 [NAPCAT]   },
10-06 00:39:44 [NAPCAT]   "main": "../../../../root/loadNapCat.js",
10-06 00:39:44 [NAPCAT]   "peerDependenciesMeta": {
10-06 00:39:44 [NAPCAT]     "*": {
10-06 00:39:44 [NAPCAT]       "optional": true
10-06 00:39:44 [NAPCAT]     }
10-06 00:39:44 [NAPCAT]   },
10-06 00:39:44 [NAPCAT]   "pnpm": {
10-06 00:39:44 [NAPCAT]     "patchedDependencies": {
10-06 00:39:44 [NAPCAT]       "@vue/runtime-dom@3.5.12": "patches/@vue__runtime-dom@3.5.12.patch",
10-06 00:39:44 [NAPCAT]       "@swc/helpers@0.5.3": "patches/@swc__helpers@0.5.3.patch",
10-06 00:39:44 [NAPCAT]       "vuex@4.1.0": "patches/vuex@4.1.0.patch",
10-06 00:39:44 [NAPCAT]       "typescript-parser@2.6.1": "patches/typescript-parser@2.6.1.patch",
10-06 00:39:44 [NAPCAT]       "@tencent/qqplay-downloadsdk": "patches/@tencent__qqplay-downloadsdk.patch",
10-06 00:39:44 [NAPCAT]       "@tencent/universal-report@4.5.4": "patches/@tencent__universal-report@4.5.4.patch",
10-06 00:39:44 [NAPCAT]       "typescript@7.0.2": "patches/typescript@7.0.2.patch"
10-06 00:39:44 [NAPCAT]     },
10-06 00:39:44 [NAPCAT]     "packageExtensions": {
10-06 00:39:45 [NAPCAT]       "qute": {
10-06 00:39:45 [NAPCAT]         "dependencies": {},
10-06 00:39:45 [NAPCAT]         "devDependencies": {}
10-06 00:39:45 [NAPCAT]       }
10-06 00:39:45 [NAPCAT]     },
10-06 00:39:45 [NAPCAT]     "overrides": {
10-06 00:39:45 [NAPCAT]       "@types/react": "-",
10-06 00:39:45 [NAPCAT]       "@types/react-dom": "-",
10-06 00:39:45 [NAPCAT]       "@tencent/yuanbao-react-markdown>@types/hast": "-",
10-06 00:39:45 [NAPCAT]       "@tencent/yuanbao-react-markdown>devlop": "-",
10-06 00:39:45 [NAPCAT]       "@tencent/yuanbao-react-markdown>hast-util-to-jsx-runtime": "-",
10-06 00:39:45 [NAPCAT]       "@tencent/yuanbao-react-markdown>html-url-attributes": "-",
10-06 00:39:45 [NAPCAT]       "@tencent/yuanbao-react-markdown>mdast-util-to-hast": "-",
10-06 00:39:45 [NAPCAT]       "@tencent/yuanbao-react-markdown>rehype-parse": "-",
10-06 00:39:45 [NAPCAT]       "@tencent/yuanbao-react-markdown>rehype-stringify": "-",
10-06 00:39:45 [NAPCAT]       "@tencent/yuanbao-react-markdown>remark-parse": "-",
10-06 00:39:45 [NAPCAT]       "@tencent/yuanbao-react-markdown>remark-rehype": "-",
10-06 00:39:45 [NAPCAT]       "@tencent/yuanbao-react-markdown>unified": "-",
10-06 00:39:45 [NAPCAT]       "@tencent/yuanbao-react-markdown>unist-util-visit": "-",
10-06 00:39:45 [NAPCAT]       "@tencent/yuanbao-react-markdown>vfile": "-",
10-06 00:39:45 [NAPCAT]       "@types/d3-dispatch": "3.0.6"
10-06 00:39:45 [NAPCAT]     }
10-06 00:39:45 [NAPCAT]   },
10-06 00:39:45 [NAPCAT]   "buildVersion": "52892",
10-06 00:39:45 [NAPCAT]   "platform": "linux",
10-06 00:39:45 [NAPCAT]   "eleArch": "arm64",
10-06 00:39:45 [NAPCAT]   "linuxFormat": "deb"
10-06 00:39:45 [NAPCAT] }
10-06 00:39:45 [NAPCAT] prepare write and writev hooks
10-06 00:39:45 [NAPCAT] 10-06 00:39:44 [info] [PacketHandler] 加载成功
10-06 00:39:45 [NAPCAT] 10-06 00:39:44 [info] [Napi2NativeLoader] 加载成功
10-06 00:39:45 [NAPCAT] 10-06 00:39:44 [info] [FFmpeg] 检查 Native Addon 可用性...
10-06 00:39:45 [NAPCAT] 10-06 00:39:44 [info] [FFmpeg] ✓ 使用 Native Addon 适配器
10-06 00:39:45 [NAPCAT] 10-06 00:39:44 [info] [PacketHandler] 初始化成功
10-06 00:39:45 [NAPCAT] 10-06 00:39:44 [info] [NapCat] Napi2NativeLoader: Bypass已通过环境变量禁用
10-06 00:39:45 [NAPCAT] 10-06 00:39:44 [info] [NapCat] [Core] NapCat.Core Version: 4.18.28
10-06 00:39:45 [NAPCAT] [I] <MemoryFile.cpp:98::open> open fd[0x26], /root/.config/QQ/nt_qq/global/nt_data/mmkv/nt_mmkv_global_misc.crc
10-06 00:39:45 [NAPCAT] [I] <MMKV_IO.cpp:213::loadMetaInfoAndCheck> meta file [nt_mmkv_global_misc] has flag [0]
10-06 00:39:45 [NAPCAT] [I] <MMKV_IO.cpp:87::loadFromFile> loading [nt_mmkv_global_misc] with 201 actual size, file size 4096, InterProcess 1, meta info version:4
10-06 00:39:45 [NAPCAT] [I] <MMKV_IO.cpp:92::loadFromFile> loading [nt_mmkv_global_misc] with crc 869129090 sequence 1 version 4
10-06 00:39:45 [NAPCAT] [I] <MMKV_IO.cpp:136::loadFromFile> loaded [nt_mmkv_global_misc] with 2 key-values
10-06 00:39:45 [NAPCAT] [I] <MMKV.cpp:233::initializeMMKV> root dir: /root/.config/QQ/nt_qq/global/nt_data/mmkv
10-06 00:39:45 [NAPCAT] [I] <MemoryFile.cpp:98::open> open fd[0x27], /root/.config/QQ/nt_qq/global/nt_data/mmkv/nt_mmkv_o3
10-06 00:39:45 [NAPCAT] [I] <MemoryFile.cpp:98::open> open fd[0x28], /root/.config/QQ/nt_qq/global/nt_data/mmkv/nt_mmkv_o3.crc
10-06 00:39:45 [NAPCAT] [I] <MMKV_IO.cpp:213::loadMetaInfoAndCheck> meta file [nt_mmkv_o3] has flag [0]
10-06 00:39:45 [NAPCAT] [I] <MMKV_IO.cpp:87::loadFromFile> loading [nt_mmkv_o3] with 183 actual size, file size 4096, InterProcess 1, meta info version:4
10-06 00:39:45 [NAPCAT] [I] <MMKV_IO.cpp:92::loadFromFile> loading [nt_mmkv_o3] with crc 704323148 sequence 1 version 4
10-06 00:39:45 [NAPCAT] [I] <MMKV_IO.cpp:136::loadFromFile> loaded [nt_mmkv_o3] with 2 key-values
10-06 00:39:45 [NAPCAT] 10-06 00:39:44 [info] [NapCat] [WebUi] WebUi Token: bandqq-napcat
10-06 00:39:46 [NAPCAT] 10-06 00:39:44 [info] [NapCat] [WebUi] WebUi User Panel Url: http://127.0.0.1:5099/webui?token=bandqq-napcat
10-06 00:39:46 [NAPCAT] 10-06 00:39:44 [info] [NapCat] [WebUi] WebUi User Panel Url: http://[::]:5099/webui?token=bandqq-napcat
10-06 00:39:46 [NAPCAT] 10-06 00:39:44 [info] 等待网络连接...
10-06 00:39:46 [NAPCAT] 10-06 00:39:45 [info] 网络已连接
10-06 00:39:46 [NAPCAT] 10-06 00:39:45 [info] 没有 -q 指令指定快速登录，将使用二维码登录方式
10-06 00:39:46 [NAPCAT] 10-06 00:39:45 [info] 可用于快速登录 of QQ：
10-06 00:39:46 [NAPCAT] 1. 3836305211 一秋呀(小号)大号2308534727
10-06 00:39:46 [NAPCAT] 10-06 00:39:45 [warn] 请扫描下面的二维码，然后在手Q上授权登录：
10-06 00:39:46 [NAPCAT] 10-06 00:39:45 [warn] 
10-06 00:39:46 [NAPCAT] ▄▄▄▄▄▄▄▄▄▄▄▄▄▄▄▄▄▄▄▄▄▄▄▄▄▄▄▄▄▄▄▄▄▄▄
10-06 00:39:46 [NAPCAT] █ ▄▄▄▄▄ █▄▄▄ ▀▄██ ▀▀ ██ ▄▀█ ▄▄▄▄▄ █
10-06 00:39:46 [NAPCAT] █ █   █ ██▄▀ █ ▀▄▄█▄█▀▄█ ▀█ █   █ █
10-06 00:39:46 [NAPCAT] █ █▄▄▄█ ██▀▄ ▄████▀▀▄█▀█▀██ █▄▄▄█ █
10-06 00:39:46 [NAPCAT] █▄▄▄▄▄▄▄█ ▀▄█ ▀ █ █ █▄█▄█▄█▄▄▄▄▄▄▄█
10-06 00:39:46 [NAPCAT] █  ▀ ▄▀▄▀█▄▀█▄██▀▀▀█▄▄█▄███▄▀▀█▀▀▄█
10-06 00:39:46 [NAPCAT] ██▀ █ █▄▀▀▄██▄█▄ █▀ ██▄ ▄▀▀  ▄▀▀▄▄█
10-06 00:39:46 [NAPCAT] ████▄▄▀▄▀▄▄ █▀▀▄  █▀██▄▀ ▄▀▄▄███▄▄█
10-06 00:39:46 [NAPCAT] █  ▄▄█ ▄ ▄▄▄█▀▄▀ ▄██ ▄█▄█▄▀▄█ █▀█▀█
10-06 00:39:46 [NAPCAT] █ █▄▄▄▀▄▀ ▀█ ▄▄  ▀ ▀█ █▄█▄▄ ▀ ▄█  █
10-06 00:39:46 [NAPCAT] ██▀ ▄█▄▄ ▄█▀▀▄  ▄▀██ █▄█▄██▀█▄█▀▀ █
10-06 00:39:46 [NAPCAT] █▀▄▄█ ▄▄█▀  ▄▀██▄▄█▀▄▄ █ ▀▄█▀▀▀█▀██
10-06 00:39:46 [NAPCAT] █ █ ███▄ ▀█  ▀█  ▄ ▀███▀▄▀ ▀ ▄█▀▄▄█
10-06 00:39:46 [NAPCAT] █▄▄███▄▄▄▀ █▄▄▀▄█ █▀▄██▀█ ▄▄▄ ▀▀ ██
10-06 00:39:46 [NAPCAT] █ ▄▄▄▄▄ ██▀▄ ▄█ ▄ ▄▄  ▄   █▄█ ▀ █▀█
10-06 00:39:46 [NAPCAT] █ █   █ █  ▀▀ ▄ █▄▀▀▄ █▄▄▄ ▄▄▄▀█▄▄█
10-06 00:39:46 [NAPCAT] █ █▄▄▄█ █▀█▀▄█ ▄▄▀█▄ ███▀█▀▀▄   ▀ █
10-06 00:39:46 [NAPCAT] █▄▄▄▄▄▄▄█▄██████▄█▄▄▄▄▄██▄▄█▄█▄████
10-06 00:39:46 [NAPCAT] 二维码解码URL: https://txz.qq.com/p?k=lcUnMN4StZpvUKqUGyVcZXZeGDcc5XOE&f=1600001615
10-06 00:39:46 [NAPCAT] 如果控制台二维码无法扫码，可以复制解码url到二维码生成网站生成二维码再扫码，也可以打开下方的二维码路径图片进�
10-06 00:39:46 [NAPCAT] 10-06 00:39:45 [warn] 二维码已保存到 /root/napcat/cache/qrcode.png
10-06 00:39:50 [AstrBot Android] NapCat 启动中…（已等待 30 秒，QQ 首次引导较慢）
10-06 00:40:20 [NAPCAT] 10-06 00:40:20 [info] [Core] [Login] 二维码已被扫描，等待确认...
10-06 00:40:20 [AstrBot Android] NapCat 启动中…（已等待 60 秒，QQ 首次引导较慢）
10-06 00:40:23 [NAPCAT] linux-bugly: init bugly ...
10-06 00:40:24 [NAPCAT] [BuglyManager.cpp][InitBuglyManager][198]InitBuglyManager path: /root/.config/QQ/crash_files/
10-06 00:40:24 [NAPCAT] [BuglyService.cpp][registBugly][589]set signal stack
10-06 00:40:24 [NAPCAT] [BuglyService.cpp][registSignalHandler][520]regist native handler
10-06 00:40:24 [NAPCAT] [BuglyService.cpp][setParam][618]setParam, key:appVersion, value:3.2.33-52892..
10-06 00:40:24 [NAPCAT] linux-bugly: init bugly done.
10-06 00:40:24 [NAPCAT] 10-06 00:40:24 [info] [NapCat] 已启用数据库辅助支持能力
10-06 00:40:24 [NAPCAT] [I] <MMKV.cpp:260::mmkvWithID> prepare to load nt_recent_emoji_mmkv (id 4d09ada208e1df49389b85b8d4dc11d8) from rootPath /root/.config/QQ/nt_qq_0d0741be72783462f
10-06 00:40:24 [NAPCAT] [I] <MemoryFile.cpp:98::open> open fd[0x57], /root/.config/QQ/nt_qq_0d0741be72783462f580b59d95c70ea4/nt_data/mmkv/nt_recent_emoji_mmkv
10-06 00:40:24 [NAPCAT] [I] <MemoryFile.cpp:98::open> open fd[0x58], /root/.config/QQ/nt_qq_0d0741be72783462f580b59d95c70ea4/nt_data/mmkv/nt_recent_emoji_mmkv.crc
10-06 00:40:24 [NAPCAT] [I] <MMKV_IO.cpp:213::loadMetaInfoAndCheck> meta file [nt_recent_emoji_mmkv] has flag [0]
10-06 00:40:24 [NAPCAT] [I] <MMKV_IO.cpp:87::loadFromFile> loading [nt_recent_emoji_mmkv] with 0 actual size, file size 4096, InterProcess 0, meta info version:4
10-06 00:40:24 [NAPCAT] [I] <MMKV_IO.cpp:136::loadFromFile> loaded [nt_recent_emoji_mmkv] with 0 key-values
10-06 00:40:24 [NAPCAT] [I] <MMKV.cpp:260::mmkvWithID> prepare to load nt_mmkv_united_config_no_login_v3 (id nt_mmkv_united_config_no_login_v3) from rootPath /root/.config/QQ/nt_qq/glo
10-06 00:40:24 [NAPCAT] [I] <MemoryFile.cpp:98::open> open fd[0x64], /root/.config/QQ/nt_qq/global/nt_data/mmkv/nt_mmkv_united_config_no_login_v3
10-06 00:40:24 [NAPCAT] [I] <MemoryFile.cpp:98::open> open fd[0x66], /root/.config/QQ/nt_qq/global/nt_data/mmkv/nt_mmkv_united_config_no_login_v3.crc
10-06 00:40:25 [NAPCAT] [I] <MMKV_IO.cpp:213::loadMetaInfoAndCheck> meta file [nt_mmkv_united_config_no_login_v3] has flag [0]
10-06 00:40:25 [NAPCAT] [I] <MMKV_IO.cpp:87::loadFromFile> loading [nt_mmkv_united_config_no_login_v3] with 17422 actual size, file size 32768, InterProcess 1, meta info version:4
10-06 00:40:25 [NAPCAT] [I] <MMKV_IO.cpp:92::loadFromFile> loading [nt_mmkv_united_config_no_login_v3] with crc 4133400471 sequence 4 version 4
10-06 00:40:25 [NAPCAT] [I] <MMKV_IO.cpp:136::loadFromFile> loaded [nt_mmkv_united_config_no_login_v3] with 392 key-values
10-06 00:40:25 [NAPCAT] [I] <MMKV.cpp:260::mmkvWithID> prepare to load nt_mmkv_flash_transfer (id 2c205ab7ef22e396d3aa9169b0203f14) from rootPath /root/.config/QQ/nt_qq_0d0741be7278346
10-06 00:40:25 [NAPCAT] [I] <MemoryFile.cpp:98::open> open fd[0xbe], /root/.config/QQ/nt_qq_0d0741be72783462f580b59d95c70ea4/nt_data/mmkv/nt_mmkv_flash_transfer
10-06 00:40:25 [NAPCAT] [I] <MemoryFile.cpp:98::open> open fd[0xbf], /root/.config/QQ/nt_qq_0d0741be72783462f580b59d95c70ea4/nt_data/mmkv/nt_mmkv_flash_transfer.crc
10-06 00:40:25 [NAPCAT] [I] <MMKV_IO.cpp:213::loadMetaInfoAndCheck> meta file [nt_mmkv_flash_transfer] has flag [0]
10-06 00:40:25 [NAPCAT] [I] <MMKV_IO.cpp:87::loadFromFile> loading [nt_mmkv_flash_transfer] with 742 actual size, file size 4096, InterProcess 0, meta info version:4
10-06 00:40:25 [NAPCAT] [I] <MMKV_IO.cpp:92::loadFromFile> loading [nt_mmkv_flash_transfer] with crc 21980072 sequence 1 version 4
10-06 00:40:25 [NAPCAT] 10-06 00:40:24 [debug] 本账号数据/缓存目录： /root/.config/QQ/NapCat/data
10-06 00:40:25 [NAPCAT] [I] <MMKV_IO.cpp:136::loadFromFile> loaded [nt_mmkv_flash_transfer] with 2 key-values
10-06 00:40:25 [NAPCAT] 10-06 00:40:24 [debug] [Core] [Config] 配置文件/root/napcat/config/napcat_3836305211.json加载 {"fileLog":true,"consoleLog":true,"fileLogLevel":"debug","co
10-06 00:40:25 [NAPCAT] 10-06 00:40:24 [info] [ServerTime] 时间同步完成，偏差 -912ms
10-06 00:40:25 [NAPCAT] 10-06 00:40:24 [info] [Core] [Packet] 使用 NativePacketClient 作为后端
10-06 00:40:25 [NAPCAT] 10-06 00:40:24 [info] [Core] [Packet] [PacketClient] NativePacketClient Hook 初始化成功 platform=linux.arm64
10-06 00:40:25 [NAPCAT] [I] <MemoryFile.cpp:98::open> open fd[0xc0], /root/.config/QQ/nt_qq/global/nt_data/mmkv/mmkv.default
10-06 00:40:26 [NAPCAT] [I] <MemoryFile.cpp:98::open> open fd[0xc1], /root/.config/QQ/nt_qq/global/nt_data/mmkv/mmkv.default.crc
10-06 00:40:26 [AstrBot Android] NapCat 端口已监听，自愈计数清零
10-06 00:40:26 [STAGE:100:NapCat 已就绪（:3001/:3000 可连，手环消息链路可用）]
10-06 00:40:26 [31m- NapCat 已就绪（:3001/:3000 可连，手环消息链路可用）[0m
10-06 00:40:26 [31m- NapCat 运行中（仅 NapCat 模式）[0m
10-06 00:40:26 [NAPCAT] [I] <MMKV_IO.cpp:213::loadMetaInfoAndCheck> meta file [mmkv.default] has flag [0]
10-06 00:40:26 [NAPCAT] [I] <MMKV_IO.cpp:87::loadFromFile> loading [mmkv.default] with 28 actual size, file size 4096, InterProcess 0, meta info version:4
10-06 00:40:26 [NAPCAT] [I] <MMKV_IO.cpp:92::loadFromFile> loading [mmkv.default] with crc 1670258981 sequence 1 version 4
10-06 00:40:26 [NAPCAT] [I] <MMKV_IO.cpp:136::loadFromFile> loaded [mmkv.default] with 1 key-values
10-06 00:40:26 [NAPCAT] 10-06 00:40:25 [info] [AdapterManager] 开始初始化协议适配器...
10-06 00:40:26 [NAPCAT] 10-06 00:40:25 [info] [Notice] [OneBot11] [network] 配置加载
10-06 00:40:26 [NAPCAT] HTTP服务: 127.0.0.1:3000, : 已启动
10-06 00:40:26 [NAPCAT] WebSocket服务: 127.0.0.1:3001, : 已启动
10-06 00:40:27 [NAPCAT] 10-06 00:40:25 [info] [OneBot] [WebSocket Server] Server Started undefined:undefined
10-06 00:40:27 [NAPCAT] 10-06 00:40:25 [info] [AdapterManager] OneBot11 适配器初始化完成
10-06 00:40:27 [NAPCAT] 10-06 00:40:25 [info] [AdapterManager] NapCat Protocol 适配器未启用，跳过初始化
10-06 00:40:27 [NAPCAT] 10-06 00:40:25 [info] [AdapterManager] 协议适配器初始化完成，已加载 2 个适配器
10-06 00:40:27 [NAPCAT] 10-06 00:40:25 [info] [OneBot] [HTTP Server Adapter] Start On 127.0.0.1:3000
10-06 00:40:27 [NAPCAT] 10-06 00:40:25 [info] 一秋呀(小号)大号2308534727 | 接收 <- 群聊 [华强北安卓手表交流极(1031894167)] [su8/m53/m99/s100/m89h(已出)m89(手持
10-06 00:40:27 [NAPCAT] 10-06 00:40:25 [info] 一秋呀(小号)大号2308534727 | 接收 <- 群聊 [华强北安卓手表交流极(1031894167)] [su8/m53/m99/s100/m89h(已出)m89(手持
10-06 00:40:27 [NAPCAT] 10-06 00:40:25 [info] 一秋呀(小号)大号2308534727 | 接收 <- 群聊 [华强北安卓手表交流极(1031894167)] [🍥Mozhuyi@uws6152_1h10(2307890046)] [
10-06 00:40:27 [NAPCAT] 10-06 00:40:25 [info] 一秋呀(小号)大号2308534727 | 接收 <- 群聊 [华强北安卓手表交流极(1031894167)] [IRIS Ciallo～(∠・ω＜ )⌒☆(1220
10-06 00:40:27 [NAPCAT] 10-06 00:40:25 [info] 一秋呀(小号)大号2308534727 | 接收 <- 群聊 [华强北安卓手表交流极(1031894167)] [IRIS Ciallo～(∠・ω＜ )⌒☆(1220
10-06 00:40:27 [NAPCAT] 10-06 00:40:25 [info] 一秋呀(小号)大号2308534727 | 接收 <- 群聊 [华强北安卓手表交流极(1031894167)] [🍥Mozhuyi@uws6152_1h10(2307890046)] �
10-06 00:40:27 [NAPCAT] 10-06 00:40:25 [info] 一秋呀(小号)大号2308534727 | 接收 <- 群聊 [华强北安卓手表交流极(1031894167)] [🍥Mozhuyi@uws6152_1h10(2307890046)] �
10-06 00:40:27 [NAPCAT] 10-06 00:40:25 [info] 一秋呀(小号)大号2308534727 | 接收 <- 群聊 [华强北安卓手表交流极(1031894167)] [沐华(3028117934)] 先把容量搞起�
10-06 00:40:27 [NAPCAT] 10-06 00:40:25 [info] 一秋呀(小号)大号2308534727 | 接收 <- 群聊 [华强北安卓手表交流极(1031894167)] [Bun.H4X(208364332)] 买了还能卖
10-06 00:40:27 [NAPCAT] 10-06 00:40:25 [info] 一秋呀(小号)大号2308534727 | 接收 <- 群聊 [华强北安卓手表交流极(1031894167)] [沐华(3028117934)] 一根d3 16g amd专
10-06 00:40:27 [NAPCAT] 10-06 00:40:25 [info] 一秋呀(小号)大号2308534727 | 接收 <- 群聊 [华强北安卓手表交流极(1031894167)]
10-06 00:40:27 [NAPCAT] 10-06 00:40:25 [info] 一秋呀(小号)大号2308534727 | 接收 <- 群聊 [华强北安卓手表交流极(1031894167)] [Bun.H4X(208364332)] 配d4
10-06 00:40:27 [NAPCAT] 10-06 00:40:25 [info] 一秋呀(小号)大号2308534727 | 接收 <- 群聊 [华强北安卓手表交流极(1031894167)] [群npc(3985561369)] 马上突破十个�
10-06 00:40:27 [NAPCAT] 10-06 00:40:25 [info] 一秋呀(小号)大号2308534727 | 接收 <- 群聊 [华强北安卓手表交流极(1031894167)] [JM(3096841433)] [视频]
10-06 00:40:27 [NAPCAT] 10-06 00:40:25 [info] 一秋呀(小号)大号2308534727 | 接收 <- 群聊 [华强北安卓手表交流极(1031894167)] [Bun.H4X(208364332)] 这私人电脑什�
10-06 00:40:27 [NAPCAT] 10-06 00:40:25 [info] 一秋呀(小号)大号2308534727 | 接收 <- 群聊 [华强北安卓手表交流极(1031894167)] [Bun.H4X(208364332)] 我想再配台都�
10-06 00:40:27 [NAPCAT] 10-06 00:40:25 [info] 一秋呀(小号)大号2308534727 | 接收 <- 群聊 [华强北安卓手表交流极(1031894167)] [群npc(3985561369)] [回复消息 [Bun.
10-06 00:40:28 [NAPCAT] 10-06 00:40:25 [info] 一秋呀(小号)大号2308534727 | 接收 <- 群聊 [华强北安卓手表交流极(1031894167)] [Bun.H4X(208364332)] 还好之前整了�
10-06 00:40:28 [NAPCAT] 10-06 00:40:25 [info] 一秋呀(小号)大号2308534727 | 接收 <- 群聊 [华强北安卓手表交流极(1031894167)] [Bun.H4X(208364332)] [图片]
10-06 00:40:28 [NAPCAT] 10-06 00:40:25 [info] 一秋呀(小号)大号2308534727 | 接收 <- 群聊 [华强北安卓手表交流极(1031894167)] [IRIS Ciallo～(∠・ω＜ )⌒☆(1220
10-06 00:40:28 [NAPCAT] 10-06 00:40:25 [info] 一秋呀(小号)大号2308534727 | 接收 <- 群聊 [华强北安卓手表交流极(1031894167)] [IRIS Ciallo～(∠・ω＜ )⌒☆(1220
10-06 00:40:28 [NAPCAT] 10-06 00:40:25 [info] 一秋呀(小号)大号2308534727 | 接收 <- 群聊 [华强北安卓手表交流极(1031894167)] [群npc(3985561369)] [图片]
10-06 00:40:28 [NAPCAT] 10-06 00:40:25 [info] 一秋呀(小号)大号2308534727 | 接收 <- 群聊 [华强北安卓手表交流极(1031894167)] [Bun.H4X(208364332)] 怀念600块钱32g6
10-06 00:40:28 [NAPCAT] 10-06 00:40:25 [info] 一秋呀(小号)大号2308534727 | 接收 <- 群聊 [华强北安卓手表交流极(1031894167)] [Bun.H4X(208364332)] 现在这内存比u
10-06 00:40:28 [NAPCAT] 10-06 00:40:25 [info] 一秋呀(小号)大号2308534727 | 接收 <- 群聊 [华强北安卓手表交流极(1031894167)] [Bun.H4X(208364332)] 真的搞不起
10-06 00:40:28 [NAPCAT] 10-06 00:40:25 [info] 一秋呀(小号)大号2308534727 | 接收 <- 群聊 [华强北安卓手表交流极(1031894167)] [su8/m53/m99/s100/m89h(已出)m89(手持
10-06 00:40:28 [NAPCAT] 10-06 00:40:25 [info] 一秋呀(小号)大号2308534727 | 接收 <- 群聊 [华强北安卓手表交流极(1031894167)] [Bun.H4X(208364332)] 电脑圈现在没�
10-06 00:40:28 [NAPCAT] 10-06 00:40:25 [info] 一秋呀(小号)大号2308534727 | 接收 <- 群聊 [华强北安卓手表交流极(1031894167)] [Bun.H4X(208364332)] [图片]
10-06 00:40:28 [NAPCAT] 10-06 00:40:25 [info] 一秋呀(小号)大号2308534727 | 接收 <- 群聊 [华强北安卓手表交流极(1031894167)] [沐华(3028117934)] 我朋友在涨价�
10-06 00:40:28 [NAPCAT] 10-06 00:40:25 [info] 一秋呀(小号)大号2308534727 | 接收 <- 群聊 [华强北安卓手表交流极(1031894167)] [沐华(3028117934)] 特别爽 还能跑
10-06 00:40:28 [NAPCAT] 10-06 00:40:25 [info] 一秋呀(小号)大号2308534727 | 接收 <- 群聊 [AstrBot Android 2群(952573476)] [Lotus(1740746743)] [图片]
10-06 00:40:28 [NAPCAT] 10-06 00:40:25 [info] 一秋呀(小号)大号2308534727 | 接收 <- 群聊 [AstrBot Android 2群(952573476)] [Lotus(1740746743)] [图片]
10-06 00:40:28 [NAPCAT] 10-06 00:40:25 [info] 一秋呀(小号)大号2308534727 | 接收 <- 群聊 [AstrBot Android 2群(952573476)] [Lotus(1740746743)] [图片]
10-06 00:40:28 [NAPCAT] 10-06 00:40:25 [info] 一秋呀(小号)大号2308534727 | 接收 <- 群聊 [AstrBot Android 2群(952573476)] [Lotus(1740746743)] ？？？？？
10-06 00:40:28 [NAPCAT] 10-06 00:40:25 [info] 一秋呀(小号)大号2308534727 | 接收 <- 群聊 [AstrBot Android 2群(952573476)] [Lotus(1740746743)] 都被关了它为什么还能�
10-06 00:40:28 [NAPCAT] 10-06 00:40:25 [info] 一秋呀(小号)大号2308534727 | 接收 <- 群聊 [AstrBot Android 2群(952573476)] [等花落(3803781470)] 老bug了
10-06 00:40:28 [NAPCAT] 10-06 00:40:25 [info] 一秋呀(小号)大号2308534727 | 接收 <- 群聊 [AstrBot Android 2群(952573476)] [等花落(3803781470)] 看起来关了，其实没
10-06 00:40:28 [NAPCAT] 10-06 00:40:25 [info] 一秋呀(小号)大号2308534727 | 接收 <- 群聊 [AstrBot Android 2群(952573476)] [等花落(3803781470)] 假死
10-06 00:40:28 [NAPCAT] 10-06 00:40:25 [info] 一秋呀(小号)大号2308534727 | 接收 <- 群聊 [AstrBot Android 2群(952573476)] [Lotus(1740746743)] [回复消息 [Lotus(1740746743
10-06 00:40:28 [NAPCAT] 10-06 00:40:25 [info] 一秋呀(小号)大号2308534727 | 接收 <- 群聊 [AstrBot Android 2群(952573476)] [等花落(3803781470)] 我前几个月反馈过，
10-06 00:40:28 [NAPCAT] 10-06 00:40:25 [info] 一秋呀(小号)大号2308534727 | 接收 <- 群聊 [AstrBot Android 2群(952573476)] [Lotus(1740746743)] [图片]
10-06 00:40:28 [NAPCAT] 10-06 00:40:25 [info] 一秋呀(小号)大号2308534727 | 接收 <- 群聊 [AstrBot Android 2群(952573476)] [等花落(3803781470)] [回复消息 [Lotus(174074
10-06 00:40:28 [NAPCAT] 10-06 00:40:25 [info] 一秋呀(小号)大号2308534727 | 接收 <- 群聊 [AstrBot Android 2群(952573476)] [Lotus(1740746743)] 所以实际上还是6149在运
10-06 00:40:28 [NAPCAT] 10-06 00:40:25 [info] 一秋呀(小号)大号2308534727 | 接收 <- 群聊 [AstrBot Android 2群(952573476)] [等花落(3803781470)] 删后台重新启动就行
10-06 00:40:28 [NAPCAT] 10-06 00:40:25 [info] 一秋呀(小号)大号2308534727 | 接收 <- 群聊 [AstrBot Android 2群(952573476)] [等花落(3803781470)] 对
10-06 00:40:28 [NAPCAT] 10-06 00:40:25 [info] 一秋呀(小号)大号2308534727 | 接收 <- 群聊 [AstrBot Android 2群(952573476)] [Lotus(1740746743)] [图片]
10-06 00:40:28 [NAPCAT] 10-06 00:40:25 [info] 一秋呀(小号)大号2308534727 | 接收 <- 群聊 [AstrBot Android 2群(952573476)] [Lotus(1740746743)] 吓我一跳
10-06 00:40:28 [NAPCAT] 10-06 00:40:25 [info] 一秋呀(小号)大号2308534727 | 接收 <- 群聊 [AstrBot Android 2群(952573476)] [霏榭Frica(3428524820)] [图片]
10-06 00:40:28 [NAPCAT] 10-06 00:40:25 [info] 一秋呀(小号)大号2308534727 | 接收 <- 群聊 [AstrBot Android 2群(952573476)] [霏榭Frica(3428524820)] 纯保底这一块
10-06 00:40:29 [NAPCAT] 10-06 00:40:25 [info] 一秋呀(小号)大号2308534727 | 接收 <- 群聊 [AstrBot Android 2群(952573476)] [等花落(3803781470)] 我威龙红皮还有两发
10-06 00:40:29 [NAPCAT] 10-06 00:40:25 [info] 一秋呀(小号)大号2308534727 | 接收 <- 群聊 [AstrBot Android 2群(952573476)] [烛心(2382936609)] 各位群友： ...
10-06 00:40:29 [NAPCAT] 10-06 00:40:25 [info] 一秋呀(小号)大号2308534727 | 接收 <- 群聊 [AstrBot Android 2群(952573476)] [悬浮の呆毛(762710241)] 什么玩意
10-06 00:40:29 [NAPCAT] 10-06 00:40:25 [info] 一秋呀(小号)大号2308534727 | 接收 <- 群聊 [AstrBot Android 2群(952573476)] [霏榭Frica(3428524820)] 前几天群u做的优化
10-06 00:40:29 [NAPCAT] 10-06 00:40:25 [info] 一秋呀(小号)大号2308534727 | 接收 <- 群聊 [AstrBot Android 2群(952573476)] [霏榭Frica(3428524820)] 详细问原作者
10-06 00:40:29 [NAPCAT] 10-06 00:40:25 [info] 一秋呀(小号)大号2308534727 | 接收 <- 群聊 [AstrBot Android 2群(952573476)] [等花落(3803781470)] 666
10-06 00:40:29 [NAPCAT] 10-06 00:40:25 [info] 一秋呀(小号)大号2308534727 | 接收 <- 群聊 [AstrBot Android 2群(952573476)] [凌(3100496382)] [图片]
10-06 00:40:29 [NAPCAT] 10-06 00:40:25 [info] 一秋呀(小号)大号2308534727 | 接收 <- 群聊 [AstrBot Android 2群(952573476)] [秋天总多离别(1910777434)] [图片]
10-06 00:40:29 [NAPCAT] 10-06 00:40:25 [info] 一秋呀(小号)大号2308534727 | 接收 <- 群聊 [AstrBot Android 2群(952573476)] [霏榭Frica(3428524820)] [图片]
10-06 00:40:29 [NAPCAT] 10-06 00:40:25 [info] 一秋呀(小号)大号2308534727 | 接收 <- 群聊 [AstrBot Android 2群(952573476)] [霏榭Frica(3428524820)] zdjd
10-06 00:40:29 [NAPCAT] 10-06 00:40:25 [info] 一秋呀(小号)大号2308534727 | 接收 <- 群聊 [AstrBot Android 2群(952573476)] [等花落(3803781470)] 不知道
10-06 00:40:29 [NAPCAT] 10-06 00:40:25 [info] 一秋呀(小号)大号2308534727 | 接收 <- 群聊 [[TLD]长途旅行-交流群-1�(802072961)] [拼装爱好者Peter(544197959)] [刚�
10-06 00:40:29 [NAPCAT] 10-06 00:40:25 [info] 一秋呀(小号)大号2308534727 | 接收 <- 群聊 [[TLD]长途旅行-交流群-1�(802072961)] [阿式boy(3380556650)] [视频]
10-06 00:40:29 [NAPCAT] 10-06 00:40:25 [info] 一秋呀(小号)大号2308534727 | 接收 <- 群聊 [[TLD]长途旅行-交流群-1�(802072961)] [阿式boy(3380556650)] 吓哭了
10-06 00:40:29 [NAPCAT] 10-06 00:40:25 [info] 一秋呀(小号)大号2308534727 | 接收 <- 群聊 [小米Vela交流群②(1124665323)] [星烬 StarAshes(1761964381)] [回复消息 未
10-06 00:40:29 [NAPCAT] 10-06 00:40:25 [info] 一秋呀(小号)大号2308534727 | 发送 -> 群聊 [小米Vela交流群②(1124665323)] [一秋呀(小号)大号2308534727(3836305211)] 
10-06 00:40:29 [NAPCAT] 10-06 00:40:25 [info] 一秋呀(小号)大号2308534727 | 发送 -> 群聊 [小米Vela交流群②(1124665323)] [一秋呀(小号)大号2308534727(3836305211)] 
10-06 00:40:29 [NAPCAT] 10-06 00:40:25 [info] 一秋呀(小号)大号2308534727 | 发送 -> 群聊 [小米Vela交流群②(1124665323)] [一秋呀(小号)大号2308534727(3836305211)] 
10-06 00:40:29 [NAPCAT] 10-06 00:40:25 [info] 一秋呀(小号)大号2308534727 | 发送 -> 群聊 [小米Vela交流群②(1124665323)] [一秋呀(小号)大号2308534727(3836305211)] 
10-06 00:40:29 [NAPCAT] 10-06 00:40:26 [info] 一秋呀(小号)大号2308534727 | 接收 <- 群聊 [小米Vela交流群②(1124665323)] [星烬 StarAshes(1761964381)] [回复消息 [�
10-06 00:40:29 [NAPCAT] 10-06 00:40:26 [info] 一秋呀(小号)大号2308534727 | 发送 -> 群聊 [小米Vela交流群②(1124665323)] [一秋呀(小号)大号2308534727(3836305211)] 
10-06 00:40:29 [NAPCAT] 10-06 00:40:26 [info] 一秋呀(小号)大号2308534727 | 接收 <- 群聊 [小米Vela交流群②(1124665323)] [星烬 StarAshes(1761964381)] 等一下
10-06 00:40:29 [NAPCAT] 10-06 00:40:26 [info] 一秋呀(小号)大号2308534727 | 接收 <- 群聊 [小米Vela交流群②(1124665323)] [星烬 StarAshes(1761964381)] QQ的这个WebVie
10-06 00:40:29 [NAPCAT] 10-06 00:40:26 [info] 一秋呀(小号)大号2308534727 | 发送 -> 群聊 [小米Vela交流群②(1124665323)] [一秋呀(小号)大号2308534727(3836305211)] 
10-06 00:40:29 [NAPCAT] 10-06 00:40:26 [info] 一秋呀(小号)大号2308534727 | 接收 <- 群聊 [小米Vela交流群②(1124665323)] [星烬 StarAshes(1761964381)] [回复消息 [�
10-06 00:40:29 [NAPCAT] 10-06 00:40:26 [info] 一秋呀(小号)大号2308534727 | 接收 <- 群聊 [小米Vela交流群②(1124665323)] [星烬 StarAshes(1761964381)] 一些网站根�
10-06 00:40:29 [NAPCAT] 10-06 00:40:26 [info] 一秋呀(小号)大号2308534727 | 接收 <- 群聊 [小米Vela交流群②(1124665323)] [星烬 StarAshes(1761964381)] 已经加了
10-06 00:40:29 [NAPCAT] 10-06 00:40:26 [info] 一秋呀(小号)大号2308534727 | 接收 <- 群聊 [小米Vela交流群②(1124665323)] [123456(3444677332)] [图片]
10-06 00:40:29 [NAPCAT] 10-06 00:40:26 [info] 一秋呀(小号)大号2308534727 | 接收 <- 群聊 [小米Vela交流群②(1124665323)] [123456(3444677332)] 这个密码到底在哪啊
10-06 00:40:29 [NAPCAT] 10-06 00:40:26 [info] 一秋呀(小号)大号2308534727 | 发送 -> 群聊 [小米Vela交流群②(1124665323)] [一秋呀(小号)大号2308534727(3836305211)] 
10-06 00:40:29 [NAPCAT] 10-06 00:40:26 [info] 一秋呀(小号)大号2308534727 | 发送 -> 群聊 [小米Vela交流群②(1124665323)] [一秋呀(小号)大号2308534727(3836305211)] 
10-06 00:40:29 [NAPCAT] 10-06 00:40:26 [info] 一秋呀(小号)大号2308534727 | 接收 <- 群聊 [小米Vela交流群②(1124665323)] [星月枫(1704103336)] [图片]
10-06 00:40:29 [NAPCAT] 10-06 00:40:26 [info] 一秋呀(小号)大号2308534727 | 接收 <- 群聊 [小米Vela交流群②(1124665323)] [123456(3444677332)] 好像不是
10-06 00:40:29 [NAPCAT] 10-06 00:40:26 [info] 一秋呀(小号)大号2308534727 | 接收 <- 群聊 [小米Vela交流群②(1124665323)] [123456(3444677332)] [图片]
10-06 00:40:29 [NAPCAT] 10-06 00:40:26 [info] 一秋呀(小号)大号2308534727 | 发送 -> 群聊 [小米Vela交流群②(1124665323)] [一秋呀(小号)大号2308534727(3836305211)] 
10-06 00:40:29 [NAPCAT] 10-06 00:40:26 [info] 一秋呀(小号)大号2308534727 | 接收 <- 群聊 [小米Vela交流群②(1124665323)] [Q群管家(2854196310)] @wik. (3213049289)   �
10-06 00:40:29 [NAPCAT] 10-06 00:40:26 [info] 一秋呀(小号)大号2308534727 | 接收 <- 群聊 [小米Vela交流群②(1124665323)] [123456(3444677332)] [图片]
10-06 00:40:29 [NAPCAT] 10-06 00:40:26 [info] 一秋呀(小号)大号2308534727 | 接收 <- 群聊 [小米Vela交流群②(1124665323)] [123456(3444677332)] 刚知道
10-06 00:40:29 [NAPCAT] 10-06 00:40:26 [info] 一秋呀(小号)大号2308534727 | 接收 <- 群聊 [小米Vela交流群②(1124665323)] [wik.(3213049289)] [图片]
10-06 00:40:29 [NAPCAT] 10-06 00:40:26 [info] 一秋呀(小号)大号2308534727 | 接收 <- 群聊 [小米Vela交流群②(1124665323)] [wik.(3213049289)] @一秋呀(小号)大号23085
10-06 00:40:29 [NAPCAT] 10-06 00:40:26 [info] 一秋呀(小号)大号2308534727 | 发送 -> 群聊 [小米Vela交流群②(1124665323)] [一秋呀(小号)大号2308534727(3836305211)] 
10-06 00:40:29 [NAPCAT] 10-06 00:40:26 [info] 一秋呀(小号)大号2308534727 | 接收 <- 群聊 [小米Vela交流群②(1124665323)] [wik.(3213049289)] 好
10-06 00:40:29 [NAPCAT] 10-06 00:40:26 [info] 一秋呀(小号)大号2308534727 | 接收 <- 群聊 [小米Vela交流群②(1124665323)] [Q群管家(2854196310)] @　 (3237369317)   欢
10-06 00:40:29 [NAPCAT] 10-06 00:40:26 [info] 一秋呀(小号)大号2308534727 | 接收 <- 群聊 [小米Vela交流群②(1124665323)] [　(3237369317)] 这个怎么添加联系人啊
10-06 00:40:29 [NAPCAT] 10-06 00:40:26 [info] 一秋呀(小号)大号2308534727 | 接收 <- 群聊 [Zundamon Kernel Release(720726952)] [果果果果(811825523)] 挂狗
10-06 00:40:30 [NAPCAT] 10-06 00:40:26 [info] 一秋呀(小号)大号2308534727 | 接收 <- 群聊 [Zundamon Kernel Release(720726952)] [小周子(2302956352)] [回复消息 [果果果
10-06 00:40:30 [NAPCAT] 10-06 00:40:26 [info] 一秋呀(小号)大号2308534727 | 接收 <- 群聊 [Zundamon Kernel Release(720726952)] [胡董(2057436414)] [回复消息 未找到消�
10-06 00:40:30 [NAPCAT] 10-06 00:40:26 [info] 一秋呀(小号)大号2308534727 | 接收 <- 群聊 [Zundamon Kernel Release(720726952)] [小周子(2302956352)] [图片]
10-06 00:40:30 [NAPCAT] 10-06 00:40:26 [info] 一秋呀(小号)大号2308534727 | 接收 <- 群聊 [Zundamon Kernel Release(720726952)] [胡董(2057436414)] [回复消息 [小周子(23
10-06 00:40:30 [NAPCAT] 10-06 00:40:26 [info] 一秋呀(小号)大号2308534727 | 接收 <- 群聊 [小米vela交流群(群满加(885186458)] [Q群管家(2854196310)] @㤅修 (23170857
10-06 00:40:30 [NAPCAT] 10-06 00:40:26 [info] 一秋呀(小号)大号2308534727 | 接收 <- 群聊 [小米vela交流群(群满加(885186458)] [㤅修(2317085760)] @Q群管家 (28541963
10-06 00:40:30 [NAPCAT] 10-06 00:40:26 [info] 一秋呀(小号)大号2308534727 | 接收 <- 群聊 [小米vela交流群(群满加(885186458)] [Q群管家(2854196310)] [卡片消息]
10-06 00:40:30 [NAPCAT] 10-06 00:40:26 [info] 一秋呀(小号)大号2308534727 | 接收 <- 群聊 [小米vela交流群(群满加(885186458)] [Q群管家(2854196310)] @㤅修 (23170857
10-06 00:40:30 [NAPCAT] 10-06 00:40:26 [info] 一秋呀(小号)大号2308534727 | 接收 <- 群聊 [小米vela交流群(群满加(885186458)] [Q群管家(2854196310)] @敏. (1487560462
10-06 00:40:30 [NAPCAT] 10-06 00:40:26 [info] 一秋呀(小号)大号2308534727 | 接收 <- 群聊 [小米vela交流群(群满加(885186458)] [Q群管家(2854196310)] @我总泪眼萌�
10-06 00:40:30 [NAPCAT] 10-06 00:40:26 [info] 一秋呀(小号)大号2308534727 | 接收 <- 群聊 [小米vela交流群(群满加(885186458)] [Q群管家(2854196310)] @我总泪眼萌�
10-06 00:40:30 [NAPCAT] 10-06 00:40:26 [info] 一秋呀(小号)大号2308534727 | 接收 <- 群聊 [小米vela交流群(群满加(885186458)] [Q群管家(2854196310)] @我总泪眼萌�
10-06 00:40:30 [NAPCAT] 10-06 00:40:26 [info] 一秋呀(小号)大号2308534727 | 接收 <- 群聊 [小米vela交流群(群满加(885186458)] [我总泪眼萌萌(3813609036)] 这个咋
10-06 00:40:30 [NAPCAT] 10-06 00:40:26 [info] 一秋呀(小号)大号2308534727 | 接收 <- 群聊 [小米vela交流群(群满加(885186458)] [Q群管家(2854196310)] @我总泪眼萌�
10-06 00:40:30 [NAPCAT] 10-06 00:40:26 [info] 一秋呀(小号)大号2308534727 | 接收 <- 群聊 [长途旅行交流群2(692938133)] [Q群管家(2854196310)] @𝓓𝓮𝓮𝓹𝓱�
10-06 00:40:30 [NAPCAT] 10-06 00:40:26 [info] 一秋呀(小号)大号2308534727 | 接收 <- 群聊 [长途旅行交流群2(692938133)] [𝓓𝓮𝓮𝓹𝓱𝓾(3935226401)] [图片]
10-06 00:40:30 [NAPCAT] 10-06 00:40:26 [info] 一秋呀(小号)大号2308534727 | 接收 <- 群聊 [Air启动器交流群(966475918)] [铭（开学了）(3656417554)]  
10-06 00:40:30 [NAPCAT] 10-06 00:40:26 [info] 一秋呀(小号)大号2308534727 | 接收 <- 群聊 [Air启动器交流群(966475918)] [15 17.0.2(2265208929)] [回复消息 未找到消
10-06 00:40:30 [NAPCAT] 10-06 00:40:26 [info] 一秋呀(小号)大号2308534727 | 接收 <- 群聊 [Air启动器交流群(966475918)] [15 17.0.2(2265208929)] @雨中漫步 (3671795001)
10-06 00:40:33 [NAPCAT] [BuglyManager.cpp][UploadBugly][107]!!!in UploadBugly.
10-06 00:40:34 [NAPCAT] [NativeCrashHandler.cpp][getCrashDetailBeanFromRecord][52]!!!! in NativeCrashHandler getCrashDetailBeanFromRecord, open file error!!!,dumpFilePath:/root/.config
10-06 00:40:34 [NAPCAT] [NativeCrashHandler.cpp][uploadCrashEvent][331]get null crashDetailBean, return!
10-06 00:40:42 [NAPCAT] 10-06 00:40:42 [info] 一秋呀(小号)大号2308534727 | [NapCat Update] Target version: v4.18.30
10-06 00:40:42 [NAPCAT] 10-06 00:40:42 [info] 一秋呀(小号)大号2308534727 | [NapCat Update] Current version: 4.18.28, Target version: v4.18.30
10-06 00:40:42 [NAPCAT] 10-06 00:40:42 [info] 一秋呀(小号)大号2308534727 | [NapCat Update] Updating to version: v4.18.30
10-06 00:40:42 [NAPCAT] 10-06 00:40:42 [info] 一秋呀(小号)大号2308534727 | [NapCat Update] Using download URL: https://gh-proxy.com/https://github.com/NapNeko/NapCatQQ/releases/
10-06 00:40:42 [NAPCAT] 10-06 00:40:42 [info] 一秋呀(小号)大号2308534727 | [NapCat Update] Saving to: /root/napcat/temp/napcat-latest.zip
10-06 00:40:42 [NAPCAT] 10-06 00:40:42 [info] 一秋呀(小号)大号2308534727 | [NapCat Update] Starting download from: https://gh-proxy.com/https://github.com/NapNeko/NapCatQQ/relea
10-06 00:40:42 [NAPCAT] 10-06 00:40:42 [info] 一秋呀(小号)大号2308534727 | [NapCat Update] Response status: 200
10-06 00:40:42 [NAPCAT] 10-06 00:40:42 [info] 一秋呀(小号)大号2308534727 | [NapCat Update] Content-Type: application/octet-stream
10-06 00:40:44 [NAPCAT] 10-06 00:40:44 [info] 一秋呀(小号)大号2308534727 | [NapCat Update] Download completed
10-06 00:40:44 [NAPCAT] 10-06 00:40:44 [info] 一秋呀(小号)大号2308534727 | [NapCat Update] Downloaded file size: 29500098 bytes
10-06 00:40:44 [NAPCAT] 10-06 00:40:44 [info] 一秋呀(小号)大号2308534727 | [NapCat Update] Extracting to: /root/napcat/temp/napcat-extract
10-06 00:40:56 [NAPCAT] 10-06 00:40:56 [info] 一秋呀(小号)大号2308534727 | [NapCat Update] Skipping update for NapCatWinBootHook.dll
10-06 00:40:56 [NAPCAT] 10-06 00:40:56 [info] 一秋呀(小号)大号2308534727 | [NapCat Update] Skipping update for NapCatWinBootMain.exe
10-06 00:40:56 [NAPCAT] 10-06 00:40:56 [info] 一秋呀(小号)大号2308534727 | [NapCat Update] Preserving existing user config: config/napcat.json
10-06 00:40:58 [NAPCAT] 10-06 00:40:57 [info] 一秋呀(小号)大号2308534727 | [NapCat Update] Skipping update for quickLoginExample.bat
10-06 00:40:59 [NAPCAT] 10-06 00:40:59 [warn] [NapCat] [Process] 进程 1936 仍在运行，尝试强制杀掉
10-06 00:41:03 [NAPCAT] 10-06 00:41:03 [info] [NapCat] [Process] 已清理残留进程: PID 1939 (Utility)
10-06 00:41:03 [NAPCAT] 10-06 00:41:03 [info] [NapCat] [Process] 已清理残留进程: PID 2278 (GPU)
10-06 00:41:03 [NAPCAT] [727:1006/004103.824197:ERROR:content/browser/gpu/gpu_process_host.cc:1003] GPU process exited unexpectedly: exit_code=15
10-06 00:41:03 [NAPCAT] [727:1006/004103.843560:ERROR:content/browser/network_service_instance_impl.cc:610] Network service crashed or was terminated, restarting service.
10-06 00:41:04 [NAPCAT] [6673:1006/004104.068704:ERROR:base/files/file_path_watcher_inotify.cc:923] Failed to read /proc/sys/fs/inotify/max_user_watches
10-06 00:41:04 [NAPCAT] [launcher] loadNapCat.js generated in current directory
10-06 00:41:04 [NAPCAT] [6658:1006/004104.114291:ERROR:net/base/address_tracker_linux.cc:242] Could not bind NETLINK socket: Permission denied (13)
10-06 00:41:04 [NAPCAT] [6658:1006/004104.114541:ERROR:base/files/file_path_watcher_inotify.cc:923] Failed to read /proc/sys/fs/inotify/max_user_watches
10-06 00:41:05 [NAPCAT] NapCat Shell App Loading...
10-06 00:41:05 [NAPCAT] [launcher] intercepted package.json: /opt/QQ/resources/app/package.json, replacing content
10-06 00:41:05 [NAPCAT] [launcher] Generated relative path: ../../../../root
10-06 00:41:05 [NAPCAT] [launcher] New main field: "main": "../../../../root/loadNapCat.js"
10-06 00:41:05 [NAPCAT] [launcher] package.json content: {
10-06 00:41:05 [NAPCAT]   "name": "QQ",
10-06 00:41:05 [NAPCAT]   "version": "3.2.33-52892",
10-06 00:41:05 [NAPCAT]   "private": true,
10-06 00:41:05 [NAPCAT]   "description": "QQ",
10-06 00:41:05 [NAPCAT]   "productName": "QQ",
10-06 00:41:05 [NAPCAT]   "author": {
10-06 00:41:05 [NAPCAT]     "name": "Tencent",
10-06 00:41:05 [NAPCAT]     "email": "QQ-Team@tencent.com"
10-06 00:41:05 [NAPCAT]   },
10-06 00:41:05 [NAPCAT]   "homepage": "https://im.qq.com",
10-06 00:41:05 [NAPCAT]   "sideEffects": true,
10-06 00:41:05 [NAPCAT]   "bin": {
10-06 00:41:05 [NAPCAT]     "qd": "externals/devtools/cli/index.js"
10-06 00:41:05 [NAPCAT]   },
10-06 00:41:05 [NAPCAT]   "appid": {
10-06 00:41:05 [NAPCAT]     "win32": "537382716",
10-06 00:41:05 [NAPCAT]     "darwin": "537382742",
10-06 00:41:05 [NAPCAT]     "linux": "537382753",
10-06 00:41:05 [NAPCAT]     "ohos": "5373141859"
10-06 00:41:05 [NAPCAT]   },
10-06 00:41:05 [NAPCAT]   "main": "../../../../root/loadNapCat.js",
10-06 00:41:05 [NAPCAT]   "peerDependenciesMeta": {
10-06 00:41:05 [NAPCAT]     "*": {
10-06 00:41:05 [NAPCAT]       "optional": true
10-06 00:41:05 [NAPCAT]     }
10-06 00:41:05 [NAPCAT]   },
10-06 00:41:05 [NAPCAT]   "pnpm": {
10-06 00:41:05 [NAPCAT]     "patchedDependencies": {
10-06 00:41:05 [NAPCAT]       "@vue/runtime-dom@3.5.12": "patches/@vue__runtime-dom@3.5.12.patch",
10-06 00:41:05 [NAPCAT]       "@swc/helpers@0.5.3": "patches/@swc__helpers@0.5.3.patch",
10-06 00:41:05 [NAPCAT]       "vuex@4.1.0": "patches/vuex@4.1.0.patch",
10-06 00:41:05 [NAPCAT]       "typescript-parser@2.6.1": "patches/typescript-parser@2.6.1.patch",
10-06 00:41:05 [NAPCAT]       "@tencent/qqplay-downloadsdk": "patches/@tencent__qqplay-downloadsdk.patch",
10-06 00:41:05 [NAPCAT]       "@tencent/universal-report@4.5.4": "patches/@tencent__universal-report@4.5.4.patch",
10-06 00:41:05 [NAPCAT]       "typescript@7.0.2": "patches/typescript@7.0.2.patch"
10-06 00:41:05 [NAPCAT]     },
10-06 00:41:05 [NAPCAT]     "packageExtensions": {
10-06 00:41:05 [NAPCAT]       "qute": {
10-06 00:41:05 [NAPCAT]         "dependencies": {},
10-06 00:41:05 [NAPCAT]         "devDependencies": {}
10-06 00:41:05 [NAPCAT]       }
10-06 00:41:05 [NAPCAT]     },
10-06 00:41:06 [NAPCAT]     "overrides": {
10-06 00:41:06 [NAPCAT]       "@types/react": "-",
10-06 00:41:06 [NAPCAT]       "@types/react-dom": "-",
10-06 00:41:06 [NAPCAT]       "@tencent/yuanbao-react-markdown>@types/hast": "-",
10-06 00:41:06 [NAPCAT]       "@tencent/yuanbao-react-markdown>devlop": "-",
10-06 00:41:06 [NAPCAT]       "@tencent/yuanbao-react-markdown>hast-util-to-jsx-runtime": "-",
10-06 00:41:06 [NAPCAT]       "@tencent/yuanbao-react-markdown>html-url-attributes": "-",
10-06 00:41:06 [NAPCAT]       "@tencent/yuanbao-react-markdown>mdast-util-to-hast": "-",
10-06 00:41:06 [NAPCAT]       "@tencent/yuanbao-react-markdown>rehype-parse": "-",
10-06 00:41:06 [NAPCAT]       "@tencent/yuanbao-react-markdown>rehype-stringify": "-",
10-06 00:41:06 [NAPCAT]       "@tencent/yuanbao-react-markdown>remark-parse": "-",
10-06 00:41:06 [NAPCAT]       "@tencent/yuanbao-react-markdown>remark-rehype": "-",
10-06 00:41:06 [NAPCAT]       "@tencent/yuanbao-react-markdown>unified": "-",
10-06 00:41:06 [NAPCAT]       "@tencent/yuanbao-react-markdown>unist-util-visit": "-",
10-06 00:41:06 [NAPCAT]       "@tencent/yuanbao-react-markdown>vfile": "-",
10-06 00:41:06 [NAPCAT]       "@types/d3-dispatch": "3.0.6"
10-06 00:41:06 [NAPCAT]     }
10-06 00:41:06 [NAPCAT]   },
10-06 00:41:06 [NAPCAT]   "buildVersion": "52892",
10-06 00:41:06 [NAPCAT]   "platform": "linux",
10-06 00:41:06 [NAPCAT]   "eleArch": "arm64",
10-06 00:41:06 [NAPCAT]   "linuxFormat": "deb"
10-06 00:41:06 [NAPCAT] }
10-06 00:41:06 [NAPCAT] prepare write and writev hooks
10-06 00:41:06 [NAPCAT] 10-06 00:41:05 [info] [PacketHandler] 加载成功
10-06 00:41:06 [NAPCAT] 10-06 00:41:05 [info] [Napi2NativeLoader] 加载成功
10-06 00:41:06 [NAPCAT] 10-06 00:41:05 [info] [FFmpeg] 检查 Native Addon 可用性...
10-06 00:41:06 [NAPCAT] 10-06 00:41:05 [info] [FFmpeg] ✓ 使用 Native Addon 适配器
10-06 00:41:06 [NAPCAT] 10-06 00:41:05 [info] [PacketHandler] 初始化成功
10-06 00:41:06 [NAPCAT] 10-06 00:41:05 [info] [NapCat] Napi2NativeLoader: Bypass已通过环境变量禁用
10-06 00:41:06 [NAPCAT] 10-06 00:41:05 [info] [NapCat] [Core] NapCat.Core Version: 4.18.30
10-06 00:41:06 [NAPCAT] [I] <MemoryFile.cpp:98::open> open fd[0x24], /root/.config/QQ/nt_qq/global/nt_data/mmkv/nt_mmkv_global_misc
10-06 00:41:06 [NAPCAT] [I] <MemoryFile.cpp:98::open> open fd[0x25], /root/.config/QQ/nt_qq/global/nt_data/mmkv/nt_mmkv_global_misc.crc
10-06 00:41:06 [NAPCAT] [I] <MMKV_IO.cpp:213::loadMetaInfoAndCheck> meta file [nt_mmkv_global_misc] has flag [0]
10-06 00:41:06 [NAPCAT] [I] <MMKV_IO.cpp:87::loadFromFile> loading [nt_mmkv_global_misc] with 263 actual size, file size 4096, InterProcess 1, meta info version:4
10-06 00:41:06 [NAPCAT] [I] <MMKV_IO.cpp:92::loadFromFile> loading [nt_mmkv_global_misc] with crc 79280446 sequence 1 version 4
10-06 00:41:06 [NAPCAT] [I] <MMKV.cpp:233::initializeMMKV> root dir: /root/.config/QQ/nt_qq/global/nt_data/mmkv
10-06 00:41:06 [NAPCAT] [I] <MMKV_IO.cpp:136::loadFromFile> loaded [nt_mmkv_global_misc] with 2 key-values
10-06 00:41:06 [NAPCAT] [I] <MemoryFile.cpp:98::open> open fd[0x26], /root/.config/QQ/nt_qq/global/nt_data/mmkv/nt_mmkv_o3
10-06 00:41:06 [NAPCAT] [I] <MemoryFile.cpp:98::open> open fd[0x27], /root/.config/QQ/nt_qq/global/nt_data/mmkv/nt_mmkv_o3.crc
10-06 00:41:06 [NAPCAT] [I] <MMKV_IO.cpp:213::loadMetaInfoAndCheck> meta file [nt_mmkv_o3] has flag [0]
10-06 00:41:06 [NAPCAT] [I] <MMKV_IO.cpp:87::loadFromFile> loading [nt_mmkv_o3] with 219 actual size, file size 4096, InterProcess 1, meta info version:4
10-06 00:41:06 [NAPCAT] [I] <MMKV_IO.cpp:92::loadFromFile> loading [nt_mmkv_o3] with crc 1173198917 sequence 1 version 4
10-06 00:41:06 [NAPCAT] [I] <MMKV_IO.cpp:136::loadFromFile> loaded [nt_mmkv_o3] with 2 key-values
10-06 00:41:06 [NAPCAT] 10-06 00:41:05 [info] [NapCat] [WebUi] WebUi Token: bandqq-napcat
10-06 00:41:06 [NAPCAT] 10-06 00:41:05 [info] [NapCat] [WebUi] WebUi User Panel Url: http://127.0.0.1:5099/webui?token=bandqq-napcat
10-06 00:41:06 [NAPCAT] 10-06 00:41:05 [info] [NapCat] [WebUi] WebUi User Panel Url: http://[::]:5099/webui?token=bandqq-napcat
10-06 00:41:06 [NAPCAT] 10-06 00:41:05 [info] 等待网络连接...
10-06 00:41:06 [NAPCAT] 10-06 00:41:05 [info] 网络已连接
10-06 00:41:06 [NAPCAT] 10-06 00:41:05 [info] 没有 -q 指令指定快速登录，将使用二维码登录方式
10-06 00:41:06 [NAPCAT] 10-06 00:41:05 [info] 可用于快速登录 of QQ：
10-06 00:41:06 [NAPCAT] 1. 3836305211 一秋呀(小号)大号2308534727
10-06 00:41:06 [NAPCAT] 10-06 00:41:06 [warn] 请扫描下面的二维码，然后在手Q上授权登录：
10-06 00:41:06 [NAPCAT] 10-06 00:41:06 [warn] 
10-06 00:41:07 [NAPCAT] ▄▄▄▄▄▄▄▄▄▄▄▄▄▄▄▄▄▄▄▄▄▄▄▄▄▄▄▄▄▄▄▄▄▄▄
10-06 00:41:07 [NAPCAT] █ ▄▄▄▄▄ █▄▄███▀▄█▀  █ ▄▄▀██ ▄▄▄▄▄ █
10-06 00:41:07 [NAPCAT] █ █   █ █ ▀█ ▄ █▀ ▀██▀██▄▄█ █   █ █
10-06 00:41:07 [NAPCAT] █ █▄▄▄█ █▄ ▄▄▀▀█▄█▄▄▀▀█ ███ █▄▄▄█ █
10-06 00:41:07 [NAPCAT] █▄▄▄▄▄▄▄█▄▀▄▀▄█ █ ▀▄█▄█ ▀▄█▄▄▄▄▄▄▄█
10-06 00:41:07 [NAPCAT] █▄▄  █▀▄▀▄▀████▀▄██▄  ▀█▀▄▄▀█▄▄ ▀ █
10-06 00:41:07 [NAPCAT] █▄█▀█▄▄▄█ ██▀▀▀▄▀██▀▀▄██▄▄█ ▀▄█▄ ▄█
10-06 00:41:07 [NAPCAT] █  ▀▀▄█▄ ▀ ▀ █▄█ ▀▄█▀▄▀▄█ ▄█▄▄ ▀▀██
10-06 00:41:07 [NAPCAT] ██  ▄ ▀▄█▄▀▄█ ▄██ ▄█ █ ██▄▀  ▄█ ███
10-06 00:41:07 [NAPCAT] ██▀█▀ █▄ ██▀▄▀  ▀▀█▀▄▄  ▀▀      ▄ █
10-06 00:41:07 [NAPCAT] █▀▀█▀▄▀▄ ▀▄█▄ █▀▄▄▀▄█ ▄▀▀▀  ██ █▄▀█
10-06 00:41:07 [NAPCAT] █▀▀██ █▄█▄█ ▄ █▀█▀█▄▄ ██  ▄▀▄█▀▄▀▀█
10-06 00:41:07 [NAPCAT] ██▀ ██▀▄█▄ ▄▄▄▀ ▀▄█ ▀▀▄▄ ▄▄▀▀▄▀▄ ▄█
10-06 00:41:07 [NAPCAT] █▄█▄▄█▄▄▄▀▄ ▀ ▄█  ▄ ▀▄▀▄  ▄▄▄ ▄██▄█
10-06 00:41:07 [NAPCAT] █ ▄▄▄▄▄ ██▄▀ ██▄▀██▀   ▄  █▄█ ▀▀███
10-06 00:41:07 [NAPCAT] █ █   █ █▀▄▄██   █  █▀▀   ▄▄▄▄█  ▄█
10-06 00:41:07 [NAPCAT] █ █▄▄▄█ █ █▀▀▀██▄█▀ █▀▄ ▄▀▄ ▄▀█▄▄▀█
10-06 00:41:07 [NAPCAT] █▄▄▄▄▄▄▄█▄▄██▄██▄▄█▄▄▄▄▄██▄███▄▄███
10-06 00:41:07 [NAPCAT] 二维码解码URL: https://txz.qq.com/p?k=map6Q1AniOjM0wuQ*puRLpSk0W8YHiwq&f=1600001615
10-06 00:41:07 [NAPCAT] 如果控制台二维码无法扫码，可以复制解码url到二维码生成网站生成二维码再扫码，也可以打开下方的二维码路径图片进�
10-06 00:41:07 [NAPCAT] 10-06 00:41:06 [warn] 二维码已保存到 /root/napcat/cache/qrcode.png
10-06 00:41:27 [NAPCAT] 10-06 00:41:27 [info] [Core] [Login] 二维码已被扫描，等待确认...
10-06 00:41:30 [NAPCAT] linux-bugly: init bugly ...
10-06 00:41:30 [NAPCAT] [BuglyManager.cpp][InitBuglyManager][198]InitBuglyManager path: /root/.config/QQ/crash_files/
10-06 00:41:30 [NAPCAT] [BuglyService.cpp][registBugly][589]set signal stack
10-06 00:41:30 [NAPCAT] [BuglyService.cpp][registSignalHandler][520]regist native handler
10-06 00:41:30 [NAPCAT] [BuglyService.cpp][setParam][618]setParam, key:appVersion, value:3.2.33-52892..
10-06 00:41:30 [NAPCAT] linux-bugly: init bugly done.
10-06 00:41:30 [NAPCAT] 10-06 00:41:30 [info] [NapCat] 已启用数据库辅助支持能力
10-06 00:41:30 [NAPCAT] [I] <MMKV.cpp:260::mmkvWithID> prepare to load nt_recent_emoji_mmkv (id 4d09ada208e1df49389b85b8d4dc11d8) from rootPath /root/.config/QQ/nt_qq_0d0741be72783462f
10-06 00:41:30 [NAPCAT] [I] <MemoryFile.cpp:98::open> open fd[0x57], /root/.config/QQ/nt_qq_0d0741be72783462f580b59d95c70ea4/nt_data/mmkv/nt_recent_emoji_mmkv
10-06 00:41:30 [NAPCAT] [I] <MemoryFile.cpp:98::open> open fd[0x58], /root/.config/QQ/nt_qq_0d0741be72783462f580b59d95c70ea4/nt_data/mmkv/nt_recent_emoji_mmkv.crc
10-06 00:41:30 [NAPCAT] [I] <MMKV_IO.cpp:213::loadMetaInfoAndCheck> meta file [nt_recent_emoji_mmkv] has flag [0]
10-06 00:41:31 [NAPCAT] [I] <MMKV_IO.cpp:87::loadFromFile> loading [nt_recent_emoji_mmkv] with 0 actual size, file size 4096, InterProcess 0, meta info version:4
10-06 00:41:31 [NAPCAT] [I] <MMKV_IO.cpp:136::loadFromFile> loaded [nt_recent_emoji_mmkv] with 0 key-values
10-06 00:41:31 [NAPCAT] [I] <MMKV.cpp:260::mmkvWithID> prepare to load nt_mmkv_united_config_no_login_v3 (id nt_mmkv_united_config_no_login_v3) from rootPath /root/.config/QQ/nt_qq/glo
10-06 00:41:31 [NAPCAT] [I] <MemoryFile.cpp:98::open> open fd[0x65], /root/.config/QQ/nt_qq/global/nt_data/mmkv/nt_mmkv_united_config_no_login_v3
10-06 00:41:31 [NAPCAT] [I] <MemoryFile.cpp:98::open> open fd[0x66], /root/.config/QQ/nt_qq/global/nt_data/mmkv/nt_mmkv_united_config_no_login_v3.crc
10-06 00:41:31 [NAPCAT] [I] <MMKV_IO.cpp:213::loadMetaInfoAndCheck> meta file [nt_mmkv_united_config_no_login_v3] has flag [0]
10-06 00:41:31 [NAPCAT] [I] <MMKV_IO.cpp:87::loadFromFile> loading [nt_mmkv_united_config_no_login_v3] with 19040 actual size, file size 32768, InterProcess 1, meta info version:4
10-06 00:41:31 [NAPCAT] [I] <MMKV_IO.cpp:92::loadFromFile> loading [nt_mmkv_united_config_no_login_v3] with crc 787807985 sequence 4 version 4
10-06 00:41:31 [NAPCAT] [I] <MMKV_IO.cpp:136::loadFromFile> loaded [nt_mmkv_united_config_no_login_v3] with 392 key-values
10-06 00:41:31 [NAPCAT] [I] <MMKV.cpp:260::mmkvWithID> prepare to load nt_mmkv_flash_transfer (id 2c205ab7ef22e396d3aa9169b0203f14) from rootPath /root/.config/QQ/nt_qq_0d0741be7278346
10-06 00:41:31 [NAPCAT] [I] <MemoryFile.cpp:98::open> open fd[0xae], /root/.config/QQ/nt_qq_0d0741be72783462f580b59d95c70ea4/nt_data/mmkv/nt_mmkv_flash_transfer
10-06 00:41:31 [NAPCAT] [I] <MemoryFile.cpp:98::open> open fd[0xb0], /root/.config/QQ/nt_qq_0d0741be72783462f580b59d95c70ea4/nt_data/mmkv/nt_mmkv_flash_transfer.crc
10-06 00:41:31 [NAPCAT] [I] <MMKV_IO.cpp:213::loadMetaInfoAndCheck> meta file [nt_mmkv_flash_transfer] has flag [0]
10-06 00:41:31 [NAPCAT] [I] <MMKV_IO.cpp:87::loadFromFile> loading [nt_mmkv_flash_transfer] with 988 actual size, file size 4096, InterProcess 0, meta info version:4
10-06 00:41:31 [NAPCAT] [I] <MMKV_IO.cpp:92::loadFromFile> loading [nt_mmkv_flash_transfer] with crc 1018154534 sequence 1 version 4
10-06 00:41:31 [NAPCAT] [I] <MMKV_IO.cpp:136::loadFromFile> loaded [nt_mmkv_flash_transfer] with 2 key-values
10-06 00:41:32 [NAPCAT] 10-06 00:41:31 [debug] 本账号数据/缓存目录： /root/.config/QQ/NapCat/data
10-06 00:41:32 [NAPCAT] 10-06 00:41:31 [debug] [Core] [Config] 配置文件/root/napcat/config/napcat_3836305211.json加载 {"fileLog":true,"consoleLog":true,"fileLogLevel":"debug","co
10-06 00:41:32 [NAPCAT] 10-06 00:41:31 [info] [ServerTime] 时间同步完成，偏差 -756ms
10-06 00:41:32 [NAPCAT] 10-06 00:41:31 [info] [Core] [Packet] 使用 NativePacketClient 作为后端
10-06 00:41:32 [NAPCAT] [I] <MemoryFile.cpp:98::open> open fd[0xb1], /root/.config/QQ/nt_qq/global/nt_data/mmkv/mmkv.default
10-06 00:41:32 [NAPCAT] [I] <MemoryFile.cpp:98::open> open fd[0xb2], /root/.config/QQ/nt_qq/global/nt_data/mmkv/mmkv.default.crc
10-06 00:41:32 [NAPCAT] 10-06 00:41:31 [info] [Core] [Packet] [PacketClient] NativePacketClient Hook 初始化成功 platform=linux.arm64
10-06 00:41:32 [NAPCAT] [I] <MMKV_IO.cpp:213::loadMetaInfoAndCheck> meta file [mmkv.default] has flag [0]
10-06 00:41:32 [NAPCAT] [I] <MMKV_IO.cpp:87::loadFromFile> loading [mmkv.default] with 28 actual size, file size 4096, InterProcess 0, meta info version:4
10-06 00:41:32 [NAPCAT] [I] <MMKV_IO.cpp:92::loadFromFile> loading [mmkv.default] with crc 1670258981 sequence 1 version 4
10-06 00:41:32 [NAPCAT] [I] <MMKV_IO.cpp:136::loadFromFile> loaded [mmkv.default] with 1 key-values
10-06 00:41:32 [NAPCAT] 10-06 00:41:31 [info] [AdapterManager] 开始初始化协议适配器...
10-06 00:41:32 [NAPCAT] 10-06 00:41:31 [info] [Notice] [OneBot11] [network] 配置加载
10-06 00:41:32 [NAPCAT] HTTP服务: 127.0.0.1:3000, : 已启动
10-06 00:41:32 [NAPCAT] WebSocket服务: 127.0.0.1:3001, : 已启动
10-06 00:41:33 [NAPCAT] 10-06 00:41:31 [info] [OneBot] [WebSocket Server] Server Started undefined:undefined
10-06 00:41:33 [NAPCAT] 10-06 00:41:31 [info] [AdapterManager] OneBot11 适配器初始化完成
10-06 00:41:33 [NAPCAT] 10-06 00:41:31 [info] [AdapterManager] NapCat Protocol 适配器未启用，跳过初始化
10-06 00:41:33 [NAPCAT] 10-06 00:41:31 [info] [AdapterManager] 协议适配器初始化完成，已加载 2 个适配器
10-06 00:41:33 [NAPCAT] 10-06 00:41:31 [info] [OneBot] [HTTP Server Adapter] Start On 127.0.0.1:3000
10-06 00:41:33 [NAPCAT] 10-06 00:41:32 [info] 一秋呀(小号)大号2308534727 | 接收 <- 群聊 [华强北安卓手表交流极(1031894167)] [Bun.H4X(208364332)] 这是真爽
10-06 00:41:40 [NAPCAT] [BuglyManager.cpp][UploadBugly][107]!!!in UploadBugly.
10-06 00:41:40 [NAPCAT] [NativeCrashHandler.cpp][getCrashDetailBeanFromRecord][52]!!!! in NativeCrashHandler getCrashDetailBeanFromRecord, open file error!!!,dumpFilePath:/root/.config
10-06 00:41:40 [NAPCAT] [NativeCrashHandler.cpp][uploadCrashEvent][331]get null crashDetailBean, return!
10-06 00:41:51 [NAPCAT] 10-06 00:41:51 [info] 一秋呀(小号)大号2308534727 | 接收 <- 群聊 [华强北安卓手表交流极客联盟(1031894167)] [Bun.H4X(208364332)] 不过有3
10-06 00:42:00 [NAPCAT] 10-06 00:42:00 [info] 一秋呀(小号)大号2308534727 | 接收 <- 群聊 [华强北安卓手表交流极客联盟(1031894167)] [沐华(3028117934)] 有啊
10-06 00:42:07 [NAPCAT] 10-06 00:42:06 [info] 一秋呀(小号)大号2308534727 | 接收 <- 群聊 [华强北安卓手表交流极客联盟(1031894167)] [Bun.H4X(208364332)] [图片]
10-06 00:42:09 [NAPCAT] 10-06 00:42:09 [info] 一秋呀(小号)大号2308534727 | 接收 <- 群聊 [华强北安卓手表交流极客联盟(1031894167)] [沐华(3028117934)] 魔改的
10-06 00:43:42 [NAPCAT] 10-06 00:43:42 [info] 一秋呀(小号)大号2308534727 | 接收 <- 群聊 [AstrBot Android 2群(952573476)] [霏榭Frica(3428524820)] [图片]
10-06 00:44:07 [NAPCAT] 10-06 00:44:07 [info] 一秋呀(小号)大号2308534727 | 接收 <- 群聊 [AstrBot Android 2群(952573476)] [等花落(3803781470)] 我居然看懂了下面那
10-06 00:44:15 [NAPCAT] 10-06 00:44:15 [info] 一秋呀(小号)大号2308534727 | 接收 <- 群聊 [华强北安卓手表交流极客联盟(1031894167)] [🍥Mozhuyi@uws6152_1h10(23078
10-06 00:44:19 [NAPCAT] 10-06 00:44:17 [info] 一秋呀(小号)大号2308534727 | 接收 <- 群聊 [华强北安卓手表交流极客联盟(1031894167)] [🍥Mozhuyi@uws6152_1h10(23078
10-06 00:44:22 [NAPCAT] 10-06 00:44:21 [info] 一秋呀(小号)大号2308534727 | 接收 <- 群聊 [华强北安卓手表交流极客联盟(1031894167)] [🍥Mozhuyi@uws6152_1h10(23078
10-06 00:44:31 [NAPCAT] 10-06 00:44:31 [info] 一秋呀(小号)大号2308534727 | 接收 <- 群聊 [华强北安卓手表交流极客联盟(1031894167)] [🍥Mozhuyi@uws6152_1h10(23078
10-06 00:44:42 引擎输出读取结束（主动停止）
